<?xml version="1.0" encoding="UTF-8" ?>
<body><title><content><p>חוק לתיקון פקודת האפוטרופוס הכללי, תשי"ח-1958 *</p></content></title><point><heading><authorialNote placement="side"><p>הוספת מעיפים 36א, 36ב, 36ג, 36ד, 36ה ו-36ו</p></authorialNote></heading><num>1</num><content><p>
אחרי סעיף 36 לפקודת האפוטרופוס הכללי. 1944 1 (להלן - הפקודה). יבואו סעיפים
אלה:</p></content></point><point><heading><authorialNote placement="side"><p>''השקעה משותפת של כספי עזבונות ורכוש</p></authorialNote></heading><num>36</num><list><intro><p>
א. (א) כספים בידי האפוטרופוס הכללי מתוך עזבונות ומתוך רכוש
ונכסים אחרים המתנהלים על ידיו רשאי הוא להשקיעם במשותף, משמו
הוא' מבלי ליחסם לעזבונות' לרכוש או לנכסים מיוחדים.</p></intro><subPoint><num>ב</num><content><p> לא יושקעו כספים כאמור' אם דרך השקעתם נקבעה על ידי
בית המשפט או בצוואתו של נפטר' או אם הורה בית המשפט או ציווה
נפטר שאין להשקיעם.</p></content></subPoint></list></point><point><heading><authorialNote placement="side"><p>ועדת השקעות</p></authorialNote></heading><num>36</num><list><intro><p>
ב. (א) תוקם ועדת השקעות (להלן - הועדה) וזה הרכבה;
(1) בא כוח שר המשפטים - יושב ראש;
(2) בא כוח שר האוצר;
(3) בא כוח נגיד בנק ישראל.</p></intro><subPoint><num>ב</num><content><p> הועדה תקבע את סדרי דיוניה ועבודתה' במידה שלא נקבעו
בתקנות.</p></content></subPoint></list></point><point><heading><authorialNote placement="side"><p>במה יושקעו כספי השקעה משותפת</p></authorialNote></heading><num>36</num><list><intro><p>
ג. (א) ההשקעה המשותפת תהיה בניירות ערך, במשכנתאות או
בהלוואות אחרות - לרבות הלוואות לעזבון ולרכוש המתנהל על ידי
האפוטרופוס הכללי - שהועדה קבעה שהם כשרים להשקעה.</p></intro><subPoint><num>ב</num><content><p> רשאית הועדה להורות שבשנת כספים פלונית לא יושקע
בניירות ערך, במשכנתאות ובהלוואות פלונים, או מסוג פלוני' יותר
מאחוז פלוני מכלל הכספים המושקעים; כן רשאית הועדה לקבוע לשנת
כספים פלונית מינימום של סכום ושל זמן המזכה לריווח מהשקעה.</p></content></subPoint></list></point><point><heading><authorialNote placement="side"><p>הגבלות השקעה בהלוואית שאינן סחירות</p></authorialNote></heading><num>36</num><content><p>
ד. לא יושקעו כספי ההשקעה המשותפת בניירות ערך, במשכנתאות
ובהלוואות אחרות שאינן סחירות' כשזמן פרעונן עולה על שלוש שנים
מיום ההשקעה.</p></content></point><point><heading><authorialNote placement="side"><p>חלוקת רווחי ההשקעה המשותפת והפסדיה</p></authorialNote></heading><num>36</num><list><intro><p>
ה. (א) רווחיה של ההשקעה המשותפת' אחרי ניכוי הוצאותיה' וכן
הפסדיה' ייזקפו לזכותו או לחובתו של כל עזבון ורכוש כשיעור שיתופו
בהשקעה המשותפת כסכום ובזמן.</p></intro><subPoint><num>ב</num><content><p> לא ייהנו מרווחים ולא ישאו בהפסדים עזבונות ורכוש ששי-
תופם בהשקעה המשותפת לא הגיע לסכום או לזמן שקבעה הועדה לשנת
כספים פלונית.</p></content></subPoint><subPoint><num>ג</num><content><p> בסעיף זה -
"רווחים" - לרבות רווחי הון;
"הפסדים" - לרבות הפסדי הון.</p></content></subPoint></list></point><point><heading><authorialNote placement="side"><p>דין וחשבון לועדת הכספים של הכנסת</p></authorialNote></heading><num>36</num><content><p>
ו. האפוטרופוס הכללי ימציא לועדת הכספים של הכנסת, לא יאוחר
מששה חדשים לאחר תום שנת הכספים, דין וחשבון כספי על פעולות
ההשקעה המשותפת בשנת הכספים שחלפה."</p></content></point><point><heading><authorialNote placement="side"><p>תיקון סעיף 40</p></authorialNote></heading><num>2</num><content><p>
בסעיף 40(2) לפקודה -
(1) בפסקה (ג), אחרי המלים "את אופן שמירת הכספים שהגיעו לידי האפוט-
רופוס הכללי" יבוא "והשקעתם";
(2) אחרי פסקה (ד) תיווסף פסקה זו:
"(ה) את דרכי חלוקת רווחי ההשקעה המשותפת או הפסדיה בין העזבו-
נות, הרכוש והנכסים המשתתפים בהשקעה המשותפת."</p></content></point><signature><name>יצחק בן-צבי</name><role>נשיא המדינה</role></signature><signature><name>דוד בן-גוריון</name><role>ראש הממשלה</role></signature><signature><name>פנחס רוזן</name><role>שר המשפטים</role></signature><dateOfAcceptance>10.07.1958</dateOfAcceptance></body>