<?xml version="1.0" encoding="UTF-8" ?>
<body><title><content><p>חוק הארנונה לפיצוי נזקי מלחמה (תיקון מס' 2), תשי"ט-1959*</p></content></title><point><heading><authorialNote placement="side"><p>תיקון מעיף 3</p></authorialNote></heading><num>1</num><content><p>
בסעיף 3 לחוק הארנונה לפיצוי נזקי מלחמה' תשי"א-1951 1, במקום סעיף קטן (ג)
יבוא סעיף קטן זה:
"(ג) נזקי המלחמה שהקרן תשמש לפיצוי בעדם יהיו -
(1) נזקים בגופם של נכסים;
(2) נזקים עקיפים שנגרמו לנכסים שבישוב ספר כפי
שיוגדרו בתקנות שיותקנו על ידי שר האוצר, באישור ועדת
הכספים של הכנסת."</p></content></point><signature><name>יצחק בן-צבי</name><role>נשיא המדינה</role></signature><signature><name>דוד בן-גוריון</name><role>ראש הממשלה</role></signature><signature><name>לוי אשכול</name><role>שר האוצר</role></signature><dateOfAcceptance>16.08.1959</dateOfAcceptance></body>