<?xml version="1.0" encoding="UTF-8" ?>
<body><title><content><p>חוק האקדמיה הלאומית הישראלית למדעים (תיקון), תשל"ג-1973 *</p></content></title><point><heading><authorialNote placement="side"><p>הוספת סעיף 4א</p></authorialNote></heading><num>1</num><content><p>
בחוק האקדמיה הלאומית הישראלית למדעים, תשכ"א-1961  1 (להלן - החוק העיקרי),
אחרי סעיף 4 יבוא:</p></content></point><point><heading><authorialNote placement="side"><p>''פטור ממסים</p></authorialNote></heading><num>4</num><content><p>
א. לענין פקודת מס הכנסה 2, נחשבת האקדמיה כמוסד כעל אופי
ציבורי לעניני תרבות, חינוך ומדע, וכל עסקה של האקדמיה וכל נכסיה
יהיו פטורים מכל אגרה, ארנונה או תשלום-חובה אחר המשתלמים
למדינה או לרשות מקומית."</p></content></point><point><heading><authorialNote placement="side"><p>החילה</p></authorialNote></heading><num>2</num><content><p>
תחילתו של סעיף 4א לחוק העיקרי היא מיום פרסום החוק העיקרי ברשומות.</p></content></point><signature><name>שניאור זלמן שזר</name><role>נשיא המדינה</role></signature><signature><name>גולדה מאיר</name><role>ראש הממשלה</role></signature><signature><name>יגאל אלון</name><role>שר החינוך והתרבות</role></signature><dateOfAcceptance>18.01.1973</dateOfAcceptance></body>