<?xml version="1.0" encoding="UTF-8" ?>
<body><title><content><p>חוק האגרות (אגודות שיתופיות לאשראי), תשט"ו-1955*</p></content></title><point><heading><authorialNote placement="side"><p>הגדרה</p></authorialNote></heading><num>1</num><content><p>
בחוק זה' "אגודה שיתופית לאשראי" - אגודה רשומה כמשמעותה בפקודת האגודות
השיתופיות 1, שסויגה על ידי רשם האגודות השיתופיות, לפי סעיף 10 (3) לפקודה האמורה,
כאגודה שיתופית לאשראי.</p></content></point><point><heading><authorialNote placement="side"><p>תשלום אגרה</p></authorialNote></heading><num>2</num><list><intro><p /></intro><subPoint><num>א</num><content><p> אגודה שיתופית לאשראי תשלם בחמישה עשר באפריל של כל שנה אגרה
שנתית בשיעורים המפורטים בתוספת.</p></content></subPoint><subPoint><num>ב</num><content><p> רשימת האגודות השיתופיות לאשראי ששילמו את האגרה השנתית תפורסם
ברשומות כל שנה.</p></content></subPoint></list></point><point><heading><authorialNote placement="side"><p>עונשין</p></authorialNote></heading><num>3</num><content><p>
אגודה שיתופית לאשראי שלא שילמה אגרה שנתית כאמור בסעיף 2, דינה - קנס
עשרים לירות בעד כל יום של פיגור בתשלום האגרה, והוא הדין לגבי כל חבר ועד, מנהל
עסקים, מזכיר או פקיד אחראי של האגודה אשר הניח, ביודעין ובזדון, לפגר בתשלום האגרה.</p></content></point><point><heading><authorialNote placement="side"><p>הוראת מעבר</p></authorialNote></heading><num>4</num><content><p>
על אף האמור בסעיף 2 תשולם האגרה השנתית לשנת 1955 תוך 45 יום מיום קבלת
חוק זה בכנסת.</p></content></point><point><heading><authorialNote placement="side"><p>ביצוע ותקנות</p></authorialNote></heading><num>5</num><content><p>
שר האוצר ממונה על ביצוע חוק זה והוא רשאי להתקין תקנות בכל ענין הנוגע
לביצועו.</p></content></point><signature><name>משה שרת</name><role>ראש הממשלה</role></signature><signature><name>לוי אשכול</name><role>שר האוצר</role></signature><signature><name>יצחק בן- צבי</name><role>נשיא המדינה</role></signature><dateOfAcceptance>09.06.1955</dateOfAcceptance></body>