<?xml version="1.0" encoding="UTF-8" ?>
<body><title><content><p>חוק איגודי ערים (תיקון מס' 2), תשל"ז-1977 * .</p></content></title><point><heading><authorialNote placement="side"><p>תיקון סעיף 1</p></authorialNote></heading><num>1</num><content><p>
בסעיף 1 לחוק איגודי ערים, תשט"ו-1955  1 (להלן - החוק), בהגדרת "איגוד ערים",
אחרי "איגוד רשויות מקומיות סמוכות זו לזו" יבוא "אף אם אינן גובלות זו בזו".</p></content></point><point><heading><authorialNote placement="side"><p>הוספת סעיף 16ב</p></authorialNote></heading><num>2</num><content><p>
אחרי סעיף 16א לחוק העיקרי יבוא:</p></content></point><point><heading><authorialNote placement="side"><p>.הוראות אחידות</p></authorialNote></heading><num>16</num><list><intro><p>
ב. (א) שר הפנים רשאי לקבוע בצו הוראות לענין סעיף 15 (5)
עד (7) ולענין סעיף 16 שיחולו על כל איגוד ערים שיוקם לאחר התקנתן
אם אין הוראה אחרת בצו המקים.</p></intro><subPoint><num>ב</num><content><p> שר הפנים רשאי להחיל את ההוראות שנקבעו בצו לפי סעיף
קטן (א) אף על איגוד ערים שהיה קיים ביום התקנתן, ובלבד שניתנה
הודעה על כך שלושים יום מראש לרשויות המקומיות שבתחום האיגוד
והן לא הביעו התנגדות להחלה האמורה: הביעה רשות מקומית את התנג-
דותה, לא יחולו הוראות אלה אלא אם ניתנה לרשות המקומית המתנגדת
הזדמנות להגיש לשר הפנים את נימוקיה בדרך ובמועד שייקבעו ושר
הפנים דחה את ההתנגדות,"</p></content></subPoint></list></point><signature><name>אפרים קציר</name><role>נשיא המדינה</role></signature><signature><name>אפרים קציר</name><role>נשיא המדינה</role></signature><dateOfAcceptance>13.01.1977</dateOfAcceptance></body>