<?xml version="1.0" encoding="UTF-8" ?>
<body><title><content><p>חוק אכסון במלון (הוראת שעה), תשי"ח--1958 *</p></content></title><point><heading><authorialNote placement="side"><p>הגדרות</p></authorialNote></heading><num>1</num><content><p>
בחוק זה -
"מלון" - לרבות בית לינה' פנסיון, אכסניה, בית הארחה וכל מוסד כיוצא באלה;
"בעל מלון" - לרבות מי שבידיו הנהלת המלון;
"צו-אכסון" - צו לפי סעיף 3.</p></content></point><point><heading><authorialNote placement="side"><p>פקידי אכסון</p></authorialNote></heading><num>2</num><list><intro><p /></intro><subPoint><num>א</num><content><p> ראש הממשלה רשאי למנות פקידי אכסון לצורך חוק זה.</p></content></subPoint><subPoint><num>ב</num><content><p> מינוי על פי סעיף זה יכול להיות כללי או מסוייג.</p></content></subPoint><subPoint><num>ג</num><content><p> כל מינוי על פי סעיף זה יפורסם ברשומות.</p></content></subPoint></list></point><point><heading><authorialNote placement="side"><p>צו-אכסון</p></authorialNote></heading><num>3</num><content><p>
מלון שיש עליו אישור לפי צו ההגנה (זיהוי עסקים למכירת טובין ומתן שירותים
לתיירים)' תשי"ז- 1957 1, רשאי פקיד האכסון, בצו בחתימת ידו' לחייב את בעל המלון
לאכסן בו אדם הנקוב בצו' במשך תקופה המפורשת בצו ובתנאי לינה' כלכלה ושירות
הנהוגים באותו מלון, אם נוכח פקיד האכסון, כי הדבר דרוש לאכסון תיירים בשים לב
לאפשרויות האשפוז במלונות' או לשם מתן אכסון חלוף למפנה הדר מכוח צו-אכסון.</p></content></point><point><heading><authorialNote placement="side"><p>חדר התפוס בידי תייר</p></authorialNote></heading><num>4</num><content><p>
לא יינתן צו-אכסון על חדר התפוס בידי אדם השוהה בישראל על פי אשרה ורשיון
לישיבת מעבר או לישיבת ביקור' כמשמעותם בחוק הכניסה לישראל/ תשי"ב-21952  , אלא
אם תמה התקופה שבה הוא רשאי לתפוס את החדר על פי חוזה או הזמנה שאושרה על ידי
בעל המלון או מטעמו' והחדר דרוש למען אדם אחר כאמור שהזמין את החדר לתקופה
המתחילה כתום תקופת אכסונו של האדם שקדם לו.</p></content></point><point><heading><authorialNote placement="side"><p>פינוי חדר ואכסון חלוף</p></authorialNote></heading><num>5</num><content><p>
ניתן צו-אכסון המחייב בעל מלון לאכסן מתאכסן בחדר מסויים שבמלונו' ואותה
שעה תפוס החדר לתקופה מסויימת בידי אדם אחר על פי חוזה או על פי הזמנה שאושרה
בכתב על ידי בעל המלון או מטעמו, חייב תופס החדר לפנותו לא יאוחר מ-12 שעות ממסירת
צו האכסון, ופקיד האכסון יתן לו' לפי דרישתו' אכסון חלוף סביר עד לגמר אותה תקופה
או עד לגמר תקופת צו-האכסון' הכל לפי המועד הקצר יותר; היה החדר תפוס שלא לפי
חוזה או הזמנה כאמור' חייב התופס לפנותו מיד.</p></content></point><point><heading><authorialNote placement="side"><p>פטור מאחריות להפרת חוזה</p></authorialNote></heading><num>6</num><content><p>
התקשר בעל מלון עם אדם בנוגע למלון, ולאחר זאת ניתן צו-אכסון אשר שלל מבעל
המלון את האפשרות לקיים התחייבות שנתחייב בה על פי ההתקשרות' לא ישא בעל המלון
בכל אחריות אזרחית כלפי אותו אדם בשל אי קיום אותה התחייבות.</p></content></point><point><heading><authorialNote placement="side"><p>דמי האכסון</p></authorialNote></heading><num>7</num><content><p>
דמי האכסון על פי צו-אכסון ישולמו על ידי המתאכסן על פיו' או על ידי מי שפקיד
האכסון הורה עליו; דין דמי האכסון כדין חוב אזרחי שהמתאכסן או האדם האמור' הכל לפי
המקרה' חב לבעל המלון.</p></content></point><point><heading><authorialNote placement="side"><p>ביטול צווים ושינוים</p></authorialNote></heading><num>8</num><content><p>
פקיד אכסון רשאי' לפני הביצוע' לבטל או לשנות צו שניתן על ידיו לגבי מלון או
חלק ממנו; ואין ביטול צו או שינויו גורע מסמכות פקיד האכסון לתת צו חדש לגבי אותו
מלון או לגבי חלק ממנו.</p></content></point><point><heading><authorialNote placement="side"><p>ביצוע צווי אכסון</p></authorialNote></heading><num>9</num><content><p>
פקיד אכסון רשאי להשתמש בכוח במידה הדרושה לביצוע צו-אכסון, ולהיעזר למטרה
זו במשטרה.</p></content></point><point><heading><authorialNote placement="side"><p>מסירת צווים</p></authorialNote></heading><num>10</num><list><intro><p /></intro><subPoint><num>א</num><content><p> צו-אכסון יימסר. ככל האפשר סמוך לנתינתו, לבעל המלון ולמתאכסן שהצר
נוגע להם.</p></content></subPoint><subPoint><num>ב</num><content><p> לא עלה בידי מוסר צו-האכסון למצוא במלון את בעל המלון או את התופס
בחדר הנדון, מותר להציג את הצו במקום הנראה לעין, על פני המלון או בתוכו, וכן בחדר
הנדון, וצו שהוצג כאמור רואים אותו כאילו נמסר שעה שהוצג.</p></content></subPoint></list></point><point><heading><authorialNote placement="side"><p>ועדות ערר</p></authorialNote></heading><num>11</num><list><intro><p /></intro><subPoint><num>א</num><content><p> מינה ראש הממשלה פקיד אכסון, ימנה שר המשפטים ועדות ערר של שלושה
לצורך חוק זה; הוגשה לשר המשפטים על ידי מי שהוא' לדעת השר' ארגון יציג של בעלי
מלון רשימת מועמדים לחברות בועדה' ימנה השר מתוך רשימה זאת לפחות חבר אחד
המוכן לקבל את המינוי.</p></content></subPoint><subPoint><num>ב</num><content><p> היושב ראש בועדת ערר יהיה שופט שלום.</p></content></subPoint><subPoint><num>ג</num><content><p> מינוי של ועדת ערר יכול להיות כללי או לשטח מסויים, ככל שנראה לשר
המשפטים.</p></content></subPoint><subPoint><num>ד</num><content><p> הודעה על כל מינוי של ועדת ערר ועל מענה תפורסם ברשומות.</p></content></subPoint></list></point><point><heading><authorialNote placement="side"><p>ערר</p></authorialNote></heading><num>12</num><list><intro><p /></intro><subPoint><num>א</num><content><p> הרואה עצמו נפגע על ידי צו-אכסון רשאי' תוך שבעה ימים מהיום בו הגיע
הצו לידיעתו' לערור עליו בפני ועדת ערר.</p></content></subPoint><subPoint><num>ב</num><content><p> הערר יוגש לועדת הערר בכתב, והעתק ממנו יישלח על ידי ועדת הערר לפקיד
האכסון שנתן את הצו.</p></content></subPoint><subPoint><num>ג</num><content><p> הגשת ערר על צו-אכסון אינה מעכבת את ביצוע הצו.</p></content></subPoint><subPoint><num>ד</num><content><p> קיום זכות הערר' המועד להגשתו ומען ועדת הערר יפורשו בצו-האכסון.</p></content></subPoint><subPoint><num>ה</num><content><p> ועדת הערר רשאית לאשר את צו-האכסון ' עם שינויים או בלי שינויים, או לבטלו.</p></content></subPoint></list></point><point><heading><authorialNote placement="side"><p>ועדות ערר- סדרי דין</p></authorialNote></heading><num>13</num><list><intro><p /></intro><subPoint><num>א</num><content><p> ועדת ערר מחליטה ברוב דעות. ,</p></content></subPoint><subPoint><num>ב</num><content><p> לועדת ערר יהיו כל הסמכויות שאפשר להעניקן לועדת חקירה לפי סעיף 5
לפקודת ועדות חקירה 3.</p></content></subPoint><subPoint><num>ג</num><content><p> ועדת ערר קובעת בעצמה את סדרי דינה ועבודתה במידה שלא נקבעו בחוק זה.</p></content></subPoint></list></point><point><heading><authorialNote placement="side"><p>סופיות</p></authorialNote></heading><num>14</num><content><p>
אין לערער על צו-אכסון או על החלטה של ועדת ערר בפני כל בית משפט או בית
דין שהוא,</p></content></point><point><heading><authorialNote placement="side"><p>מסירת ידיעות</p></authorialNote></heading><num>15</num><content><p>
בעל מלון חייב' ככל שיידרש על ידי פקיד אכסון, למסור לו ולשליחיו ידיעות בנוגע
לאפשרויות האכסון במלונו ובנוגע לבני האדם הגרים בו.</p></content></point><point><heading><authorialNote placement="side"><p>זכות כניסה</p></authorialNote></heading><num>16</num><content><p>
לפקיד האכסון ולשליחיו הזכות להיכנס בכל עת סבירה לכל מלון ולבדוק בו את
פנקס האורחים ואת המסמכים האחרים העשויים להקל עליו את ביצוע חוק זה.</p></content></point><point><heading><authorialNote placement="side"><p>עבירות</p></authorialNote></heading><num>17</num><list><intro><p /></intro><subPoint><num>א</num><content><p> העובר על הוראה שבצו-אכסון' דינו - מאסר שלושה חדשים או קנס חמש
מאות לירות.</p></content></subPoint><subPoint><num>ב</num><content><p> בעל מלון שאינו ממלא את המוטל עליו על פי סעיף 15' דינו - מאסר שלושים
יום או קנס מאה וחמישים לירות.</p></content></subPoint></list></point><point><heading><authorialNote placement="side"><p>שמירת דין אחר</p></authorialNote></heading><num>18</num><content><p>
סמכויות לפי חוק זה אינן גורעות מסמכויות לפי חיקוק אחר.</p></content></point><point><heading><authorialNote placement="side"><p>תחולה</p></authorialNote></heading><num>19</num><content><p>
תקופת תקפו של חוק זה היא עד יום כ' בטבת תשי"ט (31 בדצמבר 1958).</p></content></point><signature><name>יצחק בן-צבי</name><role>נשיא המדינה</role></signature><signature><name>דוד בן-גוריון</name><role>ראש הממשלה</role></signature><dateOfAcceptance>28.03.1958</dateOfAcceptance></body>