<?xml version="1.0" encoding="UTF-8" ?>
<body><title><content><p>חוק הארכיונים, תשט"ו-1955 *</p></content></title><point><heading><authorialNote placement="side"><p>הגדרות</p></authorialNote></heading><num>1</num><content><p>
בחוק זה -
"חומר ארכיוני" - כל כתב על גבי נייר או על גבי חומר אחר וכל תרשים, דיאגרמה, מפה,
ציור, תו, תיק, תצלום, סרט, תקליט וכיוצא באלה -
(1) המצויים ברשותו של מוסד ממוסדות המדינה או של רשות מקומית, להוציא
חומר שאין לו ערך של מקור;
(2) המצויים בכל מקום שהוא ושיש בהם ענין לחקר העבר, העם, המדינה או
החברה, או שהם קשורים לזכרם או לפעולתם של אנשי שם ;
"הגנזך" - ארכיון מדינת ישראל ;
"ארכיון ציבורי" - ארכיון שהוא בבעלותו או בהנהלתו של גוף שאין מטרתו הפקת רווחים,
מתנהל לפי הסדרים שנקבעו בתקנות ואושר על ידי הממשלה, בהודעה שפורסמה
ברשומות, כארכיון ציבורי;
"הגנז" - מנהל הגנזך, לרבות כל אדם שהגנז ייפה את כוחו לפעול בשמו או במקומו.</p></content></point><point><heading><authorialNote placement="side"><p>מינוי הגנז</p></authorialNote></heading><num>2</num><list><intro><p /></intro><subPoint><num>א</num><content><p> הגנז יתמנה על ידי הממשלה לאחר התייעצות במועצת הארכיונים העליונה.</p></content></subPoint><subPoint><num>ב</num><content><p> כל עוד לא נתמנה הגנז יהיה שר החינוך והתרבות יושב ראש המועצה.</p></content></subPoint></list></point><point><heading><authorialNote placement="side"><p>מועצת ארכיונים עליונה</p></authorialNote></heading><num>3</num><content><p>
תוקם מועצת ארכיונים עליונה (להלן - המועצה), וזה הרכבה:
(1) הגנז שיהיה יושב ראש המועצה;
(2) בא כוח משרד החינוך והתרבות ובאי כוח אותם משרדי הממשלה שתקבע
הממשלה;
(3) באי כוח המפריח הלאומית, הארכיון הציוני המרכזי, הארכיון הכללי
לתולדות ישראל, המועצה הארכיאולוגית המייעצת, הארכיון של צבא-הגנה
לישראל וארכיונים שייקבעו על ידי הממשלה ;
(4) המועצה רשאית להמליץ בפני הממשלה על מוסדות אחרים שבאי כוחם
יצורפו למועצה;
(5) מומחים שתמנה הממשלה אחר התייעצות במועצה, ובלבד שמספרם לא
יעלה על שליש חברי המועצה בשעת המינוי.</p></content></point><point><heading><authorialNote placement="side"><p>החוטר שיופקד בגנזך</p></authorialNote></heading><num>4</num><list><intro><p /></intro><subPoint><num>א</num><content><p> כל חומר ארכיוני של מוסדות ממלכתיים שקדמו להקמת מדינת ישראל, וכל
חומר ארכיוני של מוסד ממוסדות המדינה או של רשות מקומית שפסק קיומם ואין מוסד
אחר יורש את מקומם, וכל חומר ארכיוני של מוסד ממוסדות המדינה או של רשות מקומית
שאינו צריך לשימוש עוד - יופקד בגנזך.</p></content></subPoint><subPoint><num>ב</num><content><p> הגנז רשאי לקבל להפקדה בגנזך כל חומר ארכיוני.</p></content></subPoint><subPoint><num>ג</num><content><p> כל חומר ארכיוני שהועמד לרשותו של הגנזך, אף אם לא הועבר אליו - יראוהו
כמופקד בגנזך.</p></content></subPoint></list></point><point><heading><authorialNote placement="side"><p>תקופת ההפקדה בגנזך</p></authorialNote></heading><num>5</num><content><p>
הפקדת חומר ארכיוני בגנזך היא לצמיתות, אך רשאי הגנז, בתנאים שייקבעו בתקנות,
לקבל חומר ארכיוני למשמרת שאינה לצמיתות.</p></content></point><point><heading><authorialNote placement="side"><p>סמכויות פיקוח</p></authorialNote></heading><num>6</num><content><p>
הגנז יפקח על סדרי הארכיונים במוסדות המדינה וברשויות המקומיות, על שמירת
החומר הארכיוני בהם ועל ביעורו.</p></content></point><point><heading><authorialNote placement="side"><p>סמכות לבדוק</p></authorialNote></heading><num>7</num><content><p>
הגנז רשאי לבדוק כל חומר ארכיוני במוסדות המדינה וברשויות המקומיות' לצלמו
ולהעתיקו, אך לא יוכל לבדוק, לצלם ולהעתיק חומר סודי במוסדות המדינה אלא ברשות
הממונה האחראי על אותו חומר.</p></content></point><point><heading><authorialNote placement="side"><p>פנקס של חומר ארכיוני פרטי</p></authorialNote></heading><num>8</num><list><intro><p /></intro><subPoint><num>א</num><content><p> הגנז ינהל פנקס חומר ארכיוני הנמצא בידי בעלים פרטיים (להלן - הפנקס).</p></content></subPoint><subPoint><num>ב</num><content><p> בפנקס יירשם חומר ארכיוני בעל ערך, כפי שייקבע על ידי הגנו, הנמצא
בבעלותם או בהחזקתם של אנשים ומוסדות פרטיים ואינו מופקד בארכיון ציבורי.</p></content></subPoint><subPoint><num>ג</num><content><p> הרישום ייעשה על יסוד הצהרת הבעלים של החומר הארכיוני, או של המחזיק
בו, או על יסוד ידיעה שהגיעה לגנז על מציאות החומר.</p></content></subPoint></list></point><point><heading><authorialNote placement="side"><p>סמכויות הגנז לגבי חוטר שברשות הפרט</p></authorialNote></heading><num>9</num><list><intro><p /></intro><subPoint><num>א</num><content><p> הגנז רשאי לדרוש מכל אדם ידיעות על חומר ארכיוני הנמצא בבעלותו או
בהחזקתו.</p></content></subPoint><subPoint><num>ב</num><content><p> אין הגנז רשאי לעיין בחומר ארכיוני כאמור' לצלמו, להעתיקו, לתת את
התצלום או את ההעתק לעיון הקהל אלא ברשות הבעלים ובעל זכות היוצרים ובהתאם
לתנאים שהגנז ובעל החומר הארכיוני הסכימו עליהם.</p></content></subPoint></list></point><point><heading><authorialNote placement="side"><p>עיון הקהל</p></authorialNote></heading><num>10</num><list><intro><p /></intro><subPoint><num>א</num><content><p> כל אדם רשאי לעיין בחומר הארכיוני המופקד בגנזך, אך אפשר להגביל זכות
זו בתקנות.</p></content></subPoint><subPoint><num>ב</num><content><p> הופקד חומר ארכיוני שזכות העיון בו מוגבלת על פי חוק או על פי הסכם,
יחולו עליו אותן ההגבלות גפ בגנזך,</p></content></subPoint><subPoint><num>ג</num><content><p> הגנז, בהסכמת המועצה, רשאי לציין חומר ארכיוני כסודי ולהגביל את רשות
העיון בו.</p></content></subPoint></list></point><point><heading><authorialNote placement="side"><p>העתקים</p></authorialNote></heading><num>11</num><content><p>
הגנז רשאי להמציא לכל דורש, בתנאים ותמורת אגרות שייקבעו בתקנות, העתקים,
בין בכתב ובין בצורה אחרת, מכל חומר ארכיוני המופקד בגנזך שאין הגבלות עיון חלות
עליו.</p></content></point><point><heading><authorialNote placement="side"><p>ביעור חומר במוסדות המדינה וכו'</p></authorialNote></heading><num>12</num><list><intro><p /></intro><subPoint><num>א</num><content><p> לא יבוער במוסד ממוסדות המדינה או ברשות מקומית חומר ארכיוני, אלא
בהתאם לתקנות.</p></content></subPoint><subPoint><num>ב</num><content><p> הגנז רשאי לצוות על צילומו והעתקתו של כל חומר ארכיוני כאמור, לפני
ביעורו, ועל הפקדת התצלום וההעתק בגנזך.</p></content></subPoint><subPoint><num>ג</num><content><p> סעיף זה לא יחול על חומר ארכיוני שביעורו דחוף מטעמים של בטחון המדינה.</p></content></subPoint></list></point><point><heading><authorialNote placement="side"><p>ביעור חומר בגנזך</p></authorialNote></heading><num>13</num><list><intro><p /></intro><subPoint><num>א</num><content><p> חומר ארכיוני שלדעת הגנז אין צורך עוד לשמרו, רשאי הוא לבערו כעבור
שלושים יום מיום שניתנה הודעה לחברי המועצה על הכוונה לבער את החומר ושלושים
יום לאחר שפורסמה הודעה על כך ברשומות; אם לפני תום המאוחר שבמועדים אלה הובעה
התנגדות לביעור החומר - תכריע המועצה.</p></content></subPoint><subPoint><num>ב</num><content><p> על אף האמור בסעיף קטן (א), לא יבער הגנז חומר ארכיוני פרטי שהופקד
בגנזך, אלא אם הוצע קודם לבעל החומר לקבלו בחזרה ובעל החומר לא קיבלו תוך המועד
שנקבע בהצעה.</p></content></subPoint><subPoint><num>ג</num><content><p> הוחלט על ביעור חומר ארכיוני שזכות העיון בו אינה מוגבלת וביקש מוסד
מדעי או ציבורי או בית ספר שהחומר יימסר לו - זכאי הוא לקבלו.</p></content></subPoint></list></point><point><heading><authorialNote placement="side"><p>ביעור חוטר שכרשות הפרט</p></authorialNote></heading><num>14</num><list><intro><p /></intro><subPoint><num>א</num><content><p> לא יבער אדם חומר ארכיוני שברשותו הפרטית אלא על פי היתר מאת הגנז'
פרט לחומר שהוצע להפקדה בגנזך והגנז סירב לקבלו.</p></content></subPoint><subPoint><num>ב</num><content><p> סירב הגנז לתת היתר. רשאי האדם שהחומר נמצא ברשותו לערער תוך שלושים
יום לפני המועצה והחלטתה תהיה סופית,</p></content></subPoint></list></point><point><heading><authorialNote placement="side"><p>עונשין</p></authorialNote></heading><num>15</num><list><intro><p /></intro><subPoint><num>א</num><content><p> המבער ביודעין חומר ארכיוני שלא בהתאם לחוק זה' דינו - קנס חמש מאות
לירות,</p></content></subPoint><subPoint><num>ב</num><content><p> המסרב למסור לגנז ידיעות על חומר ארכיוני הנמצא בבעלותו או בהחזקתו,
דינו - קנם מאתיים לירות ; ואין חיובו בדין פוטר אותו מלמלא אחרי הוראת החוק שעליה
נתחייב בדין,</p></content></subPoint></list></point><point><heading><authorialNote placement="side"><p>חוטר ארכיוני המוצא מישראל</p></authorialNote></heading><num>16</num><list><intro><p /></intro><subPoint><num>א</num><content><p> לא יוצא חומר ארכיוני מישראל אלא אם נתקיים אחד מאלה:
(1) ניתן לגנז לעיין בחומר הארכיוני' לצלמו ולהעתיקו ;
(2) החומר הארכיוני נרשם בפנקס והגנז ויתר על העיון בו, צילומו והעתקתו.</p></content></subPoint><subPoint><num>ב</num><content><p> צולם או הועתק חומר ארכיוני כאמור' אין הגנז רשאי לתת את התצלום או
ההעתק לעיון הקהל אלא ברשות הבעלים ובעל זכות היוצרים ובהתאם לתנאים שהגנז ובעל
החומר הארכיוני הסכימו עליהם,</p></content></subPoint><subPoint><num>ג</num><content><p> הגנז יאשר למוציא החומר הארכיוני מישראל, בתעודה או בכל דרך אחרת,
שניתן לגנז לעיין בחומר הארכיוני, לצלמו ולהעתיקו, או שהחומר הארכיוני נרשם בפנקס
והגנז ויתר על העיון בו, צילומו והעתקתו,</p></content></subPoint><subPoint><num>ד</num><content><p> תקפו של סעיף זה הוא מהיום שייקבע על ידי שר החינוך והתרבות בהודעה
שתפורסם ברשומות,</p></content></subPoint></list></point><point><heading><authorialNote placement="side"><p>תביעה ברשות היועץ המשפטי בלבד</p></authorialNote></heading><num>17</num><content><p>
לא תוגש תביעה פלילית לפי חוק זה, אלא על ידי היועץ המשפטי לממשלת ישראל
או בהסכמתו.</p></content></point><point><heading><authorialNote placement="side"><p>ביצוע ותקנות</p></authorialNote></heading><num>18</num><list><intro><p /></intro><subPoint><num>א</num><content><p> הממשלה רשאית להתקין תקנות בכל הנוגע לביצוע חוק זה.</p></content></subPoint><subPoint><num>ב</num><content><p> בתקנות ייקבעו הסדרים לפיהם ינוהלו ארכיונים ציבוריים.</p></content></subPoint><subPoint><num>ג</num><content><p> לא יותקנו תקנות אלא אחר התייעצות במועצה.</p></content></subPoint></list></point><signature><name>משה שרת</name><role>ראש הממשלה</role></signature><signature><name>יצחק בן- צבי</name><role>נשיא המדינה</role></signature><dateOfAcceptance>27.01.1955</dateOfAcceptance></body>