<?xml version="1.0" encoding="UTF-8" ?>
<body><title><content><p>חוק לתיקון פקודת האפוטרופוס הכללי, תש*י-1949*</p></content></title><signature><name>חיים ווייצמן</name><role>נשיא המדינה</role></signature><signature><name>דוד בן-גוריון</name><role>ראש הממשלה</role></signature><signature><name>פנחס רוזן</name><role>שר המשפטים</role></signature><chapter><num>ספר החוקים</num><title><content><p>29, כ"ט בכסלו  תש"י, 20.12.49</p></content></title></chapter><dateOfAcceptance>20.12.1949</dateOfAcceptance></body>