<?xml version="1.0" encoding="UTF-8" ?>
<body><title><content><p>חוק אכסון עולים בדירות שכורות, תשל"ה-1974 *</p></content></title><point><heading><authorialNote placement="side"><p>פינוי דירה שהושכרה לעולה</p></authorialNote></heading><num>1</num><list><intro><p /></intro><subPoint><num>א</num><content><p> דירה ששכרה המדינה או הסוכנות היהודית בדי לאכסן בה עולה, והשוכרת או
המאוכסן בה לא פינה אותה בתום תקופת השכירות, רשאי המשכיר, ואם לא פינה אותר
המאוכסן - גם השוברת, להגיש את הסכם השכירות ללשכת ההוצאה לפועל לשם ביצוע
פינוי הדירה מכל מי שמחזיק בה, ולענין זה יראו את הסכם השכירות כפסק דין סופי לפינוי
הדירה, ואין צורך בצו בית המשפט.</p></content></subPoint><subPoint><num>ב</num><content><p> בחוק זה, "עולה" - מי שבידו אשרת עולה או תעודת עולה לפי חוק השבות,
תש"י-1950 1, או מי שזכאי לאשרה או לתעודה כאמור ובידו אשרה או רשיון לישיבת
ארעי לפי חוק הכניסה לישראל, תשי"ב-1952 2, או מי שנמנה עם סוג בני אדם שהשר
לקליטת העליה קבע, בהודעה שפורסמה ברשומות, שדינם כדין עולה לענין זה.</p></content></subPoint></list></point><point><heading><authorialNote placement="side"><p>פיצוי משכיר</p></authorialNote></heading><num>2</num><list><intro><p /></intro><subPoint><num>א</num><content><p> המדינה תפצה משכיר דירה שהושכרה לפי סעיף 1 בעד נזק שנגרם לדירה
מחמת האכסון, בעד נזק שנגרם למשכיר בשל איחור בפינוי הדירה ובעד נזק או הוצאות
שנגרמו למשכיר עקב השימוש בדירה או בציודה שלא לפי הסכם השכירות.</p></content></subPoint><subPoint><num>ב</num><content><p> הבקשה לפיצוי תוגש, לא יאוחר מששים יום מהיום שהדירה פונתה ממי
שהחזיק בה, לרשות שימנה שר המשפטים לענין זה, והפיצוי ישולם למשכיר תוך ששים
יום מהיום שהגיש אישור מהרשות האמורה על סכום הנזק וההוצאות שנגרמו לו עקב האכסון.</p></content></subPoint><subPoint><num>ג</num><content><p> אין באמור בסעיף זה כדי למנוע מהמשכיר לנקוט בהליכים משפטיים נגז
השוברת או נגד המאוכסן, או נגד שניהם, לפיצוי או לכל תרופה אחרת בשל נזק או הוצאות
שנגרמו לו עקב האכסון, אלא אם פנה לרשות לפי סעיף קטן (ב&gt; ולא הודיע לה על ביטו?
הפניה או על סירובו לקבל את הסכום שאישרה לו.</p></content></subPoint></list></point><point><heading><authorialNote placement="side"><p>תחולה על השכרה קיימת</p></authorialNote></heading><num>3</num><content><p>
הוראות חוק זה יחולו גם על דירה ששכרה המדינה או הסוכנות היהודית לפני תחילתו,
כדי לאכסן בה עולה.</p></content></point><signature><name>אפרים קציר</name><role>נשיא המדינה</role></signature><signature><name>יצחק רבין</name><role>ראש הממשלה</role></signature><chapter><num>ספר החוקים</num><title><content><p>753, י''ב בטבת תשל"ה, 26.12.1974</p></content></title></chapter><dateOfAcceptance>26.12.1974</dateOfAcceptance></body>