<?xml version="1.0" encoding="UTF-8" ?>
<body><title><content><p>חוק האפוטרופוס הכללי, תשל"ח-1978 *</p></content></title><point><heading><authorialNote placement="side"><p>הגדרות</p></authorialNote></heading><num>1</num><content><p>
בחוק זה -
"נכס עזוב" - נכס שנתקיימו בו אלה:
(1) לא נמצא מי שרשאי ומסוגל לנהוג בו מנהג בעלים או לנהלו, או שבעלו
אינו ידוע;
(2) הנכס נמצא בארץ, ובנכס של אזרח ישראלי, של תושב ישראל, או של
תאגיד הרשום בישראל או שהוקם בה - גם נכס שנמצא בחוץ לארץ;
"מעונין" בנכס עזוב - מי שיש לו זכות באותו נכס או זיקה קיימת או צפויה בו, לרבות
נושה של אדם כזה;
"בית משפט" - בית משפט מחוזי;
"צו ניהול" - צו לפי סעיף 6 (א).</p></content></point><point><heading><authorialNote placement="side"><p>מינוי וסמכויות</p></authorialNote></heading><num>2</num><list><intro><p /></intro><subPoint><num>א</num><content><p> שר המשפטים ימנה אפוטרופוס כללי, ורשאי הוא למנות משנה וסגן או סגנים
לאפוטרופוס הכללי ולקבוע את סמכויותיהם.</p></content></subPoint><subPoint><num>ב</num><content><p> האפוטרופוס הכללי מופקד על ניהולם של נכסים עזובים לפי הוראות חוק זה*
כן מוסמך הוא לבצע כל תפקיד אחר שקיבל על עצמו או שהוטל עליו על פי דין או החלטת
הממשלה.</p></content></subPoint></list></point><point><heading><authorialNote placement="side"><p>תאגיד</p></authorialNote></heading><num>3</num><content><p>
האפוטרופוס הכללי הוא תאגיד, כשר לכל חובה, זכות ופעולה משפטית.</p></content></point><point><heading><authorialNote placement="side"><p>נציגים</p></authorialNote></heading><num>4</num><list><intro><p /></intro><subPoint><num>א</num><content><p> האפוטרופוס הכללי רשאי לבצע תפקיד מתפקידיו גס באמצעות אדם שלא מבין
עובדי המדינה שהוא ממונה עליהם (להלן - נציג), ורשאי הוא לאצול לנציג סמכות מסמ-
כויותיו לגבי נכס מסויים ולשלם לו את שכרו.</p></content></subPoint><subPoint><num>ב</num><content><p> נציג יפעל לפי הוראות האפוטרופוס הכללי ובפיקוחו, אך אין בכך או בתשלום
שכרו על פי סעיף קטן (א) כדי ליצור יחסי עובד ומעביד בין הנציג לבין האפוטרופוס
הכללי או המדינה.</p></content></subPoint><subPoint><num>ג</num><content><p> האפוטרופוס הכללי רשאי, לפני מינויו של נציג או אחרי כן, לדרוש שהנציג
ישעבד נכסים או יתן ערובה להבטחת מילוי תפקידו וחובותיו, ורשאי הוא בכל עת לדרוש
מן הנציג ערובה נוספת או לשחרר ערובה שניתנה, כולה או מקצתה.</p></content></subPoint></list></point><point><heading><authorialNote placement="side"><p>חובת הודעה וחקירה</p></authorialNote></heading><num>5</num><list><intro><p /></intro><subPoint><num>א</num><content><p> מי שמחזיק בנכס עזוב או בנכס שיש לו יסוד להניח שהוא עזוב, וכן עובד
ציבורי שנודע לו על נכס כזה אגב מילוי תפקידו, חייב להודיע על כך לאפוטרופוס הכללי
ולמסור לו את הפרטים הידועים לו על הנכס.</p></content></subPoint><subPoint><num>ב</num><content><p> נודע לאפוטרופוס הכללי - דרך הודעה לפי סעיף קטן (א) או בדרך אחרת -
על נכס שיש יסוד להניח שהוא נכס עזוב, יערוך חקירה כדי לברר אם יש מקום לניהולו
לפי חוק זה, והוא יהיה מוסמך לאסוף ראיות לשם כך.</p></content></subPoint><subPoint><num>ג</num><content><p> מצא האפוטרופוס הכללי בחקירתו שיש מקום לניהולו של נכס עזוב לפי חוק
זה, יפנה אל בית המשפט בבקשה למתן צו ניהול או ינהלו לפי סעיף 7.
עמ' 82.</p></content></subPoint></list></point><point><heading><authorialNote placement="side"><p>צו נירול וצו זמני</p></authorialNote></heading><num>6</num><list><intro><p /></intro><subPoint><num>א</num><content><p> לפי בקשה של האפוטרופוס הכללי, של מעונין או של היועץ המשפטי לממשלה,
רשאי בית המשפט לצוות על האפוטרופוס הכללי לנהל נכס עזוב מסויים או את הנכסים
העזובים של פלוני או של עזבונו.</p></content></subPoint><subPoint><num>ב</num><content><p> לא תקובל בקשתו של מעונין על פי סעיף קטן (א) אלא אם הוכח שהודיע
לאפוטרופוס הכללי בכתב לפחות 30 יום קודם לכן על כוונתו להגישה.</p></content></subPoint><subPoint><num>ג</num><content><p> היה לאפוטרופוס הכללי יסוד להניח כי נכס מסויים הוא נכס עזוב, רשאי בית
המשפט, על פי בקשת האפוטרופוס הכללי, לצוות על נקיטת אמצעים לשמירת הנכס או
הזכויות בו, לרבות עיכוב זמני של פעולות בנכס, ניהולו הזמני בידי האפוטרופוס הכללי
ומכירת נכס פסיד, ככל שייראה לבית המשפט.</p></content></subPoint></list></point><point><heading><authorialNote placement="side"><p>ניהול ללא צו ניהול</p></authorialNote></heading><num>7</num><content><p>
נכסים עזובים ששוויים אינו עולה על 10,000 לירות או על סכום אחר שקבע שר
המשפטים בצו באישור ועדת החוקה חוק ומשפט של הכנסת, רשאי האפוטרופוס הכללי
לנהלם גם ללא צו ניהול.</p></content></point><point><heading><authorialNote placement="side"><p>צו ניהול לאדם זולת האפוטרופוס הכללי</p></authorialNote></heading><num>8</num><list><intro><p /></intro><subPoint><num>א</num><content><p> נוכח בית המשפט שבנסיבות הענין רצוי שנכס עזוב ינוהל בידי אדם זולת
האפוטרופוס הכללי ושניהולו בידי אותו אדם אינו עלול לפגוע כנכס או בזכויות של
מעונינים, רשאי בית המשפט לתת צו המטיל את ניהול הנכס על אותו אדם, ובלבד שהסכים
לכך.</p></content></subPoint><subPoint><num>ב</num><content><p> בית המשפט רשאי לתת צו לפי סעיף קטן (א) אם מלכתחילה ואם אחרי שניתן
צו ניהול או צו ניהול זמני על פי סעיף 6 (ג), ורשאי הוא להתנות את הצו במתן ערובה
לניהולו התקין של הנכס ובתנאים אחרים, הבל כפי שימצא לנכון.</p></content></subPoint><subPoint><num>ג</num><content><p> אדם שניתן לו צו ניהול לפי סעיף זה חייב להגיש לאפוטרופוס הכללי דין
וחשבון על ניהול הנכס כפי שיורה האפוטרופוס הכללי ולפחות אחת לשנה, ולמסור לאפוט-
רופוס הכללי מידע מלא לפי דרישתו; חוראות סעיפים 9, 10 (א) ו-11 עד 16 יחולו,
בשינויים המחוייבים, גם על אדם כזה.</p></content></subPoint></list></point><point><heading><authorialNote placement="side"><p>דרך ניהול</p></authorialNote></heading><num>9</num><list><intro><p /></intro><subPoint><num>א</num><content><p> האפוטרופוס הכללי חייב לכנס את הנכסים שבניהולו, לנהלם ולעשות בחם מה
שעשוי, לדעתו, להועיל למעונינים בהם,</p></content></subPoint><subPoint><num>ב</num><content><p> פעולות אלח טעונות אישור מראש של בית חמשפט:
(1) פעולה שתקפה תלוי ברישום בפנקס המתנהל על פי חוק;
(2) מכירת נכס ששוויו המוערך עולה על 100,000 לירות או על סכום אחר
שקבע שר המשפטים בתקנות כאישור ועדת החוקה חוק ומשפט של הכנסת.</p></content></subPoint></list></point><point><heading><authorialNote placement="side"><p>השקעת כספים</p></authorialNote></heading><num>10</num><list><intro><p /></intro><subPoint><num>א</num><content><p> לענין סעיף זה ימנה שר המשפטים ועדת השקעות בהרכב זה:
(1 )בא כוח שר המשפטים - יושב ראש;
(2) בא כוח שר האוצר;
(3) בא כוח נגיד בנק ישראל.</p></content></subPoint><subPoint><num>ב</num><content><p> ועדת ההשקעות תקבע את מדרי דיוניה ועבודתה, במידה שלא בקבעו בתקנות.</p></content></subPoint><subPoint><num>ג</num><content><p> היו בין הנכסים שבניהול האפוטרופוס הכללי כספים, בין מלכתחילה ובין עקב
מימוש של נכסים אחרים, והכספים אינם דרושים לצרכי הניהול השוטפים, חייב האפוט-
רופוס הכללי להחזיקם או להשקיעם, כדרוש לשם שמירת הקרן והבטחת פירות, כאחת
הדרכים שקבעה ועדת ההשקעות או בדרך שהורה בית המשפט,</p></content></subPoint><subPoint><num>ד</num><content><p> כספים כאמור שבאו מנכסים שונים רשאי האפוטרופוס הכללי להשקיע במשותף,
בלי לייחס את ההשקעה לנכסים מסויימים, באחת הדרכים שקבעה ועדת ההשקעות,
פרטה וחשבונות</p></content></subPoint><subPoint><num>ה</num><content><p> רווחים מהשקעה משותפת, בניכוי הוצאותיה, ייזקפו לזכותו של כל נכס שממנו
באו הכספים, והפסדי ההשקעה ייזקפו לחובת הנכס, הכל כשיעור שיתופו בהשקעה, לפי
סכום ולפי זמן.
(0 האפוטרופוס הכללי ימציא לועדה לעניני ביקורת המדינה של הכנסת, לא יאוחר
מששה חדשים לאחר תום שנת הכספים, דין וחשבון כספי על פעולות ההשקעה המשותפת
בשנת הכספים שחלפה.
11. (א) האפוטרופוס הכללי יערוך פרטה וינהל חשבונות לגבי הנכסים שבניהולו;
שר המשפטים רשאי לקבוע בתקנות הוראות לענין עריכת הפרטה וניהול החשבונות
וביקורתם. י</p></content></subPoint><subPoint><num>ב</num><content><p> רישומים שנעשו בחשבונות האמורים במהלך הרגיל של פעולות האפוטרופוס
הכללי יהיו ראיה לכאורה לאמור בהם.</p></content></subPoint></list></point><point><heading><authorialNote placement="side"><p>הוצאות הניהול</p></authorialNote></heading><num>12</num><list><intro><p /></intro><subPoint><num>א</num><content><p> הוצאות ניהולו של נכס, לרבות תשלומי החובה החלים עליו על פי כל דין
ושכר האפוטרופוס הכללי (להלן בסעיף זה - הוצאות הניהול), יחולו על הנכס, אם לא
הורה בית המשפט שיחולו, כולן או מקצתן, על נכס אחר או על אדם פלוני.</p></content></subPoint><subPoint><num>ב</num><content><p> האפוטרופוס הכללי רשאי לקזז את הוצאות הניהול שהוציא בקשר עם נכס
מסויים כנגד הכנסות שקיבל מנכס אחר של אותו בעל המנוהל בידו.</p></content></subPoint><subPoint><num>ג</num><content><p> האפוטרופוס הכללי יגבה את הוצאות הניהול מתוך הנכסים; ההוצאות יהיו
שעבוד ראשון על הנכסים.</p></content></subPoint></list></point><point><heading><authorialNote placement="side"><p>עיון כמסמכים</p></authorialNote></heading><num>13</num><list><intro><p /></intro><subPoint><num>א</num><content><p> מעונין בנכס פלוני רשאי לעיין במסמכים שפירט בבקשתו והנוגעים לאותו נכס,
פרט לתרשומות ולהתכתבות פנימית, זולת אם היה האפוטרופוס הכללי סכור שהבקשה
הוגשה שלא בתום לב; מי שרשאי לעיין במסמך, רשאי גם לקבל העתק ממנו.</p></content></subPoint><subPoint><num>ב</num><content><p> האפוטרופוס הכללי אינו חייב להציג בהליך משפטי מסמך הנוגע לנכס [או
לניהולו, אלא לפי צו של בית המשפט.</p></content></subPoint></list></point><point><heading><authorialNote placement="side"><p>מוראות כית המשפט</p></authorialNote></heading><num>14</num><content><p>
לפי בקשה של האפוטרופוס הכללי, של מעונין או של היועץ המשפטי לממשלה,
ואף מיזמתו הוא, רשאי בית המשפט לתת לאפוטרופוס הכללי הוראות בכל הנוגע למילוי
תפקידו וכן בענין מתן הענקות לאדם הזכאי למזונות מבעל נכס עזוב ומתן הלוואות לבן-זוג
או לקרובי משפחה של בעל הנכס.</p></content></point><point><heading><authorialNote placement="side"><p>סיום הניהול</p></authorialNote></heading><num>15</num><list><intro><p /></intro><subPoint><num>א</num><content><p> האפוטרופוס הכללי ינהל נכס עד שיתייצב אדם ויוכיח להנחת דעתו שהוא
רשאי לקבלו, או שהוברר לאפוטרופוס הכללי שהנכס חדל להיות נכס עזוב.</p></content></subPoint><subPoint><num>ב</num><content><p> הגיע ניהולו של נכס לפי חוק זה לסיומו, או שנתברר שלא היה מקום לתת עליו
צו ניהול, יתן האפוטרופוס הכללי לבית המשפט דין וחשבון וימסור לו את החשבונות
המתייחסים לאותו נכס, כשהם מבוקרים כפי שנקבע בתקנות, ומשעשה כן יחול עליו, לענין
פטור מאחריות, הדין החל על מנהל עזבון לפי סעיף 88 לחוק הירושה, תשכ"ה-1965 1.</p></content></subPoint><subPoint><num>ג</num><content><p> נמשך ניהולו של נכס לפי חוק זה חמש עשרה שנה ושוכנע בית המשפט, לפי
דו"ח מאת האפוטרופוס הכללי, שאין הצדקה להמשיך בניהול, רשאי בית המשפט לצוות
שהאפוטרופוס הכללי יעביר את הנכס לקנין המדינה, ולתת לו תעודת שחרור.</p></content></subPoint><subPoint><num>ד</num><content><p> העברת נכס לפי סעיף קטן (ג) אין בה כדי למנוע ממעונין לתבוע מהמדינה
את הנכס או את שוויו כפי שהיה ביום העברתו למדינה, בצירוף ריבית לפי חוק פסיקת
ריבית, תשכ"א-1961 2, והמדינה תתן לו את הנכס, אם הוא עדיין בידיה, או את שוויו
לפי בחירתו.</p></content></subPoint></list></point><point><heading><authorialNote placement="side"><p>כשרות פעולות</p></authorialNote></heading><num>16</num><content><p>
פעולה שנעשתה בתום לב בין האפוטרופוס הכללי לבין אדם אחר, מתוך הנחה שנכס
פלוני הוא נכס עזוב, תעמוד בתקפה גם אם נתגלה לאחר מכן שהנכס לא היה עזוב.</p></content></point><point><heading><authorialNote placement="side"><p>סמכויות עזר</p></authorialNote></heading><num>17</num><list><intro><p /></intro><subPoint><num>א</num><content><p> האפוטרופוס הכללי רשאי לבקש מבית המשפט שיזמין ויחקור כל אדם בענינים
השייכים לתחום פעולתו.</p></content></subPoint><subPoint><num>ב</num><content><p> הודה אדם בחקירה לפי סעיף קטן (א) שהוא מחזיק בנכס עזוב, רשאי בית
המשפט לצוות על אתר שימסור את הנכס לאפוטרופוס הכללי במועד ובתנאים- שיקבע
בית המשפט.</p></content></subPoint><subPoint><num>ג</num><content><p> פרוטוקול של חקירה לפי סעיף 5 (ב) ולפי סעיפים קטנים (א) ו-(ב) יהיה
קביל כראיה על תכנו בכל הליך משפטי שהאפוטרופוס הכללי צד בו.</p></content></subPoint><subPoint><num>ד</num><content><p> דינו של מי שהוזמן לחקירה לפי סעיף 5 (ב) לענין הוצאותיו ושכרו ושל מי
שהוזמן לחקירה לפי סעיף קטן (א) לכל ענין - כדין עד שהוזמן להעיד בבית משפט בהליך
אזרחי.</p></content></subPoint></list></point><point><heading><authorialNote placement="side"><p>עונשין</p></authorialNote></heading><num>18</num><list><intro><p /></intro><subPoint><num>א</num><content><p> אלה דינם מאסר שנה או קנס עשרת אלפים לירות;
(1) מי שהפר ביודעין את הוראות סעיף 5 (א);
(2) מי שסירב או נמנע למסור מידע או מסמך שהוא נדרש למסרם לפי
סעיף 5 (ב).</p></content></subPoint><subPoint><num>ב</num><content><p> ואלה דינם מאסר שלוש שנים או קנס שלושים אלף לירות:
(1) מי שלא מסר נכס עזוב לאפוטרופוס הכללי או לנציגו לפי דרישתם;
(2) מי שתפס נכס, ניהלו, העבירו או מסרו לאדם אחר זולת האפוטרופוס
הכללי, או טיפל בו כדרך אחרת ביודעו שהנכס עזוב או שחוק זה עשוי לחול
עליו ובלי שהורשה לכך כדין.</p></content></subPoint></list></point><point><heading><authorialNote placement="side"><p>תחולת הוראות</p></authorialNote></heading><num>19</num><list><intro><p /></intro><subPoint><num>א</num><content><p> לענין סעיפים 8 ו-9 לחוק לתיקון סדרי הדין האזרחי (המדינה כבעל דין),
תשי"ח-1958 3, וסעיפים 2 עד 4, 8 ו-9 לחוק הנזיקים האזרחיים (אחריות המדינה),
תשי"ב-1952 4, דין האפוטרופוס הכללי כדין המדינה.</p></content></subPoint><subPoint><num>ב</num><content><p> האפוטרופוס הכללי או מי שפעל מכוחו לא ישאו באחריות לנזק שגרמו אם
פעלו בהתאם להוראות בית המשפט או באישורו.
ו</p></content></subPoint></list></point><point><heading><authorialNote placement="side"><p>ניהול רכוש לפי חוק אחר</p></authorialNote></heading><num>20</num><content><p>
סעיפים 4, 9 (ב) עד 14,12, 16, 17, 19 ו-23 (ב) לחוק זה יחולו גם כשהאפוטרופוס
הכללי מנהל נכסים לפי חוק אחר, כולל נבטים שניהל ערב תחילת חוק זה.</p></content></point><point><heading><authorialNote placement="side"><p>רכוש של "אויב"</p></authorialNote></heading><num>21</num><content><p>
נכסים שערב תחילתו של חוק זה היו מוקנים לממונה על רכוש האויב לפי פקודת
המסחר עם האויב, 1939 5, יראו אותם מתחילת חוק זה כמשוחררים מהוראות אותה פקודה
וכאילו ניתן לגביהם צו ניהול.</p></content></point><point><heading><authorialNote placement="side"><p>הוראות מעבר</p></authorialNote></heading><num>22</num><content><p>
נכסים שעל פי צו לפי פקודת האפוטרופוס הכללי, 1944  6(להלן - צו קודם), היו
מוקנים לאפוטרופוס הכללי או שהיו בניהול שלו או של אדם אחר, יראו אותם מתחילת
חוק זה כאילו ניתן לגביהם באיתו יום צו ניהול או צו לפי סעיף 8 (א), לפי הענין, אולם
התקופה האמורה בסעיף 15 (ג) תחושב מתחילת הצו הקודם.</p></content></point><point><heading><authorialNote placement="side"><p>ביצוע ותקנות</p></authorialNote></heading><num>23</num><list><intro><p /></intro><subPoint><num>א</num><content><p> שר המשפטים ממונה על ביצוע חוק זה והוא רשאי להתקין תקנות בכל הנוגע
לביצועו, לרבות בדבר -
(1) שכר שרשאי האפוטרופוס הכללי לשלם לנציג שמינה לפי סעיף 4 (א) ;
(2) שכר שיש לשלם לאפוטרופוס הכללי בעד פעולותיו לפי חוק זה או
לפי חוק אחר.
גב) בית המשפט מוסמך להגדיל או להפחית שיעור של שכר שנקבע לפי סעיף
קטן (א) (2) אם הנסיבות מצדיקות זאת.</p></content></subPoint></list></point><point><heading><authorialNote placement="side"><p>ביטול</p></authorialNote></heading><num>24</num><content><p>
פקודת האפוטרופוס הכללי, 1944 - בטלה.</p></content></point><point><heading><authorialNote placement="side"><p>תיקוני חוקינו</p></authorialNote></heading><num>25</num><list><intro><p /></intro><subPoint><num>א</num><content><p> בסעיף 27 לחוק לטיפול בחולי נפש, תשט"ו-1955  7-
(1) בסעיף קטן (א), במקום "והוראות סעיפים 44, 47, 57 ו-72 לחוק הכש-
רות המשפטית והאפוטרופסות, תשכ"ב-1962, יחולו" יבוא "והוראת סעיף 72
לחוק הכשרות המשפטית והאפוטרופסות, תשכ"ב-1962, תחול";
(2) סעיף קטן (ג) - בטל.</p></content></subPoint><subPoint><num>ב</num><content><p> בסעיף 14 לחוק ההתיישנות, תשי"ח-1958 8, בסוף הגדרת "בעל דין" יבוא
"ולגבי נכס שבניהולו של האפוטרופוס הכללי - בעל הנכס".</p></content></subPoint><subPoint><num>ג</num><content><p> בסעיף 65 לחוק הכשרות המשפטית והאפוטרופסות, תשכ"ב-1962 9, אחרי
"54 סיפח" יבוא "57".</p></content></subPoint></list></point><point><heading><authorialNote placement="side"><p>תחילת</p></authorialNote></heading><num>26</num><content><p>
תחילתו של חוק זה בתום ששה חדשים מיום פרסומו.</p></content></point><signature><name>אפרים קציר</name><role>נשיא המדינה</role></signature><signature><name>מנחם בגין</name><role>ראש הממשלה</role></signature><signature><name>שמואל תמיר</name><role>שר המשפטים</role></signature><dateOfAcceptance>18.01.1978</dateOfAcceptance></body>