<?xml version="1.0" encoding="UTF-8" ?>
<body><title><content><p>חוק אגרות הרשם הכללי (הוראות שונות), תשי"ד-1953 *</p></content></title><point><heading><authorialNote placement="side"><p>תיקון פקודת השותפויות</p></authorialNote></heading><num>1</num><content><p>
פקודת השותפויות 1, תתוקן כך:
(1) בסעיף 65' בסעיף קטן (2), במקום המלים ,,חמשים מיל" יבואו המלים
"לירה אחת''.
(2) בסעיף 65, בסעיף קטן (3), במקום המלים "מאה מיל" יבואו המלים "שתי
לירות", ובמקום המלים "עשרים מיל" יבואו המלים "ארבע מאות פרוטה".</p></content></point><point><heading><authorialNote placement="side"><p>תיקון פקודת רישום שמות עסק</p></authorialNote></heading><num>2</num><content><p>
פקודת רישום שמות עסק,1935   2, תתוקן כך:
(1) בסעיף 18, במקום המלים "המשים מיל" יבואו המלים "לירה אחת",
במקום המלים "מאה מיל" יבואו המלים "שתי לירות" ובמקום המלים "עשרים
וחמשה מיל" יבואו המלים "חמש מאות פרוטה".
(2) בסעיף 19, במקום המלים "מאתים וחמשים מיל" יבואו המלים "חמש
לירות".</p></content></point><signature><name>משה שרת</name><role>שר החוץ</role></signature><signature><name>פנחס רוזן</name><role>שר המשפטים</role></signature><signature><name>יצחק בן- צבי</name><role>נשיא המדינה</role></signature><dateOfAcceptance>17.12.1953</dateOfAcceptance></body>