<?xml version="1.0" encoding="UTF-8" ?>
<body><title><content><p>חוק אגרות-חוב למוכ"ז של ממשלת ארץ-ישראל, תשי"א-1951 *</p></content></title><point><heading><authorialNote placement="side"><p>פירושים</p></authorialNote></heading><num>1</num><list><intro><p>
בחוק זה -
"הפקודות" פירושו -</p></intro><subPoint><num>א</num><content><p> פקודת מלווה מלחמה (אגרות-חוב למוכ"ז), 1944 1 :</p></content></subPoint><subPoint><num>ב</num><content><p> פקודת מלווה מלחמה (אגרות-חוב למוכ"ז), 1945 2 :</p></content></subPoint><subPoint><num>ג</num><content><p> פקודת מלווה מלחמה (אגרות-חוב למוכ"ז)' (מס' 2), 1945 3:</p></content></subPoint><subPoint><num>ד</num><content><p> פקודת אגרות-חוב למוכ"ז, 1946 4 :
"אגרת-חוב" פירושו - אגרת-חוב שהוצאה על פי אחת הפקודות.</p></content></subPoint></list></point><point><heading><authorialNote placement="side"><p>תחולת החוק</p></authorialNote></heading><num>2</num><list><intro><p /></intro><subPoint><num>א</num><content><p> שר האוצר רשאי' בצו שיפורסם ברשומות' להכריז שהוראות חוק זה יחולו על
אגרות-חוב שנרשמו בבנק בישראל אחרי יום כ"ה בשבט תש"י (12 בפברואר 1950)' על
כולן או על מקצתן.</p></content></subPoint><subPoint><num>ב</num><content><p> אגרת-חוב שחוק זה חל עליה - פדיונה' וכן תשלום הרבית עליה' שזמן פרעונה
אחרי יום הי באייר תש"ח (14 במאי 1948)' יהיו מתוך הכנסותיה הכלליות ומתוך רכושה
של המדינה' בהתאם להוראות הפקודות ובשינויים הנובעים מהוראות חוק זה.</p></content></subPoint><subPoint><num>ג</num><content><p> כדי להסיר ספק נאמר בזה' כי שום דבר האמור בפקודות לא יתפרש כמטיל על
מדינת ישראל אחריות בל שהיא לגבי אגרת-חוב שאין חוק זה חל עליה.</p></content></subPoint></list></point><point><heading><authorialNote placement="side"><p>ביצוע הגרלות</p></authorialNote></heading><num>3</num><list><intro><p /></intro><subPoint><num>א</num><content><p> הגרלות אשר לפי הוראות הפקודות נועדו להתקיים אחרי יום ט"ז בכסלו תש"ח
(29 בנובמבר 1947) ולפני תחילת תקפו של חוק זה, ולא התקיימו במועדן - יתקיימו
במועדים שיקבע שר האוצר בהודעה שתפורסם ברשומות.</p></content></subPoint><subPoint><num>ב</num><content><p> על אף האמור בסעיף 2 (ב) רשאי שר האוצר' בצו שיפורסם ברשומות' לדחות
לתקופה שלא תעלה על חודש ימים. את מועדה של כל הגרלה אשר לפי הפקודות נועדה
להתקיים בין יום תחילת תקפו של חוק זה ובין יום א' באדר בי תשי"א (9 במרס 1951).</p></content></subPoint></list></point><point><heading><authorialNote placement="side"><p>הוצאות הביצוע</p></authorialNote></heading><num>4</num><content><p>
שר האוצר רשאי להוציא את ההוצאות הכרוכות בביצוען של הפקודות ושל התקנות
שהותקנו על פיהן, ובביצועו של חוק זה' מתוך ההכנסות הכלליות ומתוך רכושה של המדינה.</p></content></point><point><heading><authorialNote placement="side"><p>ביטולים</p></authorialNote></heading><num>5</num><list><intro><p>
בטלים -</p></intro><subPoint><num>א</num><content><p> הסעיפים 4 (ב), 17 (ג) ו-19 לפקודת מלווה מלחמה (אגרות-חוב למוכ"ז)' 1944;</p></content></subPoint><subPoint><num>ב</num><content><p> הסעיפים 4 (ב)' 16 (ד) ו-18 לפקודת מלווה מלחמה (אגרות-חוב למוכ"ז) (מס' 2),
1945)
2 ע"ר מס' 1400 מיום 2.4.45, תוס' 1, עמ' :52
- ע"ר מס' 1488 מיום 18.4.46, תוס' 1, עמ' :135</p></content></subPoint><subPoint><num>ג</num><content><p> הסעיפים 4 (ב) ו-19 לפקודת אגרות-חוב למוכ"ז, 1946;</p></content></subPoint><subPoint><num>ד</num><content><p> פקודת אגרות-חוב למוכ"ז (התכוננות מועצה)' 1945 1.</p></content></subPoint></list></point><point><heading><authorialNote placement="side"><p>ביצוע</p></authorialNote></heading><num>6</num><content><p>
שר האוצר ממונה על ביצוע חוק זה.</p></content></point><signature><name>חיים ווייצמן</name><role>נשיא המדינה</role></signature><signature><name>דוד בן-גוריון</name><role>ראש הממשלה</role></signature><signature><name>אליעזר קפלן</name><role>שר האוצר</role></signature><dateOfAcceptance>08.03.1951</dateOfAcceptance></body>