<?xml version="1.0" encoding="UTF-8" ?>
<body><title><content><p>חוק איגודי ערים (תיקון), תשכ"ו-1966 *</p></content></title><point><heading><authorialNote placement="side"><p>תיקון סעיף 8</p></authorialNote></heading><num>1</num><list><intro><p>
בסעיף 8 לחוק איגודי ערים, תשט"ו-1955 1 (להלן ~ החוק העיקרי)' במקום סעיף
קטן (ב) יבוא:
"גב) כל רשות מקומית שבתחום איגוד ערים זכאית להיות מיוצגת
במועצה על-ידי נציג אחד לפחות; משנקבעו רוב חברי המועצה, רשאית
היא לפעול.</p></intro><subPoint><num>ג</num><content><p> הסמכות למנות נציג של רשות מקומית למועצת האיגוד היא
בידי המועצה של אותה רשות מקומית; היא חייבת למנות נציג תוך ששה
חדשים לאחר הנבחרה, ורשאית בכל עת, על אף האמור בצו המקים,
לבטל מינויו של נציגה ולמנות אחר במקומו, וכל עוד לא נתמנה נציג
חדש יוסיף הנציג הקודם לכהן בתפקידו."</p></content></subPoint></list></point><point><heading><authorialNote placement="side"><p>החלפת סעיף 15</p></authorialNote></heading><num>2</num><content><p>
במקום סעיף 15 לחוק העיקרי יבוא:</p></content></point><point><heading><authorialNote placement="side"><p>"דברים שיש לפרשם בצו המקים</p></authorialNote></heading><num>15</num><content><p>
הצו המקים יפרש -
(0 הרשויות המקומיות המתאגדות;
(2) תחום האיגוד;
(3) תפקידיו וסמכויותיו של האיגוד;
(4) מספר נציגיה של כל רשות מקומית במועצה?
(5) תקופת כהונתה של המועצה ותקופת כהונתם של חבריה;
(6) תפקידיהם וסמכויותיהם של המועצה וחבריה ושל
מוסדות האיגוד האחרים;
(7) דרכי הקניית רכוש והטלת חוב, במקום שמילוי תפקידיו
של האיגוד מחייב' לרגל הקמתו' להקנות לאיגוד רכוש של
רשות מקומית מתאגדת או להטיל עליו חוב מחובותיה, או גם
זה וגם זה."</p></content></point><point><heading><authorialNote placement="side"><p>תיקון סעיף 16</p></authorialNote></heading><num>3</num><content><p>
בסעיף 16 לחוק העיקרי, פסקה (6) - בטלה.</p></content></point><point><heading><authorialNote placement="side"><p>הוספת סעיף 16א</p></authorialNote></heading><num>4</num><content><p>
אחרי סעיף 16 לחוק העיקרי יבוא:</p></content></point><point><heading><authorialNote placement="side"><p>"תיקון הצו המקים</p></authorialNote></heading><num>16</num><content><p>
א. (א) שר הפנים רשאי, בהסכמת איגוד הערים, לתקן בצו את הוראות
הצו המקים בכל ענין המפורט בסעיף 15, ובלבד שהסכימו לכך כל
הרשויות המקומיות שבתחום האיגוד; לא הסכימו כולן, לא יתוקן הצו
המקים אלא לאחר שהחליטה על כך הממשלה, והיא לא תחליט אלא לאחר
שנתנה לרשויות המקומיות המתנגדות הזדמנות להגיש לה את נימוקיהן
בדרך ובמועד שייקבעו.</p></content></point><point><heading><authorialNote placement="side"><p>הוספת סעיפים 17א עד 17ג</p></authorialNote></heading><num>5</num><content><p>
אחרי סעיף 17 לחוק העיקרי יבוא:</p></content></point><point><heading><authorialNote placement="side"><p>'"פירוק איגוד ערים</p></authorialNote></heading><num>17</num><list><intro><p>
א. (א) שר הפנים רשאי, בצו, לפרק איגוד ערים אם החליטה על כך
מועצת האיגוד ברוב חבריה או אם ועדת חקירה, שמינה שר הפנים
בהתייעצות עם שר המשפטים, המליצה על הפירוק, לאחר שמצאה שאין
האיגוד ממלא את תפקידיו כראוי.</p></intro><subPoint><num>ב</num><content><p> רוב חבריה של ועדת חקירה כאמור יהיו משאינם עובדי
המדינה ולא יהיה בה חבר מועצת האיגוד או חבר במועצה של רשות
מקומית המאוגדת באיגוד.</p></content></subPoint></list></point><point><heading><authorialNote placement="side"><p>הוראות בקשר עם פירוק</p></authorialNote></heading><num>17</num><list><intro><p>
ב. (א) בצו המפרק איגוד ערים רשאי שר הפנים לכלול הוראות
בדבר הקניית רכוש האיגוד לרשויות מקומיות שבתחומו ובדבר תיאום
חשבונות וחלוקת חובות וזכויות ביניהן, וכן שאר הוראות הנראות לו
דרושות לביצוע הפירוק.</p></intro><subPoint><num>ב</num><content><p> בצו המפרק איגוד ערים רשאי שר הפנים גם למנות אדם או
רשות לבצע את הפירוק; עשה כן, יקבע בצו את דרכי הערעור על החלטת
המפרק.</p></content></subPoint></list></point><point><heading><authorialNote placement="side"><p>אצילת סמכויות</p></authorialNote></heading><num>17</num><content><p>
ג. שר הפנים רשאי לאצול מסמכויותיו לפי הסעיפים 11 עד 13, פרט
לסמכותו להתקין תקנות לפי סעיף 11 (ב)."</p></content></point><signature><name>שניאור זלמן שזר</name><role>נשיא המדינה</role></signature><signature><name>לוי אשכול</name><role>ראש הממשלה</role></signature><signature><name>חיים משה שפירא</name><role>שר הפנים</role></signature><dateOfAcceptance>08.04.1966</dateOfAcceptance></body>