<?xml version="1.0" encoding="UTF-8" ?>
<body><title><content><p>חוק האזרחות (תיקון מס' 3), תשל"א-1971 *</p></content></title><point><heading><authorialNote placement="side"><p>תיקון סעיף 2</p></authorialNote></heading><num>1</num><content><p>
בסעיף 2 לחוק האזרחות, תשי"ב-1952 1, בסוסו, יבואו
"(ה) מי שהביע רצונו להשתקע בישראל וקיבל, או זכאי לקבל,
אשרת עולה לסי חוק השבות, תש"י-1950 2, רשאי שר הסבים, לפי
שיקול דעתו, להעניק לו, לסי בקשתו, אזרחות מכוח שבות עוד לסבי
עלייתו."</p></content></point><signature><name>שניאור זלמן שזר</name><role>נשיא המדינה</role></signature><signature><name>גולדה מאיר</name><role>ראש הממשלה</role></signature><signature><name>יוסף בורג</name><role>שר הפנים</role></signature><chapter><num>ספר החוקים</num><title><content><p>624, ב' בסיון תשל''א, 28.9.1971</p></content></title></chapter><dateOfAcceptance>26.05.1971</dateOfAcceptance></body>