<?xml version="1.0" encoding="UTF-8" ?>
<body><title><content><p>חוק איגודי ערים, תשט"ו-1955 *</p></content></title><point><heading><authorialNote placement="side"><p>הגדרות</p></authorialNote></heading><num>1</num><content><p>
בחוק זה -
"רשות מקומית" - עיריה או מועצה מקומית ;
"איגוד ערים" - איגוד רשויות מקומיות סמוכות זו לזו;
"תחום האיגוד" - שטחן של כל הרשויות המקומיות המאוגדות באיגוד ערים, אלא אם
הוגדר אחרת בצו המקים את האיגוד.</p></content></point><point><heading><authorialNote placement="side"><p>הקמת איגוד ערים</p></authorialNote></heading><num>2</num><content><p>
נתמלא אחד התנאים האמורים להלן ונתמלאו הוראות סעיף 3 בדבר תכנית יזומה'
יקים שר הפנים, בצו שפורסם ברשומות (להלן - הצו המקים), איגוד ערים:
(1) רשויות מקומיות הציעו להתאגד באיגוד ערים לאחר שהחליטו על כך
ושר הפנים אישר את החלטתן, ורשות מקומית אחרת הנוגעת בדבר לא התנגדה
לתכנית היזומה ;
(2) שר הפנים הציע לרשויות מקומיות להתאגד באיגוד ערים, והרשויות
שהוצע להן להתאגד הסכימו לכך, ורשות מקומית אחרת הנוגעת בדבר לא
התנגדה לתכנית היזומה;
(3) הממשלה החליטה על הקמת איגוד ערים לאחר שאחת הרשויות המקומיות
שהוצע להן להתאגד, או רשות מקומית אחרת הנוגעת בדבר, התנגדה לתכנית
היזומה, או שהממשלה החליטה, מכל סיבה שהיא, לדון בתכנית היזומה.</p></content></point><point><heading><authorialNote placement="side"><p>תכנית יזומה</p></authorialNote></heading><num>3</num><list><intro><p /></intro><subPoint><num>א</num><content><p> המציע שרשויות מקומיות יתאגדו באיגוד ערים יכין תכנית יזומה שתפרט את
הדברים שיש חובה, לפי סעיף 15, לפרסמם בצו המקים,</p></content></subPoint><subPoint><num>ב</num><content><p> שר הפנים יפרסם ברשומות הודעה על כל תכנית יזומה של איגוד ערים, ולכל
רשות מקומית הנוגעת בדבר, בין שהיא כלולה בתכנית ובין שאינה כלולה (להלן - רשות
מקומית מעונינת), תינתן האפשרות לעיין בתכנית ובנספחיה ולא יינתן הצו המקים אלא
כתום ארבעים יום מיום הפרסום.</p></content></subPoint><subPoint><num>ג</num><content><p> כל רשות מקומית מעונינת רשאית, תוך ארבעים יום מיום פרסום התכנית
היזומה, להגיש התנגדות בכתב על הכללתה או על אי-הכללתה בתכנית או על פרט מפרטי
התכנית,</p></content></subPoint></list></point><point><heading><authorialNote placement="side"><p>החלטת הממשלה</p></authorialNote></heading><num>4</num><content><p>
התנגדה רשות מקומית מעונינת כאמור בסעיף 3 (ג), או שהממשלה החליטה לדון
בתכנית היזומה כאמור בסעיף 2 (3), תכריע הממשלה בנידון ושר הפנים לא יקים את
האיגוד, אלא לאחר שהחליטה על כך הממשלה.</p></content></point><point><heading><authorialNote placement="side"><p>מינוי ועדת חקירה</p></authorialNote></heading><num>5</num><list><intro><p /></intro><subPoint><num>א</num><content><p> שר הפנים או רשות מקומית מעונינת רשאים לדרוש שהממשלה לא תחליט
החלטה לפי סעיף 4, אלא לאחר שתקבל דין וחשבון של ועדת חקירה שתמנה לחקור בכל
התנגדות שהוגשה ובכל דבר אחר שהממשלה הכלילה בסמכויותיה.</p></content></subPoint><subPoint><num>ב</num><content><p> הודעה על מינוי ועדת חקירה תפורסם ברשומות.</p></content></subPoint></list></point><point><heading><authorialNote placement="side"><p>איגוד ערים - תאניד</p></authorialNote></heading><num>6</num><content><p>
איגוד ערים הוא תאגיד ובמסגרת סמכויותיו הוא רשאי להתקשר בחוזים, לרכוש
נכסים, להחזיק בהם ולהעבירם, לתבוע ולהיתבע ולעשות כל פעולה הדרושה למילוי
תפקידיו.</p></content></point><point><heading><authorialNote placement="side"><p>איגוד ערים - גוף מבוקר</p></authorialNote></heading><num>7</num><content><p>
איגוד ערים יהיה גוף מבוקר כמשמעותו בסעיף 7 לחוק מבקר המדינה, תש"ט-
1949 1,</p></content></point><point><heading><authorialNote placement="side"><p>מועצת איגוד ערים</p></authorialNote></heading><num>8</num><list><intro><p /></intro><subPoint><num>א</num><content><p> איגוד ערים יתנהל על ידי מועצת איגוד ערים (להלן - המועצה).</p></content></subPoint><subPoint><num>ב</num><content><p> כל רשות מקומית שבתחום איגוד ערים זכאית להיות מיוצגת במועצה על ידי
נציג אחד לפחות, והיא תקבענו ; משנקבעו רוב חברי המועצה רשאית היא לפעול.</p></content></subPoint></list></point><point><heading><authorialNote placement="side"><p>סמכויות איגוד ערים</p></authorialNote></heading><num>9</num><content><p>
אין להעניק לאיגוד ערים אלא סמכויות ותפקידים שהוענקו, או שמותר להעניק, על
פי כל חיקוק לרשות מקומית שבתחומו, ובלבד -
(1) שלא תוענק לאיגוד ערים הסמכות להטיל ארנונות ;
(2) ששר הפנים לא יעניק לאיגוד ערים סמכות או תפקיד שהוענק לרשות
מקומית על פי חיקוק שביצועו בידי שר אחר, אלא לאחר התיעצות באותו שר ;
(3) שלא תוענק לאיגוד ערים הסמכות לבצע בתחום ישוב שיתופי, פעולות
המנוגדות לתקנון אותו ישוב ; בפסקה זו, ישוב שיתופי - ישוב הנמצא בתחום
שיפוטה של מועצה אזורית ורוב תושביו, שהם בני 18 שנה ומעלה, מואגדים
באגודה שיתופית להתישבות.</p></content></point><point><heading><authorialNote placement="side"><p>מעמדה של רשות מקומית</p></authorialNote></heading><num>10</num><content><p>
הצו המקים את האיגוד אינו שולל מן הרשויות המקומיות שבתחום האיגוד סמכויות
ותפקידים שבידן ואינו פוטר אותן מחובות שעליהן, אלא במידה שנקבע כך במפורש בצו.</p></content></point><point><heading><authorialNote placement="side"><p>אומדן ותקציבים</p></authorialNote></heading><num>11</num><list><intro><p /></intro><subPoint><num>א</num><content><p> לא יחליט איגוד ערים על ביצוע מפעל מסויים אלא אם ערך לפני כן אומדן
הכנסותיו והוצאותיו של המפעל והאומדן אושר על ידי שר הפנים.</p></content></subPoint><subPoint><num>ב</num><content><p> איגוד ערים יערוך בכל שנה, במועד ובצורה שייקבעו בתקנות, הצעת תקציב
המראה אומדן הכנסותיו והוצאותיו ; הצעת התקציב תוגש לשר הפנים לאישור.</p></content></subPoint><subPoint><num>ג</num><content><p> שר הפנים רשאי לסרב לאשר כל פרט שבהצעת התקציב ; אולם לא יסרב שר
הפנים לאשר פרט כאמור לפני שניתנה לאיגוד ערים הזדמנות להשמיע דברו.</p></content></subPoint><subPoint><num>ד</num><content><p> התקציב שאושר כאמור יהיה תקציב האיגוד לאותה שנה ולא ישולם סכום
מכספי האיגוד אלא על פי התקציב הזה ולא יתחייב האיגוד בשום התחייבות אלא לפיו או
לפי החלטת האיגוד שנתקבלה כדין ואושרה על ידי שר הפנים.</p></content></subPoint></list></point><point><heading><authorialNote placement="side"><p>הטלת מכסות על רשויות מקומיות</p></authorialNote></heading><num>12</num><content><p>
בכפוף לכל הגבלה שבצו המקים, ובאישור שר הפנים, רשאי איגוד ערים להטיל על
הרשויות המקומיות שבתחומו תשלומי כסף למימון תקציבו, לפי מכסות שיקבע.</p></content></point><point><heading><authorialNote placement="side"><p>הלוואות</p></authorialNote></heading><num>13</num><content><p>
בכפוף לכל הגבלה שבצו המקים, ובאישור שר הפנים, רשאי איגוד ערים ללוות
כספים לביצוע תפקידיו ולשעבד לשם כך את הכנסותיו ואת נכסיו, כולם או מקצתם ; כ?טרת
ההלוואה תפורש בהחלטת האיגוד ובאישור שר הפנים.</p></content></point><point><heading><authorialNote placement="side"><p>חוקי עזר</p></authorialNote></heading><num>14</num><content><p>
איגוד ערים רשאי, באישור שר הפנים, להתקין חוקי עזר לביצוע תפקידיו של
האיגוד או לשימוש בסמכויותיו ; הוראות סעיף 99 לפקודת העיריות' 21934, יחולו'
בשינויים המחריבים לפי הענין, על חוקי עזר כאמור, ובלבד שלא יטיל האיגוד אגרות
והיטלים אלא לכיסוי הוצאות הקמתו של מפעל שהקמתו היא מתפקידי האיגוד, או לשם
החזקתו של מפעל כאמור כל עוד ובמידה שהאיגוד מחזיק בו.</p></content></point><point><heading><authorialNote placement="side"><p>דברים שיש לפרשם בצו המקים</p></authorialNote></heading><num>15</num><content><p>
הצו המקים יפרש -
(1) תחומו של האיגוד, תפקידיו וסמכויותיו ודרכי הקניית רכוש והטלת חובות
בקשר להקמת האיגוד ;
(2) דרכי הרכבתה של המועצה, תקופת כהונתה, תקופת כהונתם של חבריה,
תפקידיהם וסמכויותיהם של המועצה ושל חבריה וכן של מוסדות האיגוד
האחרים, במידה שיהיו.</p></content></point><point><heading><authorialNote placement="side"><p>דברים שמותר לפרשם בצו המק י ם</p></authorialNote></heading><num>16</num><content><p>
רשאי שר הפנים לקבוע בצו המקים הוראות בדבר -
(1) תקופת קיומו של איגוד הערים *
(2) דרכי הקמתן של ועדות המועצה;
(3) דרכי הבירור של חילוקי דעות בין הרשויות המקומיות לבין עצמן,
וביניהן לבין האיגוד ;
(4) דרכי צירופה של רשות מקומית לאיגוד ופרישתה ממנו, ובקשר לכך -
הקניית רכוש, הטלת חובות, תיאום חשבונות וחלוקת חובות בין הרשויות
הנוגעות בדבר לבין עצמן, וביניהן לבין האיגוד' הכל בכפוף להוראות סעיף
17, ובמידה שלא נקבעו הוראות כאמור בתקנות ;
(5) דרכי מינוים של עובדי האיגוד ופיטוריהם, תנאי עבודתם, תפקידיהם
וסמכויותיהם ;
(6) דרכי פירוקו של האיגוד ;
(7) שאר הוראות הנראות לו דרושות לביצוע הצו וכל ענין הנדון בו.</p></content></point><point><heading><authorialNote placement="side"><p>צירוף רשות מקומית לאיגוד ערים</p></authorialNote></heading><num>17</num><content><p>
ביקשה רשות מקומית להצטרף לאיגוד ערים קיים ולא הסכימה רשות מקומית
שבתחום האיגוד לצירופו?, או לא הסכים שר הפנים, יחולו סעיפים 4 ו-5 בשינויים המחריבים
לפי הענין.</p></content></point><point><heading><authorialNote placement="side"><p>ביצוע ותקנות</p></authorialNote></heading><num>18</num><content><p>
שר הפנים ממונה על ביצוע חוק זה והוא רשאי להתקין תקנות בכל ענין הנוגע
לביצועו לרבות תקנות בדבר -
(1) דרכי פירוקו של איגוד ערים ;
(2) דרכי צירופה של רשות מקומית לאיגוד ערים ופרישתה ממנה, בין עם
הקמת האיגוד ובין לאחר מכן, ובקשר לכך - הקניית רכוש, הטלת חובות,
תיאום חשבונות וחלוקת חובות בין הרשויות המקומיות הנוגעות בדבר לבין
עצמן, וביניהן לבין האיגוד, הכל בכפוף להוראות סעיף 17.</p></content></point><signature><name>יצחק בן-צב י</name><role>נשיא המדינה</role></signature><signature><name>משה שרת</name><role>ראש הממשלה</role></signature><signature><name>ישראל רוקח</name><role>שר הפנים</role></signature><dateOfAcceptance>13.03.1955</dateOfAcceptance></body>