<?xml version="1.0" encoding="UTF-8" ?>
<body><title><content><p>חוק לתיקון פקודת האפוטרופוס הכללי, תשי"ד-1954*</p></content></title><point><heading><authorialNote placement="side"><p>הוספת סעיפים 31ב עד 31ו</p></authorialNote></heading><num>1</num><content><p>
אחרי סעיף 34א לפקודת האפוטרופוס הכללי' 11944, יבואו סעיפים אלה'.</p></content></point><point><heading><authorialNote placement="side"><p>"הזמנה לחקירה</p></authorialNote></heading><num>34</num><list><intro><p>
ב. (א) היה האפוטרופוס הכללי סבור שיש לאדם ידיעות או שמצויים
בידו מסמכים הנוגעים לעזבון או לרכוש שפקודה זו חלה עליהם, או שיש
בהם כדי לגלות עזבון או רכוש כאמור, ושלא קיבלם ממנו על אף דרישתו
לפי סעיף 34א, רשאי בית המשפט המחוזי שמקום מגוריו של האדם הוא
בתחום שיפוטו, לפי בקשת האפוטרופוס הכללי, להזמין את האדם להת-
ייצב לפניו ולצוות שייחקר על ידי האפוטרופוס הכללי או בפומבי בבית
המשפט, אף אם כבר התייצב לפני האפוטרופוס הכללי ונחקר על ידיו.</p></intro><subPoint><num>ב</num><content><p> ציווה בית המשפט שאדם ייחקר על ידי האפוטרופוס הכללי,
רשאי האפוטרופוס הכללי להשביעו ולחקרו בשבועה.</p></content></subPoint><subPoint><num>ג</num><content><p> בסעיף זה "חקירה" - לרבות הראיית מסמכים והגשתם,</p></content></subPoint></list></point><point><heading><authorialNote placement="side"><p>די! המודה בהחזקת רכוש</p></authorialNote></heading><num>34</num><content><p>
ג. הודה אדם בחקירתו לפי סעיף 34ב, כי הוא מחזיק בעזבון או
ברכוש שפקודה זו חלה עליהם, רשאי בית המשפט המחוזי לחייבו במסירת
העזבון או הרכוש לאפוטרופוס הכללי, במועד ובתנאים שייראו לבית
המשפט.</p></content></point><point><heading><authorialNote placement="side"><p>פרוטוקול חקירה שנערכה על ירי האפוטרופוס הכללי</p></authorialNote></heading><num>34</num><content><p>
ד. פרוטוקול של חקירה שנערכה על ידי האפוטרופוס הכללי על פי
צו בית משפט מחוזי כאמור בסעיף 34ב, ישמש ראיה בבתי המשפט כאילו
היה פרוטוקול של עדות שנגבתה על ידי בית משפט.</p></content></point><point><heading><authorialNote placement="side"><p>דינו סל טי שחקר בנית המשפט</p></authorialNote></heading><num>34</num><content><p>
ה. אדם שהוזמן לחקירה בבית המשפט המחוזי כאמור בסעיף 34ב,
דינו לענין החקירה כדין עד ודינו לענין הוצאות כדין בעל דין בבית
המשפט.</p></content></point><point><heading><authorialNote placement="side"><p>שכרו סל המתייצב לפני האפוטרופוס הכללי</p></authorialNote></heading><num>34</num><content><p>
ו. נחקר אדם על ידי האפוטרופוס הכללי על פי צו בית משפט מחוזי,
כאמור בסעיף 34ב, רשאי האדם לקבל ממנו דמי נסיעה ולינה ושכר בטלה
בשיעורים שנקבעו לעדים בבית המשפט."</p></content></point><point><heading><authorialNote placement="side"><p>תיקון סעיף 35</p></authorialNote></heading><num>2</num><content><p>
בסעיף 35 לפקודה, סעיף קטן (1), פסקה (ב), במקום הפרט (11) יבוא פרט זה:
"(11) מת ולא הניח יורשים חוקיים בישראל, או לא נמצאו יורשים חוקיים
בישראל לאחר פרסום הודעה לפי סעיף 12."</p></content></point><point><heading><authorialNote placement="side"><p>,,מינוי האפוטרופוס הכללי למנהל נכסי פסוליט</p></authorialNote></heading><num>35</num><content><p>
ב. היה בית משפט מוסמך למנות אפוטרופוס או מנהל נכסים לקטין,
לחולה רוח, לפגרן או לבזבזן, רשאי הוא למנות לכך את האפוטרופוס
הכללי, בהסכמתו,"</p></content></point><point><heading><authorialNote placement="side"><p>מתן תוקף</p></authorialNote></heading><num>4</num><list><intro><p /></intro><subPoint><num>א</num><content><p> מעשה בית משפט' בענין הסעיפים 2 ו-3 לחוק זה, שנעשה לפני תחילתו של
חוק זה ושהיה נעשה כדין אילו היה חוק זה בר תוקף אותה שעה, רואים אותו כאילו נעשה
כדין.</p></content></subPoint><subPoint><num>ב</num><content><p> פעולה שנעשתה, בענין הסעיפים 2 ו-3 לחוק זה, על ידי האפוטרופוס הכללי י
ושהיתה נעשית כדין אילו היה חוק זה בר תוקף אותה שעה, רואים אותה כאילו נעשתה</p></content></subPoint></list></point><signature><name>יצחק בן- צב י</name><role>נשיא המדינה</role></signature><signature><name>משה שרת</name><role>ראש הממשלה</role></signature><signature><name>פנחס רוזן</name><role>שר המשפטים</role></signature><dateOfAcceptance>05.08.1954</dateOfAcceptance></body>