<?xml version="1.0" encoding="UTF-8" ?>
<body><title><content><p>חוק הארכיונים (תיקון מס' 2), התשמ"א-1981 *</p></content></title><point><heading><authorialNote placement="side"><p>תיקון סעיף 1</p></authorialNote></heading><num>1</num><content><p>
בסעיף 1 לחוק הארכיונים, התשט"ו--11955 (להלן - החוק העיקרי), בהגדרת
"ארכיון ציבורי'/ המלים ''מתנהל לפי הסדרים שנקבעו בתקנות" - יימחקו.</p></content></point><point><heading><authorialNote placement="side"><p>תיקון סעיף 10</p></authorialNote></heading><num>2</num><content><p>
בסעיף 10 לחוק העיקרי, במקום סעיף קטן (ג) יבוא:
"(ג) (1) לענין סעיף קטן זה תקבע הממשלה ועדה של שלושה שרים.
(2) הגנז, באישור הועדה, רשאי לציין חומר ארכיוני כסודי - מטעמים
של פגיעה בבטחון המדינה או ביחסי החוץ של המדינה, וכחשאי - מטעמים
של פגיעה בצנעת הפרט; הגנז רשאי, בהסכמת המועצה, לעשות כאמור
מטעמים אחרים.
(3) על העיון בחומר ארכיוני מן הסוגים האמורים רשאי הגנז להטיל הגבלות
מיוחדות."</p></content></point><point><heading><authorialNote placement="side"><p>תיקון סעיף 11</p></authorialNote></heading><num>3</num><content><p>
בסעיף 11 לחוק העיקרי, הסלמה המתחילה במלים "העתקים יינתנו תמורת אגרות"
- תימחק.</p></content></point><point><heading><authorialNote placement="side"><p>הוספת סעיף 14א</p></authorialNote></heading><num>4</num><content><p>
אחרי סעיף 14 לחוק העיקרי יבוא:</p></content></point><point><heading><authorialNote placement="side"><p>"העברה, עיקול ושעבוד בארכיון ציבורי</p></authorialNote></heading><num>14</num><list><intro><p>
א. (א) חומר ארכיוני שבארכיון ציבורי -
(1) לא יועבר ממנו אלא לגנזך או לארכיון ציבורי אחר;
(2) לא יהיה ניתן לעיקול או לשעבוד.</p></intro><subPoint><num>ב</num><content><p> הוראות סעיף קטן (א) לא יחולו על העברה, עיקול או שעבוד
שנעשו בהסכמת הגנז ובתנאים שקבע."</p></content></subPoint></list></point><point><heading><authorialNote placement="side"><p>תיקון סעיף 15</p></authorialNote></heading><num>5</num><content><p>
בסעיף 15 לחוק העיקרי, אחרי סעיף קטן (ב) יבוא:
"(ג) המעביר חומר ארכיוני בניגוד להוראות סעיף 14א, או מוציא או מנסה
להוציא חומר ארכיוני מישראל בכוונה לעקוף הוראות סעיף 16 (א), דינו - קנס
כאמור בסעיף 61(א)(1) לחוק העונשין, התשל"ז-21977, או שוויו של החומר
הארכיוני, לפי הסכום הגדול יותר, ורשאי בית המשפט לצוות שהחומר הארכיוני
יחולט לטובת המדינה, ואין בהרשעת אדם לפי סעיף קטן זה כדי לפטרו מלמלא
אחרי הוראות סעיף 16 (ד)."</p></content></point><point><heading><authorialNote placement="side"><p>תיקון סעיף 16</p></authorialNote></heading><num>6</num><content><p>
בסעיף 16 לחוק העיקרי, במקום סעיף קטן (ד) יבוא :
"(ד) המוציא או העומד להוציא חומר ארכיוני מישראל, בלי שנתקיים אחד
התנאים האמורים בסעיף קטן (א), חייב להעמיד לרשות הגנז, לפי דרישתו, את כל
החומר הארכיוני הנמצא בבעלותו או בהחזקתו, לצילום או להעתקה, והוראות
סעיף קטן (ב) יחולו על התצלום או ההעתק שנעשו לפי זה."</p></content></point><point><heading><authorialNote placement="side"><p>"אגרות</p></authorialNote></heading><num>17</num><list><intro><p>
א. (א) ראש הממשלה רשאי לקבוע בתקנות אגרות בעד כל פעולה
של הגנז או עובד אחר של הגנזך לפי חוק זה ובעד עיון בחומר ארכיוני
בגנזו, והוא רשאי לקבוע את האגרה לסוגים מיוחדים של חומר ארכיוני
ולקבוע פטורים מתשלום האגרה.</p></intro><subPoint><num>ב</num><content><p> בתקנות לפי סעיף קטן (א) רשאי ראש הממשלה לקבוע
שהעתקים של חומר ארכיוני בגנזך, או של סוגים מיוחדים של חומר
כזה, יינתנו תמורת תשלום הוצאות ההעתקהי לפי חשבון של הגנז."
תיקון סעיף 18
בסעיף 18 לחוק העיקרי, במקום סעיף קטן (ב) יבוא:
י'(ב) בתקנות ייקבעו כללים שלפיהם ניתן לאשר ארכיון כארכיון ציבורי ולבטל
אישור כאמור, וכן כללים לסדרי ניהול של ארכיונים ציבוריים ודרכי הפיקוח של
הגנז עליהם; תקנות על פי סעיף קטן זה טעונות אישור ועדת החינוך והתרבות
של הכנסת."
8.</p></content></subPoint></list></point><signature><name>יצחק נבון</name><role>נשיא המדינה</role></signature><signature><name>מנחם בגין</name><role>ראש הממשלה</role></signature><dateOfAcceptance>31.03.1981</dateOfAcceptance></body>