<?xml version="1.0" encoding="UTF-8" ?>
<body><title><content><p>חוק אימוץ ילדים, התשמ"א-1981 *</p></content></title><point><heading><authorialNote placement="side"><p>צו אימוץ</p></authorialNote></heading><num>1</num><list><intro><p /></intro><subPoint><num>א</num><content><p> אימוץ יהיה על ידי צו של בית-משפט, שיינתן לפי בקשת מאמץ.</p></content></subPoint><subPoint><num>ב</num><content><p> צו אימוץ וכל החלטה אחרת לפי חוק זה יינתנו אם נוכח בית-המשפט שהם
לטובת המאומץ.</p></content></subPoint></list></point><point><heading><authorialNote placement="side"><p>כשירות המאומץ</p></authorialNote></heading><num>2</num><content><p>
אין אימוץ אלא באדם שלא מלאו לו 18 שנים.</p></content></point><point><heading><authorialNote placement="side"><p>כשירות המאמץ</p></authorialNote></heading><num>3</num><content><p>
אין אימוץ אלא על ידי איש ואשתו יחד; ואולם רשאי בית משפט ליתן צו אימוץ
למאמץ יחיד -
(1) אם בן זוגו הוא הורה המאומץ או אימץ אותו לפני כן;
(2) אם הורי המאומץ נפטרו והמאמץ הוא מקרובי המאומץ ובלתי נשוי.</p></content></point><point><heading><authorialNote placement="side"><p>הבדל גיל</p></authorialNote></heading><num>4</num><content><p>
אין מאמץ אלא מי שגדול מן המאומץ לפחות ב-18 שנים; ואולם למאמץ שבן-זוגו
הוא הורה המאומץ או אימץ אותו לפני כן, רשאי בית משפט ליתן צו-אימוץ אף כשאין
הבדל זה בגילים.</p></content></point><point><heading><authorialNote placement="side"><p>דת</p></authorialNote></heading><num>5</num><content><p>
אין מאמץ אלא בן דתו של המאומץ.</p></content></point><point><heading><authorialNote placement="side"><p>תקופת מבחן .</p></authorialNote></heading><num>6</num><content><p>
לא יתן בית משפט צו-אימוץ אלא אם היה המאומץ סמוך על שולחן המאמץ לפחות
ששה חדשים לפני מתן הצו; תקופה זו תימנה מן היום שבו ניתנה הודעה לפקיד סעד
שהוסמך לענין חוק זה כאמור בסעיף 36 (להלן - פקיד סעד), שהמאמץ קיבל את
המאומץ לביתו בכוונה לאמצו.</p></content></point><point><heading><authorialNote placement="side"><p>הסכמת המאומץ</p></authorialNote></heading><num>7</num><content><p>
מלאו למאומץ תשע שנים, או שטרם מלאו לו תשע שנים אך הוא מסוגל להבין
בדבר, לא יתן בית משפט צו-אימוץ אלא אם נוכח שהמאומץ רוצה שאותו מאמץ יאמצו;
אולם רשאי בית המשפט, לאחר ששמע את המאמץ ופקיד סעד, לתת צו אימוץ בלי לגלות
את דבר האימוץ למאומץ אם שוכנע שנתקיימו שלוש אלה:
(1) המאומץ אינו יודע כי המאמץ אינו הורהו;
(2) כל הסימנים מעידים שהמאומץ רוצה בהמשך הקשר עם המאמץ;
(3) טובת המאומץ דורשת שלא לגלות לו את דבר האימוץ.</p></content></point><point><heading><authorialNote placement="side"><p>הסכמת ההורים</p></authorialNote></heading><num>8</num><list><intro><p /></intro><subPoint><num>א</num><content><p> לא יתן בית משפט צו-אימוץ אלא אם נוכח שהורי המאומץ הסכימו שהילד
יאומץ או שהוא הוכרז כבר-אימוץ לפי סעיף .13</p></content></subPoint><subPoint><num>ב</num><content><p> אין צורך שההורים ידעו מי המאמץ.</p></content></subPoint><subPoint><num>ג</num><content><p> הסכמת הורה שהוא קטין אינה טעונה הסכמת נציגו.</p></content></subPoint></list></point><point><heading><authorialNote placement="side"><p>דרכי הסכמת ההורים</p></authorialNote></heading><num>9</num><content><p>
הביע הורה של המאומץ את הסכמתו לאימוץ באחת הדרכים ובנוסח שנקבעו לכך
בתקנות, רשאי בית משפט לקבל זאת כהוכחה להסכמתו.</p></content></point><point><heading><authorialNote placement="side"><p>סייגים להסכמת ההורים</p></authorialNote></heading><num>10</num><content><p>
לפי בקשת הורד. רשאי בית משפט לפסול הסכמתו שניתנה לפני לידת המאומץ או
שהושגה באמצעים פסולים, ורשאי הוא, מטעמים מיוחדים שיירשמו, להרשות להורה לחזור
בו מהסכמתו כל עוד לא ניתן צו האימוץ.</p></content></point><point><heading><authorialNote placement="side"><p>הורי הורים</p></authorialNote></heading><num>11</num><content><p>
בבוא בית המשפט ליתן צו אימוץ לגבי מאומץ שהוריו נפטרו, יתחשב בדעתם של
הורי הוריו של המאומץ.</p></content></point><point><heading><authorialNote placement="side"><p>מסירת ילד למטרת אימוץ</p></authorialNote></heading><num>12</num><list><intro><p /></intro><subPoint><num>א</num><content><p> לא יימסר ילד למי שהסכים לקבלו לביתו בכוונה לאמצו, אלא באמצעות
פקיד סעד; הוראה זו לא תחול על מסירה למאמץ שהוא בן זוגו של הורה המאומץ.</p></content></subPoint><subPoint><num>ב</num><content><p> פקיד סעד לא ימסור ילד כאמור בסעיף קטן (א) אלא אם הסכימו הוריו
לאימוצו או שבית משפט הכריז שהילד בר-אימוץ.</p></content></subPoint><subPoint><num>ג</num><content><p> ראה פקיד סעד שהמקרה אינו סובל דיחוי והנסיבות מחייבות זאת, רשאי
הוא, אף ללא הסכמת ההורים או הכרזה שהילד בר-אימוץ, לקבוע את מקום הימצאו או
למסרו למי שהסכים לקבלו בביתו בכוונה לאמצו; פעולה לפי סעיף זה טעונה אישור בית
המשפט תוך 14 ימים מיום עשייתה; אישור כאמור יכול שיינתן על פי צד אחד בלבד.</p></content></subPoint></list></point><point><heading><authorialNote placement="side"><p>הכרזת ילד כבר-אימוץ</p></authorialNote></heading><num>13</num><content><p>
באין הסכמת הורה, רשאי בית משפט, לפי בקשת היועץ המשפטי לממשלה או
נציגו, להכריז על ילד כבר-אימוץ, אם נוכח כי נתקיים אחד מאלה:
(1) אין אפשרות סבירה לזהות את ההורה, למצאו או לברר דעתו;
(2) ההורה הוא אבי הילד אך לא היה נשוי לאמו ולא הכיר בילד כילדו,
או אם הכיר בו - הילד אינו גר עמו והוא סירב ללא סיבה סבירה, לקבלו
לבית מגוריו;
(3) ההורה מת או הוכרז פסול דין או שאפוטרופסותו על הילד נשללה
ממנו;
(4) ההורה הפקיר את הילד או נמנע, ללא סיבה סבירה, מלקיים במשך
ששה חדשים רצופים קשר אישי אתו;
(5) ההורה נמנע, ללא סיבה סבירה, מלקיים במשך ששה חדשים רצופים
את חובותיו כלפי הילד, כולם או עיקרם;
(6) הילד היה מוחזק מחוץ לבית הורהו במשך ששה חדשים שתחילתם
בטרם מלאו לו שש שנים וההורה סירב, ללא הצדקה, לקבלו לביתו;
(7) ההורה אינו מסוגל לדאוג לילדו כראוי בשל התנהגותו או מצבו, ואין
סיכוי שהתנהגותו או מצבו ישתנו בעתיד הנראה לעין על אף עזרה כלכלית
וטיפולית סבירה כמקובל ברשויות הסעד לשיקומו;
(8) הסירוב לתת את ההסכמה בא ממניע בלתי מוסרי או למטרה בלתי
חוקית.</p></content></point><point><heading><authorialNote placement="side"><p>שמיעת האפוטרופוס</p></authorialNote></heading><num>14</num><content><p>
היה למאומץ או להורהו אפוטרופוס, לא יכריז בית משפט על ילד כבר-אימוץ אלא
לאחר שנתן לאפוטרופוס הזדמנות נאותה להשמיע טענותיו ולהביא ראיותיו.</p></content></point><point><heading><authorialNote placement="side"><p>פקיד סעד כאפוטרופוס</p></authorialNote></heading><num>15</num><list><intro><p /></intro><subPoint><num>א</num><content><p> הורה שנתן הסכמתו לאימוץ ילדו או שבית משפט הכריז על הילד כבר-
אימוץ, ולא נתמנה לילד אפוטרופוס - זכויותיו, חובותיו וסמכויותיו של ההורה כלפי
הילד יהיו נתונות, עד להחלטה אחרת של בית המשפט, לפקיד סעד אשר פקיד סעד
ראשי קבע לכך, כאילו נתמנה פקיד הסעד לאפוטרופוס לילד במקום אותו הורה.</p></content></subPoint><subPoint><num>ב</num><content><p> הוראות סעיף קטן (א) יחולו גם כלפי ילד שפקיד סעד פעל לגביו כאמור
בסעיף 12 (ג).</p></content></subPoint></list></point><point><heading><authorialNote placement="side"><p>תוצאות האימוץ</p></authorialNote></heading><num>16</num><content><p>
האימוץ יוצר בין המאמץ לבין המאומץ אותן החובות והזכויות הקיימות בין הורים
ובין ילדיהם, ומקנה למאמץ ביחס למאומץ אותן הסמכויות הנתונות להורים ביחס</p></content></point><point><heading><authorialNote placement="side"><p>צו ביניים</p></authorialNote></heading><num>18</num><list><intro><p /></intro><subPoint><num>א</num><content><p> הוגשה בקשת אימוץ ונוכח בית המשפט שנתמלאו התנאים האמורים בסעיפים
2 עד 5, 7 עד 11, 13 ו-14, רשאי הוא, בצו ביניים, להעמיד את המאומץ ברשות המאמץ
עד להחלטה בבקשת האימוץ, אך לא יותר מלשנתיים; החליט בית המשפט לעשות כן,
יקבע בצו הביניים את החובות והזכויות שבין המאמץ לבין המאומץ ואת סמכויות המאמץ
ביחס למאומץ לתקופה זו.</p></content></subPoint><subPoint><num>ב</num><content><p> צו לפי סעיף זה ניתן לשינוי ולביטול בידי בית המשפט בכל עת, בתנאים
ובתוצאות שיקבע בית המשפט.</p></content></subPoint></list></point><point><heading><authorialNote placement="side"><p>ביטול צו אימוץ</p></authorialNote></heading><num>19</num><content><p>
רשאי בית משפט לבטל צו אימוץ על סמך נסיבות שלא היו ידועות או לא היו
קיימות בשעת מתן הצו, אם נוכח שמן הראוי לעשות כן ושטובת המאומץ מחייבת זאת;
הוראות סעיף זה אינן באות לגרוע מסמכות בית המשפט לבטל צוויו לפי כל דין אחר.</p></content></point><point><heading><authorialNote placement="side"><p>תוצאות הביטול</p></authorialNote></heading><num>20</num><content><p>
מן היום שנקבע לכך בצו הביטול מנתק ביטולו של צו אימוץ את החובות והזכויות
שבין המאמץ לבין המאומץ ואת סמכויות המאמץ ביחס למאומץ ומחזיר את החובות
והזכויות שבין המאומץ לבין הוריו ושאר קרוביו ואת סמכויותיהם ביחס אליו; ואולם
רשאי בית המשפט, בצו הביטול, להורות הוראה אחרת, אם דרך כלל ואם לענין זכות,
חובה או סמכות פלונית, ולצוות מה ייעשה במאומץ לאחר ביטול האימוץ.</p></content></point><point><heading><authorialNote placement="side"><p>סודיות הדיון</p></authorialNote></heading><num>21</num><list><intro><p /></intro><subPoint><num>א</num><content><p> דיון לפי חוק זה יהיה בדלתיים סגורות זולת אם ראה בית המשפט לקיימו
בפומבי; אולם רשאי בית המשפט להרשות לאדם או לסוגי בני אדם להיות נוכחים בשעת
הדיון, כולו או מקצתו.</p></content></subPoint><subPoint><num>ב</num><content><p> מקום שבית המשפט מבקש לשמוע את המאומץ, רשאי הוא שלא להרשות
נוכחותו של בעל דין בעת השמיעה.</p></content></subPoint></list></point><point><heading><authorialNote placement="side"><p>תסקיר פקיד סעד</p></authorialNote></heading><num>22</num><content><p>
לא יתן בית משפט צו לפי חוק זה אלא לאחר שקיבל תסקיר בכתב מאת פקיד
סעד, והוראות סעיפים 3 עד 6 לחוק הסעד (סדרי דין בעניני קטינים, חולי נפש ונעדרים),
התשט"ו-1955 2, יחולו בשינויים המחוייבים לפי הענין.</p></content></point><point><heading><authorialNote placement="side"><p>אפוטרופוס לצורך הדיון</p></authorialNote></heading><num>23</num><content><p>
רשאי בית משפט, בכל עת ואף אם לא נתבקש לכך, למנות למאומץ אפוטרופוס
לצורך הדיון לפי חוק זה.</p></content></point><point><heading><authorialNote placement="side"><p>שמיעת האפוטרופוס הכללי ומינוי עורך-דין</p></authorialNote></heading><num>24</num><list><intro><p /></intro><subPoint><num>א</num><content><p> מקום שההורה פסול דין או נעדר, רשאי בית המשפט להזמין את האפוטרופוס
הכללי לדיון לפי חוק זה.</p></content></subPoint><subPoint><num>ב</num><content><p> בדיון לפי סעיף 13 ובערעור עליו, רשאי בית המשפט למנות עורך -דין להורה
שאינו מיוצג על ידי עורך-דין; נתמנה עורך-דין כאמור, יחולו על המדינה שכר הטרחה
וההוצאות שלו ושל העדים.</p></content></subPoint></list></point><point><heading><authorialNote placement="side"><p>סמכות לסטות מסייגים</p></authorialNote></heading><num>25</num><content><p>
נוכח בית המשפט שהדבר יהיה לטובת המאומץ, רשאי הוא, בנסיבות מיוחדות
ומטעמים שיציין בהחלטתו, לסטות מסייגים אלה:
(1) גיל המאומץ לפי סעיף 2;
(2) פטירת הורי המאומץ וקרבת המאמץ לפי סעיף 3(2);
(3) הבדל גיל לפי סעיף 4;
(4) אורך תקופת המבחן לפי סעיף 6.</p></content></point><point><heading><authorialNote placement="side"><p>בית המשפט המוסמך</p></authorialNote></heading><num>26</num><list><intro><p /></intro><subPoint><num>א</num><content><p> בית המשפט המוסמך לענין חוק זה הוא בית המשפט המחוזי.</p></content></subPoint><subPoint><num>ב</num><content><p> לבית משפט הדן לפי חוק זה יהיו נתונות גם הסמכויות של בית משפט לנוער
לפי חוק הנוער (טיפול והשגחה), התש"ך-1960 3.</p></content></subPoint></list></point><point><heading><authorialNote placement="side"><p>בית דין מוסמך</p></authorialNote></heading><num>27</num><list><intro><p /></intro><subPoint><num>א</num><content><p> על אף האמור בסעיף 26 מוסמר לענין חוק זה גם בית דין דתי, והוא
כשנתקיימו שתי אלה:
(1) ההורים או המאמצים, לפי הענין, הסכימו בכתב לסמכות שיפוטו של
אותו בית דין; על הסכמת ההורים לענין סעיף זה יחולו הוראות סעיף 9
בשינויים המחוייבים לפי הענין;
(2) המאומץ הסכים בכתב לסמכות שיפוטו של אותו בית דין, ואם לא
היה המאומץ מסוגל להבין בדבר, או היה למטה מגיל 9 - הסכים לכך
היועץ המשפטי לממשלה.</p></content></subPoint><subPoint><num>ב</num><content><p> בית דין דתי הדן לפי סעיף זה, יחולו עליו הוראות סעיפים 1 עד 25, 28 ו-39,
וכל מקום בהם שמדובר בו בבית משפט יראו כאילו מדובר בו בבית דין דתי.</p></content></subPoint></list></point><point><heading><authorialNote placement="side"><p>שיפוט מבחינה בין-לאומית</p></authorialNote></heading><num>28</num><content><p>
בית משפט ישראלי מוסמך לענין חוק זה כשהמאמץ הוא תושב ישראל.</p></content></point><point><heading><authorialNote placement="side"><p>פנקס אימוצים</p></authorialNote></heading><num>29</num><content><p>
כל צו-אימוץ, לרבות צו שסעיף 31 חל עליו, וכל ביטול של צו-אימוץ יירשמו
בפנקס שינוהל בידי רשם שימנה לכך שר המשפטים; פרטי הרישום וצורתו ייקבעו
בתקנות.</p></content></point><point><heading><authorialNote placement="side"><p>עיון בפנקס</p></authorialNote></heading><num>30</num><list><intro><p /></intro><subPoint><num>א</num><content><p> פנקס האימוצים לא יהיה פתוח לעיון, ואולם רשאי לעיין בו -
(1) היועץ המשפטי לממשלה או בא כוחו;
(2) רושם נישואין או מי שהוא הסמיך לכך, כשהעיון דרוש למילוי תפקידו
הרשמי;
(3) פקיד סעד ראשי.
צווי אימוץ
קודמים</p></content></subPoint><subPoint><num>ב</num><content><p> לפי בקשת מאומץ שמלאו לו 18 שנים, רשאי פקיד סעד להתיר לו לעיין
בפנקס ברישום המתייחס אליו; סירב פקיד הסעד לבקשה, רשאי בית המשפט להתיר
את העיון לאחר קבלת תסקיר מפקיד הסעד.
31. מי שאומץ לפי צו של בית משפט או בית דין דתי לפני תחילתו של חוק זה, רואים
אותו כאילו אומץ לפי חוק זה.</p></content></subPoint></list></point><point><heading><authorialNote placement="side"><p>איסור תמורה</p></authorialNote></heading><num>32</num><content><p>
המציע או נותן, או מבקש או מקבל, תמורה בכסף או בשווה כסף בעד אימוץ או
בעד תיווך לאימוץ, שלא ברשות בית משפט, דינו - מאסר שלוש שנים.</p></content></point><point><heading><authorialNote placement="side"><p>איסור מסירה</p></authorialNote></heading><num>33</num><content><p>
המוסר או מקבל ילד למטרת אימוץ שלא באמצעות פקיד סעד או שלא על פי צו
בית משפט לפי חוק זה, דינו - מאסר שנה.</p></content></point><point><heading><authorialNote placement="side"><p>פרשנות</p></authorialNote></heading><num>35</num><content><p>
חיקוק ומסמך שמדובר בהם בילדו של אדם - ילד שאומץ במשמע; מסמך שמדובר
בו בהורהו של אדם - מאמצו במשמע; והוא כשאין כוונה אחרת מפורשת או משתמעת;
סעיף זה לא יחול אלא על חיקוק ומסמך שניתנו אחרי כ"ו באב התש''ך (19 באוגוסט
1960).</p></content></point><point><heading><authorialNote placement="side"><p>ביצוע, תקנות ומינוי פקידי סעד</p></authorialNote></heading><num>36</num><list><intro><p /></intro><subPoint><num>א</num><content><p> שר המשפטים ממונה על ביצוע חוק זה והוא רשאי, בהתייעצות עם שר
העבודה והרווחה, להתקין תקנות לביצועו, לרבות תקנות להבטחת סודיותם של עניני
אימוץ.</p></content></subPoint><subPoint><num>ב</num><content><p> מבין פקידי הסעד כמשמעותם בחוק שירותי הסעד, התשי"ח-1958 5, יסמיך
שר העבודה והרווחה. לענין חוק זה פקיד סעד ראשי ופקידי סעד אשר יפעלו לפי הנחיותיו
של פקיד סעד ראשי, בדרך כלל או לענין מסויים.</p></content></subPoint></list></point><point><heading><authorialNote placement="side"><p> ביטול</p></authorialNote></heading><num>37</num><content><p>
חוק אימוץ ילדים, התש"ך-1960 6 - בטל.</p></content></point><point><heading><authorialNote placement="side"><p>תיקון חוק הכשרות המשפטית והאפוטרופסות</p></authorialNote></heading><num>38</num><content><p>
בסעיף 13א לחוק הכשרות המשפטית והאפוטרופסות, התשכ"ב-1962 7, בסעיף
קטן (ג), בסופו יבוא "או של אדם שהקטין היה סמוך על שלחנו, מתוך כוונה לאמצו,
בשנה שקדמה להגשת הבקשה להמרת הדת, ובתנאי שבית המשפט שוכנע כי ההמרה
דרושה לשם אימוצו של הקטין בידי אותו אדם לפי חוק אימוץ ילדים, התשמ"א-1981".</p></content></point><point><heading><authorialNote placement="side"><p>הוראות מעבר</p></authorialNote></heading><num>39</num><content><p>
מי שנתמלאו לגביו התנאים לאימוץ ובקשה בענינו תלויה ועומדת בבית משפט
ערב פרסומו של חוק זה, רשאי בית המשפט לתת צו או אכרזה אף בסטיה מהוראותיו.</p></content></point><signature><name>מנחם בגין</name><role>ראש הממשלה</role></signature><signature><name>יצחק נבון</name><role>נשיא המדינה</role></signature><signature><name>משה נסים</name><role>שר המשפטים</role></signature><dateOfAcceptance>28.05.1981</dateOfAcceptance></body>