<?xml version="1.0" encoding="UTF-8" ?>
<body><title><content><p>חוק אכיפת פסקי-חוץ, תשי"ח-1958 *</p></content></title><point><heading><authorialNote placement="side"><p>הגדרה</p></authorialNote></heading><num>1</num><content><p>
בחוק זה -
"פסק-חוץ" - פסק דין שניתן על ידי בית משפט במדינה זרה בענין אזרחי/ לרבות פסק
דין לתשלום פיצויים או נזקים לצד שנפגע, אף כשלא ניתן בענין אזרחי,</p></content></point><point><heading><authorialNote placement="side"><p>אין אכיפה אלא לפי- חוק זה</p></authorialNote></heading><num>2</num><content><p>
לא ייאכף בישראל פסק-חוץ אלא לפי חוק זה,</p></content></point><point><heading><authorialNote placement="side"><p>תנאים לאכיפה</p></authorialNote></heading><num>3</num><content><p>
בית משפט בישראל רשאי להכריז פסק-חוץ כפסק אכיף אם מצא שנתקיימו בר תנאים
אלה:
(1) הפסק ניתן במדינה שלפי דיניה בתי המשפט שלה היו מוסמכים לתתו;
(2) הפסק אינו ניתן עוד לערעור;
(3) תכנו של הפסק אינו סותר דיני מדינת ישראל או תקנת הציבור בישראל;
(4) הפסק הוא בר-ביצוע במדינה בה הוא ניתן.</p></content></point><point><heading><authorialNote placement="side"><p>הדדיות באכיפה</p></authorialNote></heading><num>4</num><list><intro><p /></intro><subPoint><num>א</num><content><p> פסק-חוץ לא יוכרז אכיף אם ניתן במדינה שלפי דיניה אין אוכפים פסקים
של בתי המשפט בישראל.</p></content></subPoint><subPoint><num>ב</num><content><p> על פי בקשת היועץ המשפטי לממשלה רשאי בית המשפט לאכוף פסק-חוץ,
אף כשלא נתקיימה הדדיות כאמור בסעיף קטן (א).</p></content></subPoint></list></point><point><heading><authorialNote placement="side"><p>מועד יאכיפה</p></authorialNote></heading><num>5</num><content><p>
לא ייזקק בית המשפט לבקשת אכיפה של פסק-חוץ שהוגשה כעבור יותר מחמש
שנים מיום מתן הפסק, אלא אם הוסכם בין ישראל לבין המדינה בה ניתן הפסק על תקופה
אחרת. או אם מצא בית המשפט סיבות מיוחדות המצדיקות את האיחור.</p></content></point><point><heading><authorialNote placement="side"><p>הגנה מפני אכיפה</p></authorialNote></heading><num>6</num><content><p>
פסק-חוץ לא יוכרז אכיף אם הוכח לבית המשפט אחד מאלה:
(1) הפסק הושג במרמה;
(2) האפשרות שניתנה לנתבע לטעון טענותיו ולהביא ראיותיו לפני מתן
הפסק לא היתה, לדעת בית המשפט, סבירה;
(3) הפסק ניתן על ידי בית משפט שלא היה מוסמך לתתו;
(4) הפסק נוגד פסק דין אחר שניתן באותו ענין כין אותם בעלי דין ושעודנו
בר-תוקף;
(5) בעת הגשת התביעה בבית המשפט במדינה הזרה היה משפט תלוי ועומד,
באותו ענין ובין אותם בעלי דין, בפני בית משפט או בית דין בישראל,</p></content></point><point><heading><authorialNote placement="side"><p>סייג לאכיפה</p></authorialNote></heading><num>7</num><content><p>
פסק-חוץ לא יוכרז אכיף אם אכיפתו עלולה לפגוע בריבונותה של ישראל או בבטחונה,</p></content></point><point><heading><authorialNote placement="side"><p>אכיפה של פסק זמני וצו ביניים</p></authorialNote></heading><num>8</num><content><p>
רשאי בית המשפט, אם ראה צידוק לכך בנסיבות הענין, לאכוף פסק-חוץ זמני או
צו ביניים בעניני מזונות, אף כשהוא ניתן עוד לערעור, ובלבד שנתקיימו בו שאר התנאים
האמורים בחוק זה.</p></content></point><point><heading><authorialNote placement="side"><p>סמכות לאכיפה</p></authorialNote></heading><num>9</num><content><p>
לבית המשפט המחוזי בירושלים הסמכות הייחודית להכריז פסק-חוץ אכיף,</p></content></point><point><heading><authorialNote placement="side"><p>הוצאה לפועל של פסק-חוץ אכיף</p></authorialNote></heading><num>10</num><content><p>
פסק-חוץ שהוכרז אכיף/ דינו לענין הוצאה לפועל כדין פסק שניתן כדין בישראל,</p></content></point><point><heading><authorialNote placement="side"><p>הכרה בפסקי- חוץ</p></authorialNote></heading><num>11</num><content><p>
אגב דיון בענין הנמצא בסמכותו רשאי בית משפט או בית דין בישראל להכיר בפסק-
חוץ, לצורך אותו ענין, אם ראה שמן הדין והצדק לעשות כן.</p></content></point><point><heading><authorialNote placement="side"><p>ביטולים</p></authorialNote></heading><num>12</num><content><p>
בטלים -
(1) פקודת פסקי דין (איכוף-גומלין) 1;
(2) פקודת פסקי דין (איכוף גומלין - מצרים) 2;
(3) פקודת תעודות קיום צוואות (מבריטניה וממושכות בריטיות) 3;
(4) תקנות פסקי דין נכריים, 1928 4,</p></content></point><point><heading><authorialNote placement="side"><p>ביצוע ותקנות</p></authorialNote></heading><num>13</num><content><p>
שר המשפטים ממונה על ביצוע חוק זה והוא רשאי להתקין תקנות בכל הנוגע לביצועו/
ובתקנות לפי סעיף זה רשאי הוא לקבוע סדרי דין מיוחדים בבקשות אכיפה במידה הדרושה
לקיום הסכם בין ישראל לבין מדינה זרה,</p></content></point><signature><name>יצחק ב ן-צבי</name><role>נשיא המדינה</role></signature><signature><name>דוד בן-גוריון</name><role>ראש הממשלה</role></signature><signature><name>פנחס רוזן</name><role>שר המשפטים</role></signature><dateOfAcceptance>20.02.1958</dateOfAcceptance></body>