<?xml version="1.0" encoding="UTF-8" ?>
<body><title><content><p>חוק אכסון תיירים (פטור ממס הכנסה) (הוראת שעה), תשי"ח~1958*</p></content></title><point><heading><authorialNote placement="side"><p>השכרה לתיירים בשנת העשור</p></authorialNote></heading><num>1</num><content><p>
המשכיר חדר מרוהט בדירה שהוא גר בה' באמצעות החברה הממשלתית לתיירות,
לכל תקופה שהיא שבין ט' באדר תשי"ח (1 במרס 1958) ובין י"ז בחשון תשי"ט (31 באוקטו-
בר 1958) - ואין השכרת חדרים חלק מעסקו, יהיה פטור ממס הכנסה על הכנסתו מהשכרה
כאמור.</p></content></point><signature><name>יצחק בן-צבי</name><role>נשיא המריבה</role></signature><signature><name>דוד בן-גוריון</name><role>ראש הממשלה</role></signature><signature><name>לוי אשכול</name><role>שר האוצר</role></signature><dateOfAcceptance>06.04.1958</dateOfAcceptance></body>