<?xml version="1.0" encoding="UTF-8" ?>
<body><title><content><p>חוק אמנת האיגוד הבין-לאומי לפיתוח, תשכ"א-1960 *</p></content></title><point><heading><authorialNote placement="side"><p>הגדרות</p></authorialNote></heading><num>1</num><content><p>
בחוק זה -
"אמנת האיגוד" - פרקי ההסכם בדבר כינון האיגוד הבין-לאומי לפיתוח (להלן - האיגוד).</p></content></point><point><heading><authorialNote placement="side"><p>תשלומים לאיגוד</p></authorialNote></heading><num>2</num><content><p>
משעה שאמנת האיגוד תהיה חתומה בשם המדינה יהיה שר האוצר רשאי -
(1) לשלם בשם המדינה לאיגוד את הסכומים שיש לשלמם על פי אמנת
האיגוד;
(2) להוציא בשם המדינה' בהתאם לפרק בי, סעיף 2 (ה) של אמנת האיגוד,
שטרי חוב שאינם סחירים, אינם נושאים ריבית ומשתלמים עם הדרישה בערכם
הנקוב.</p></content></point><point><heading><authorialNote placement="side"><p>ייצוג</p></authorialNote></heading><num>3</num><content><p>
בנק ישראל ייצג את המדינה בכל ענין הנוגע לחברות המדינה באיגוד.</p></content></point><point><heading><authorialNote placement="side"><p>ביצוע ותקנות</p></authorialNote></heading><num>4</num><content><p>
שר האוצר ממונה על ביצוע חוק זה' והוא רשאי להתקין תקנות בכל ענין הנוגע
לביצוען של הוראות אמנת האיגוד ולמילוי התחייבויותיה של המדינה על פיהן; ובמיוחד
בדבר מעמדם, חסינויותיהם וזכויות היתר של האיגוד ושל נגידיו' מנהליו' חליפיו' פקידיו,
ועובדיו.</p></content></point><signature><name>יצחק ב ן-צבי</name><role>נשיא המדינה</role></signature><signature><name>דוד בן-גוריון</name><role>ראש הממשלה</role></signature><signature><name>לוי אשכול</name><role>שר האוצר</role></signature><dateOfAcceptance>09.12.1960</dateOfAcceptance></body>