<?xml version="1.0" encoding="UTF-8" ?>
<body><title><content><p>חוק הארנונה לפיצוי נזקי מלחמה (תיקון)' תשט"ז-1956 *</p></content></title><point><heading><authorialNote placement="side"><p>תיקון סעיף 1</p></authorialNote></heading><num>1</num><content><p>
בסעיף 1 לחוק הארנונה לפיצוי נזקי מלחמה' תשי"א-11951 (להלן - החוק העיקרי):
(1) בהגדרת "בנין חקלאי'/ בסופה, יווסף "או מבנה מאגר";
(2) לאחר הגדרת "בנין תעשייתי" יווספו הגדרות אלה:
""מבנה מאגר" - בריכת מים, מגדל מים, מגדל תחמיץ ובור תחמיץ;
"בנין" - בנין עירוני' בנין חקלאי' בנין תעשייתי ומבנה מאגר";</p></content></point><point><heading><authorialNote placement="side"><p>תיקון סעיף 2</p></authorialNote></heading><num>2</num><list><intro><p>
בסעיף 2 לחוק העיקרי -
(1) בסעיף קטן (ב) -</p></intro><subPoint><num>א</num><content><p> במקום פסקאות (1), (2) ו-(3) תבוא פסקה זו:
"(1) לגבי בנין 0.45%".</p></content></subPoint><subPoint><num>ב</num><content><p> פסקאות (4), (5), (6) ו-(7) יסומנו בפסקאות (2), (3), (4) ו-(5).
(2) במקום סעיף קטן (ד) יבואו סעיפים קטנים אלה:
"(ד) בנינים שבנייתם נגמרה לאחר ה-1 באפריל של שנת שומה מסויימת,
וכן מטעים שניטעו או ציוד שהובא מחוץ לשטח המדינה לאחר התאריך
האמור, תהיה הארנונה המגיעה מבעליהם באותה שנת שומה סכום שיחסו
לסכום הארנונה לפי השיעור שנקבע בסעיף קטן (ב) כיחס יתרת חדשי שנת
השומה לשנים עשר, ולצורך זה רואים חלקו של חודש ככולו.</p></content></subPoint><subPoint><num>ה</num><content><p> לגבי נכסיו של בעל משק בנקודת התישבות חקלאית שתקופת קיומה
אינה עולה על חמש שנים והם משמשים לאותו משק, יהיו שיעורי הארנונה
מחצית השיעורים הנקובים בסעיפים קטנים (ב) ו-(ד), לפי הענין.
"נקודת התישבות חקלאית" לענין סעיף קטן זה-נקודת התישבות חקלאית
או משק חקלאי יחיד אשר מרחקם ממקום ישוב שתקופת קיומו עולה על
חמש שנים הוא למעלה מ-3 קילומטר."</p></content></subPoint></list></point><point><heading><authorialNote placement="side"><p>תיקון סעיף 4</p></authorialNote></heading><num>3</num><content><p>
בסעיף 4 לחוק העיקרי -
(1) בסעיף קטן (א) (1), בסופו, במקום המלים "בהערכה האחרונה שקדמה לשנת
השומה" יבואו המלים "בהערכה לפי הפקודות האמורות שנקבעה לאחרוגה
לפני שנת השומה",</p></content></point><chapter><num>פרי שאינם</num><title><content><p>זיתים או גפנים", ובמקום ''-.75 ל"י" יבוא "עד 100 ל"י";</p></content></title><point><heading><authorialNote placement="side"><p>תיקון סעיף 5</p></authorialNote></heading><num>4</num><content><p>
בסעיף 5 לחוק העיקרי, במקום סעיף קטן (א1) יבואו סעיפים קטנים אלה:
"(א1) בעלו של בנין שבנייתו נגמרה, או שנרכש אחרי יום 1 באפריל של שנת
שומה מסויימת, וכן כעלם של מטעים שניטעו או שנרכשו וציוד שהובא מחוץ
לשטח המדינה אחרי התאריך האמור, חייב למסור למנהל הצהרה על הנכסים
האמורים, תוך שלושים יום מיום גמר הבניה, הנטיעה, הרכישה או ההבאה כאמור.
(א2) בעלם של בנין או של מטעים שמסר הצהרה לפי סעיפים קטנים (א) או
(א1) בשנת שומה מסויימת, לא יהיה חייב, על אף האמור בסעיף קטן (א), למסור
הצהרה עליהם בכל שנת שומה שלאחר מכן, אלא אם חל בהם שינוי."</p></content></point><point><heading><authorialNote placement="side"><p>הוספת סעיף 5א</p></authorialNote></heading><num>5</num><content><p>
אחרי סעיף 5 לחוק העיקרי יווסף סעיף זה:</p></content></point><point><heading><authorialNote placement="side"><p>שווי מוגדל</p></authorialNote></heading><num>5</num><content><p>
א. הוכיח בעל נכסים, בעת מסירת ההצהרה לפי סעיף 5 ולהנחת דעתו
של המנהל, כי שוויו של נכס מנכסיו לפי חוק זה הוא פחות מן הסכום
שהיה מתקבל בעדו בשוק במכירה מרצון, יהיה שוויו של הנכס, לענין
חוק זה, כפי שנקבע בתקנות, ובלבד שלא יעלה על הסכום שהיה מתקבל
בעדו בשוק במכירה מרצון."</p></content></point><point><heading><authorialNote placement="side"><p>תיקון סעיף 11</p></authorialNote></heading><num>6</num><content><p>
בסעיף 14 (א) לחוק העיקרי' בפסקה (1)' במקום "האחד ב-1 ביולי והאחד ב-1 בינואר
של שנת השומה'/ יבוא "האחד לא יאוחר מיום 30 באפריל והאחד לא יאוחר מיום 31 באוק-
טובר של אותה שנת שומה".</p></content></point><point><heading><authorialNote placement="side"><p>תיקון סעיף 17</p></authorialNote></heading><num>7</num><content><p>
הנאמר בסעיף 17 לחוק העיקרי יהיה סעיף קטן (א) ואחריו יווסף סעיף קטן זה:
"(ב) (1) בכפוף להוראות סעיף קטן זה תיגבה הארנונה מאת כעל הנכסים;
(2) לא שילם בעל הנכסים את הארנונה במועד שנקבע לתשלומה, מותר למ-
סור הודעה על כך לכל אדם המשלם לבעל דמי שכירות בעד הנכסים או בעד
חלק מהם, לפרש בה את סכום הארנונה שלא נפרעה במועדה, ולדרוש כי
בעתיד, עד לפרעון סכום הארנונה אשר עליו נמסרה הודעה כאמור, ישולמו
כל דמי השכירות (בין אם הגיע מועד פרעונם בעת מתן ההודעה ובין אם לאו)
לקרן; הודעה כאמור תייפה כוחו של המנהל לגבות לזכות הקרן כל דמי שכירות
כאמור, ולהפטיר מהם;
(3) היו נכסים בבעלות משותפת בחלקים בלתי מסויימים, רשאי המנהל לגבות
את הארנונה מכל אחד מהבעלים המשותפים או מאחדים מהם, וכל מי שנגבתה
ממנו ארנונה כאמור זכאי לקבל מהשותפים עמו בבעלות סכום כשיעור האר-
נונה המגעת מהם, ורשאי הוא לעקל את ההכנסה העולה מן הנכסים עד לגביית
הסכום המגיע מהם;
(4) סעיף זה לא יפורש כבא לשנות, לסכל או לבטל את אחריותו של המחזיק
בנכסים מכוח חוזה, הסכם או בדרך אחרת' כלפי בעל הנכסים בענין חובת
הדייר לשלם לו את הארנונה החלה על הנכס, אלא שלעולם יהיה הבעל חייב,
כלפי הקרן והמנהל בתשלום הארנונה,"</p></content></point><point><heading><authorialNote placement="side"><p>תיקו? סעיף 18</p></authorialNote></heading><num>8</num><content><p>
בסעיף 18 לחוק העיקרי, במקום "שנה" יבוא "שלוש שנים".</p></content></point><point><heading><authorialNote placement="side"><p>תיקון סעיף 19</p></authorialNote></heading><num>9</num><content><p>
בסעיף 19 לחוק העיקרי' במקום סעיף קטן (א) יבוא סעיף קטן זה:</p></content></point><point><heading><authorialNote placement="side"><p>"פטור</p></authorialNote></heading><num>19</num><list><intro><p /></intro><subPoint><num>א</num><content><p> בעל נכסים יהיה פטור מתשלום הארנונה אם שוויים של כל
נכסיו לא עלה באחד הימים של שנת השומה על 100 לירות; הפטור לפי
סעיף קטן זה אינו שולל כשלעצמו, מבעל הנכסים את הזכות לקבלת
פיצויים לפי חוק זה."</p></content></subPoint></list></point><point><heading><authorialNote placement="side"><p>תיקו! סעיף 29</p></authorialNote></heading><num>10</num><content><p>
בסעיף 29 לחוק העיקרי יימחקו המלים "ציוד או".</p></content></point><point><heading><authorialNote placement="side"><p>תחילה</p></authorialNote></heading><num>11</num><content><p>
תחילתו של חוק זה ביום כ' בניסן תשט"ז (1 באפריל 1956).</p></content></point></chapter><signature><name>יצחק בן-צבי</name><role>נשיא המדינה</role></signature><signature><name>דוד בן-גוריון</name><role>ראש הממשלה</role></signature><signature><name>לוי אשכול</name><role>שר האוצר</role></signature><dateOfAcceptance>22.03.1956</dateOfAcceptance></body>