<?xml version="1.0" encoding="UTF-8" ?>
<body><title><content><p>חוק הבחירות לכנסת השמינית ולרשויות המקומיות (הוראות שעה)</p></content></title><point><heading><authorialNote placement="side"><p>זכות הצבעה לגני שמונה עשרה</p></authorialNote></heading><num>1</num><content><p>
בבחירות לכנסת השמינית ובבחירות למועצות של רשויות מקומיות שיתקיימו יחד
עם הבחירות לכנסת השמינית יהיה זכאי להצביע גם מי שיום הולדתו ה-18 חל, על פי
הרשום במרשם האוכלוסין, בין ט"ז באלול תשל"ג (13 בספטמבר 1973) לבין ו' בטבת
תשל"ד (31 בדצמבר 1973), ואשר ביום א' באייר תשל"ג (3 במאי 1973) היה אזרח
ישראלי והיה רשום, הוא ומענו, במרשם האוכלוסין כתושב.</p></content></point><point><heading><authorialNote placement="side"><p>תוספת לרשימת הבוחרים</p></authorialNote></heading><num>2</num><list><intro><p /></intro><subPoint><num>א</num><content><p> שר הפנים יכין לכל אזור קלפי תוספת לרשימת הבוחרים (להלן - תוספת)
שתכלול כל מי שזכאי לבחור לפי סעיף 1 והוא רשום במרשם האוכלוסין כתושב אותו אזור.</p></content></subPoint><subPoint><num>ב</num><content><p> הוראות סעיפים 29, 30 ו- 71 (א) לחוק הבחירות לכנסת ננוסח משולב],
תשכ"ט-1969  1 (להלן - חוק הבחירות לכנסת) יחולו על תוספת, בשינויים המחוייבים.</p></content></subPoint><subPoint><num>ג</num><content><p> הוראות סעיפים 33 עד 51 וסעיף 55א לחוק הבחירות לכנסת לא יחולו על תוספת.</p></content></subPoint></list></point><point><heading><authorialNote placement="side"><p>הודעה לבוחר</p></authorialNote></heading><num>3</num><content><p>
מי שרשום בתוספת, ישלח לו שר הפנים עד יום כ"ב בכסלו תשל"ד (17 בדצמבר
1973) הודעה על כך בדרך האמורה בסעיף 31 לחוק הבחירות לכנסת: ההודעה תציין את
הפרטים האמורים בסעיף 32 לחוק הבחירות לכנסת.</p></content></point><point><heading><authorialNote placement="side"><p>גירוף התוספות</p></authorialNote></heading><num>4</num><content><p>
לכל עותק מרשימת בוחרים שיש למסור לפי סעיף 71 (ב) לחוק הבחירות לכנסת
ולפי סעיף 53 לחוק הרשויות המקומיות (בחירות), תשכ"ה-21965 (להלן - חוק
הבחירות למועצות), יצורף עותק של התוספת המתייחסת לאותה רשימה.</p></content></point><point><heading><authorialNote placement="side"><p>הצבעת עובדים מסויימים</p></authorialNote></heading><num>5</num><content><p>
לענין הבחירות האמורות בחוק זה ניתן לקבוע אזורים לפי סעיף 95א לחוק הבחירות
לכנסת ולפי סעיף 84א לחוק הבחירות למועצות גם מתוך שטחי המדינה.</p></content></point><point><heading><authorialNote placement="side"><p>סמכויות מיוחדות</p></authorialNote></heading><num>6</num><list><intro><p /></intro><subPoint><num>א</num><content><p> ועדת הבחירות המרכזית לכנסת השמינית רשאית, ברוב של שני שלישים מחבריה
כשביניהם יושב-ראש הועדה, לקבל את ההחלטות הדרושות ולנקוט בצעדים הדרושים, לפי
שיקול דעתה, כדי להבטיח קיום הבחירות לכנסת השמינית במועדן ולמנוע תקלות בקיומן.</p></content></subPoint><subPoint><num>ב</num><content><p> החלטה או צעד לפי סעיף קטן (א) לא יהיו בניגוד לחוק-יסוד: הכנסת*, או
לפרקים א' ב' רי ה' ו' ח' י"א ו-י-ב לחוק הבחירות לכנסת.</p></content></subPoint><subPoint><num>ג</num><content><p> סעיף זה בא להוסיף על סמכויות לפי חוק הבחירות לכנסת ולא לגרוע מהן.</p></content></subPoint></list></point><point><heading><authorialNote placement="side"><p>קובלנות ובקשות</p></authorialNote></heading><num>7</num><content><p>
על מעשה או מחדל לפי חוק זה יחולו הוראות סעיף 137 לחוק הבחירות לכנסת.</p></content></point><point><heading><authorialNote placement="side"><p>תחולת החוק</p></authorialNote></heading><num>8</num><content><p>
הוראות חוק זה יחולו על אף האמור בחוק-יסוד: הכנסת, בחוק הבחירות לכנסת או
בחוק הבחירות למועצות.</p></content></point><point><heading><authorialNote placement="side"><p>תחילה</p></authorialNote></heading><num>9</num><content><p>
תחילתו של חוק זה ביום קבלתו בכנסת.</p></content></point><signature><name>אפרים קציר</name><role>נשיא המדינה</role></signature><signature><name>גולדה מאיר</name><role>ראש הממשלה</role></signature><signature><name>יוסף בורג</name><role>שר הפנים</role></signature><dateOfAcceptance>69,</dateOfAcceptance></body>