<?xml version="1.0" encoding="UTF-8" ?>
<body><title><content><p>חוק לתיקון פקודת האריסים (הגנה), תשי"ג-1953 *</p></content></title><point><heading><authorialNote placement="side"><p>תיקון הפקודה</p></authorialNote></heading><num>1</num><content><p>
פקודת האריסים (הגנה) 1, תתוקן כך:
אחרי סעיף 22 יבוא סעיף זה:</p></content></point><point><heading><authorialNote placement="side"><p>"הגבלות בחלות הפקודה</p></authorialNote></heading><num>23</num><content><p>
על אף האמור בפקודה זו; לא ירכוש אדם כל זכות, ולא יהיה זכאי
לכל הגנה, לפי פקודה זו -
(1) לגבי משק שהוא החזיק ועיבד לראשונה ביום ט' בטבת
תש"ג (17 בדצמבר 1942), או בתאריך מאוחר יותר ;
(2) לגבי כל משק שהוא מחזיק או מעבד וכל קרקע שהוא
עושה בה פעולה מהפעולות המפורטות בסעיף 18' אם המדינה
היא ביחס לאותו משק, או אותה קרקע, בעל קרקע כמשמעותו
בפקודה זו, או אם קיבל לראשונה אותו משק, או אותה זכות
פעולה בקרקע, מידי הקרן הקיימת לישראל, בין לפי חוזה
מפורש ובין שלא לפי חוזה כזה."</p></content></point><point><heading><authorialNote placement="side"><p>ביטול</p></authorialNote></heading><num>2</num><content><p>
תקנה 48א לתקנות ההגנה, 939 נ - - בטלה.</p></content></point><signature><name>לוי אשכול</name><role>שר האוצר</role></signature><signature><name>פנחס רוזן</name><role>שר המשפטים</role></signature><signature><name>יצחק בן- צבי</name><role>נשיא המדינה</role></signature><dateOfAcceptance>05.02.1953</dateOfAcceptance></body>