<?xml version="1.0" encoding="UTF-8" ?>
<body><title><content><p>חוק הביטוח הלאומי (תיקון מס' 34), תשל"ט-1979 *</p></content></title><point><heading><authorialNote placement="side"><p>תיקון סעיף 37</p></authorialNote></heading><num>1</num><list><intro><p>
בסעיף 37 לחוק הביטוח הלאומי ננוסח משולט' תשכ"ח-1968 1, במקום סעיף קטן</p></intro><subPoint><num>ב</num><content><p> יבוא:
"(ב) כנסיבות האמורות בפסקה (1) של סעיף 36 לא יראו כהפסקה
או כסטיה של ממש לענין סעיף קטן (א) אם עשה זאת המבוטח לאחת
מאלה-.
(1) כדי ללוות ילדו לגן ילדים או למעון ילדים או למקום
אחר שהשר קבע בתקנות כמקום שבו נמצא ילד לפי הסדר
קבע או להשיבו משם?
(2) כדי לקיים מצוות תפילת בוקר בציבור כבית תפילה
שבו הוא נוהג להתפלל."</p></content></subPoint></list></point><signature><name>יצחק נבון</name><role>נשיא המדינה</role></signature><signature><name>מנחם בגין</name><role>ראש הממשלה</role></signature><signature><name>ישראל כץ</name><role>שר העבודה והרווחה</role></signature><dateOfAcceptance>27.07.1979</dateOfAcceptance></body>