<?xml version="1.0" encoding="UTF-8" ?>
<body><title><content><p>חוק הביטוח הלאומי (תיקון מס' 29), תשל"ז-1977 *</p></content></title><point><heading><authorialNote placement="side"><p>תיקון סעיף 198ה</p></authorialNote></heading><num>1</num><content><p>
בסעיף 198ה לחוק הביטוח הלאומי ננוסח משולב], תשכ"ח-1968 1, בהגדרת "מתנדב"
במקום פסקה (1) יבוא:
"(1) מי שפעל בהתנדבות שלא בשכר למען זולתו, על פי
הפניה מאת משרד ממשלתי, המוסד, רשות מקומית, ההס-
תדרות הציונות העולמית או הסוכנות היהודית לארץ ישראל
או מאת גוף ציבורי אחר שאישר שר העבודה לפי כללים,
מבחנים, תנאים וסייגים שנקבעו בתקנות באישור ועדת
העבודה של הכנסת, ובלבד שהתנדבות מחוץ לישראל תוכר
רק בסוגי מקרים שאישר שר העבודה בצו; לענין זה, "הפניה"
- הפניה מוקדמת שנעשתה למטרות שיש בהן תועלת לאומית
או ציבורית ונקבעו בתקנות באישור רעדת העבודה של
הכנסת, ובתנאים ובסייגים שנקבעו כאמור;"</p></content></point><signature><name>אפרים קציר</name><role>נשיא המדינה</role></signature><signature><name>יצחק רבין</name><role>ראש הממשלה</role></signature><signature><name>משה ברעם</name><role>שר העבודה</role></signature><dateOfAcceptance>25.03.1977</dateOfAcceptance></body>