<?xml version="1.0" encoding="UTF-8" ?>
<body><title><content><p>חוק הביטוח הלאומי (תיקון מס' 23), תשל"ו-1976*</p></content></title><point><heading><authorialNote placement="side"><p>תיקון סעיף 91</p></authorialNote></heading><num>1</num><content><p>
בסעיף 91 לחוק הביטוח הלאומי ננרסח משולב], תשכ"ח-1968 1(להלן - החוק
העיקרי), אחר" הגדרת "לידה" יבוא:
""הכשרה מקצועית" - הכשרה מקצועית או שיקום מקצועי, לפי מבחנים
ובתנאים שנקבעו בתקנות באישור ועדת העבודה של הכנסת."</p></content></point><point><heading><authorialNote placement="side"><p>תיקון סעיף 92</p></authorialNote></heading><num>2</num><content><p>
בסעיף 92 לחוק העיקרי, במקום סעיף קטן (ב) יבוא;
"(ב) מבוטחת לדמי לידה היא אחת מאלה;
(1) עובדת או עובדת עצמאית שמלאו לה שמונה עשרה שנה
והיא מועסקת בישראל, ואם היא ומעבירה הם תושבי ישראל
וחוזה העבודה נקשר בישראל - אף אם היא עובדת מחוץ
לישראל;
(2) אשה שמלאו לה שמונה עשרה שנה והיא נמצאת בהכ-
שרה מקצועית."</p></content></point><point><heading><authorialNote placement="side"><p>תיקון מעיף 98</p></authorialNote></heading><num>3</num><content><p>
בסעיף 98 לחוק העיקרי -
(1) בסעיף קטן (א), במקום "לפי פרטים 2 או 3" יבוא "לפי פרט 2";
(2) אחרי סעיף קטן (ב) יבוא:
"(ג) יראו תקופה שבה מבוטחת אשה לפי סעיף 92 (כ) (2) כתקופה
שבה שולמו דמי ביטוח לענין סעיף קטן (א), ובלבד שעבדה כעובדת או
כעובדת עצמאית לפחות שלושים יום רצופים בתכוף לפני היום שבו
הפסיקה את עבודתה לרגל ההריון או הלידה."</p></content></point><point><heading><authorialNote placement="side"><p>תיקון סעיף 101</p></authorialNote></heading><num>4</num><content><p>
בסעיף 101 (ב) לחוק העיקרי, אחרי פסקה (2) יבוא:
"(3) במבוטחת לפי סעיף 92 (ב) (2) - ההכנסה ששימשה
יסוד לחישוב דמי הביטוח בעד רבע השנה האמור בסעיף
קטן (א)."</p></content></point><point><heading><authorialNote placement="side"><p>תיקון סעיף 102</p></authorialNote></heading><num>5</num><content><p>
בסעיף 102 לחוק העיקרי, אחרי פסקה (3) יבוא:
"(4) באישור ועדת העבודה של הכנסת - הוראות מיוחדות,
הן בדרך כלל והן לסוגים, בדבר תשלום דמי ביטוח אימהות,
לרבות דמי ביטוח מופחתים, בעד כל אדם הנמצא בהכשרה
מקצועית, בין שהוא מבוטח לפי סעיף 92 (ב) (2) ובין שאינו
מבוטח לפיו, וכוחן יפה על אף האמור בפרק ח'."</p></content></point><signature><name>אפרים קציר</name><role>נשיא המדינה</role></signature><signature><name>יצחק רבין</name><role>ראש הממשלה</role></signature><signature><name>משה כרעם</name><role>שר העבודה</role></signature><dateOfAcceptance>06.08.1976</dateOfAcceptance></body>