<?xml version="1.0" encoding="UTF-8" ?>
<body><title><content><p>חוק בול בטחון (תיקון והארכת תקופת ההיטל) (תיקון מס' 5),</p></content></title><point><heading><authorialNote placement="side"><p>תיקון סעיף 10</p></authorialNote></heading><num>2</num><content><p>
בסעיף 10 (א) לחוק העיקרי' אחרי "כל מקלט" יבוא "שאין עליו פטור מאגרת רשיון
לפי תקנה 11 (3) לתקנות הטלגרף האלחוטי (מקלטי רדיו)' תשי"ז-21957" ,ובמקום "תקנה
11 (2) (ח) לתקנות הטלגרף האלחוטי (מקלטי רדיו)' תשי"ז-1957" יבוא "תקנה 11 (2) (ח)
לתקנות האמורות".</p></content></point><point><heading><authorialNote placement="side"><p>תיקון סעיף 12</p></authorialNote></heading><num>3</num><content><p>
בסעיף 12 לחוק העיקרי -
(1) בסעיף קטן (א)' בסופו' יבוא "ובלבד שלא ישולם בעד מכונית פלונית
בול בטחון כאמור יותר מפעם אחת כעד שנת כספים אחת.";
(2) סעיפים קטנים (ב) ו-(ג) יסומנו (ג) ו-(ד) ולפניהם יבוא:
"(ב) שיעור בול בטחון על ג'יפ הוא כשיעור ההל על מכונית
שתפוסת הבוכנה שלה היא עד 1000 סמ"ק".</p></content></point><point><heading><authorialNote placement="side"><p>החלפת סעיף 14</p></authorialNote></heading><num>4</num><content><p>
במקום סעיף 14 לחוק העיקרי יבוא:</p></content></point><point><heading><authorialNote placement="side"><p>"עבירות ועונשין</p></authorialNote></heading><num>14</num><list><intro><p /></intro><subPoint><num>א</num><content><p> מי שחייב לגבות בול בטחון לפי סעיף 3 לחוק העיקרי או לפי
סעיף 9 לחוק זה' ולא גבה אותו או גבה אותו ובלי הצדק סביר לא שילמו
לאוצר המדינה כאמור באותם סעיפים' דינו - מאסר שנה או קנס 000 3
לירות ופי שניים מסכום בול הבטחון שהיה חייב לגבותו.</p></content></subPoint><subPoint><num>ב</num><content><p> נעברה עבירה לפי סעיף זה על ידי תאגיד' אשם בעבירה גם
כל מי שבשעת ביצוע העבירה היה מנהל' חבר מינהלה פעיל' שותף,
מנהל חשבונות או פקיד אחראי של אותו תאגיד אם לא הוכיח אחד משני
אלה:
(1) העבירה נעברה שלא בידיעתו:
(2) הוא נקט כל האמצעים הסבירים כדי להבטיח קיום
הוראות החוק".
תשכ"ה, עמ' 146 ועמי 180.
2 ק"ת תשי"ז, עמי .1268</p></content></subPoint></list></point><point><heading><authorialNote placement="side"><p>החילה</p></authorialNote></heading><num>5</num><list><intro><p /></intro><subPoint><num>א</num><content><p> תחילתו של סעיף 1 (1) היא מיום כ"ט בסיון תשכ"ב (1 ביילי 1962).</p></content></subPoint><subPoint><num>ב</num><content><p> תחילתו של סעיף 3 (0 היא מיום ד' בניסן תש"ך (1 באפריל 1960).</p></content></subPoint><subPoint><num>ג</num><content><p> תחילתו של סעיף 3 (2) היא מיום תחילתו של חוק בול בטחון. תשי"ז-1956 3.</p></content></subPoint></list></point><signature><name>שביאור זלמן שזר</name><role>נשיא המדינה</role></signature><signature><name>לוי אשבול</name><role>ראש הממשלה</role></signature><signature><name>פנחס ספיר</name><role>שר האוצר</role></signature><dateOfAcceptance>07.03.1965</dateOfAcceptance></body>