<?xml version="1.0" encoding="UTF-8" ?>
<body><title><content><p>חוק הביטוח הלאומי (תיקון מס' 10), תשכ"ד-1964*</p></content></title><signature><name>לוי אשכול</name><role>ראש הממשלה</role></signature><signature><name>יגאל אלון</name><role>שר העבודה</role></signature><signature><name>שביאור זלמן שזר</name><role>בשיא המדיבה</role></signature><point><heading><authorialNote placement="side"><p>יציבות החוק</p></authorialNote></heading><num>25</num><content><p>
על אף האמור בכל דין אחר אין בכוחן של תקנות-שעת-חירום לשנות חוק זה, להפקיע
זמנית את תקפו או לקבוע בו תנאים.</p></content></point><point><heading><authorialNote placement="side"><p>ביטול</p></authorialNote></heading><num>26</num><list><intro><p /></intro><subPoint><num>א</num><content><p> בטלים -
(1) סעיפים 2 (ג)' 6 ו-7 לחוק המעבר' תש"ט-1949 1;
(2) חוק כהונת נשיא המדינה' תשי"ב-1951 2;</p></content></subPoint><subPoint><num>ב</num><content><p> החוק לקביעת משכורתם של נשיא המדינה' חברי הממשלה והרבנים הראשיים
לישראל' תשי"א-1950 3, לא יחול עוד על משכורתו של נשיא המדיבה או על התשלומים
המגיעים לו או לשאיריו.</p></content></subPoint></list></point><point><heading><authorialNote placement="side"><p>הוראת מעבר</p></authorialNote></heading><num>27</num><content><p>
נשיא המדינה שנבחר על ידי הכנסת ביום כ"ז באייר תשכ"ג (21 במאי 1963), רואים
אותו כאילו נבחר לפי חוק זה וכמכהן לפיו.</p></content></point><signature><name>לוי אשכול</name><role>ראש הממשלה</role></signature><point><heading><authorialNote placement="side"><p>הוספת סעיף 109א</p></authorialNote></heading><num>1</num><content><p>
אחרי סעיף 109 לחוק הביטוח הלאומי' תשי"ד-1953 1, יבוא:</p></content></point><point><heading><authorialNote placement="side"><p>"גימלאות</p></authorialNote></heading><num>109</num><content><p>
א. שר העבודה יקבע בתקנות ובאישור ועדת הכספים של הכנסת/
הוראות בדבר הגימלאות לאחר פרישה או מוות שישולמו לשופטים מקצו-
עיים של בתי הדין המקומיים שאינם שופטי שלום ולאב בית הדין לער-
עורים שאינו שופט בית משפט מחוזי, או לשאיריהם."</p></content></point><dateOfAcceptance>25.06.1964</dateOfAcceptance></body>