<?xml version="1.0" encoding="UTF-8" ?>
<body><title><content><p>חוק הביטוח הלאומי (תיקון מסי 45), התשמ"ב-1982 *</p></content></title><point><heading><authorialNote placement="side"><p>הוספת סעיף 127 טז1</p></authorialNote></heading><num>1</num><content><p>
אחרי סעיף 127טז לחוק הביטוח הלאומי [נוסח משולב], התשכ"ח-1968 1, יבוא:</p></content></point><point><heading><authorialNote placement="side"><p>תחילה</p></authorialNote></heading><num>2</num><content><p>
תחילתו של חוק זה שלושה חדשים מיום פרסומו ברשומות.</p></content></point><signature><name>יצחק נבוז</name><role>נשיא המדינה</role></signature><signature><name>מנחם בגין</name><role>ראש הממשלה</role></signature><signature><name>אהרן אוזן</name><role>שר העבודה והרווחה</role></signature><dateOfAcceptance>04.08.1982</dateOfAcceptance></body>