<?xml version="1.0" encoding="UTF-8" ?>
<body><title><content><p>חוק הביטוח הלאומי (תיקון מס' 43), התשמ"א-1981 *</p></content></title><point><heading><authorialNote placement="side"><p>. תיקון סעיף 127א</p></authorialNote></heading><num>1</num><content><p>
בסעיף 127א לחוק הביטוח הלאומי [נוסח משולב], התשכ"ח-1968  1(להלן -
החוק העיקרי), בהגדרת "מבוטח", בסופה יבוא:
"(3) בת ששירתה תקופה שאינה קצרה מתקופה שבה חייבת יוצאת צבא אשה
בשירות סדיר על פי סעיף 12(1) לחוק שירות בטחון, התשי"ט-1959 [נוסח
משולב]2, בשירות לאומי בהתנדבות שאישר השר ובתנאים שקבע בתקנות על
פי פסקה (2) להגדרת "ילד" שבסעיף 5, מיום תום השירות ולמשך שנה מאותו
יום (להלז - מתנדבת בשירות לאומי)."</p></content></point><point><heading><authorialNote placement="side"><p>תיקון סעיף 27נג</p></authorialNote></heading><num>2</num><content><p>
בסעיף 127ג לחוק העיקרי, אחרי סעיף קטן (ד) יבוא:
"(ה) לענין סעיפים 127ג(ב), 127ד(ה) ו-127יג(ב), דין מתנדבת בשירות לאומי
כדין חייל, בשינויים המחוייבים."</p></content></point><point><heading><authorialNote placement="side"><p>הוראת מעני</p></authorialNote></heading><num>3</num><content><p>
חוק זה יחול מיום תחילתו גם על מתנדבת בשירות לאומי מובטלת שנעשתה
למובטלת לפני תחילתה</p></content></point><signature><name>יצחק נבון</name><role>נשיא המדינה</role></signature><signature><name>מנחם בגין</name><role>ראש הממשלה</role></signature><signature><name>.ישראל כץ</name><role>שר העבודה והרווחה</role></signature><dateOfAcceptance>26.05.1981</dateOfAcceptance></body>