<?xml version="1.0" encoding="UTF-8" ?>
<body><title><content><p>חוק הביטוח הלאומי (תיקון מס' 38), תש"ם-1980 *</p></content></title><point><heading><authorialNote placement="side"><p>תיקון סעיף 90ב</p></authorialNote></heading><num>1</num><content><p>
בסעיף 90ב לחוק הביטוח הלאומי (נוסח משולב]' תשכ"ח-1968 1 (להלן - החוק
העיקרי), במקום הגדרת "תאונה" יבוא:
""תאונה" - אירוע פתאומי שבו גורם חיצוני מביא לחבלה פיסית וכתוצאה ממנה לאבדן
כושר התפקוד;".</p></content></point><point><heading><authorialNote placement="side"><p>תיקון סעיף 90ג</p></authorialNote></heading><num>2</num><content><p>
האמור בסעיף 90ג לחוק העיקרי יסומן (א) ואחריו יבוא:
"(ב) הזכות לדמי תאונה לפי סעיף זה מותנית בכך שהמבוטח
נבדק בדיקה רפואית תוך 72 שעות משעת התאונה' ואם המוסד אישר
שתוצאות התאונה יכול שנתגלו לראשונה לאחר 72 השעות האמורות -
תוך שבועיים מיום התאונה."</p></content></point><point><heading><authorialNote placement="side"><p>תיקון סעיף 90ד</p></authorialNote></heading><num>3</num><content><p>
בסעיף 90ד לחוק העיקרי' במקום "החל מיום התאונה" יבוא "החל ביום שלאחר יום
התאונה".</p></content></point><point><heading><authorialNote placement="side"><p>תיקון סעיף 90ה</p></authorialNote></heading><num>4</num><content><p>
בסעיף 90ה לחוק העיקרי -
(1) בסעיף קטן (א), כמקום "בעד יום התאונה ושני הימים הראשונים
שלאחריו" יבוא "בעד שני הימים הראשונים שלאחר יום התאונה";
(2) בסעיף קטן (ב)' במקום "בעד יום התאונה ו-14 הימים הראשונים
שלאחריו" יבוא "בעד 14 הימים הראשונים שלאחר יום התאונה".</p></content></point><point><heading><authorialNote placement="side"><p>תיקון סעיף 90ו</p></authorialNote></heading><num>5</num><content><p>
בסעיף 90ו לחוק העיקרי -
(1) בסוף פסקה (1) יבוא "פסקה זו לא תחול על עובד לשעה בעבודה שאינה
לצורך עסקו או משלח ידו של מעביד ועל עובד עצמאי אלא אם בעת התאונה
היו רשומים במוסד כאמור בסעיף 33";
(2) בפסקה (2)' במקום "מבוטח אחר" יבוא "מבוטח שפסקה (1) אינה חלה
עליו".</p></content></point><point><heading><authorialNote placement="side"><p>הוספת סעיפים 90ח-90ט</p></authorialNote></heading><num>6</num><content><p>
אחרי סעיף 90ז לחוק העיקרי יבוא:</p></content></point><point><heading><authorialNote placement="side"><p>"פרקי זמן שאין משלמים בעדם</p></authorialNote></heading><num>90</num><content><p>
ח. על אף האמור בפרק זה' לא ישולמו דמי תאונה בעד פרקי זמן
שבהם נמצא המבוטח -
(1) במוסד לטיפול רפואי או סיעתי שניתנים בו אכסון
וכלכלה' שלא לצורך קבלת טיפול רפואי או סיעודי עקב
התאונה;
(2) בשירות בצבא-הגנה לישראל?
(3) במאסר.</p></content></point><point><heading><authorialNote placement="side"><p>מועד להגשת התביעה</p></authorialNote></heading><num>90</num><content><p>
ט. על אף האמור בסעיף 128 תוגש תביעה לגימלה לפי פרק זה למוסד
תוך 90 ימים מיום התאונה' אולם המוסד יהיה רשאי' לפי שיקול דעתו'</p></content></point><point><heading><authorialNote placement="side"><p>תיקון סעיף 177</p></authorialNote></heading><num>7</num><content><p>
בסעיף 177 לחוק העיקרי, במקום פסקאות (2) ו-(3) יבוא:
"(2) שיטת העיגול של ההכנסה השנתית שלפיה משתלמים
דמי הביטוח;
(3) שיטת העיגול של דמי הביטוח, לרבות חלוקתם בהתאם
למועדי התשלום ועיגול המנה המתקבלת."</p></content></point><point><heading><authorialNote placement="side"><p>פרסום</p></authorialNote></heading><num>8</num><content><p>
חוק זה יפורסם ברשומות תוך שלושים ימים מיום קבלתו בכנסת.</p></content></point><signature><name>יצחק נבון</name><role>נשיא המדינה</role></signature><signature><name>מנחם בגין</name><role>ראש הממשלה</role></signature><signature><name>ישראל כץ</name><role>שר העבודה והרווחה</role></signature><dateOfAcceptance>08.08.1980</dateOfAcceptance></body>