<?xml version="1.0" encoding="UTF-8" ?>
<body><title><content><p>חוק הבוררות (תיקון), תשל"ד-1974 *</p></content></title><point><heading><authorialNote placement="side"><p>תיקון סעיף 1</p></authorialNote></heading><num>1</num><content><p>
בסעיף 1 לחוק הבוררות, תשכ"ח-1968 1 (להלן - החוק העיקרי), אחרי הגדרת
"פסק בוררות" יבוא:
""פסק בוררות-חוץ" - פסק בוררות שניתן מחוץ לישראל;".</p></content></point><point><heading><authorialNote placement="side"><p>תיקון סעיף 27</p></authorialNote></heading><num>2</num><content><p>
בסעיף 27(א) לחוק העיקרי, בסופו יבוא "ובכל מקרה שהוגשה בקשה לאישור של
פסק בוררות-חוץ".</p></content></point><point><heading><authorialNote placement="side"><p>הוספת סעיף 29א</p></authorialNote></heading><num>3</num><content><p>
אחרי סעיף 29 לחוק העיקרי יבוא:</p></content></point><point><heading><authorialNote placement="side"><p>"פסק בוררות חוץ</p></authorialNote></heading><num>29</num><content><p>
א. בקשה לאישור או לביטול של פסק בוררות-חוץ שחלה עליו אמנה
בינלאומית שישראל צד לה והאמנה קובעת הוראות בענין הנדון, תוגש
ותידון בהתאם לאותן הוראות ובכפוף להן."</p></content></point><point><heading><authorialNote placement="side"><p>הוספו; סעיף 39א</p></authorialNote></heading><num>4</num><content><p>
אחרי סעיף 39 לחוק העיקרי יבוא:</p></content></point><point><heading><authorialNote placement="side"><p>"שמירת דינים</p></authorialNote></heading><num>39</num><content><p>
א. אין בהוראות חוק זה כדי למנוע עיכוב ההליכים בבית המשפט,
אישור או ביטול של פסק בוררות או הליך אחר על פי חוק זה, אף אם
חל על הבוררות דין חוץ, או שפסק הבוררות הוא פסק בוררות-חוץ,
שלא חלה עליהם אמנה כאמור בסעיפים 6 או 29א או שאין באמנה הוראות
בענין הנדון."</p></content></point><point><heading><authorialNote placement="side"><p>הוספת סעיף 42</p></authorialNote></heading><num>5</num><content><p>
אחרי סעיף 41 לחוק העיקרי יבוא:</p></content></point><point><heading><authorialNote placement="side"><p>"ביצוע ותקנות</p></authorialNote></heading><num>42</num><content><p>
שר המשפטים ממונה על ביצוע חוק זה והוא רשאי להתקין תקנות
סדרי דין במידה שהדבר דרוש לקיום אמנה כאמור בסעיפים 6 או 29א."</p></content></point><point><heading><authorialNote placement="side"><p>ביטול</p></authorialNote></heading><num>6</num><content><p>
פקודת הבוררות (פסקי בוררות של חו"ל), 1934 2 - בטלה.</p></content></point><signature><name>אפרים קציר</name><role>נשיא המדינה</role></signature><signature><name>יצחק רבין</name><role>ראש הממשלה</role></signature><signature><name>חיים י' צדוק</name><role>שר המשפטים</role></signature><dateOfAcceptance>10.07.1974</dateOfAcceptance></body>