<?xml version="1.0" encoding="UTF-8" ?>
<body><title><content><p>חוק הביטוח הלאומי (תיקון מס' 44), התשמ"ב-1982 *</p></content></title><point><heading><authorialNote placement="side"><p>הוספת סעיף 22א</p></authorialNote></heading><num>1</num><content><p>
אחרי סעיף 22 לחוק הביטוח הלאומי [נוסח חדש], התשכ"ח-1968 1( להלן -
החוק העיקרי), יבוא:</p></content></point><point><heading><authorialNote placement="side"><p>"מענק ליתום שהגיע למצוות</p></authorialNote></heading><num>22</num><list><intro><p>
א. - (א) נפטר מבוטח ומשתלמת מכוחו קצבת שאירים, ישלם המוסד
לילדו בהגיעו לגיל 13, ולילדתו - בהגיעה לגיל 12, מענק בשיעור
שני שלישים מהשכר הממוצע כפי שהיה ב-1 באפריל, בעיגול לעשרה
השקלים הקרובים.</p></intro><subPoint><num>ב</num><content><p> אם לאחר תחילתה של שנת כספים חל פיצוי, יוגדל המענק
לפי סעיף זה בשיעור הפיצוי."</p></content></subPoint></list></point><point><heading><authorialNote placement="side"><p>תיקון סעיף 82ד</p></authorialNote></heading><num>2</num><content><p>
בסעיף 82ד(א) לחוק העיקרי, אחרי ''מבוטח שפגיעה בעבודה גרמה למותו" יבוא
"ושמשתלמת מכוחו קצבת תלויים", ובמקום "בעיגול למאה הלירות הקרובות" יבוא
"בעיגול לעשרה השקלים הקרובים".</p></content></point><point><heading><authorialNote placement="side"><p>תיקון סעיף 181</p></authorialNote></heading><num>3</num><content><p>
בסעיף 181 (ב) לחוק העיקרי, לפני "29" יבוא "22א".</p></content></point><signature><name>מנחם בגין</name><role>ראש הממשלה</role></signature><signature><name>יצחק נבון</name><role>נשיא המדינה</role></signature><chapter><num>ספר החוקים</num><title><content><p>1044, ט''ז באדר התשמ"ב, 11.3.1982</p></content></title></chapter><dateOfAcceptance>11.03.1982</dateOfAcceptance></body>