<?xml version="1.0" encoding="UTF-8" ?>
<body><title><content><p>חוק הביטוח הלאומי (תיקון מס' 36), תש"ם-1980 .</p></content></title><point><heading><authorialNote placement="side"><p>תיקון סעיף 69</p></authorialNote></heading><num>1</num><content><p>
בסעיף 69 (א) (1) לחוק הביטוח הלאומי ונוסח משולב]' תשכ"ח-1968  1(להלן -
החוק העיקרי), במקום "משליש" יבוא "מרבע".</p></content></point><point><heading><authorialNote placement="side"><p>תיקון סעיף 127סז</p></authorialNote></heading><num>2</num><content><p>
בסעיף 127סז לחוק העיקרי' בהגדרת "מינימום התגמול"' במקום "55%"
יבוא "45%".</p></content></point><point><heading><authorialNote placement="side"><p>תיקון סעיף 167</p></authorialNote></heading><num>3</num><content><p>
בסעיף 167 (א) לחוק העיקרי' אחרי "(ד2)" יבוא "(ד3)".</p></content></point><point><heading><authorialNote placement="side"><p>תיקון סעיף 177</p></authorialNote></heading><num>4</num><content><p>
בסעיף 177 לחוק העיקרי' במקום פסקאות (2)' (3) ו-(4) יבוא:
"(2) עיגול ההבנסה השנתית שלפיה משתלמים דמי
הביטוח - בדי חמישים השקלים הקרובים;
(3) חלוקת דמי הביטוח בהתאם למועדי התשלום, ועיגול
המנה לשקל הקרוב."</p></content></point><point><heading><authorialNote placement="side"><p>החלטת לוח י'</p></authorialNote></heading><num>5</num><content><p>
במקום לוח י' לחוק העיקרי יבוא:</p></content></point><point><heading><authorialNote placement="side"><p>תחולה</p></authorialNote></heading><num>7</num><content><p>
תחולתו של חוק זה לגבי שנות הכספים מ-1980 ואילך </p></content></point><point><heading><authorialNote placement="side"><p>פרסום</p></authorialNote></heading><num>8</num><content><p>
על אף האמור בסעיף 2 (ד) לחוק המעבר' תש"ט-1949 2, יפורסם חוק זה ברשומות
תוך עשרים ימים מיום קבלתו בכנסת.</p></content></point><signature><name>יצחק גבון</name><role>נשיא המדינה</role></signature><signature><name>מנחם בגין</name><role>ראש הממשלה</role></signature><signature><name>ישראל כץ</name><role>שר העבודה והרווחה</role></signature><dateOfAcceptance>13.04.1980</dateOfAcceptance></body>