<?xml version="1.0" encoding="UTF-8" ?>
<body><title><content><p>חוק הבחירות לכנסת ולרשויות המקומיות (הוראות שעה),</p></content></title><point><heading><authorialNote placement="side"><p>תחולת חוק הבחירות לכנסת</p></authorialNote></heading><num>1</num><content><p>
לשנת הפנקס שלגביה היום הקובע הוא א' בניסן תשל"ג יחולו הוראות חוק הבחירות
לכנסת ננוסח משולב], תשכ"ט-1969 1, בשינויים אלה:
(1) בסעיף 1, בהגדרת "היום הקובע", במקום "א' בניסן" יבוא "א' באייר";
(2) בסעיף 28, במקום "ט"ו באב" יבוא "ט"ו באלול";
(3) בסעיף 54, במקום "ט"ו באב" יבוא "ט"ו באלול'/</p></content></point><point><heading><authorialNote placement="side"><p>תחולת חוק הרשויות המקומיות (בחירות)</p></authorialNote></heading><num>2</num><content><p>
לשנת הפנקס כאמור בסעיף 1 יחולו הוראות חוק הרשויות המקומיות (בחירות),
תשכ"ה-1965 2, בשינויים אלה בסעיף 1 לחוק האמור:
(1) בהגדרת "שנת פנקס'/ במקום "ט"ו באב" יבוא "ט"ו באלול"?
(2) בהגדרת "היום הקובע", במקום "א' בניסן" יבוא "א' באייר'/</p></content></point><point><heading><authorialNote placement="side"><p>הוראת מעבר</p></authorialNote></heading><num>3</num><content><p>
פנקס הבוחרים לשנת הפנקס שלגביה היום הקובע הוא א' בניסן תשל"ב יעמוד בתקפו
עד יום י"ד באלול תשל"ג.</p></content></point><signature><name>שביאור זלמן שזר</name><role>בשיא המדינה</role></signature><signature><name>גולדה מאיר</name><role>ראש הממשלה</role></signature><signature><name>יוסף בורג</name><role>שר הפבים</role></signature><dateOfAcceptance>18.01.1973</dateOfAcceptance></body>