<?xml version="1.0" encoding="UTF-8" ?>
<body><title><content><p>חוק הביטוח הלאומי ,(תיקון מס' 28) (תיקון מס' 3),</p></content></title><point><heading><authorialNote placement="side"><p>תיקון מעיף 11</p></authorialNote></heading><num>1</num><content><p>
בסעיף 11 לחוק הביטוח הלאומי (תיקון מס' 28), תשל"ז-1977 1, בסעיף קטן (ב),
במקום "ט"ו בניסן תש"ם (1 באפריל 1980)" יבוא "ב"ו באדר ב' תשמ"א (1 באפריל
1981)".</p></content></point><signature><name>. יצחק נבון</name><role>נשיא המדינה</role></signature><signature><name>מנחם בגין</name><role>ראש הממשלה</role></signature><signature><name>ישראל בץ</name><role>שר העבודה והרווחה</role></signature><dateOfAcceptance>31.03.1980</dateOfAcceptance></body>