<?xml version="1.0" encoding="UTF-8" ?>
<body><title><content><p>חוק הביטוח הלאומי (תיקון מס' 10), תשל"ג-1973 *</p></content></title><point><heading><authorialNote placement="side"><p>שינוי מזמז</p></authorialNote></heading><num>1</num><content><p>
כחוק הביטוח הלאומי [נוסח משולב], תשכ"ח-1968 1 (להלן - החוק העיקרי), גבל
מקום, במקום "בעל" יבוא "בן-זוג".</p></content></point><point><heading><authorialNote placement="side"><p>תיקון סעיף 1</p></authorialNote></heading><num>2</num><content><p>
בסעיף 1 לחוק העיקרי -
(1) אחרי הגדרת "מדד" יבוא:
""השכר הממוצע", לשנת כספים פלונית - צירופם של שני אלה:
(1) הממוצע החדשי של השכר הממוצע למשרת שכיר
לששת החדשים האחרונים, לפי הנתונים שבידי הלשכה
המרכזית לסטטיסטיקה ב-1 במרס שלפני שנת הכספים
(בסעיף זה-התקופה הקובעת), שחושב על-פי מדדי השכר
והתעסוקה לכלל השכירים במשק (להלן בהגדרה זו - ממוצע
השכר);
(2) תוספת לממוצע השכר בשיעור המתאים לשיעור ההע-
לאה בתוספת היוקר המשתלמת לפי המדד, או לפיצוי בעד
התייקרות המשתלם במסגרת הסדר שנערך בין ארגון העוב-
דים המייצג את המספר הגדול כיותר של העובדים במדינה
לבין ארגון מעבידים שלדעת השר הוא ארגון יציג ונוגע
בדבר, לגבי התקופה שבין תום התקופה הקובעת לבין תחילת
כל שנת כספים שלאחר תום התקופה הקובעת?"
(2) בהגדרת "תקופת אכשרה", במקום "הרצוף" יבוא "בין שהוא רצוף ובין
שאינו רצוף;"
(3) אחרי הגדרת "תקופת אכשרה" יבוא:
""עגונה" - אשה נשואה שזה שנתיים נעלמו עקבות בן-זוגה, לרבות
אשה שכן זוגה נמצא שלא בהסכמתה תקופה כאמור בחוץ-לארץ ולא
נשא באותו זמן במזונותיה."</p></content></point><point><heading><authorialNote placement="side"><p>תיקון סעיף 5</p></authorialNote></heading><num>3</num><content><p>
בסעיף 5 לחוק העיקרי -
(1) כמקום הגדרת "אלמן" יבוא:
""אלמן" - מי שהיה בן-זוגה של המבוטחת בשעת פטירתה שנה אחת
לפחות, כל עוד יש עמו ילד או אינו מסוגל לכלכל עצמו או הכנסתו
אינה עולה על האמור בלוח כ'*, השר רשאי בצו, לאחר התייעצות עם שר
האוצר ובאישור ועדת העבודה של הכנסת, להגדיל לענין הגדרה זו את
הסכומים שבלוח ב';"
(2) במקום הגדרת "ילד" יבוא:
""ילד" - ילד של המבוטח, לרבות נכד שכל פרנסתו על המבוטח,
ובלבד שנתמלא בהם אחד מאלה:
(1) לא מלאו להם שמונה-עשרה שנהן</p></content></point><point><heading><authorialNote placement="side"><p>החלפת סעיף 6</p></authorialNote></heading><num>4</num><content><p>
במקום סעיף 6 לחוק העיקרי יבוא:</p></content></point><point><heading><authorialNote placement="side"><p>"חישוב התקופה לתשלום הקצנה</p></authorialNote></heading><num>6</num><content><p>
נוצרה זכות לקצבה או לתוספת קצבה לסי פרק זה לאחר האחד
כחודש, תשולם הקצבה או התוספת כאילו נוצרה הזכות באחד כאותו
חודש."</p></content></point><point><heading><authorialNote placement="side"><p>תיקון סעיף 8</p></authorialNote></heading><num>5</num><content><p>
בסעיף 8 לחוק העיקרי, במקום סעיף קטן (ב) יבוא:
"גב) סעיף קטן (א) לא יחול על עקרת בית שהיא עגונה."</p></content></point><point><heading><authorialNote placement="side"><p>החלפת סעיף 11</p></authorialNote></heading><num>6</num><content><p>
במקום סעיף 11 לחוק העיקרי יבוא:</p></content></point><point><heading><authorialNote placement="side"><p>"קצבת זקנה</p></authorialNote></heading><num>11</num><list><intro><p>
גא) מבוטח שהגיע לגיל קצבת זקנה, ישלם לו המוסד, בכפוף
לאמור בסעיף קטן (ג), קצבה חדשית לפי השיעור הקבוע בלוח ג' מהשכר
הממוצע.</p></intro><subPoint><num>ב</num><content><p> לענין הזכויות לפי סעיפים 11, 12, 12א, 17, 19 ו-20,
רואים כמבוטח גם תושב ישראל שהשלים תקופת אכשרה לפי סעיף 15
אף אם לא היה מבוטח לפי סימן ב' ערב הגיעו לגיל המזכה אותו לקצבת
זקנה.</p></content></subPoint><subPoint><num>ג</num><content><p> אם לאחר תחילתה של שנת כספים חלה העלאה בתוספת
יוקר כתוצאה משינוי המדד, או הושג פיצוי בעד התייקרות לפי כל
הסדר אחר שנערך בין ארגון העובדים המייצג את המספר הגדול ביותר
של העובדים במדינה לבין ארגון מעבידים שלדעת השר הינו ארגון
יציג ונוגע בדבר, או לפי הסכם מכוח סעיף 200 בין ממשלת ישראל לבין
המוסד (להעלאה או לפיצוי כאמור ייקרא להלן "פיצוי"), תוגדל קצבת
הזקנה, מיום תחילת הפיצוי, בשיעור השווה לשיעור הגדלת שכר העבודה
כתוצאה מתשלום הפיצוי.</p></content></subPoint><subPoint><num>ד</num><content><p> שר העבודה, בהתייעצות עם שר האוצר ובאישור ועדת
העבודה של הכנסת, רשאי להגדיל את השיעורים הקבועים בלוח ג/</p></content></subPoint><subPoint><num>ה</num><content><p> בכפוף לאמור בסעיף 146 יוסיף המוסד לשלם את הקצבה למי
שחדל להיות תושב ישראל."</p></content></subPoint></list></point><point><heading><authorialNote placement="side"><p>תיקון סעיף 12</p></authorialNote></heading><num>7</num><content><p>
בסעיף 12 לחוק העיקרי -
 (1) כמקום סעיף קטן (א) (2) יבוא:
"(2) הסכומים הנקובים בלוח ב' יוגדלו כל שנה החל ב-1
באפריל לפי שיעור השינוי כשכר הממוצע.";</p></content></point><point><heading><authorialNote placement="side"><p>תיקון סעיף 12א</p></authorialNote></heading><num>8</num><content><p>
בסעיף 12א לחוק העיקרי, בסופו יבוא "אולם רשאי המבוטח לוותר על קצבה זו
לתקופה שביקש".</p></content></point><point><heading><authorialNote placement="side"><p>החלפת סעיף 18</p></authorialNote></heading><num>9</num><content><p>
במקום סעיף 15 לחוק העיקרי יבוא:י</p></content></point><point><heading><authorialNote placement="side"><p>ביטול סעיף 16</p></authorialNote></heading><num>10</num><content><p>
סעיף 16 לחוק העיקרי - בטל.</p></content></point><point><heading><authorialNote placement="side"><p>תיקון סעיף 17</p></authorialNote></heading><num>11</num><list><intro><p>
בסעיף 17 לחוק העיקרי -
(1) בפסקה (1) (ג), במקום "בפרט 2" יבוא "בפרט 1'-?
(2) בפסקה (2), המלים "שלא משתלמת בעדו קצבה לפי פרק הי" - יימחקו?
(3) כמקום פסקה (3) יבוא:
"(3) מי שהוא בן-זוגה של מבוטחת שנה אחת לפחות ונתקיים
בו אחד מאלה:</p></intro><subPoint><num>א</num><content><p> הוא אינו מסוגל לכלכל עצמו:</p></content></subPoint><subPoint><num>ב</num><content><p> מלאו לו 65 שנים?</p></content></subPoint><subPoint><num>ג</num><content><p> מלאו לו 50 שנה והכנסתו אינה עולה על הסכת!
הנקוב בפרט 1 ללוח ב' או על כל סכום אחר שהשד
קבע בצו לאחר התייעצות בשר האוצר ובאישור ועדה
העבודה של הכנסת."</p></content></subPoint></list></point><point><heading><authorialNote placement="side"><p>הוספת סעיף א17</p></authorialNote></heading><num>12</num><content><p>
אחרי סעיף 17 לחיק העיקרי יבוא:</p></content></point><point><heading><authorialNote placement="side"><p>-תשלום לבן-זוג במישרין</p></authorialNote></heading><num>17</num><content><p>
א. זכאי אדם לתוספת תלויים בעד בן-זוגו, רשאי המוסד לשלם במי'
שרין את התוספת לבן-הזוג אם בן-הזוג ביקש זאת ולתקופה שביקש."</p></content></point><point><heading><authorialNote placement="side"><p>תיקון סעיף 19</p></authorialNote></heading><num>13</num><list><intro><p>
בסעיף 19 לחוק העיקרי -
(1) האמור בסעיף יסומן (א)-, ובו, המליט "שבה שולמו כל דמי הביטוח" ~
יימחקו, ובמקום "מכוח הסעיף האמור" יבוא "מכוח סעיף זה";
(2) אחר'4 סעיף קטן (א) יבוא:
"(ב) מבוטח שהיתה לו הכנסה כאמור במשך תשעה חדשים לפחות
מתוך שנה פלונית יראוהו לענין סעיף זה כאילו היתה לו הכנסתו זו
במשך כל השנה.</p></intro><subPoint><num>ג</num><content><p> על-אף האמור בסעיף קטן (א) יחולו הוראות סעיף זה אף
לגבי מי שוויתר על הקצבה כאמור בסעיף 12א."</p></content></subPoint></list></point><point><heading><authorialNote placement="side"><p>ביטול סעיף 20א</p></authorialNote></heading><num>14</num><content><p>
סעיף 20א לחוק העיקרי - בטל.</p></content></point><point><heading><authorialNote placement="side"><p>החלפת סעיף 21</p></authorialNote></heading><num>15</num><content><p>
במקום סעיף 21 לחוק העיקרי יבוא:</p></content></point><point><heading><authorialNote placement="side"><p>''גמלת שאירים</p></authorialNote></heading><num>21</num><list><intro><p /></intro><subPoint><num>א</num><content><p> נפטר מבוטח, ישלם המוסד קצבת שאירים לפי השיעור
הקבוע בלוח ד' מהשכר הממוצע או מענק כאמור בסעיף .23</p></content></subPoint><subPoint><num>כ</num><content><p> לענין הזכויות לפי סעיף זה וסעיפים 22, 25, 26, 26א
ו-29(ב), רואים כמבוטח גם תושב ישראל שהשלים תקופת האכשרה לפי
סעיף 22 אף אם לא היה מבוטח בעת שנפטר.</p></content></subPoint><subPoint><num>ג</num><content><p> הוראות סעיף 11 (ג) יחולו גם לגבי העלאת גמלת שאירים,
בשינויים המחוייכים.</p></content></subPoint><subPoint><num>ד</num><content><p> שר העבודה, בהתייעצות עם שר האוצר ובאישור ועדת
העבודה של הכנסת, רשאי להגדיל את השיעורים הקבועים בלוח ד/"</p></content></subPoint></list></point><point><heading><authorialNote placement="side"><p>תיקון מעיף 22</p></authorialNote></heading><num>16</num><content><p>
בסעיף 22 לחוק העיקרי -
(1) במקום סעיף קטן (א) יבוא:
"(א) תקופת האכשרה המזכה .לגמלת שאירים לפי סעיף 21 היא
אחת מאלה:
(1) 12 החרשים האחרונים לפני תאריך הפטירה:
(2) 24 חדשים, בין שהם רצופים ובין שאינם רצופים,
בחמש השנים האחרונות לפני תאריך הפטירה.";
(2) בסעיף קטן (ב), אחרי פסקה (3) יבוא:
"(4) מבוטח שעיקר פרנסת בן-זוגו או ילדיו היתה עליי;
(5) מבוטח ששאיר משאיריו אינו מסוגל לכלכל עצמו -
לגבי אותו שאיר."</p></content></point><point><heading><authorialNote placement="side"><p>החלשת סעיף 23</p></authorialNote></heading><num>17</num><content><p>
במקום סעיף 23 לחוק העיקרי יבוא:</p></content></point><point><heading><authorialNote placement="side"><p>-תשלום מענק</p></authorialNote></heading><num>23</num><list><intro><p /></intro><subPoint><num>א</num><content><p> אלמנה שלא מלאו לה עדיין ארבעים שנה - ואינה זכאית
לקצבה או שפקעה זכותה לקצבה לפי האמור בפרט 3 שבלוח ד' - ישלם
לה המוסד מענק בסכום השווה לקצבת שאירים לפי פרט 1 שבלוח ד/
כפול שלושים ושש.</p></content></subPoint><subPoint><num>ב</num><content><p> חזרה ונישאה אלמנה הזכאית לקצבת שאירים, תפקע זכותה
לקצבת שאירים והמוסד ישלם לה מענק בשיעור האמור בסעיף קטן (א).</p></content></subPoint><subPoint><num>ג</num><content><p> דין אלמן לענין סעיף זה בדין אלמנה",</p></content></subPoint></list></point><point><heading><authorialNote placement="side"><p>הוספת סעיף 23א</p></authorialNote></heading><num>18</num><content><p>
אחרי סעיף 23 לחוק העיקרי יבוא:</p></content></point><point><heading><authorialNote placement="side"><p>"אלמנה שהיה עמה ילד</p></authorialNote></heading><num>23</num><content><p>
א. אלמנה הזכאית לקצבת שאירים, שהיה עמה ילד ואיבו עמה עוד -
תשולם לה קצבה באילו היא בת חמישים."</p></content></point><point><heading><authorialNote placement="side"><p>תיקון סעיף 24</p></authorialNote></heading><num>19</num><content><p>
בסעיף 24 לחוק העיקרי, במקום "המבוטח" יבוא "אדם", ואחרי "לפי לוח ד'" יבוא
"או לפי סעיף 23".</p></content></point><point><heading><authorialNote placement="side"><p>החלפת סעיף 25</p></authorialNote></heading><num>20</num><content><p>
במקום סעיף 25 לחוק העיקרי יבוא:</p></content></point><point><heading><authorialNote placement="side"><p>"גמלה ליותר מאלמנה אחת</p></authorialNote></heading><num>25</num><content><p>
מבוטח שהניח אחריו יותר מאלמנה אחת - תהיה כל אחת מהן זכאית
לגמלת שאירים לפי סימן זה כאילו היא אלמנה יחידה."</p></content></point><point><heading><authorialNote placement="side"><p> ביטול סעיף 25א</p></authorialNote></heading><num>21</num><content><p>
סעיף 25א לחוק העיקרי - כטל.</p></content></point><point><heading><authorialNote placement="side"><p>הוספת סעיפים 26א עד 26ד</p></authorialNote></heading><num>22</num><content><p>
אחרי סעיף 26 לחוק העיקרי יבוא:</p></content></point><point><heading><authorialNote placement="side"><p>''קצבה למפרע לאלמן</p></authorialNote></heading><num>26</num><content><p>
א. נפטרה אשתו המבוטחת של אדם והוא חדל להיות מסוגל לכלכל
עצמו תוך שנה מפטירתה יהיה זכאי לקצבה החל מיום פטירתה כל עוד
אינו מסוגל כאמור.</p></content></point><point><heading><authorialNote placement="side"><p>זכאי לקצבה שאירים בגיל קצבת זקנה</p></authorialNote></heading><num>26</num><list><intro><p>
ב. (א) זכאי לקצבת שאירים שנעשה זכאי לקצבת זקנה או זכאי
לקצבת זקנה שנעשה זכאי לקצבת שאירים - ישולם לו, בנוסף לקצבת
הזקנה, השיעור מקצבת השאירים שנקבע כלוח ד1 לשנת הכספים שבה
משתלמת קצבת הזקנה, ובלבד שהשלים תקופת אכשרה לפי סעיף 15 (א).</p></intro><subPoint><num>כ</num><content><p> תושב ישראל הזכאי לקצבת שאירים ואינו מבוטח לפי פרק ב/
יהיה זכאי לקצבת זקנה בשיעור שאינו פחות מקצבת שאירים אם התמלאו
בו התנאים שהיו מזכים מבוטח לקצבת זקנה לפי סעיף 12, ומאותו מועד
לא יהיה זכאי לקצבת שאירים, אולם אם חדל להיות זכאי לקצבת זקנה
יחודש תשלום קצבת השאירים: לענין סעיף קטן זה, "קצבת שאירים" -
לרבות קצבת תלויים ששיעורה אינו עולה על שיעור קצבת השאירים
שהיתה משתלמת לאותו זכאי.</p></content></subPoint><subPoint><num>ג</num><content><p> קצבת זקנה לפי סעיף זה תשולם במלואה, על אף האמור
בסעיף 181.</p></content></subPoint></list></point><point><heading><authorialNote placement="side"><p>חשלום במקרה סטירה</p></authorialNote></heading><num>26</num><content><p>
ג. נפטר אדם שהיתה משתלמת לו או בעדו קצבת זקנה או קצבת
שאירים - ישולם לשאיריו סכום השווה לקצבה האחרונה ששולמה לו
או בעדו, כפול שש.</p></content></point><point><heading><authorialNote placement="side"><p>חוב של קצבה</p></authorialNote></heading><num>26</num><content><p>
ד. זכאי לקצבת זקנה או לקצבת שאירים, שנפטר לפני ששולמה לו
הקצבה, כולה או מקצתה, ישולם חוב הקצבה לשאיריו."</p></content></point><point><heading><authorialNote placement="side"><p>תיקון סעיף 28</p></authorialNote></heading><num>23</num><content><p>
בסעיף 28 לחוק העיקרי, במקום "לפי פרט 9" יבוא "לפי פרט 5".</p></content></point><point><heading><authorialNote placement="side"><p>תיקון סעיף 31</p></authorialNote></heading><num>24</num><content><p>
בסעיף 31 לחוק העיקרי, בסעיף קטן (א), במקום פסקה (9) יבוא:
"(9) מי ששכרו נקבע בחוק או על-פיו."</p></content></point><point><heading><authorialNote placement="side"><p>תיקון סעיף 36</p></authorialNote></heading><num>25</num><content><p>
כסעיף 36 לחוק העיקרי -
(1) בפסקה (3), אחרי "במקום עבודתו סועדים" יכוא "והתאונה אירעה
בקשר לעבודה או עקב סיכוני המקום או תוך כדי סעדו כאותו מקום ועקב כך";</p></content></point><point><heading><authorialNote placement="side"><p>תיקח סעיף 37</p></authorialNote></heading><num>26</num><content><p>
בסעיף 37 לחוק העיקרי -
(1) בסעיף קטן (א), במקום "או (4)" יבוא "(4) או (6)" ובמקום "אם המבוטח
הפסיק את הנסיעה או ההליכה הפסקה של ממש או סטה מהדרך המקובלת"
יבוא "אם חלה בנסיעה או בהליכה הפסקה או סטיה של ממש מהדרך המקובלת";
(2) בסעיף קטן (ב), אחרי "למעון ילדים" יבוא "או למקום אחר שהשר קבע
בתקנות כמקום שבו נמצא ילד לפי הסדר קבע".</p></content></point><point><heading><authorialNote placement="side"><p>הוספת סעיף 83א</p></authorialNote></heading><num>27</num><content><p>
אחרי סעיף 63 לחוק העיקרי יבוא:</p></content></point><point><heading><authorialNote placement="side"><p>''התחשבות בדרגת נבות</p></authorialNote></heading><num>63</num><content><p>
א. על אף האמור כסעיף 63, רשאי השר לקבוע בתקנות, כאישור
ועדת העבודה של הכנסת, נסיבות שלפיהן תובא בחשבון לצורך הגדלת
דרגת הנכות אף נכות קודמת כתוצאה מפגיעה בעבודה אשר כשלה
שולמה או משתלמת גמלה לפי סימן זה, אם עקב האופי המצטבר של
הנכויות נפגע במידה ניכרת כושר השתכרותו של הנכה."</p></content></point><point><heading><authorialNote placement="side"><p>תיקון סעיף 64א</p></authorialNote></heading><num>28</num><content><p>
בסעיף 64א לחוק העיקרי, במקום "לפני בית הדין לערעורים שלפי סעיף 224"
יבוא "לפני בית הדין הארצי כמשמעותו בחוק בית-הדין לעבודה, תשכ"ט-31969".</p></content></point><point><heading><authorialNote placement="side"><p>תיקון סעיף 66</p></authorialNote></heading><num>29</num><list><intro><p /></intro><subPoint><num>א</num><content><p> בסעיף 66 לחוק העיקרי -
(1) בכותרת השוליים, במקומ "24%" יבוא "19%";
(2) בסעיף קטן (א), במקום "מ-25%" יבוא "מ- 20%";
(3) במקום סעיף קטן (ג) יבוא:
"גג) נקבעה דרגת נכות כאמור בסעיף קטן (א) למועד שאחרי
31 במרס שלאחר שנת הלוח שבה אירעה הפגיעה בעבודה, יוגדלו דמי
הפגיעה המשמשים יסוד לחישוב המענק באופן יחסי לשיעור העליה כשכר
הממוצע, ובלבד שדמי הפגיעה לא יוגדלו מעל המקסימום ליום הנקוב
בלוח ה/ כפול שבע."</p></content></subPoint><subPoint><num>ב</num><content><p> אין בהוראות סעיף זה כדי לזכות בקצבה נכה שלפני תחילתו של הסעיף נקבעה
לו דרגת נכות המזכה למענק, אלא אם הוגדלה דרגת הנכות לאחר תחילת הסעיף עד כדי
לזכותו בקצבה.</p></content></subPoint></list></point><point><heading><authorialNote placement="side"><p>תיקון מעיף 67</p></authorialNote></heading><num>30</num><content><p>
בסעיף 67 לחוק העיקרי, סעיף קטן (ב) - בטל, והסימון (א) - יימחק.</p></content></point><point><heading><authorialNote placement="side"><p>-תיקון מעיף 68</p></authorialNote></heading><num>31</num><content><p>
בסעיף 68 לחוק העיקרי -
(1) בכותרת השוליים, במקום "25" יבוא "20";
(2) במקומ "מ-25%", פעמיים, יבוא "מ-20%".</p></content></point><point><heading><authorialNote placement="side"><p>הוספת סעיף 68ב</p></authorialNote></heading><num>32</num><content><p>
אחרי סעיף 68א לחוק העיקרי יבוא:</p></content></point><point><heading><authorialNote placement="side"><p>"הצמדה לשכר הממוצע</p></authorialNote></heading><num>68</num><list><intro><p>
ב. (א) קצבת הנכות תשתנה כל שנה ב-1 באפריל לפי שיעור התנו-
דות של השכר הממוצע, ובלבד שהקצבה לא תעלה על המקסימום ליום
הקבוע בלוח ה', כפול שלושים.</p></intro><subPoint><num>ב</num><content><p> לגבי פגיעה בעבודה שאירעה בשנת 1973 או לאחריה, קצבת
הנכות תשתנה לראשונה כאמור ב-1 באפריל שלאחר השנה שבה אירעה
הפגיעה בעבודה.</p></content></subPoint><subPoint><num>ג</num><content><p> הוראות סעיף 11 (ג) יחולו גם לגבי העלאת קצבת הנכות,
בשינויים המחוייבים; ההעלאה מכוח סעיף קטן זה תעמוד בתקפה עד
31 במרס שלאחריה."</p></content></subPoint></list></point><point><heading><authorialNote placement="side"><p>תיקון סעיף 89</p></authorialNote></heading><num>33</num><content><p>
בסעיף 69 לחוק העיקרי, בסעיף קטן (ג), בסופו יבוא "לענין תשלום קצבה מיוחדת
או מענקים לסידורים חד-פעמיים - שניהם ביחד או כל אחד מהם בנפרד".</p></content></point><point><heading><authorialNote placement="side"><p>חוסמת סעיף 73ב</p></authorialNote></heading><num>34</num><content><p>
אחרי סעיף 73א לחוק העיקרי יבוא:</p></content></point><point><heading><authorialNote placement="side"><p>"קביעת הוצאות מחיה ולינה"</p></authorialNote></heading><num>73</num><content><p>
ב. המתייצב כפני רופא או ועדה רפואית לעררים יהיה זכאי להוצאות
המחיה והלינה וכן לתמורה בעד הפסד שכר או הכנסה בהתאם לתעריפים
שקבע השר בתקנות באישור ועדת העבודה של הכנסת.'"</p></content></point><point><heading><authorialNote placement="side"><p>תיקון סעיף 74</p></authorialNote></heading><num>35</num><content><p>
בסעיף 74 (א) לחוק העיקרי -
(1) בפסקה (1), המלים "להוציא מי שהיתה לאשתו לאחר הפגיעה* - יימחקו;
(2) במקום פסקה (5) יבוא:
"(5) מי שהיה בן-זוגה של המבוטחת בשעת פטירתה, כל עוד
יש עמו ילד או אינו מסוגל לכלכל עצמו או הכנסתו אינה
עולה על האמור בלוח ב' (להלן - אלמן); השר רשאי לקבוע
בצו, לאחר התייעצות עם שר האוצר ובאישור ועדת העבודה
של הכנסת, סכומים אחרים לענין הגדרה זו במקום הסכומים
שבלוח ב'."</p></content></point><point><heading><authorialNote placement="side"><p>הוספת סעיף 77א</p></authorialNote></heading><num>36</num><content><p>
אחרי סעיף 77 לחוק העיקרי יבוא:</p></content></point><point><heading><authorialNote placement="side"><p>"גמלה ליותר מאלמנה אתת</p></authorialNote></heading><num>77</num><content><p>
א. מבוטח שהניח אחריו יותר מאלמנה אחת - תהיה כל אחת מהן
זכאית לגמלת תלויים- כאילו היא אלמנה יחידה."</p></content></point><point><heading><authorialNote placement="side"><p>הוספת סעיפים 382 ו-82ג</p></authorialNote></heading><num>37</num><content><p>
אחרי סעיף 82א לחוק העיקרי יבוא:</p></content></point><point><heading><authorialNote placement="side"><p>"הצמדה לשכר הממוצע</p></authorialNote></heading><num>82</num><list><intro><p>
כ. (א) קצבת התלויים תשתנה כל שנה ב-1 באפריל לפי שיעור
התנודות של השכר הממוצע, ובלבד שהקצבה לא תעלה על המקסימום
ליום הקבוע בלוח ה', כפול שלושים.</p></intro><subPoint><num>כ</num><content><p> לגבי פגיעה בעבודה שאירעה בשנת 1973 או לאחריה, קצכת
התלויים תשתנה לראשונה כאמור רק ב-1 באפריל שלאחר השנה שבה
אירעה הפגיעה בעבודה.</p></content></subPoint><subPoint><num>ג</num><content><p> הוראות סעיף 11 (ג) יחולו גם לגבי העלאת קצבת התלויים,
בשינויים המחוייבים; ההעלאה מכוח סעיף קטן זה תעמוד בתקפה עד 31
במרס שלאחריה."</p></content></subPoint></list></point><point><heading><authorialNote placement="side"><p>הוספת סעיף 82ג</p></authorialNote></heading><num>38</num><content><p>
אחרי סעיף 82ב לחוק העיקרי יבוא:</p></content></point><point><heading><authorialNote placement="side"><p>-חוג של קצבת תלויים</p></authorialNote></heading><num>82</num><content><p>
ג. נפטר זכאי לקצבת תלויים לפני ששולמה לו הקצבה, כולה או
מקצתה, ישולם חוב הקצבה לתלויים."</p></content></point><point><heading><authorialNote placement="side"><p>תיקון סעיף 83</p></authorialNote></heading><num>39</num><content><p>
בסעיף 83 לחוק העיקרי, במקום "25%" יבוא "20%".</p></content></point><point><heading><authorialNote placement="side"><p>תיקון סעיף 90</p></authorialNote></heading><num>40</num><content><p>
כסעיף 90 לחוק העיקרי-
(1) במקום הגדרת "אלמנה" יבוא:
""אלמנה" או "אלמן" - כמשמעותם בסעיף 5 או בסעיף 74:"
(2) כהגדרת "יתום", בסופו יבוא "שמשתלמת לו או בעדו קצבת שאירים או
קצבת תלויים".</p></content></point><point><heading><authorialNote placement="side"><p>תיקון סעיף 90א</p></authorialNote></heading><num>41</num><content><p>
בסעיף 90א לחוק העיקרי -
(1) בפסקה (1), אחרי "לאלמנה" יבוא "או לאלמן":
(2) בפסקה (2), אחרי "תשלומי דמי מחיה" יבוא "והוצאות אבחון".</p></content></point><point><heading><authorialNote placement="side"><p>החלפת סעיף 93</p></authorialNote></heading><num>42</num><content><p>
במקום סעיף 92 לחוק העיקרי יבוא:</p></content></point><point><heading><authorialNote placement="side"><p>-מבוטחת</p></authorialNote></heading><num>92</num><list><intro><p /></intro><subPoint><num>א</num><content><p> מבוטחת למענק לידה היא אחת מאלה:.
(1) מבוטחת לפי סרק כ' או אשת מבוטח לפי סרק ב/ אף
אם הלידה אירעה מחוץ לישראל:
(2)  עובדת או עובדת עצמאית המועסקת בישראל או אשת
עובד או עובד עצמאי המועסק בישראל, אף אם כל אלה
אינם תושבי ישראל, ובלבד שהלידה אירעה בישראל.</p></content></subPoint><subPoint><num>ב</num><content><p> מבוטחת לדמי-לידה היא עובדת או עובדת עצמאית שמלאו
לה שמונה-עשרה שנה והיא מועסקת בישראל, ואם היא ומעבידה הם
תושבי ישראל וחוזה העבודה נקשר בישראל - אף אם היא עובדת מחוץ
לישראל."</p></content></subPoint></list></point><point><heading><authorialNote placement="side"><p>תיקון סעיף 94</p></authorialNote></heading><num>43</num><content><p>
בסעיף 94 לחוק העיקרי, בסעיף קטן (א), אחרי "בשבילו" יבוא "ויכול שיינתן
באמצעות בית החולים או המוסד הרפואי שבו אושפזה המבוטחת בקשר ללידה".</p></content></point><point><heading><authorialNote placement="side"><p>תיקון סעיף 98</p></authorialNote></heading><num>44</num><content><p>
בסעיף 98 לחוק העיקרי, בסעיף קטן (א), במקום "כעובדת" יבוא "לפי שכרה כעו-
בדת", במקום "כעובדת עצמאית" יבוא "לפי הכנסתה כעובדת עצמאית", ובמקום "אם
היתה מבוטחת", בכל מקום בסעיף, יבוא "אם שולמו בעדה דמי ביטוח כאמור".</p></content></point><point><heading><authorialNote placement="side"><p>הוספת סעיף 103א</p></authorialNote></heading><num>45</num><content><p>
אחרי סעיף 103 לחוק העיקרי יבוא:</p></content></point><section><num>''סימן ד':</num><title><content><p>תשלום מיוחד</p></content></title><point><heading><authorialNote placement="side"><p>תשלום מיוחד</p></authorialNote></heading><num>103</num><content><p>
א. אשה המבוטחת לפי סעיף 92 שנפטרה בעת הלידה או תוך שנה
מיום הלידה, ישולם בעד היילוד תשלום מיוחד לפי תנאים ושיעורים
שייקבעו כתקנות באישור ועדת העבודה של הכנסת."</p></content></point><point><heading><authorialNote placement="side"><p>ביטול סעיף 107</p></authorialNote></heading><num>46</num><content><p>
סעיף 107 לחוק העיקרי - בטל.</p></content></point><point><heading><authorialNote placement="side"><p>הוספת סעיף 109א</p></authorialNote></heading><num>47</num><content><p>
אחרי סעיף 109 לחוק העיקרי יבוא:</p></content></point><point><heading><authorialNote placement="side"><p>-שיעורי הקצבה</p></authorialNote></heading><num>109</num><content><p>
א. (א) קצבת המשפחה החדשית תהיה לפי השיעורים שבלוח ח';</p></content></point><point><heading><authorialNote placement="side"><p>תיקון סעיף 114</p></authorialNote></heading><num>48</num><content><p>
בסעיף 114 לחוק העיקרי, בסופו יבוא "אולם אם נפטר ילד שבעדו שולמה קצבת
משפחה, ימשיכו בתשלום הקצבה שלושה חדשים לאחר הפטירה".</p></content></point><point><heading><authorialNote placement="side"><p>הוספת סעיף 121 א</p></authorialNote></heading><num>49</num><content><p>
אחרי סעיף 121 לחוק העיקרי יבוא:</p></content></point><point><heading><authorialNote placement="side"><p>"תשלום קצבה לאחר הפטירה</p></authorialNote></heading><num>121</num><content><p>
א. נפטר ילד שבעדו שולמה קצבה, ימשיכו בתשלום הקצבה שלושה
חדשים לאחר הפטירה."</p></content></point><point><heading><authorialNote placement="side"><p>תיקון סעיף 127א</p></authorialNote></heading><num>50</num><content><p>
בסעיף 127א לחוק העיקרי, בהגדרת "דמי אבטלה", במקום "למבוטח" יבוא "לזכאי".</p></content></point><point><heading><authorialNote placement="side"><p>תיקון מעיף 127ג</p></authorialNote></heading><num>51</num><content><p>
בסעיף 127ג לחוק העיקרי, בסעיף קטן (א), בסופו יבוא "ועוד לא מלאו לו, בגבר -
ששים וחמש שנים, ובאשה - ששים שנה".</p></content></point><point><heading><authorialNote placement="side"><p>תיקון סעיף ל12ר</p></authorialNote></heading><num>52</num><content><p>
בסעיף 127ד לחוק העיקרי -
(1) בסעיף קטן (ג) (2), אחרי "ימי שירות סדיר" יבוא "על פי חוק שירות
בטחון, תשי"ט-1959 [נוסח משולב];
(2) סעיף קטן (ד) - בטל.</p></content></point><point><heading><authorialNote placement="side"><p>תיקון סעיף 127ה</p></authorialNote></heading><num>53</num><content><p>
כסעיף 127ה לחוק העיקרי, במקום פסקה (1) יבוא:
"(1) הכשרה, השתלמות או הסבה מקצועית לפי הפניה
משירות התעסוקה או ממי שאישר לכך שירות התעסוקה
(לכל אלה ייקרא להלן - הכשרה מקצועית) - 360 יום";</p></content></point><point><heading><authorialNote placement="side"><p>תיקון סעיף 127ו</p></authorialNote></heading><num>54</num><content><p>
בסעיף 127 ו לחוק העיקרי, בסעיף קטן (ג), במקום "תוך שנה" יבוא "תוך שנים עשר
חדשים מהתאריך הקובע".</p></content></point><point><heading><authorialNote placement="side"><p>תיקון מעיף 127ז</p></authorialNote></heading><num>55</num><content><p>
בסעיף 127ז לחוק העיקרי, בסעיף קטן (ב), במקום "לענין סעיף 127ו" יבוא "לענין
סעיף 127ח (ב)".</p></content></point><point><heading><authorialNote placement="side"><p>תיקון סעיף 127ח</p></authorialNote></heading><num>56</num><content><p>
בסעיף 127ח לחוק העיקרי, בסעיף קטן (א), במקום "מהתאריך הקובע" יבוא "מיום
הפסקת העבודה".</p></content></point><point><heading><authorialNote placement="side"><p>תיקון סעיף 127יא</p></authorialNote></heading><num>57</num><content><p>
בסעיף 127יא לחוק העיקרי, במקום "מובטל" יבוא "זכאי".</p></content></point><point><heading><authorialNote placement="side"><p>תיקון סעיף 127יב</p></authorialNote></heading><num>58</num><content><p>
בסעיף 127יב לחוק העיקרי -
(1) סעיף קטן (ב) - בטל, והסימון (א) יימחק;
(2) במקום "השכר החדשי הממוצע במשק בחדשים אפריל עד ספטמבר של
השנה שקדמה לתאריך הקובע" יבוא "השכר הממוצע".</p></content></point><point><heading><authorialNote placement="side"><p>תיקון סעיף 127טו</p></authorialNote></heading><num>59</num><content><p>
בסעיף 127טו לחוק העיקרי. במקום "120 ימים רצופים" יבוא "ארבעה חדשים
רצופים".</p></content></point><point><heading><authorialNote placement="side"><p>תיקון סעיף 127יח</p></authorialNote></heading><num>61</num><content><p>
בסעיף 127יח לחוק העיקרי, בסעיף קטן (א), במקום "בפרנסת הוריו או אחיו" יבוא
"בפרנסת הוריו או שהוא ללא הורים".</p></content></point><point><heading><authorialNote placement="side"><p>תיקון סעיף 127יט</p></authorialNote></heading><num>62</num><content><p>
בסעיף 127יט לחוק העיקרי, בסעיף קטן (ב), בסופו יבוא "השר רשאי לקבוע בתקנות
כי שיעור נוסף זה יהיה מיועד לפעולות כאמור בסעיף קטן (א) גם לענין סוגים פלונים של
זכאים".</p></content></point><point><heading><authorialNote placement="side"><p>תיקח סעיף 127כ</p></authorialNote></heading><num>63</num><content><p>
בסעיף 127כ לחוק העיקרי, במקום "127יח (א) ו-127יט (א) ו-(ב)" יבוא "127יח (א).
127יט (ב) ו-143 (ה) (5)".</p></content></point><point><heading><authorialNote placement="side"><p>תיקון סעיף 138</p></authorialNote></heading><num>64</num><content><p>
כסעיף 135 לחוק העיקרי, אחרי סעיף קטן (ב) יבוא:
"(ג) זבות לגמלת כסף לפי חוק זה אינה עוברת בירושה,'"</p></content></point><point><heading><authorialNote placement="side"><p>הוספת סעיף 137א</p></authorialNote></heading><num>65</num><content><p>
אחרי סעיף 137 לחוק העיקרי יבוא;</p></content></point><point><heading><authorialNote placement="side"><p>"תשלום למי שסיפק מצרפים חיוניים</p></authorialNote></heading><num>137</num><content><p>
א. זכאי לקיצבה לפי פרקים ב' או ג', שנפטר בלי שגבה מלוא
הקצבה המגיעה לו ובלי שהשאיר אחריו שאירים או תלויים, ישולם למי
שיוכיח, להנחת דעתו של המוסד, שסיפק לזכאי בשנה האחרונה לפני
הפטירה מצרכים או שירותים שהיו חיוניים לו ולא שולם בעדם, סכום
שלא יעלה על סכום הקצבה בעד ששה החדשים האחרונים לפני הפטירה."</p></content></point><point><heading><authorialNote placement="side"><p>תיקון סעיף 139</p></authorialNote></heading><num>66</num><content><p>
בסעיף 139 לחוק העיקרי, בסעיף קטן (ב), במקום "למבוטח" יבוא "לזכאי", ובמקום
"מכוח המבוטח" יבוא "מכוח הזכאי".</p></content></point><point><heading><authorialNote placement="side"><p>נימול סעיף 141</p></authorialNote></heading><num>67</num><content><p>
סעיף 141 לחוק העיקרי - בטל.</p></content></point><point><heading><authorialNote placement="side"><p>תיקון סעיף 142</p></authorialNote></heading><num>68</num><content><p>
בסעיף 142 לחוק העיקרי -
(1) כרישה, אחרי "לקבוע בתקנות" יבוא "בין לגבי כל הזכאים ובין לגבי
סוגים מהם";
(2) בפסקה (3), המלים "כדי חמש אגורות" - יימחקו.</p></content></point><point><heading><authorialNote placement="side"><p>תיקח סעיף 186</p></authorialNote></heading><num>69</num><content><p>
בסעיף 156 לחוק העיקרי, בסעיף קטן (ב), הסיפה המתחילה במלים "אלא ששיעור
דמי הביטוח" - תימחק.</p></content></point><point><heading><authorialNote placement="side"><p>תיקון סעיף 167</p></authorialNote></heading><num>70</num><content><p>
כסעיף 157 לחוק העיקרי, כמקום סעיף קטן (ד1&gt; יבוא;
"(ד1&gt; כל מבוטח לפי פסקה (1) להגדרת מבוטח שבסעיף 127א
ישתלמו בעדו דמי ביטוח אבטלה."</p></content></point><point><heading><authorialNote placement="side"><p>תיקח סעיף 189</p></authorialNote></heading><num>71</num><content><p>
בסעיף 159 לחוק העיקרי, כרישה, אחרי "שיעורי דמי הביטוח" יבוא "החדשיים".</p></content></point><point><heading><authorialNote placement="side"><p>תיקח סעיף 161</p></authorialNote></heading><num>72</num><content><p>
בסעיף 161 לחוק העיקרי, בסעיף קטן (ג) -
(1) במקום "רשאי המעביד לנכות" יבוא "ינכה המעביד";
(2) במקום "כאמור בפרטים 1 או 7 בלוח י'" יבוא "כאמור בלוח יי";
(3) במקום הסיפה המתחילה במלים "מעביד שלא ניכה" יבוא "המעביד ל*</p></content></point><point><heading><authorialNote placement="side"><p>תיקון סעיף 167</p></authorialNote></heading><num>73</num><content><p>
בסעיף 167 לחוק העיקרי, בסעיף קטן (א), אחרי "לפי סעיף 157 (א), (ב)"
יבוא "(ג)".</p></content></point><point><heading><authorialNote placement="side"><p>החלפת סעיף 167א</p></authorialNote></heading><num>74</num><content><p>
במקום סעיף 167א לחוק העיקרי יבוא:</p></content></point><point><heading><authorialNote placement="side"><p>''שינוי המקסימום</p></authorialNote></heading><num>167</num><list><intro><p>
א. (א) סכומי המקסימום האמורים כלוח י"א ישתנו כל שנה ביום 1
באפריל החל מ-1 באפריל 1974, באישור ועדת העבודה של הכנסת, לפי
התנודות שבין השכר הממוצע של כל שנה לבין השכר הממוצע לגבי
שנת הכספים 1970/71 או השכר הממוצע שלפיו הוגדלו לאחרונה סכומי
המקסימום, הכל לפי השכר הממוצע המאוחר יותר, ובלבד שלא תובא
בחשבון תנודה הפחותה ממאה לירות.</p></intro><subPoint><num>ב</num><content><p> השר יביא לידיעת ועדת העבודה של הכנסת תנודות כאמור
בסעיף קטן (א).</p></content></subPoint><subPoint><num>ג</num><content><p> השר יפרסם הודעה ברשומות על כל שינוי כאמור בסעיף
קטן (א) ולוח י"א ישובה בהתאם לכך."</p></content></subPoint></list></point><point><heading><authorialNote placement="side"><p>תיקון סעיף 169</p></authorialNote></heading><num>75</num><content><p>
בסעיף 169 לחוק העיקרי, אחרי סעיף קטן (ב) יבוא*. *
"(ב1) מבוטח החייב בתשלום דמי ביטוח בעד עצמו, ומלאו לו,
בגבר - 65 שבים, ובאשה - 60 שנה, וטרם מגיעה לו קצבת זקנה, לא
יהיה חייב בתשלום דמי ביטוח לפי סעיף 157(א) ו-(ד) (1)ו-(2)."</p></content></point><point><heading><authorialNote placement="side"><p>תיקון סעיף 180</p></authorialNote></heading><num>76</num><content><p>
במקום סעיף 180 לחוק העיקרי יבוא:</p></content></point><point><heading><authorialNote placement="side"><p>'"שמירת זכות לגמלה</p></authorialNote></heading><num>180</num><content><p>
היה אדם חייב לפי חוק זו ותקנותיו לשלם דמי ביטוח בעד הזולת
ולא שילמם, יראו, לענין הזכות לגמלה, כאילו שולמו."</p></content></point><point><heading><authorialNote placement="side"><p>תיקון סעיף 181</p></authorialNote></heading><num>77</num><content><p>
בסעיף 181 לחוק העיקרי -
(1) בסעיף קטן (ב), אחרי "29" יבוא "90א":
(2) אחרי סעיף קטן (ג) יבוא:
"(ד) לא ייחשב בפיגור לענין סעיף קטן (א) חוב דמי ביטוח שאיבו
עולה על 500 לירות או על כל סכום אחר שקבע השר בצו לאחר הת-
ייעצות בשר האוצר וכאישור ועדת העבודה של הכנסת."</p></content></point><point><heading><authorialNote placement="side"><p>תיקון סעיף 183</p></authorialNote></heading><num>78</num><content><p>
בסעיף 183 לחוק העיקרי, בסעיף קטן (ב), פעמיים, במקום "קצין מחוז או ממונה
על מחוז" יבוא "פקיד גביה או ממונה על ,הגביה".</p></content></point><point><heading><authorialNote placement="side"><p>תיקון סעיף 190</p></authorialNote></heading><num>79</num><content><p>
בסעיף 190 לחוק העיקרי, בסעיף קטן (א) -
(1) אחרי "להתקין תקנות" יבוא "באישור ועדת העבודה של הכנסת";
(2) בסופו יבוא "ובהסכמתו של השר הממונה על ביצוע חיקוק אחר - אף
בסטיה מהוראות אותו חיקוק".</p></content></point><point><heading><authorialNote placement="side"><p>תיקון סעיף 194</p></authorialNote></heading><num>80</num><content><p>
בסעיף 194 לחוק העיקרי, בסעיף קטן (ב), במקום "22 ו-107" יבוא "ו-22".</p></content></point><point><heading><authorialNote placement="side"><p>נימול סעיף 195</p></authorialNote></heading><num>81</num><content><p>
סעיף 195 לחוק העיקרי - בטל.</p></content></point><point><heading><authorialNote placement="side"><p>תיקון סעיף 197</p></authorialNote></heading><num>82</num><content><p>
בסעיף 197 לחוק העיקרי, בסעיף קטן (א), במקום "באחד ביולי" יבוא "באחד
באפריל".</p></content></point><point><heading><authorialNote placement="side"><p>הוספת סעיף 198א</p></authorialNote></heading><num>83</num><content><p>
אחרי סעיף 198 לחוק העיקרי יבוא:</p></content></point><point><heading><authorialNote placement="side"><p>.הודעה ברשומות</p></authorialNote></heading><num>198</num><content><p>
א. על כל שינוי בשכר הממוצע יפרסם השר הודעה ברשומות."-</p></content></point><point><heading><authorialNote placement="side"><p>הוספת פרק 10</p></authorialNote></heading><num>84</num><content><p>
אחרי פרק ט' לחוק העיקרי יבוא:</p></content></point></section><chapter><num>"פרק טו:</num><title><content><p>הענקות</p></content></title><point><heading><authorialNote placement="side"><p>מימון</p></authorialNote></heading><num>198</num><content><p>
ב. ההענקות לפי סעיף 198א ימומנו מחשבון נפרד שיווצר על ידי
הפרשה שנתית של 1% מתקבולי המוסד וממקורות אחרים שהסכימו
עליהם המוסד והממשלה (להלן - שיעור ההפרשה).</p></content></point><point><heading><authorialNote placement="side"><p>שינוי שיעור ההפרשה</p></authorialNote></heading><num>198</num><content><p>
ג. השר רשאי, בהתייעצות עם שר האוצר ובאישור ועדת העבודה
של הכנסת, לשנות בצו את שיעור ההפרשה.</p></content></point><point><heading><authorialNote placement="side"><p>התחשבות בתקנות בשיעור ההפרשה</p></authorialNote></heading><num>198</num><content><p>
ד. השר, בהתקינו תקנות כאמור בסעיף 198א, יביא בחשבון את
מקורות המימון לתשלום ההענקות, לאחר שהמוסד ימציא את ההערכה
כאמור לקראת יום 1 באפריל בכל שנה."</p></content></point><point><heading><authorialNote placement="side"><p>הוספת סעיף 200א</p></authorialNote></heading><num>85</num><content><p>
אחרי סעיף 200 לחוק העיקרי יבוא:</p></content></point><point><heading><authorialNote placement="side"><p>-ערר</p></authorialNote></heading><num>200</num><list><intro><p>
א. (א) אדם הטוען שנמנעה ממנו, שלא בצדק, הטבה, .לפי הסכם
שנערך לפי סעיף 200, כולה או חלקה, או שקופח בזכויותיו לפי
פרק ט1 - רשאי לערור על כך לפגי ועדת ערר; החלטתה של הועדה
תהיה סופית ותחייב את העורר ואת המוסד.</p></intro><subPoint><num>ב</num><content><p> אופן מינוי ועדת הערר והרכבה ייקבעו בתקנות באישור
ועדת העבודה של הכנסת.</p></content></subPoint><subPoint><num>ג</num><content><p> ועדת הערר תקבע את סדרי הדין לפניה במידה שלא נקבעו
בתקנות; היא לא תהיה כפופה לדיני ראיות אלא תשקול לפי אומד דעתה
את חומר הראיות שהובאו לפניה,"</p></content></subPoint></list></point><point><heading><authorialNote placement="side"><p>תיקון סעיף 204*</p></authorialNote></heading><num>86</num><content><p>
בסעיף 204א לחוק העיקרי, אחרי סעיף קטן (ה) יבוא:
"(ו) הועדה לביטוח אבטלה רשאית למנות ועדות משנה, מבין
חבריה או שלא מבין חבריה, ולהעביר להן מסמכויותיה."</p></content></point><point><heading><authorialNote placement="side"><p>תיקון סעיף 206</p></authorialNote></heading><num>87</num><content><p>
בסעיף 206 לחוק העיקרי, במקום סעיף קטן (א) יבוא:
"(א) חברי המינהלה יהיו המנהל הכללי של המוסד (להלן - מנהל
המוסד), המשנה והסגנים."</p></content></point><point><heading><authorialNote placement="side"><p>תיקון סעיף 208</p></authorialNote></heading><num>88</num><content><p>
בסעיף 208 לחוק העיקרי, במקום "או משנה או סגן" יבוא '-משנה וסגנים".</p></content></point><point><heading><authorialNote placement="side"><p>תיקון סעיף 209</p></authorialNote></heading><num>89</num><content><p>
בסעיף 209 לחוק העיקרי, המלים "ואת יתר חברי המיבהלה" - יימחקו.</p></content></point><point><heading><authorialNote placement="side"><p>תיקון סעיף 212</p></authorialNote></heading><num>90</num><content><p>
בסעיף 212 לחוק העיקרי, בסעיף קטן (א), בסופו יבוא "אך רשאית המינהלה בנסי-
כות מיוחדות כאישור המועצה להגיש תקציב לתקופה הקצרה משנה וכן תקציב מילואים
(לכל אחד מאלה ייקרא - תקציב)".</p></content></point><point><heading><authorialNote placement="side"><p>תיקון סעיף 215</p></authorialNote></heading><num>91</num><content><p>
בסעיף 215 לחוק העיקרי, בסעיף קטן (א) במקום "לפי לוח י"ג" יבוא "לפי יחס
שיעורי דמי הביטוח הקבועים כלוח י'".</p></content></point><point><heading><authorialNote placement="side"><p>תיקון סעיף 233</p></authorialNote></heading><num>92</num><content><p>
בסעיף 233 לחוק העיקרי, אחרי "להגשת תובענות" יבוא "וערעורים".</p></content></point><point><heading><authorialNote placement="side"><p>תיקון סעיף 239</p></authorialNote></heading><num>93</num><content><p>
בסעיף 239 לחוק העיקרי -
(1) בסעיף קטן (א), במקום "1,000 לירות" יבוא "3,000 לירות";
(2) בסעיף קטן (ב), במקום "50 לירות" יבוא "100 לירות'-.</p></content></point><point><heading><authorialNote placement="side"><p>תיקון לוח ב'</p></authorialNote></heading><num>94</num><content><p>
במקום לוח ב' לחוק העיקרי יבוא:</p></content></point><point><heading><authorialNote placement="side"><p>החלפת לוח ג'</p></authorialNote></heading><num>95</num><content><p>
במקום לוח ג' לחוק העיקרי יבוא:</p></content></point><point><heading><authorialNote placement="side"><p>החלפת לוח י'</p></authorialNote></heading><num>96</num><content><p>
במקום לוח ד' לחוק העיקרי יבוא:
"לוח ד
קצבאות חדשיות לשאירים
(סעיף 21)</p></content></point><point><heading><authorialNote placement="side"><p>חמישים 3 אלמנה או אלמן שערב פטירתו של המבוטח לא היו מסוגלים לכלכל עצמם מעבודה - כל זמן שאין הם מסוגלים כאמור,</p></authorialNote></heading><num>11</num><content><p>
3%</p></content></point><point><heading><authorialNote placement="side"><p>אף אם אינם בני חמישים 4 אלמנה או אלמן שעמם ילדים, יהא גילם אשר יהא -</p></authorialNote></heading><num>15</num><content><p>
0%</p></content></point><point><heading><authorialNote placement="side"><p>כל זמן שהילדים עמם ותוספת ילדים -</p></authorialNote></heading><num>15</num><content><p>
0%</p></content></point><point><heading><authorialNote placement="side"><p>&lt;1) לילד אחד (2) לשני ילדים (3) לשלושה ילדים (4) לארבעה ילדים (5) לחמישה ילדים (6) לכל ילד נוסף מעל לחמישה ילדים</p></authorialNote></heading><num>15</num><content><p>
0%
22.5%
28.5%
34.5%
40.0%
5.5%*</p></content></point><point><heading><authorialNote placement="side"><p>הוספת לוח ד1</p></authorialNote></heading><num>97</num><content><p>
אחרי לוח די לחוק העיקרי יבוא:</p></content></point><point><heading><authorialNote placement="side"><p>תיקון לוח ט1</p></authorialNote></heading><num>98</num><content><p>
כלוח ט1 לחוק העיקרי -
(1) במקום הגדרת "השכר הממוצע במשק" יבוא;
""השכר היומי הממוצע במשק"- - השכר הממוצע מחולק ב-25:"
(2) כהגדרת "מקסימום", במקום "הכנסת" יבוא "החלק ה-25 מהכנסת":
(3) בסרטים 1 עד 4, בכל מקום בו כתוב "השכר הממוצע" יבוא "השכר
היומי הממוצע במשק";</p></content></point><point><heading><authorialNote placement="side"><p>החלפת לוח י'</p></authorialNote></heading><num>99</num><content><p>
במקום לוח י' לחוק העיקרי יבוא:</p></content></point><point><heading><authorialNote placement="side"><p>ביטול לוח י"ג</p></authorialNote></heading><num>100</num><content><p>
לוח י"ג לחוק העיקרי - בטל.</p></content></point><point><heading><authorialNote placement="side"><p>תיקון חוק מס מקביל</p></authorialNote></heading><num>101</num><content><p>
בסעיף 13 לחוק מס מקביל, תשל"ג--1973  6-
(1) סעביף קטן גא), במקום "1,000 לירות" יבוא "3,000 לירות":
(2) בסעיף קטן (ב), במקום "50 לירות" יבוא "100 לירות".</p></content></point><point><heading><authorialNote placement="side"><p>הוראות מעבר</p></authorialNote></heading><num>102</num><list><intro><p /></intro><subPoint><num>א</num><content><p> הוגדלה קצבה או הוערכה מחדש לפי צו מכוח סעיפים 68ב או 82ב, תישמר
הזכות להגדלת הקצבה או להערכתה מחדש אף אם נתבעה לאחר פרסומו של חוק זה.</p></content></subPoint><subPoint><num>ב</num><content><p> סעיף 82 לחוק זה לא יחול לגבי מי שביום פרסום חוק זה היה, בגבר - בן 65
ומעלה, ובאשה - בת 60 ומעלה.</p></content></subPoint><subPoint><num>ג</num><content><p> מי שביום פרסום חוק זה היה מבוטח לפי החוק העיקרי או תקנות לפיו, לא
יחדל להיות מבוטח עקב האמור בסעיף 82 לחוק זה בלבד.
(1) בסעיף 168 לחוק העיקרי, בסעיף קטן (א)(5), במקום "ה' בניסן תשל"א (31
במרס 1971)" יבוא "ט"ז בניסן תשל"ב (31 במרס 1972)".</p></content></subPoint></list></point><point><heading><authorialNote placement="side"><p>תחילה</p></authorialNote></heading><num>103</num><list><intro><p /></intro><subPoint><num>א</num><content><p> תחילתו של סעיף 7(2) לחוק זה ביום כ"ד באדר ב' תשי'ל (1 באפריל 1970).</p></content></subPoint><subPoint><num>ב</num><content><p> תחילתם של סעיפים 6, 7(1), 15, 32, 37 ו-47 לחוק זה ביום כ"ח באדר ב'
תשל"ג (1 באפריל 1973).</p></content></subPoint><subPoint><num>ג</num><content><p> תחילתו של סעיף 72(1) לחוק זה ביום ז' בטבת תשל"ד (1 בינואר 1974).</p></content></subPoint></list></point></chapter><signature><name>שביאור זלמן שזר</name><role>נשיא המדינה</role></signature><signature><name>גולדה מאיר</name><role>ראש הממשלה</role></signature><signature><name>יוסף אלמוגי</name><role>שר העבודה</role></signature><dateOfAcceptance>20.04.1973</dateOfAcceptance></body>