<?xml version="1.0" encoding="UTF-8" ?>
<body><title><content><p>חוק הביטוח הלאומי (תיקון מס' 3), תש"ל-1970 *</p></content></title><point><heading><authorialNote placement="side"><p>חיקון סעיף 33</p></authorialNote></heading><num>1</num><content><p>
בסעיף 53 לחוק הביטוח הלאומי [נוסח משולב], תשכ"ח-1968 1 (להלן - החוק
העיקרי), בסעיף קטן (ב), בסופו יבוא "או למקסימום הנקוב בלוח י"א".</p></content></point><point><heading><authorialNote placement="side"><p>תיקון סעיף 100</p></authorialNote></heading><num>2</num><content><p>
בסעיף 100 לחוק העיקרי, בסעיף קטן (א), בסופו יבוא "או למקסימום הנקוב
בלוח י"א".</p></content></point><point><heading><authorialNote placement="side"><p>תיקון סעיף 136</p></authorialNote></heading><num>3</num><content><p>
בסעיף 156 לחוק העיקרי, בסעיף קטן (א), בסופו יבוא:
""מבוטח ביטוח אבטלה* - עובד הזכאי לשכר, המבוטח לפי פרק ב', אשר
מעבידו חייב בתשלום דמי ביטוח בעדו; היקף ביטוח האבטלה ותנאי הזכאות
ייקבעו כחוק;
"מבוטח ביטוח בכות" - מבוטח לפי פרק ב'; היקף ביטוח הנכות ותנאי הזכאות
ייקבעו בחוק."</p></content></point><point><heading><authorialNote placement="side"><p>תיקון סעיף 157</p></authorialNote></heading><num>4</num><content><p>
בסעיף 157 לחוק העיקרי, אחרי סעיף קטן (ד) יבוא:
"(ד1) כל מבוטח ביטוח אבטלה ישתלמו בעדו דמי ביטוח אבטלה.
(ד2) כל מבוטח ביטוח נכות ישתלמו בעדו דמי ביטוח נכות."</p></content></point><point><heading><authorialNote placement="side"><p>תיקון סעיף 160</p></authorialNote></heading><num>5</num><content><p>
בסעיף 160 לחוק העיקרי, בסעיף קטן (א), במקום "בתחום שבין 0.5% ובין 3% מהכ-
נסתו" יבוא "בתחום שבין 0.7% ובין 4% מהכנסתו".</p></content></point><point><heading><authorialNote placement="side"><p>תיקון סעיף 161</p></authorialNote></heading><num>6</num><content><p>
בסעיף 161 לחוק העיקרי, בסעיף קטן (ג), במקום "לפי סעיף 00157 או (ג)" יבוא
"לפי סעיף 157(א), (ג) או (ד1)".</p></content></point><point><heading><authorialNote placement="side"><p>חיקדן סעיף 167</p></authorialNote></heading><num>7</num><content><p>
בסעיף 167 לחוק העיקרי, בסעיף קטן גא), במקום "לפי סעיף 00157 או (ב)" יבוא
"לפי סעיף 157(א), (ב), (ד1) או (ד2)".</p></content></point><point><heading><authorialNote placement="side"><p>תיקון סעיף 169</p></authorialNote></heading><num>8</num><content><p>
בסעיף 169 לחוק העיקרי -
(1) בסעיף קטן (ב), במקום "לפי סעיף 157(א)" יבוא "לפי סעיף 157(א), (ד1)
ו-(ד2)";
(2) בסעיף קטן 00, במקום "לפי סעיף 157(א) או (ג)" יבוא "לפי סעיף 157(א),
(גג (ד1) ו-(ד2)".</p></content></point><point><heading><authorialNote placement="side"><p>חיקון סעיף 177</p></authorialNote></heading><num>9</num><content><p>
בסעיף 177 לחוק העיקרי, במקום פסקאות (2) ו-(3) יבוא:
"(2) עיגול ההכנסה השנתית שלפיה משתלמים דמי ביטוח
כדי חמישים הלירות הקרובות;
(3) עיגול דמי הביטוח בחישוב שנתי לסכום הקרוב ביותר
המתחלק בארבע או בחמש, לפי הענין, באופן שהמנה תהיה
בלירות שלמות."</p></content></point><point><heading><authorialNote placement="side"><p>* נתקבל בכנסת ביום כ"ג באדר ב' תש"ל (31 במרס 1970); הגעת החוק ודברי הסבר פורסמו בה"ח 874, תש"ל, עמ' 94. 1 ס"ח תשכ"ח, עב' 108 ; תשנ"ט עמ' 76, עמ' 206. 58                                           ספר החוקים 591                    ג' בניסן התש"ל 09.04.1970</p></authorialNote></heading><num>10</num><content><p>
במקום לוח י' לחוק העיקרי יבוא:
החלפת לוח י'
"לוח י'
(סעיפים 159 ו-161)
שיעורי דמי ביטוח</p></content></point><point><heading><authorialNote placement="side"><p>תיקון לוח י"ד</p></authorialNote></heading><num>13</num><content><p>
בלוח י"ד לחוק העיקרי, בפרט 2, במקום "52%" יבוא -"48"</p></content></point><point><heading><authorialNote placement="side"><p>תחילה</p></authorialNote></heading><num>14</num><content><p>
תחילתו של חוק זה ביום כ'"ד באדר ב' תש"ל  (באפריל 1970).</p></content></point><signature><name>שניאור זלמן שזר</name><role>נשיא המדינה</role></signature><signature><name>גולדה מאיר</name><role>ראש הממשלה</role></signature><dateOfAcceptance>09.04.1970</dateOfAcceptance></body>