<?xml version="1.0" encoding="UTF-8" ?>
<body><title><content><p>חוק בול בטחון (תיקון והארכת תקופת ההיטל) (תיקון מס' 6),</p></content></title><point><heading><authorialNote placement="side"><p>תיקון מטיף 6</p></authorialNote></heading><num>1</num><content><p>
בסעיף 6 לחוק בול בטחון (תיקון והארכת תקופת ההיטל), תשי"ח-11958 (להלן -
חוק ההארכה)' בהגדרת "התקופה הנוספת'/ במקום "והמסתיימת ביום י' בניסן תשכ"ו
(31 במרס 1966)" יבוא "והמסתיימת ביום י"ט באדר ב' תשכ"ז (31 במרס 1967).</p></content></point><point><heading><authorialNote placement="side"><p>תיקון סעיף 9</p></authorialNote></heading><num>2</num><content><p>
בסעיף 9 לחוק ההארכה' בסעיף קטן (א) ובסעיף קטן (ח)' במקום "והמסתיימת ביום
י"ב בסיון תשכ"ו (31 במאי 1966)"' יבוא "והמסתיימת ביום כ"א באייר תשכ"ז (31 במאי
1967)".</p></content></point><point><heading><authorialNote placement="side"><p>תיקון סעיף 10</p></authorialNote></heading><num>3</num><content><p>
בסעיף 10 לחוק ההארכה -
(1) בסעיף קטן (א)' במקום "לבין יום י' בניסן תשכ"ו (31 במרס 1966)" יבוא
"לבין יום י"ט באדר ב' תשכ"ז (31 במרס 1967)";
(2) אחרי סעיף קטן (א) יבוא-.
"(א1) אדם המחזיק מקלט טלוויזיה בתקופה שבין יום י"א בניסן
תשכ"ו (1 באפריל 1966) לבין יום י"ט באדר ב' תשכ"ז (31 במרס 1967)
ישלם בעד כל מקלט טלוויזיה בול בטחון בשיעור של 15% מסכום אגרת
הרשיון שנקבעה בתקנות הטלגרף האלחוטי (מקלטי טלוויזיה)' תשכ"ב-
21962".</p></content></point><point><heading><authorialNote placement="side"><p>ביטול סעיף 11</p></authorialNote></heading><num>4</num><content><p>
סעיף 11 לחוק ההארכה - בטל.</p></content></point><point><heading><authorialNote placement="side"><p>תיקון סעיף 12</p></authorialNote></heading><num>5</num><content><p>
בסעיף 12 לחוק ההארכה' ברישה, במקום "לבין יום י' בניסן תשכ"ו (31 במרס 1966)"
יבוא "לבין יום י"ט באדר ב' תשכ"ז (31 במרס 1967)".</p></content></point><signature><name>שניאור זלמן שזר</name><role>נשיא המדינה</role></signature><signature><name>לוי אשכול</name><role>ראש הממשלה</role></signature><signature><name>פנחס ספיר</name><role>שר האוצר</role></signature><dateOfAcceptance>24.03.1966</dateOfAcceptance></body>