<?xml version="1.0" encoding="UTF-8" ?>
<body><title><content><p>חוק הביטוח הלאומי (תיקון מס' 11), תשל"ג-1973 *</p></content></title><point><heading><authorialNote placement="side"><p>הוספת סעיף 103אא</p></authorialNote></heading><num>1</num><list><intro><p /></intro><subPoint><num>א</num><content><p> אחרי סעיף 103 לחוק הביטוח הלאומי ננוסח משולב], תשב"ח-11968 (להלן -
החוק העיקרי), יבוא:</p></content></subPoint></list></point><point><heading><authorialNote placement="side"><p>"אם מאמצת</p></authorialNote></heading><num>103</num><list><intro><p>
אא. הוראות סימן זה יחולו - בשינויים המחוייבים ובתיאומים שקבע
שר העבודה בתקנות באישור ועדת העבודה של הכנסת - גם על אשה
שקיבלה לאימוץ ילד עד גיל עשר: היא תהיה זכאית לסכום השווה לדמי
לידה מן היום שבו נתנה הודעה לפקיד סעד כאמור בסעיף 6 לחוק אימוץ
ילדים, תש"ך-21960."</p></intro><subPoint><num>כ</num><content><p> תחילתו של סעיף קטן (א) ביום ו' בניסן תשל"א (1 באפריל 1971).</p></content></subPoint></list></point><signature><name>שניאור זלמן שזר</name><role>נשיא המדינה</role></signature><signature><name>גולדה מאיר</name><role>ראש הממשלה</role></signature><signature><name>יוסף אלמוגי</name><role>שר העבודה</role></signature><dateOfAcceptance>20.04.1973</dateOfAcceptance></body>