<?xml version="1.0" encoding="UTF-8" ?>
<body><title><content><p>חוק הביטוח הלאומי (תיקון) (מס' 5), תש"ך-1960 *</p></content></title><point><heading><authorialNote placement="side"><p>תיקון סעיף 16</p></authorialNote></heading><num>1</num><content><p>
בסעיף 16 לחוק הביטוח הלאומי/ תשי"ד-1953 1, בסעיף קטן (א), במקום פסקה (1)
תבוא פסקה זו:
"(1) עובד' להוציא שוטר כמשמעותו בחוק המשטרה (נכים
ונספים), תשט"ו-1955 2, וסוהר כמשמעותו בחוק שירות בתי
הסוהר (נכים ונספים)/ תש"ך-1960 3."</p></content></point><point><heading><authorialNote placement="side"><p>תחילה</p></authorialNote></heading><num>2</num><content><p>
תחילתו של חוק זה היא ביום פרסומו של חוק שירות בתי הסוהר (נכים ונספים)/
תש"ך-.1960</p></content></point><signature><name>יצחק בן-צבי</name><role>נשיא המדינה</role></signature><signature><name>דוד בן-גוריון</name><role>ראש הממשלה</role></signature><signature><name>גיורא יוספטל</name><role>שר העבודה</role></signature><dateOfAcceptance>14.04.1960</dateOfAcceptance></body>