<?xml version="1.0" encoding="UTF-8" ?>
<body><title><content><p>חוק הביטוח הלאומי (תיקון) (מס' 3)י תשיי'ז-1957 *</p></content></title><point><heading><authorialNote placement="side"><p>תיקון סעיף 1</p></authorialNote></heading><num>1</num><content><p>
בסעיף 1 לחוק הביטוח הלאומי' תשי"ד-11953 (להלן - החוק העיקרי), בהגדרת
"תקופת אכשרה", במקום "כדי שיהיה זכאי לגימלה" יבוא "כאחד התנאים לגימלה".</p></content></point><point><heading><authorialNote placement="side"><p>תיקון סעיף 4</p></authorialNote></heading><num>2</num><content><p>
בסעיף 4 (2) (ג) לחוק העיקרי, בסופו, יווספו המלים "ואין לו הכנסה ממקור אחר
כדי מחייתו".</p></content></point><point><heading><authorialNote placement="side"><p>תיקון מעיף 5</p></authorialNote></heading><num>3</num><list><intro><p>
בסעיף 5 לחוק העיקרי, במקום פסקה 1 תבוא פסקה זו:
"(1) למבוטח שפרש מכל משלח-יד - ששים וחמש ומעלה בגבר וששים
ומעלה באשה;
המוסד רשאי לפי שיקול דעתו, לראות מבוטח כמי שפרש מכל משלח-
יד אף בכל אחד מאלה:</p></intro><subPoint><num>א</num><content><p> כשהוא עובד מזמן לזמן;
נב) כשהתעסקותו במשלח יד צומצמה במידה ניכרת ואינה סותרת
את המושג פרישה;
ובלבד שהכנסתו השנתית מעבודה או מהתעסקות כאמור אינה עולה על
שליש ההכנסה המכסימלית שלפיה משתלמים דמי ביטוח - אם הוא
מבוטח ויש תלויים בו; ועל רבע ההכנסה המכסימלית כאמור - אם הוא
מבוטח ואין תלויים בו."
עמי 228'</p></content></subPoint></list></point><point><heading><authorialNote placement="side"><p>תיקון סעיף 14</p></authorialNote></heading><num>4</num><content><p>
בסעיף 14 לחוק העיקרי -
(1) במקום פסקה 1 לסעיף קטן (א) תבוא פסקה זי:
"(1) אירעה תוך כדי נסיעתו או הליכתו של המבוטח ממעונו לעבודה
או מן העבודה למעונו ועקב נסיעתו או הליכתו זו' אולם אין רואים
אותה כתאונת עבודה אם הפסיק המבוטח את הנסיעה או את ההליכה
הפסקה של ממש או סטה מהדרך המקובלת כשההפסקה או הסטיה לא
היו למטרה הכרוכה במילוי חובותיו כלפי מעבידו, או אם יש לייחס
את התאונה בעיקר לרשלנותו הפושעת של המבוטח ולא נגרם על
ידיה אי-כושר עבודה לארבעה שבועות לפחות, נכות או מוות;"
(2) בסעיף קטן (ג), בסופו' יווספו המלים "אולם תאונה שאינה תוצאה של
גורמים חיצוניים הנראים לעין, אין רוא'ם אותה כתאונת עבודה' אם הוכח
כי השפעת העבודה על אירוע התאונה היתה פחותה הרבה מהשפעת גורמים
אחרים."</p></content></point><point><heading><authorialNote placement="side"><p>תיקון סעיף 16</p></authorialNote></heading><num>5</num><content><p>
בסעיף 16(א) לחוק העיקרי -
(1) במקום פסקה (1) תבוא פסקה זו:
"(1) עובד, להוציא שוטר כמשמעותו כחוק המשטרה (נכים ונספים),
תשט"ו-21955;"
(2) בפסקה (6), במקום "עציר במוסד" יבוא "חוסה במעון".</p></content></point><point><heading><authorialNote placement="side"><p>תיקון סעיף 17</p></authorialNote></heading><num>6</num><content><p>
בסעיף 17 לחוק העיקרי, בפסקה (4), במקום "עובד ארעי" יבוא "עובד שהקשר
בינו לבין מעבידו הוא לזמן פחות משבעה ימים, למעט עובד כאמור שלמעשה נמשך הקשר
שבעה ימים או יותר משבעה ימים (להלן - עובד לשעה)".</p></content></point><point><heading><authorialNote placement="side"><p>תיקון סעיף 22</p></authorialNote></heading><num>7</num><content><p>
בסעיף 22(ב) לחוק העיקרי, בפסקה (2) (ב), בסופו, יווספו המלים "ואין לו הכנסה
ממקור אחר כדי מחייתו".</p></content></point><point><heading><authorialNote placement="side"><p>הוספת סעיף 24ב</p></authorialNote></heading><num>8</num><content><p>
אחרי סעיף 24א לחוק העיקרי יווסף סעיף זה:</p></content></point><point><heading><authorialNote placement="side"><p>"ארכת ביטוח וחובת רישום לעובד-לשעה</p></authorialNote></heading><num>24</num><content><p>
ב. לגבי עובד-לשעה בעבודה שאינה לצורך עסקו או משלח-ידו של
מעביד -
(1) ארכת הביטוח לביטוח מפני פגיעה בעבודה לענין סעיף 50
היא שלושה חדשים:
(2) תנאי לגימלה לפי חלק זה הוא שהמבוטח הוא בעת הפגיעה
רשום במוסד כעובד-לשעה שלא לצורך עסקו או משלח-ידו
של מעביד."</p></content></point><point><heading><authorialNote placement="side"><p>תיקון סעיף 26</p></authorialNote></heading><num>9</num><content><p>
בסעיף 26 לחוק העיקרי תיווסף הגדרה זו:
" "לידה" - לידת ולד חי או לידה אחרי 26 שבועות של הריון."</p></content></point><point><heading><authorialNote placement="side"><p>תיקון סעיף 31</p></authorialNote></heading><num>10</num><content><p>
בסעיף 31 לחוק העיקרי, בסופו, יווספו המלים "וכן רשאי המוסד לתת מענק לידה
לתושבת ישראל אף אם אינה מבוטחת".</p></content></point><point><heading><authorialNote placement="side"><p>תיקון סעיף 34</p></authorialNote></heading><num>11</num><content><p>
בסעיף 34 לחוק העיקרי -
(1) בסעיף קטן (א), במקום "הכנסתו החייבת במס לפי פקודת מס הכנסה,
31947", יבוא "הכנסתו מהמקורות המפורטים בסעיף 5 לפקודת מס הכנסה,
1947, לאחר שנוכו ההוצאות הקשורות במישרין בהשגת ההכנסה";</p></content></point><point><heading><authorialNote placement="side"><p>תיקון סעיף 36</p></authorialNote></heading><num>12</num><content><p>
בסעיף 36 לחוק העיקרי -
(1) בסעיף קטן (א)' במקום "הכנסתו החייבת במס הכנסה לפי הסעיפים
5 (1) (א) ו-5 (01ח) לפקודת מס-הכנסה' 1947" יבוא "הכנסתו מהמקורות המפורטים
בסעיפים 5(01א) ו-5(1)(ח) לפקודת מס הכנסה' 1947' לאחר שנוכו ההוצאות
הקשורות במישרין בהשגת ההכנסה";
(2) במקום סעיף קטן (ב) יבוא סעיף קטן זה:
"(ב) עובד עצמאי שאין לו הכנסה כאמור בסעיף קטן (א) כדי 600 לירות
ישלם דמי ביטוח כאילו היתה הכנסתו 600 לירות";
(3) בסופו יווסף סעיף קטן זה:
"(ג) הכנסה בשנת הכספים שקדמה לתקופת התשלום כאמור בסעיף
קטן (א) תיקבע על פי השומה הסופית של ההכנסה לאותה שנה מהמקורות
האמורים בסעיף קטן (א) לפני כל פטור' ניכויים וזיכויים לפי פקודת
מס הכנסה' 1947' אולם כל עוד לא נערכה שומה סופית כאמור ישולמו
מקדמות על חשבון דמי הביטוח בהתאם להוראות שייקבעו בתקנות' ודין
המקדמות לענין סעיפים 50,32' 51' 52' 53' 54' 104 ו-112 כדין דמי ביטוח;
לגבי מבוטח שלא נערכה שומה כאמור והוא חייב על פי התקנות להגיש
הצהרה על הכנסתו' תיקבע ההכנסה על פי הצהרה של המבוטח בכפוף
להוראות סעיף 43."</p></content></point><point><heading><authorialNote placement="side"><p>תיקון סעיף 39</p></authorialNote></heading><num>13</num><content><p>
בסעיף 39 לחיק העיקרי -
(1) בסעיף קטן (א)(1) במקום "את שכרו החייב במס הכנסה לפי סעיף
5(1)(ב) לפקודת מס הכנסה' 1917. בעד החודש שקדם לאחד בחודש בו חל מועד
התשלום" יבוא "את הכנסתו בעד החודש שקדם לאחד כחודש בו חל מועד
התשלום, מהמקורות המפורטים בסעיף 5 (01ב) לפקודת מס הכנסה' 1947"":
(2) במקום סעיף קטן (ב) יבוא סעיף קטן זה:
"(ב) מבוטח שאין לו הכנסה כאמור בסעיף קטן (א) כדי 40 לירות לחודש
או כדי 480 לירות לשנה - ישלמו בעדו דמי ביטוח כאילו הגיעה הכנסתו
ל"40 לירות לחודש או ל-480 לירות לשנה."</p></content></point><point><heading><authorialNote placement="side"><p>תיקון סעיף 40</p></authorialNote></heading><num>14</num><content><p>
בסעיף 40(ב) לחוק העיקרי, בסופו' יווסף:
"לא ניכה מעביד מהשכר ששילם בחודש פלוני' אין הוא רשאי לנכות
בעד אותו חודש אלא תוך שלושים יום מיום תשלום השכר".</p></content></point><point><heading><authorialNote placement="side"><p>הוספת סעיף 10א</p></authorialNote></heading><num>15</num><content><p>
אחרי סעיף 40 לחוק העיקרי יווסף סעיף זה:</p></content></point><point><heading><authorialNote placement="side"><p>"הוראות מיוחדות בדבר תשלום דמי ביטוח</p></authorialNote></heading><num>40</num><content><p>
א. שר העבודה רשאי לקבוע בתקנות' הן בדרך כלל והן לסוגים,
הוראות מיוחדות בדבר תשלום דמי ביטוח של המבוטחים המנויים להלן,
וכוחן יפה אף אם יש בהן משום סטיה מחוק זה' ובלבד שלא יחוייבו בתקנות
לשלם דמי ביטוח מסכום העולה על מכסימום ההכנסה שלפיה משתלמים
דמי ביטוח : ואלה הם המבוטחים:
(1) עובד חלקי' עובד-לשעה' עובד אצל מעבידים שונים,
עובד מזמן לזמן לפי רצונו הוא' עובד שתוך פרק זמן הנקוב
בתקנות עבד מספר ימים פחות מהנקוב בהן, עובד בחופשה -
ללא-תשלום - חודש תמים, עובד שמעבידו אינו תושב
ישראל, עובד בשירות דיפלומטי או קונסולרי של מדינה
זרה;
(2) מבוטח שהוא גם עובד וגם עובד עצמאי;
(3) עובד עצמאי שאין עיקר הכנסתו ממשלח-ידו;
(4) מבוטח שהוא מתיישב בישוב חקלאי שהוקם אחרי המועד
הנקוב בתקנות."</p></content></point><point><heading><authorialNote placement="side"><p>החלפת סעיף 43</p></authorialNote></heading><num>16</num><content><p>
במקום סעיף 43 לחוק העיקרי יבוא סעיף זה:</p></content></point><point><heading><authorialNote placement="side"><p>"קביעת דמי ביטוח</p></authorialNote></heading><num>43</num><list><intro><p /></intro><subPoint><num>א</num><content><p> היה אדם חייב' לפי התקנות' להגיש דין וחשבון על הכנסתו'
או על שכר העבודה ששילם למי שהוא חייב בתשלום דמי ביטוח בעדו'
ולא הגיש את הדין וחשבון, רשאי פקיד הגביה הראשי שנתמנה לכך
על ידי המוסד לקבוע את הסכום המגיע כדמי ביטוח שיש לשלמם.</p></content></subPoint><subPoint><num>ב</num><content><p> מבוטח שהיה עובד או עובד עצמאי או שלא היה עובד ולא
עובד עצמאי. רעבר מאחד הסוגים למשנהו' רשאי פקיד הגביה הראשי
כאמור לקבוע את הסכום המגיע כדמי ביטוח על בסיס מקור הכנסתו
בתקופת התשלום ולחייב בתשלומם או בתשלום מקדמות.</p></content></subPoint><subPoint><num>ג</num><content><p> קבע פקיד הגביה הראשי את דמי הביטוח כאמור בסעיפים
הקטנים (א) או (ב)' או שקבע את שיעור דמי הביטוח המשתלמים לפי
סעיף 38 תימסר לחייב בתשלום הודעה על כך במכתב רשום, והחייב
בתשלום רשאי לערור לפני ועדת שומה הפועלת לפי סעיף 44, תוך
שלושים יום מהיום שבו נמסרה לו ההודעה; לא ערר החייב בתשלום
כאמור' תהא קביעת פקיד הגביה הראשי סופית.</p></content></subPoint><subPoint><num>ד</num><content><p> השתמש פקיד הגביה הראשי בסמכותו לפי סעיף קטן (א)'
חייב הוא לנמק החלטתו בהודעה על פי סעיף קטן (ג).</p></content></subPoint><subPoint><num>ה</num><content><p> העורר על פי סעיף קטן (ג), עליו הראיה.</p></content></subPoint><subPoint><num>ו</num><content><p> היה אדם חייב להגיש דין וחשבון כאמור בסעיף קטן (א)
ולא הגישו ונקבע סכום דמי הביטוח לפי סעיף זה, רואים כאילו חל
פרעון הסכום במרעד התשלום של תקופת התשלום שאליה מתייחס הסכום,"</p></content></subPoint></list></point><point><heading><authorialNote placement="side"><p>תיקון סעיף 44</p></authorialNote></heading><num>17</num><list><intro><p>
בסעיף 44 לחוק העיקרי -</p></intro><subPoint><num>ו</num><content><p> במקום סעיף קטן (א) יבוא סעיף קטן זה:
"(א) ליד כל סניף של המוסד תוקם ועדת שומה; והיא תקבע, לפי בקשת
המוסד או החייב בתשלום דמי ביטוח, את דמי הביטוח שיש לשלמם.";
(2) בסעיף קטן (ד), במקום "שומה סופית של הכנסה לענין פקודת מס הכנסה'
1947" יבוא "שומה סופית מהמקורות האמורים בסעיפים 34, 36 ו-39 לחוק
העיקרי לפני כל פטור' ניכויים וזיכויים לפי פקודת מס הכנסה, 1947".</p></content></subPoint></list></point><point><heading><authorialNote placement="side"><p>החלפת סעיף 46</p></authorialNote></heading><num>18</num><content><p>
במקום סעיף 46 לחוק העיקרי יבוא סעיף זה'.</p></content></point><point><heading><authorialNote placement="side"><p>"פטור מתשלום דמי ביטוח</p></authorialNote></heading><num>46</num><list><intro><p /></intro><subPoint><num>א</num><content><p> לא ישולמו דמי ביטוח לפי הסעיפים 33, 35 ו-37 בעד הזמן
שמגיעה למבוטח קיצבת זיקנה, קיצבת נכות לפי סעיף 3 לתוספת החמי-
שית, דמי לידה, דמי פגיעה, או שכל הכנסתו היא קיצבת נכות לפי סעיף 4
לתוספת החמישית.</p></content></subPoint><subPoint><num>ב</num><content><p> אין רואים כהכנסה לענין תשלום דמי ביטוח, גימלה לפי
חוק זה, תגמולים לפי חוק הנכים (תגמולים ושיקום), תש"ט-41949,
חוק משפחות חיילים שנספו במערכה (תגמולים ושיקום), תש"י-51950,
חוק נכי המלחמה בנאצים, תשי"ד-1954 6 חוק המשטרה (נכים ונספים),
תשט"ו-71955' חוק גימלאות לנפגעי ספר, תשי"ז-81956, חוק נכי רדיפות
הנאצים, תשי"ז-1957 9, וכל חוק אחר ששר העבודה, באישור ועדת
העבודה של הכנסת, יקבע אותו בצו כחוק תגמולים לענין סעיף זה."</p></content></subPoint></list></point><point><heading><authorialNote placement="side"><p>תיקון סעיף 40</p></authorialNote></heading><num>19</num><content><p>
בסעיף 49(א) לחוק העיקרי, במקום הרישה המסתיימת במלים "המזכה לגימלה" תבוא
רישה זו: "לא נרשם מעביד בהתאם לתקנות על פי סעיף 60 או לא שילם במועד התשלום
את דמי הביטוח בעד עובד פלוני, ולפני הרישום, או אחרי מועד התשלום ולפני סילוק
הפיגורים, קרה לעובד מקרה המזכה לגימלה".</p></content></point><point><heading><authorialNote placement="side"><p>תיקון סעיף 50</p></authorialNote></heading><num>20</num><content><p>
בסעיף 50 לחוק העיקרי, במקום "ונמשך הפיגור תקופה השווה לארכת הביטוח"
יבוא "והפיגור הוא בעד תקופה העולה על ארכת הביטוח".</p></content></point><point><heading><authorialNote placement="side"><p>תיקון סעיף 52</p></authorialNote></heading><num>21</num><content><p>
בסעיף 52 לחוק העיקרי, אחרי "לחשבון פיגורים" יווסף "של החייב באותו תשלום".</p></content></point><point><heading><authorialNote placement="side"><p>תיקון סעיף 53</p></authorialNote></heading><num>22</num><content><p>
בסעיף 53 (ג) לחוק העיקרי, אחרי "פקודת פשיטת הרגל, 1936 10" יבוא "פקודת
האגודות השיתופיות 11".</p></content></point><point><heading><authorialNote placement="side"><p>תיקון סעיף 51</p></authorialNote></heading><num>23</num><content><p>
בסעיף 54 לחוק העיקרי, בסופו, ייווסף "ובדבר שיטת עיגול דמי ביטוח כדי 100
פרוטות".</p></content></point><point><heading><authorialNote placement="side"><p>הוספת סעיף 54א</p></authorialNote></heading><num>24</num><content><p>
אחרי סעיף 54 לחוק העיקרי יבוא סעיף זה:</p></content></point><point><heading><authorialNote placement="side"><p>"דינים וחשבונות</p></authorialNote></heading><num>54</num><content><p>
א. שר העבודה רשאי להתקין תקנות בדבר -
(1) דינים וחשבונות שאדם חייב להגיש על הכנסתו או על
שכר עבודה ששילם למי שחייב בתשלום דמי ביטוח בעדו;
(2) חובת קבלן להודיע על ביצוע עבודה באמצעות קבלן
משנה ודינו של קבלן שלא קיים חובה המוטלת עליו בתקנות
לפי סעיף זה."</p></content></point><point><heading><authorialNote placement="side"><p>החלפת סעיף 58</p></authorialNote></heading><num>25</num><content><p>
במקום סעיף 58 לחוק העיקרי יבוא סעיף זה:</p></content></point><point><heading><authorialNote placement="side"><p>"פטור</p></authorialNote></heading><num>58</num><content><p>
לענין חובת תשלום מסים, אגרות ותשלומי חובה אחרים דין המוסד
כדין המדינה."</p></content></point><point><heading><authorialNote placement="side"><p>תיקון סעיף 60</p></authorialNote></heading><num>26</num><content><p>
בסעיף 60 לחוק העיקרי' אחרי "בדבר רישום המבוטחים במוסד" יבוא "והמעבידים".</p></content></point><point><heading><authorialNote placement="side"><p>תיקון סעיף 61</p></authorialNote></heading><num>27</num><content><p>
בסעיף 61 לחוק העיקרי יסומן סעיף קטן (ב) כסעיף קטן (ג) ולפניו יבוא סעיף קטן זה:
"(ב) לא נרשם מבוטח על פי ההוראות בדבר רישום החלות עליו, תתחיל
לגביו תקופת האכשרה לענין הסעיפים 7 ו-11 מיום שנרשם."</p></content></point><point><heading><authorialNote placement="side"><p>תיקון סעיף 64</p></authorialNote></heading><num>28</num><content><p>
בסעיף 64 לחוק העיקרי' סעיף קטן (ד) - בטל.</p></content></point><point><heading><authorialNote placement="side"><p>תיקון סעיף 66</p></authorialNote></heading><num>29</num><content><p>
בסעיף 66 לחוק העיקרי' אחרי סעיף קטן (ב)' יווסף סעיף קטן זה:
"(ג) נמצא הזכאי לגימלה במקום שאושר לכך על ידי שר העבודה'
בין דרך כלל ובין במיוחד' ובתנאים שאושרו על ידי המוסד' וכל הח-
זקתו על אותו מקום, יכול שתינתן הגימלה לאותו המקום."</p></content></point><point><heading><authorialNote placement="side"><p>תיקון סעיף 68</p></authorialNote></heading><num>30</num><content><p>
בסעיף 68 (ב) לחוק העיקרי' במקום פסקה (1) תבוא פסקה זו:
"(1) דמי ביטוח לרבות דמי ביטוח שבתשלומם חייב בעל של אשה
שאינה מבוטחת לפי סעיף 3 (ב) כשהיא זכאית למענק לידה' להוציא
דמי ביטוח שמעבידו של המבוטח חייב בתשלומם".</p></content></point><point><heading><authorialNote placement="side"><p>תיקון סעיף 70</p></authorialNote></heading><num>31</num><content><p>
בסעיף 70(א) לחוק העיקרי' במקום הסיפה שאחרי "זכאי לפי פקודת הנזיקין האזרחיים'
1944" תבוא הסיפה "רשאי המוסד או מעביד שאושר לכך לפי סעיף 38(ב) לתבוע מאותו צד
שלישי פיצוי על הגימלה ששילמו או שהם עתידים לשלמה".</p></content></point><point><heading><authorialNote placement="side"><p>תיקון סעיף 71</p></authorialNote></heading><num>32</num><content><p>
בסעיף 71 לחוק העיקרי תיווסף פסקה זו:
"(3) שיטת העיגול של גימלאות כדי 50 פרוטות'/</p></content></point><point><heading><authorialNote placement="side"><p>החלפת סעיף 72</p></authorialNote></heading><num>33</num><content><p>
במקום סעיף 72 לחוק העיקרי יבוא סעיף זה:</p></content></point><point><heading><authorialNote placement="side"><p>,,חישוב מועדים</p></authorialNote></heading><num>72</num><content><p>
לענין תקופת האכשרה המזכה לגימלה ייחשב חלק של חודש
בראשית הביטוח העולה על חמישה עשר יום כחודש תמים, ואילו חלק
של חודש הקטן מהאמור לא יבוא במבין."</p></content></point><point><heading><authorialNote placement="side"><p>תיקון סעיף 79</p></authorialNote></heading><num>34</num><content><p>
בסעיף 79 לחוק העיקרי -
(1) בסעיף קטן (ב)' במקום "מנהל המוסד" יבוא "המנהל הכללי של המוסד
(להלן - מנהל המוסד)"' ואחרי "אם נתמנה לו סגן" יווסף "גזבר המוסד";
(2) אחרי סעיף קטן (ג) יווסף סעיף קטן זה:
"(ד) המנהלה רשאית לאצול מסמכויותיה לחבר מחבריה."</p></content></point><point><heading><authorialNote placement="side"><p>תיקון סעיף 87</p></authorialNote></heading><num>35</num><content><p>
בסעיף 87(ב) לחוק העיקרי' בסופו' יווסף "לענין סעיף קטן זה יראו ביטוח עובדים
עצמאיים מפני פגיעה בעבודה כענף ביטוח בפני עצמו".</p></content></point><point><heading><authorialNote placement="side"><p>תיקון סעיף 91</p></authorialNote></heading><num>36</num><content><p>
בסעיף 91 לחוק העיקרי' במקום הסיפה המתחילה במלים "ליתן גימלה" תבוא הטיפה
"ליתן גימלה' כולה או מקצתה' אף אם נתבעה אחרי המועד האמור".</p></content></point><point><heading><authorialNote placement="side"><p>תיקון סעיף 108</p></authorialNote></heading><num>37</num><content><p>
בסעיף 108(א) לחוק העיקרי' בסופו, יווסף "לרבות תקנות בדבר מועדים להגשת
תביעות וערעורים".</p></content></point><point><heading><authorialNote placement="side"><p>תיקון התוספת השניה</p></authorialNote></heading><num>38</num><content><p>
בתוספת השניה לחוק העיקרי -
(1) במקום פסקה (ב), בסעיף 1(1) תבוא פסקה זו;
"(ב) מי שבחמש השנים האחרונות שלפני פטירת המבוטח היתה נפרדת
ממנו שלוש שנים לפחות ובכלל שלוש שנים אלה שנים עשר חדשים
שלפני פטירת המבוטח ולא היתה זכאית למזונות ממנו על פי פסק דין
של בית דין מוסמך או על פי הסכם בכתב, או שהמבוטח לא נשא למעשה
במזונותיה תוך שנים עשר החדשים שלפני פטירתו-,"
(2) בסעיף 13' בסופו, יווסף,  "ובלבד שסך כל הקיצבה המשתלמת לפי סעיף
זה לא יהיה קטן מן המענק שהיה משתלם לפי סעיף 4 לתוספת זו'/</p></content></point><point><heading><authorialNote placement="side"><p>תיקון התוספת החמישית</p></authorialNote></heading><num>39</num><content><p>
בתוספת החמישית לחוק העיקרי -
(1) בסעיף 3 יווספו המלים "ובלבד שלא תעלה על המכסימום ליום שנקבע
בסעיף 7 לתוספת הרביעית וכפי ששונה בהתאם לסעיף 10 לאותה התוספת.
היו עקב המכסימום כאמור דמי הפגיעה ששולמו פחותים מ-3/4 משכר עבודתו
הרגיל של המבוטח' תחושב קיצבת הנכות כאילו היו דמי הפגיעה 3/4 מהשכר
הרגיל של המבוטח' אך לא יותר מהמכסימום לדמי פגיעה שעומד בעינו בחודש
שבו שולמה לראשונה קיצבת נכות";
(2) בסעיף 4, אחרי "אך אינה פחותה מ- 25%" יווסף "או שהיא פחותה מ- 25%
והיא נכות שנקבעה בהתאם לתקנות על פי תוספת זו כנכות לזמן מוגבל או
כנכות שדרגתה זמנית",</p></content></point><point><heading><authorialNote placement="side"><p>תיקון התוספת הששית</p></authorialNote></heading><num>40</num><content><p>
בתוספת הששית לחוק העיקרי' בסעיף 5' אחרי "יהיה גילה אשר יהיה" יווסף "ובלבד
שלא יהיה סך כל הקיצבה המשתלמת לפי סעיף 3 קטן מן המענק שהיה משתלם לפי סעיף 4
לתוספת זו".</p></content></point><point><heading><authorialNote placement="side"><p>תיקון התוספת השביעית</p></authorialNote></heading><num>41</num><list><intro><p>
בתוספת השביעית לחוק העיקרי -
(1) במקום סעיף 1 יבוא סעיף זה:
"1, (א) דמי לידה למבוטחת שהיא עובדת או עובדת עצמאית ישולמו
בעד פרק הזמן שלרגל ההריון או הלידה אין היא עובדת או עוסקת
במשלח ידה' אך לא יותר מאשר בעד שנים עשר שבועות.</p></intro><subPoint><num>ב</num><content><p> לענין תשלום דמי הלידה יראה המוסד אשה כעובדת או כעו-
בדת עצמאית' אם בהיותה בחודש החמישי להריון או לאחר-מכן הפסיקה
לרגל ההריון להיות עובדת או עוסקת במשלח ידה' ובלבד שהתקיימו
לגביה התנאים שבסעיף 3 או 4.</p></content></subPoint><subPoint><num>ג</num><content><p> אשה שעדיין אינה בחודש החמישי להריון, אולם הפסיקה
להיות עובדת או עוסקת במשלח ידה - תיחשב במבוטחת לענין סעיף 4(1)
אם התקיימו לגביה התנאים שבסעיף זה.";
(2) במקום סעיף 3 יבוא סעיף זה:
"3. תקופת האכשרה המזכה לדמי לידה היא תקופת ביטוח כעובדת או
כעובדת עצמאית במשך עשרה חדשים מתוך ארבעה עשר החדשים
שקדמו ליום שבעדו מגיעים לראשונה דמי לידה' ובלבד ששולמו דמי
הביטוח לפי הסעיפים 35 או 40 לחוק' להוציא דמי הביטוח שמועד פרעונם
חל תוך שלושים יום לפני היום שבעדו מגיעים לראשונה דמי לידה.";
(3) בסעיף 4, במקום פסקה (1), תבוא פסקה זו:
"(1) בעד ששה שבועות, אם תוך שמונה עשר החדשים שקדמו ליום
בעדו מגיעים לראשונה דמי לידה היתה האשה מבוטחת כעובדת או
כעובדת עצמאית עשרה חדשים ושולמו דמי הביטוח לפי הסעיפים 33
י או 40 לחוק, להוציא דמי ביטוח שמועד פרעונם חל תוך שלושים יום
לפני היום בעדו מגיעים לראשונה דמי לידה;".</p></content></subPoint></list></point><point><heading><authorialNote placement="side"><p>החילה</p></authorialNote></heading><num>42</num><content><p>
תחילתם של הסעיפים 11,3 ,28,13,12 ו-33 היא כיום כ"ז באדר ב' תשי"ד (1 באפריל
1954).</p></content></point><signature><name>דוד בן-גוריון</name><role>ראש הממשלה</role></signature><signature><name>מרדכי נמיר</name><role>שר העבודה</role></signature><signature><name>יצחק בן-צבי</name><role>נשיא המדינה</role></signature><dateOfAcceptance>09.08.1957</dateOfAcceptance></body>