<?xml version="1.0" encoding="UTF-8" ?>
<body><title><content><p>חוק הביטוח הלאומי (תיקון מס' 12), תשל"ג-1973 *</p></content></title><point><heading><authorialNote placement="side"><p>החלפת סעיף 105</p></authorialNote></heading><num>1</num><content><p>
במקום סעיף 105 לחוק הביטוח הלאומי (נוסח משולב], תשכ"ח-1968 1 (להלן -
החוק העיקרי), יבוא:</p></content></point><point><heading><authorialNote placement="side"><p>"זכות לקצבת משפחה</p></authorialNote></heading><num>105</num><content><p>
הורה מבוטח זכאי לקצבת משפחה חדשית לפי פרק זה בעד ילדו
השלישי ובעד כל ילד נוסף, כל זמן- שיש לו שגי ילדים בכירים מהם
ואם קיימים לפחות באחד ההורים התנאים לזכאות לקצבת משפחה."</p></content></point><point><heading><authorialNote placement="side"><p>תיקון סעיף 119</p></authorialNote></heading><num>2</num><content><p>
בסעיף 119 לחוק העיקרי, בסעיף קטן (א), במקום "בעד כל ילד משלושת ילדיו
הבכירים" יבוא "בעד כל ילד משני ילדיו הבכירים".</p></content></point><point><heading><authorialNote placement="side"><p>תיקון לוח ח'</p></authorialNote></heading><num>3</num><content><p>
בלוח ח' לחוק העיקרי-, בפרט 1, המלים "(לזכאי לפי סעיף 105 (2))"-יימחקו.</p></content></point><point><heading><authorialNote placement="side"><p>תיקון לוח גר</p></authorialNote></heading><num>4</num><content><p>
; בלוח ט' לחוק העיקרי 3, רטפ 3 -יימחק.</p></content></point><point><heading><authorialNote placement="side"><p>תחילה</p></authorialNote></heading><num>5</num><content><p>
תחילתו של חוק זה ביום כ"ג בתשרי תשל"ג (1 באוקטובר 1972).</p></content></point><point><heading><authorialNote placement="side"><p>הוראות מעבר</p></authorialNote></heading><num>6</num><list><intro><p /></intro><subPoint><num>א</num><content><p> שונו שיעורי דמי הביטוח לפי סעיף 159 (ב) לחוק העיקרי בעד קצבת משפחה
בעקבות האמור בסעיף 1 בלבד, לא יחולו הוראות סעיף 159 (ג) לחוק העיקרי.</p></content></subPoint><subPoint><num>ב</num><content><p> זכאי שקיבל קצבה בעד ילדו השלישי לפי תקנה 3א לתקנות הביטוח הלאומי
(קצבת ילדי עובדים) (תיקון), תשל"ג-1973 4,  יראו את התשלום כאילו נעשה מכוח חוק זה.</p></content></subPoint></list></point><signature><name>שניאור זלמן שזר</name><role>נשיא המדינה</role></signature><signature><name>גולדה מאיר</name><role>ראש הממשלה</role></signature><signature><name>יוסף אלמוגי</name><role>שר העבודה</role></signature><dateOfAcceptance>20.04.1973</dateOfAcceptance></body>