<?xml version="1.0" encoding="UTF-8" ?>
<body><title><content><p>חוק הביטוח הלאומי (תיקון מס' 6), תשל"א-1971 </p></content></title><point><heading><authorialNote placement="side"><p>תיקון סעיף 23</p></authorialNote></heading><num>1</num><list><intro><p>
בסעיף 23 לחוק הביטוח הלאומי [נוסח משולב], תשכ"ח-1968  1(להלן - החוק העיקרי),
סעיפים קטבים (ב) ו-(ג) יסומנו "(ד)" ו-"(ה)",ואחרי סעיף קטן (א) יבוא:
"(ב) אלמנה שלא מלאו לה עדיין ארבעים שנה - ואינה זכאית
לקצבה או שפקעה זכותה לקצבה לפי האמור בפרטים 3 או 4 שבלוח
ד' 2 -ישלם לה המוסד מענק בסכום השווה לקצבת יסוד לפי פרט 1
שבלוח ד' בצירוף תוספת יוקר עליה לפי סעיף 141, כפול שלושים ושש</p></intro><subPoint><num>ג</num><content><p> חזרה ונישאה אלמנה הזכאית לקצבת שאירים, תפקע זכותו,
לקצבה והמוסד ישלם לה מענק בשיעור האמור בסעיף קטן (ב); דין אלמן
לענין סעיף קטן זה כדין אלמנה."</p></content></subPoint></list></point><point><heading><authorialNote placement="side"><p>תיקון סעיף 26</p></authorialNote></heading><num>2</num><content><p>
בסעיף 26 לחוק העיקרי, במקום "לפי לוח ד'" יבוא "לפי סימן זה".</p></content></point><point><heading><authorialNote placement="side"><p>תיקון מעיף 27</p></authorialNote></heading><num>3</num><content><p>
בסעיף 27 לחוק העיקרי, בסעיף קטן (א), במקום "לפי לוח ד'" יבוא "לפי סימן זה".</p></content></point><point><heading><authorialNote placement="side"><p>תיקון לוח ד'</p></authorialNote></heading><num>4</num><content><p>
בלוח די לחוק העיקרי, פרטים 5 ו-8 - בטלים.</p></content></point><signature><name>גולדה מאיר</name><role>ראש הממשלה</role></signature><signature><name>יוסף א ל מוגי</name><role>שר העבודה</role></signature><signature><name>שניאור זלמן שזר</name><role>נשיא המדינה</role></signature><dateOfAcceptance>08.07.1971</dateOfAcceptance></body>