<?xml version="1.0" encoding="UTF-8" ?>
<body><title><content><p>חוק הבחירות לכנסת ולרשויות המקומיות (הוראות שעה),</p></content></title><point><heading><authorialNote placement="side"><p>הוראת שעה בחוק הבחירות לכנסת</p></authorialNote></heading><num>1</num><content><p>
על אף האמור בחוק הבחירות לכנסת [נוסח משולב], התשכ"ט-1969 1, וסעיף 29
לחוק הבחירות לכנסת העשירית (הוראת שעה), התשמ"א-1981 2, לא יוכן פנקס בוחרים
לכנסת לשנת הפנקס המתחילה ביום ט"ו באב התשמ"ב (להלן - שנת פנקס התשמ"ב)
ופנקס הבוחרים הקיים ערב תחילתו של חוק זה ימשיך לעמוד בתקפו עד יום י"ד באב
התשמ'יג (24 ביולי 1983),</p></content></point><point><heading><authorialNote placement="side"><p>הוראת שעה בחוק הרשויות המקומיות (בחירות)</p></authorialNote></heading><num>2</num><content><p>
על אף האמור בחוק הרשויות המקומיות (בחירות), התשכ"ה-1965 3, בשנת פנקס
התשמ"ב לא יוכנו נספחים לפנקס הבוחרים לכנסת והנספחים הקיימים ערב תחילתו של
חוק זה ימשיכו לעמוד בתקפם עד יום י"ד באב התשמ"ג (24 ביולי 1983).</p></content></point><signature><name>יצחק נבון</name><role>נשיא המדינה</role></signature><signature><name>מנחם בגין</name><role>ראש הממשלה</role></signature><signature><name>יוסף בורג</name><role>שר הפנים</role></signature><dateOfAcceptance>04.08.1982</dateOfAcceptance></body>