<?xml version="1.0" encoding="UTF-8" ?>
<body><title><content><p>חוק הביטוח הלאומי (תיקון מס' 27), תשל"ז-1977*</p></content></title><point><heading><authorialNote placement="side"><p>תיקון סעיף 143</p></authorialNote></heading><num>1</num><list><intro><p>
בסעיף 143 לחוק הביטוח הלאומי [נוסח משולב], תשכ"ח-1968 1, אחרי סעיף קטן</p></intro><subPoint><num>ג</num><content><p> יבואן
"(ג1) זכאי לקצבת תלויים שנעשה זכאי לקצבת זקנה או זכאי
לקצבת זקנה שנעשה זכאי לקצבת תלויים, יחולו לגביו הוראות אלה:
(1) בחר בקצבת זקנה - תשולם לו אותה קצבה, ובנוסף
לה תשולם לו מחצית מקצבת התלויים המגיעה לו, ובלבד
שמחצית זו לא תעלה על 50% מקצבת השאירים לפי סעיף
21 (א) (1);
(2) בחר בקצבת תלויים - לא תפחת קצבה זו משיעור
הקצבה הכוללת שהיתה משתלמת לו אילו בחר בקצבת זקנה
כאמור בפסקה (1);
(3) "זכאי לקצבת זקנה", לענין סעיף קטן זה - זכאי
לקצבת זקנה שהשלים תקופת אכשרה לפי סעיף 15 (א)."</p></content></subPoint></list></point><point><heading><authorialNote placement="side"><p>תחילה</p></authorialNote></heading><num>2</num><content><p>
תחילתו של חוק זה ביום י"ג בניסן תשל"ז (1 באפריל 1977) והוא יחול לגבי הזמן
שלאחר תחילתו גם על מי שנעשה זכאי כאמור בו, לפני תחילתו.</p></content></point><signature><name>אפרים קציר</name><role>נשיא המדינה</role></signature><signature><name>יצחק רבין</name><role>ראש הממשלה</role></signature><signature><name>משה כרעם</name><role>שר העבודה</role></signature><dateOfAcceptance>18.03.1977</dateOfAcceptance></body>