<?xml version="1.0" encoding="UTF-8" ?>
<body><title><content><p>חוק הביטוח הלאומי (תיקון מס' 7), תשכ"ב-1962 *</p></content></title><point><heading><authorialNote placement="side"><p>תיקון ביטוי</p></authorialNote></heading><num>1</num><content><p>
בכל מקום בחוק הביטוח הלאומי, תשי"ד-1953  1(להלן - החוק העיקרי), בו נאמר
"ביטוח מוות" ייאמר "ביטוח שאירים".</p></content></point><point><heading><authorialNote placement="side"><p>תיקון מעיף 4</p></authorialNote></heading><num>2</num><content><p>
בסעיף 4 לחוק העיקרי' בסופו, יבוא-.
"(3) מי שהוא בעלה של מבוטחת שנה אחת לפחות וכל
פרנסתו על המבוטחת, ובקרות המקרה המזכה לגימלה היה
בן חמישים וחמש ומעלה או שאינו מסוגל לכלכל עצמו."</p></content></point><point><heading><authorialNote placement="side"><p>תיקון סעיף 11</p></authorialNote></heading><num>3</num><content><p>
בסעיף 11 לחוק העיקרי, במקום "לפי הסעיפים 9 ו-10" יבוא "לפי סעיף 9".</p></content></point><point><heading><authorialNote placement="side"><p>תיקון סעיף 22</p></authorialNote></heading><num>4</num><content><p>
בסעיף 22 (ב) לחוק העיקרי, במקום פסקה (5) יבוא:
"(5) מי שהוא בעלה של מבוטחת בשעת מותה וכל פרנסתו
על המבוטחת - אם הוא אותה שעה בן חמישים וחמש ומעלה
או שאינו מסוגל לכלכל עצמו - להוציא מי שהיה לבעלה
אחרי הפגיעה."</p></content></point><point><heading><authorialNote placement="side"><p>תיקון סעיף 32</p></authorialNote></heading><num>5</num><content><p>
האמור בסעיף 32 לחוק העיקרי יסומן כסעיף קטן (א) ואחריו יבוא:
"(ב) לענין חלק זה רואים כעובד גם מי ששכרו נקבע בחוק, או
על ידי החלטת הכנסת או על פיה, ואת החייב בתשלום השכר רואים
כמעבידו, אלא ששיעור דמי הביטוח יהיה לפי האמור בסעיף 33 (א)
בלבד."</p></content></point><point><heading><authorialNote placement="side"><p>תיקון סעיף 34</p></authorialNote></heading><num>6</num><content><p>
בסעיף 34 לחוק העיקרי -
(1) במקום סעיף קטן (ב) יבוא:
"(ב) מבוטח שאין לו הכנסה, או שהכנסתו כאמור בסעיף קטן (א)
אינה מגיעה למינימום שלפיו משתלמים דמי-ביטוח, ישלם דמי-הביטוח
כאילו הכנסתו היתה המינימום.";
(2) בסעיף קטן (ג)' אחרי "ודין מקדמות לענין הסעיפים 32' 50' 51' 53' 54"
יבוא "68";
(3) אחרי סעיף קטן (ג) יבוא:
"(ד) מבוטח שלא נערכה לו שומה כאמור ולא הגיש דין וחשבון
על הכנסתו ואף לא נקבע הסכום המגיע כדמי ביטוח בהתאם לסעיף קטן
43 (א)' ישלם מקדמה כאילו הכנסתו היתה המינימום שלפיו משתלמים
דמי-ביטוח."</p></content></point><point><heading><authorialNote placement="side"><p>תיקון סעיף 36</p></authorialNote></heading><num>7</num><content><p>
בסעיף 36 לחוק העיקרי -
(1) במקום סעיף קטן (ב) יבוא:
"(ב) עובד עצמאי שאין לו הכנסה או שהכנסתו כאמור בסעיף
קטן (א) אינה מגיעה למינימום שלפיו משתלמים דמי-ביטוח' ישלם
דמי-הביטוח כאילו הכנסתו היתה המינימום.";
(2) בסעיף קטן (ג)' במקום "ודין המקדמות לענין סעיפים 32' 50' 51' 52' 53'
54' 104 ו-112 כדין דמי-ביטוח" יבוא "ודין המקדמות לענין סעיפים 32' 50' 51'</p></content></point><chapter><num>ספר החוקים</num><title><content><p>363 , י' באדר א" תשכ"ב, 14.2.1962</p></content></title><point><heading><authorialNote placement="side"><p>תיקון סעיף 40א</p></authorialNote></heading><num>52</num><content><p>
' 53' 54' 68' 104' 112' 9 לתוספת הרביעית ו-8 לתוספת השביעית כדין
דמי-ביטוח"' ובמקום "הצהרה" יבוא "דין וחשבון";
(3) אחרי סעיף קטן (ג) יבוא:
"(ד) עובד עצמאי שלא בערכה לו שומה כאמור' ולא הגיש דין
וחשבון על הכנסתו ואף לא נקבע הסכום המגיע כדמי ביטוח בהתאם
לסעיף קטן 43 גא)' ישלם מקדמה כאילו הכנסתו היתה המינימום שלפיו
משתלמים דמי-ביטוח."
8. בסעיף 40א לחוק העיקרי' בפסקה (1)' אחרי "עובד בשירות דיפלומטי או קונסולרי
של מדינה זרה" יבוא "עובד שאין אדם אחר חייב לפי חוק זה בתשלום דמי-ביטוח בעדו".</p></content></point><point><heading><authorialNote placement="side"><p>תיקון סעיף 46</p></authorialNote></heading><num>9</num><content><p>
בסעיף 46 לחוק העיקרי' בסופו של סעיף קטן (ב) יבוא "וכן תגמול נכות או שאירים
המשתלם למבוטח מכוח חוק של מדינה זרה ושאושר על ידי שר העבודה לענין זה כחוק
תגמולים."</p></content></point><point><heading><authorialNote placement="side"><p>החלפת סעיף 50</p></authorialNote></heading><num>10</num><content><p>
במקום סעיף 50 לחוק העיקרי יבוא:</p></content></point><point><heading><authorialNote placement="side"><p>"הפחתת גימלה ושלילתה מחרת פיגור</p></authorialNote></heading><num>50</num><list><intro><p /></intro><subPoint><num>א</num><content><p> קרה מקרה המזכה לגימלה וקיים אותה שעה חוב של דמי-
ביטוח והפיגור בתשלומו הוא בעד תקופה העולה על 12 חדשים ינהגו כך:
(1) בפיגור שאינו עולה על 18 חדשים' תשולם הגימלה
פחות רבע;
(2) בפיגור העולה על 18 חדשים ואינו עולה על 36 חדשים'
תשולם הגימלה פחות חצי;
(3) בפיגור העולה על 36 חדשים' לא תינתן גימלה לא
בכסף ולא בעין.</p></content></subPoint><subPoint><num>ב</num><content><p> האמור בסעיף קטן (א) אינו חל על גימלאות לפי הסעיפים
10/ 28' 30 ו-31ב."</p></content></subPoint></list></point><point><heading><authorialNote placement="side"><p>החלפת סעיף 72</p></authorialNote></heading><num>11</num><content><p>
במקום סעיף 72 לחוק העיקרי יבוא:</p></content></point><point><heading><authorialNote placement="side"><p>"חישוב מועדים</p></authorialNote></heading><num>72</num><list><intro><p /></intro><subPoint><num>א</num><content><p> לא הוכח יום לידתו של אדם - חזקה עליו' לענין חוק זה'
שנולד בחמישה עשר לחודש לידתו; ואם לא הוכח החודש - חזקה כאמור
שנולד באחד ביולי של שנת לידתו.</p></content></subPoint><subPoint><num>ב</num><content><p> לא נקבע גילו של אדם אך נקבע לו מתח גילים, יהיה גילו
לענין חוק זה הגיל שבתחום אותו מתח שהמבוטח או הזכאי לגימלה'
לפי העבין, הצהיר עליו כעל גילו.</p></content></subPoint><subPoint><num>ג</num><content><p> נוצרה בין האחד בחודש לבין החמישה עשר בו זכות לקיצבה
לפי חלק א' או לתוספת קיצבה, תשולם הקיצבה או התוספת כאילו נוצרה
הזכות באחד בחודש; נוצרה הזכות בין הששה עשר בחודש לבין היום
האחרון שבו - תשולם הקיצבה או התוספת כאילו נוצרה הזכות באחד
בחודש שלאחריו."</p></content></subPoint></list></point><point><heading><authorialNote placement="side"><p>תיקון מעיף 1 בתוספת השניה</p></authorialNote></heading><num>12</num><content><p>
בסעיף 1 לתוספת השביה לחוק העיקרי (להלן - התוספת) -
(1) אחרי פסקה (1) יבוא:
"(2) "אלמן" - מי שהיה בעלה של המבוטחת בשעת פטירתה
שנה אחת לפחות וכל פרנסתו על המבוטחת - אם היה אותה
שעה בן חמישים וחמש ומעלה או אם אינו מסוגל לכלכל
עצמו."
(2) פסקה (2) תסומן בפסקה (3).</p></content></point><point><heading><authorialNote placement="side"><p>תיקון סעיף 8 לתוספת</p></authorialNote></heading><num>13</num><content><p>
בסעיף 8 לתוספת, בסופו יבוא:
"לענין סעיף זה דין אלמן כדין אלמנה."</p></content></point><point><heading><authorialNote placement="side"><p>ביטול</p></authorialNote></heading><num>14</num><content><p>
בטלים הסעיפים 8, 12, 24א(2) ו-24ב (1) לחוק העיקרי.</p></content></point></chapter><signature><name>יצחק ב ן-צבי</name><role>נשיא המדינה</role></signature><signature><name>דוד בן-גוריון</name><role>ראש הממשלה</role></signature><signature><name>יגאל אלון</name><role>שר העבודה</role></signature><dateOfAcceptance>14.02.1962</dateOfAcceptance></body>