<?xml version="1.0" encoding="UTF-8" ?>
<body><title><content><p>חוק הבחירות לכנסת ולרשויות המקומיות בשנת תש"ל</p></content></title><point><heading><authorialNote placement="side"><p>תיקון סעיף 1</p></authorialNote></heading><num>1</num><content><p>
בסעיף 1 לחוק הבחירות לכנסת ולרשויות המקומיות בשבת תש"ל (מימון, הגבלת
הוצאות ובקורת), תשכ"ט-1969 1(להלן - החוק העיקרי) -
(1) בהגדרת "מפלגה" אחרי "בתוספת השניה" יבוא "אם זו מסרה הודעה
ליושב-ראש הכנסת כאמור בסעיף 2 (א) (2)";
(2) אחרי הגדרת "נציגים" יבוא:
""רשימה חדשה" - רשימת מועמדים לכנסת, כמשמעותה בחוק הבחירות
לכנסת ננוסח משולב], תשכ"ט-21969 (להלן - חוק הבחירות),
למעט רשימה שהוגשה על ידי מפלגה";
(3) בהגדרת "הוצאות בחירות" ובהגדרת "נציגים" אחרי "מפלגה". יבוא
"או רשימה חדשה".</p></content></point><point><heading><authorialNote placement="side"><p>תיקון סעיף 2</p></authorialNote></heading><num>2</num><content><p>
במקום סעיף 2 (א) (2) לחוק העיקרי יבוא:
"(2) מפלגה ששמה בקוב בתוספת השביה רשאית להודיע ליושב
ראש הכבסת באמצעות בא-כוח סיעתה, לא יאוחר מיום י"ז באב
תשכ"ט (1 באוגוסט 1969) כי היא מבקשת כי תוקצב לה מאוצר
המדיבה הקצבה למימון הוצאות הבחירות, ומשהודיעה כך
יוקצב לה סכום של 480,000 לירות; לא הודיעה כאמור והגישה
רשימת מועמדים לכנסת, יהא דיבה כדין רשימה חדשה."</p></content></point><point><heading><authorialNote placement="side"><p>הוספת סעיף 2 א</p></authorialNote></heading><num>3</num><content><p>
אחרי סעיף 2 לחוק העיקרי יבוא:</p></content></point><point><heading><authorialNote placement="side"><p>"מימון לרשימות חדשות</p></authorialNote></heading><num>2</num><content><p>
א. בכפוף להוראות סעיף 13א ישולם, מאוצר המדינה באמצעות יושב
ראש הכנסת, לכל רשימה חדשה אשר זכתה בבחירות לכנסת השביעית
במנדט אחד לפחות, סכום של 120,000 לירות כפול במספר המנדטים שבו
זכתה, למימון הוצאות הבחירות."</p></content></point><point><heading><authorialNote placement="side"><p>תיקון סעיף 5</p></authorialNote></heading><num>4</num><content><p>
בסעיף 5 לחוק העיקרי -
(1) אחרי סעיף קטן (א) יבוא:
"(א1) ביום הגשת רשימת המועמדים לועדת הבחירות המרכזית תודיע
כל רשימה חדשה ליושב ראש הכנסת, באמצעות בא-כוח הרשימה כמש-
מעותו בסעיף 59 לחוק הבחירות, את שמות נציגיה המוסמכים לפעול
בשמה לעבין חוק זה; ההודעה על מיבוי הבציגים תהיה מלווה הסכמתם
בכתב.";
(2) אחרי סעיף קטן (ג) יבוא:
"(ד) רשימה חדשה לא תהיה חייבת לכלול בין בציגיה חבר
הכבסת ובמקומו יבוא הראשון ברשימה, ולענין מעיפים קטנים (ב) ו-(ג)
תבוא הצהרה והודעה של בא-כוח הרשימה החדשה במקום הצהרה והודעה
של מפלגה."</p></content></point><point><heading><authorialNote placement="side"><p>הוספת סעיף 7א</p></authorialNote></heading><num>5</num><content><p>
אחרי סעיף 7 לחוק העיקרי יבוא:</p></content></point><point><heading><authorialNote placement="side"><p>"ניהול ספרים וחשבונות על-ידי רשימה חדשה</p></authorialNote></heading><num>7</num><content><p>
א. נציגיה של רשימה חדשה ימציאו ליושב ראש הכנסת, ביום הגשת
הרשימה, הצהרה בחתימת ידם של הנציגים, שהרשימה החדשה עשתה את
כל הסידורים הדרושים כדי להבטיח הנהלת חשבונות נאותה של הוצאות
הבחירות בהתאם להנחיות מבקר המדינה, לרבות פתיחת חשבון בנקאי
מיוחד למטרה זו, שם הבנק ומספר החשבון."</p></content></point><point><heading><authorialNote placement="side"><p>תיקון סעיף 9</p></authorialNote></heading><num>6</num><content><p>
האמור בסעיף 9 לחוק העיקרי יסומן (א) ואחריו יבוא:
"(ב) רשימה חדשה תנהג לפי הוראות סעיף קטן (א) החל מיום
הגשת הרשימה כאילו היתה מפלגה."</p></content></point><point><heading><authorialNote placement="side"><p>תיקון סעיף 10</p></authorialNote></heading><num>7</num><list><intro><p>
האמור בסעיף 10 לחוק העיקרי יסומן (א) ואחריו יבוא:
"(ב) האמור בסעיף קטן (א) יחול לגבי רשימה חדשה החל מיום
הגשת הרשימה, וכל האמור בו לגבי מפלגה יראו אותו כאילו אמור גם
לגבי רשימה חדשה.</p></intro><subPoint><num>ג</num><content><p> סעיף 137 לחוק הבחירות יחול על חוות דעת לפי סעיף זה."</p></content></subPoint></list></point><point><heading><authorialNote placement="side"><p>תיקון סעיף 12</p></authorialNote></heading><num>8</num><list><intro><p>
בסעיף 12 לחוק העיקרי -
(1) בסעיף קטן (א) אחרי "שהמפלגה" יבוא "או שהרשימה החדשה, שקיבלה
מנדט אחת לפחות";
(2) בסעיף קטן (ב) -</p></intro><subPoint><num>א</num><content><p> כרישה, אחרי "ומפלגה" יבוא "ושל כל רשימה חדשה";</p></content></subPoint><subPoint><num>ב</num><content><p> בפסקה (1), אחרי "המפלגה" יבוא "או הרשימה החדשה";
(0 בפסקה (2), בסופו יבוא "ושהוצאות הבחירות של רשימה חדשה
היו בגבולות 160,000 לירות כפול במספר המנדטים שבו זכתה."</p></content></subPoint></list></point><point><heading><authorialNote placement="side"><p>הוספת סעיף 13א</p></authorialNote></heading><num>9</num><content><p>
אחרי סעיף 13 לחוק העיקרי יבוא:</p></content></point><point><heading><authorialNote placement="side"><p>-העברת ההקצבה לרשימות חדשות</p></authorialNote></heading><num>13</num><list><intro><p>
א. (א) רשימה חדשה אשר לפי סעיף 2א זכתה להקצבה ואשר מבקר
המדינה ציין בדין וחשבון על מי מעיף 12 (ב) כי ניהלה מערכת חשבונות
בהתאם להנחיותיו, יעביר יושב ראש הכנסת, בכפוף לסעיף קטן (ב),
לחשבון הבנקאי שלה את סכום ההקצבה שיועדה לה; סכום זה אינו ניתן
לעיקול אלא לחובות הנובעים מהוצאות הבחירות.</p></intro><subPoint><num>ב</num><content><p> רשימה חדשה שלגביה לא הגיע מבקר המדינה, בדין וחשבון
שהגיש לסי סעיף 12 (ב), למסקנה שהוצאות הבחירות שלה היו רק בגבולות
160,000 לירות כפול במספר המנדטים שבו זכתה, ינוכה 30% מסכום
ההקצבה שהיא זכאית לה לפי סעיף 2א והיתרה תועבר כאמור בסעיף
קטן (א)." </p></content></subPoint></list></point><signature><name>שניאור זלמן שזר</name><role>נשיא המדינה</role></signature><signature><name>גולדה מאיר</name><role>ראש הממשלה</role></signature><dateOfAcceptance>22.07.1969</dateOfAcceptance></body>