<?xml version="1.0" encoding="UTF-8" ?>
<body><title><content><p>חוק בול בטחון (תיקון והארכת תקופת ההיטל) (תיקון מס' 12),</p></content></title><point><heading><authorialNote placement="side"><p>תיקון מעיפים 6,9, 10 ו-12</p></authorialNote></heading><num>1</num><content><p>
בחוק כול בטחון (תיקון והארכת תקופת ההיטל), תשי"ח-1958 1, בסעיפים 6, 9,
10 ו-12, במקום "כ"ט כאדר כ' תשל"ו (31 במרס 1976)" יבוא ככל מקום "י"ב בניסן
תשל"ז (31 במרס 1977)".</p></content></point><signature><name>יצחק רבין</name><role>ראש הממשלה</role></signature><signature><name>יהושע רבינוביץ</name><role>שר האוצר</role></signature><signature><name>אפרים קציר</name><role>נשיא המדינה</role></signature><dateOfAcceptance>09.04.1976</dateOfAcceptance></body>