<?xml version="1.0" encoding="UTF-8" ?>
<body><title><content><p>חוק הביטוח הלאומי (תיקון מס' 39), התשמ"א-1980 *</p></content></title><point><heading><authorialNote placement="side"><p>הוספת פרק ו'5</p></authorialNote></heading><num>1</num><content><p>
אחרי סעיף 127פב לחוק הביטוח הלאומי [נוסח משולב], התשכ"ח-1968 1(להלן
- החוק העיקרי), יבוא:</p></content></point><chapter><num>"פרקו '5:</num><title><content><p>ביטוח סיעוד</p></content></title><point><heading><authorialNote placement="side"><p>"המבוטחים, היקף ותחילה</p></authorialNote></heading><num>127</num><content><p>
פג. כל מבוטח ביטוח זקנה וביטוח שאירים מבוטח גם ביטוח סיעוד,
ואולם ההיקף והתנאים לזכאות בביטוח סיעוד ייקבעו בחוק, ובו ייקבעו
גם המועד או המועדים לתחילת הזכאות ולמתן הגמלאות."</p></content></point><point><heading><authorialNote placement="side"><p>תיקון סעיף 157</p></authorialNote></heading><num>2</num><content><p>
בסעיף 157 לחוק העיקרי,. לפני סעיף קטן (ה) יבוא:
"(ד5) כל מבוטח ביטוח סיעוד ישתלמו בעדו דמי ביטוח סיעוד."</p></content></point><point><heading><authorialNote placement="side"><p>תיקון סעיף 161</p></authorialNote></heading><num>3</num><content><p>
בסעיף 161 (ג) לחוק העיקרי, במקום "(ד2) או (ד4)" יבוא "(ד2), (ד4) או (ד5)".</p></content></point><point><heading><authorialNote placement="side"><p>תיקון סעיף 167</p></authorialNote></heading><num>4</num><content><p>
בסעיף 167 (א) לחוק העיקרי, במקום "(ד3) או (ד4)" יבוא "(ד3), (ד4) או (ד5)".</p></content></point><point><heading><authorialNote placement="side"><p>תיקון סעיף 169</p></authorialNote></heading><num>5</num><content><p>
בסעיף 169 לחוק העיקרי -
(1) בסעיפים קטנים (ב) ו-(ב1), במקום "(ד1) ו-(ד2)" יבוא "(ד1), (ד2)
ו-(ד5)";
(2) בסעיף קטן (ג), במקום "(ד2) ו-(ד4)" יבוא "(ד2), (ד4) ו-(ד5)".</p></content></point><point><heading><authorialNote placement="side"><p>תיקון לוח י'</p></authorialNote></heading><num>6</num><content><p>
בלוח י' לחוק העיקרי -</p></content></point><point><heading><authorialNote placement="side"><p>תחילה</p></authorialNote></heading><num>7</num><content><p>
תחילתו של חוק זה ביום ט"ו בניסן התש"ם (1 באפריל 1980).</p></content></point></chapter><signature><name>יצחק נבון</name><role>נשיא המדינה</role></signature><signature><name>מנחם בגין</name><role>ראש הממשלה</role></signature><signature><name>י ש רא ל כץ</name><role>שר העבודה והרווחה</role></signature><dateOfAcceptance>04.11.1980</dateOfAcceptance></body>