<?xml version="1.0" encoding="UTF-8" ?>
<body><title><content><p>חוק הבחירות לעיריות (הוראות שעה) (תיקון), תשי"ט-1959*</p></content></title><point><heading><authorialNote placement="side"><p>תיקון סעיף 13</p></authorialNote></heading><num>1</num><content><p>
בסעיף 13 לחוק הבתירות לעיריות (הוראות שעה), תשי"ט-1959 1, במקום "מהיום
ה-180" יבוא "מהיום ה-195".</p></content></point><point><heading><authorialNote placement="side"><p>תחילת תוקף</p></authorialNote></heading><num>2</num><content><p>
חוק זה תחילתו ביום קבלתו בכנסת.</p></content></point><signature><name>דוד בן-גוריון</name><role>ראש הממשלה</role></signature><signature><name>יצחק בן-צבי</name><role>נשיא המדינה</role></signature><signature><name>ישראל בר-יהודה</name><role>שר הפנים</role></signature><dateOfAcceptance>06.05.1959</dateOfAcceptance></body>