<?xml version="1.0" encoding="UTF-8" ?>
<body><title><content><p>חוק הביטוח הלאומי (תיקון מס' 28) (תיקון מס' 2), תשל"ט-1979 *</p></content></title><point><heading><authorialNote placement="side"><p>תיקון סעיף 11</p></authorialNote></heading><num>1</num><content><p>
בסעיף 11 לחוק הביטוח הלאומי (תיקון מס' 28), תשל"ז-1977 1, בסעיף קטן גב),
במקום "ד' בניסן תשל"ט (1 באפריל 1979)" יבוא "ט"ו בניסן תש"ם (1 באפריל 1980)".</p></content></point><signature><name>יצחק נבון</name><role>נשיא המדינה</role></signature><signature><name>מנחם בגין</name><role>ראש הממשלה</role></signature><signature><name>ישר אל כץ</name><role>שר העבודה והרווחה</role></signature><dateOfAcceptance>05.04.1979</dateOfAcceptance></body>