<?xml version="1.0" encoding="UTF-8" ?>
<body><title><content><p>חוק לביטול פקודת האיגודים המקצועיים, תשכ"ט-1968*</p></content></title><point><heading><authorialNote placement="side"><p>ביטול</p></authorialNote></heading><num>1</num><content><p>
פקודת האיגודים המקצועיים, 1947 1 -בטלה.</p></content></point><signature><name>שביאור זלמן שזר</name><role>נשיא המדינה</role></signature><signature><name>יוסף אלמוגי</name><role>שר העבודה</role></signature><signature><name>לוי אשכול</name><role>ראש הממשלה</role></signature><dateOfAcceptance>28.11.1968</dateOfAcceptance></body>