<?xml version="1.0" encoding="UTF-8" ?>
<body><title><content><p>חוק הבחירות (דרכי תעמולה) (תיקון מס' 6), התשמ"א-1981*</p></content></title><point><heading><authorialNote placement="side"><p>תיקון סעיף 15א</p></authorialNote></heading><num>2</num><content><p>
בסעיף 15א(א) לחוק העיקרי, במקום "לכל מפלגה ורשימת מועמדים יינתנו 10
דקות ולכל מפלגה המיוצגת בכנסת היוצאת - 4 דקות נוספות לכל חבר שלה בכנסת"
יבוא "לכל מפלגה ורשימת מועמדים יינתנו 8 דקות ולכל מפלגה המיוצגת בכנסת
היוצאת - 6 דקות נוספות לכל חבר שלה בכנסת".</p></content></point><signature><name>יצחק נבון</name><role>נשיא המדינה</role></signature><signature><name>מנחם בגין</name><role>ראש הממשלה</role></signature><signature><name>יוסף בורג</name><role>שר הפנים</role></signature><dateOfAcceptance>09.04.1981</dateOfAcceptance></body>