<?xml version="1.0" encoding="UTF-8" ?>
<body><title><content><p>חוק בול בטחון (תיקון והארכת תקופת ההיטל) (תיקון מס' 10),</p></content></title><point><heading><authorialNote placement="side"><p>תיקון סעיף 9</p></authorialNote></heading><num>1</num><content><p>
בסעיף 9 (א) לחוק בול בטחון (תיקון והארכת תקופת ההיטל), תשי"ח-1958 1,
במקום "כ"א בסיון תשל"ה (31 במאי 1975)" יבוא "ו' באדר תשל"ד (28 בפברואר 1974)",
ואחרי "20%" יבוא " - ובתקופה המתחילה ביום ז' באדר תשל"ד (1 במרס 1974) והמס-
תיימת ביום כ"א בסיון תשל"ה (31 במאי 1975), בשיעור של 15% -".</p></content></point><signature><name>אפרים קציר</name><role>נשיא המדינה</role></signature><signature><name>יצחק רבין</name><role>ראש הממשלה</role></signature><signature><name>יהושע רביבוביץ</name><role>שר האוצר</role></signature><dateOfAcceptance>18.07.1974</dateOfAcceptance></body>