<?xml version="1.0" encoding="UTF-8" ?>
<body><title><content><p>חוק הביטוח הלאומי (תיקון מס' 8), תשכ"ג-1963 *</p></content></title><point><heading><authorialNote placement="side"><p>תיקון סעיף 108</p></authorialNote></heading><num>1</num><content><p>
בסעיף 108 לחוק הביטוח הלאומי, תשי"ד-11953 (להלן - החוק העיקרי), בסופו.
יבוא:
"(ד) שר המשפטים רשאי להסדיר. בתקנות. דמי נסיעה ולינה
ושכר בטלה של עדים שהוזמנו להעיד בבית הדין."</p></content></point><point><heading><authorialNote placement="side"><p>הוספת סעיפים 15 ו-16 לתוספת השניה</p></authorialNote></heading><num>2</num><list><intro><p>
אחרי סעיף 14 לתוספת השניה לחוק העיקרי יבוא:
"15. (א) המוסד ישלם לאלמן קיצבה חמש עשרה ל"י.</p></intro><subPoint><num>ב</num><content><p> אלמן שעמו ילדים. ישלם לו המוסד. כל זמן שהילדים עמו.
בנוסף לקיצבתו. תוספת ילדים בשיעור המשתלם לאלמנה שעמה ילדים,
16. סעיפים 11, 12 ו-13 לתוספת זו יחולו על אלמן. בתיאומים לפי
הענין."</p></content></subPoint></list></point><point><heading><authorialNote placement="side"><p>מתן תוקף</p></authorialNote></heading><num>3</num><content><p>
רואים תקנה 14 (4) לתקנות הביטוח הלאומי (סדרי הדין בפני בית דין לביטוח לאומי).
תשי"ז-21956, כאילו הותקנה כדין.</p></content></point><point><heading><authorialNote placement="side"><p>תחילה</p></authorialNote></heading><num>4</num><content><p>
תהילתם של הסעיפים 15 ו-16 לתוספת השניה לחוק העיקרי היא כיום י' באדר א'
תשכי'כ (14 בפברואר 1962).</p></content></point><signature><name>שניאור זלמן שזר</name><role>נשיא המדינה</role></signature><signature><name>לוי אשכול</name><role>ראש הממשלה</role></signature><signature><name>יגאל אלון</name><role>שר העבודה</role></signature><dateOfAcceptance>11.07.1963</dateOfAcceptance></body>