<?xml version="1.0" encoding="UTF-8" ?>
<body><title><content><p>חוק הבחירות לכנסת ולרשויות המקומיות בשבת תש"ל</p></content></title><point><heading><authorialNote placement="side"><p>הגדרות</p></authorialNote></heading><num>1</num><content><p>
בחוק זה -
"מפלגה" - מפלגה ששמה נקוב בתוספת הראשונה או בתוספת השניה:
"הקצבה" - הקצבה מאוצר המדינה על פי סעיף 2:
"בחירות" - הבחירות לכנסת ולרשויות המקומיות הנועדות להתקיים ביום ט"ז בחשון
תש"ל (28 באוקטובר 1969);
"הוצאות בחירות" - הוצאות לארגון פעולות המפלגה במערכת הבחירות והוצאות לתעמולה
והסברה לקראת הבחירות, בין בעל-פה, בין בכתב ובין בכל דרך אחרת, ובכלל זה
התחייבויות בשל הוצאות כאמור:
"נציגים" - נציגי מפלגה שנתמנו על פי סעיף 5.</p></content></point><point><heading><authorialNote placement="side"><p>ההקצבה וחלוקתה</p></authorialNote></heading><num>2</num><list><intro><p /></intro><subPoint><num>א</num><content><p> (1) לכל המפלגות המנויות בתוספת הראשונה יוקצב מאוצר המדינה סכום
כולל של 14,400,000 לירות למימון הוצאות הבחירות: חלוקת הסכום האמור בין
מפלגות אלה תהיה כמפורט בתוספת הראשונה.
(2) למפלגה ששמה נקוב בתוספת השניה יוקצב מאוצר המדינה סכום של
480,000 לירות למימון הוצאות הבחירות.</p></content></subPoint><subPoint><num>ב</num><content><p> מפלגה שאינה מגישה רשימת מועמדים לבחירות לכנסת השביעית, לא לבדה
ולא ביחד עם מפלגה אחרת, אינה זכאית להקצבה וסכומי ההקצבה האמורים בסעיף קטן (א)
יופחתו כסכום המיועד לה על פי התוספת הראשונה או השניה.</p></content></subPoint></list></point><point><heading><authorialNote placement="side"><p>הגבלת הוצאות בחירות</p></authorialNote></heading><num>3</num><content><p>
לא תוציא מפלגה להוצאות בחירות סכום העולה על סך-כל המורכב משנים אלה:
(1) סכום ההקצבה שהיא זכאית לו לפי התוספת הראשונה או השניה?
(2) סכום נוסף מכספיה היא, ובלבד שלא יעלה על שליש מסכום ההקצבה שלה.</p></content></point><point><heading><authorialNote placement="side"><p>הסעת בוחרים</p></authorialNote></heading><num>4</num><content><p>
הסעת בעלי זכות הצבעה מתחום גבולותיו של ישוב אחד למשנהו ובחזרה, ביום
הבחירות לשם הצבעה, תמומן מאוצר המדינה באמצעות ועדת הבחירות המרכזית? ההסעה
תבוצע בקווי תחבורה ולמרחקים שייקבעו על ידי ועדת הבחירות המרכזית בהוראות,
ובהתאם לנהלים וסדרים שתורה עליהם.</p></content></point><point><heading><authorialNote placement="side"><p>מינוי נציגים</p></authorialNote></heading><num>5</num><list><intro><p /></intro><subPoint><num>א</num><content><p> כל מפלגה הזכאית להקצבה תודיע ליושב-ראש הכנסת, באמצעות בא-כוח
סיעתה, לא יאוחר מיום י"ז באב תשכ"ט (1 באוגוסט 1969) את שמות נציגיה המוסמכים
לפעול בשמה לענין חוק זה? ההודעה על מינוי נציגים תהיה מלווה הסכמתם בכתב.</p></content></subPoint><subPoint><num>ב</num><content><p> מספר הנציגים לא יפחת משנים ולא יעלה על שמונה, ביניהם אחד לפחות שהוא
חבר הכנסת ואחד לפחות שעליו הצהירה המפלגה שהוא בקי במשק הכספים שלה ובהוצאות
הבחירות שלה.</p></content></subPoint><subPoint><num>ג</num><content><p> הזכות בידי מפלגה להחליף נציגיה, בהודעה ליושב-ראש הכנסת ובצירוף
הסכמתם בכתב של הנציגים החדשים, ובלבד שביניהם יהיו תמיד אחד שהוא חבר הכנסת
ואחד שעליו הצהירה המפלגה כאמור בסעיף קטן (ב).</p></content></subPoint></list></point><point><heading><authorialNote placement="side"><p>הפקדה בידי יו"ר הכנסת</p></authorialNote></heading><num>6</num><content><p>
לא יאוחר מיום כ"ז באלול תשכ"ט (10 בספטמבר 1969) יעמיד אוצר המדינה לרשות
יושב-ראש הכנסת את סכומי ההקצבה האמורים בסעיף .2</p></content></point><point><heading><authorialNote placement="side"><p>תנאים לתשלום ההקצבה</p></authorialNote></heading><num>7</num><content><p>
הנציגים של כל מפלגה הזכאית להקצנה ימציאו ליושב-ראש הכנסת -
(1) אישור מאת יושב-ראש ועדת הבחירות המרכזית שהמפלגה הגישה רשימת
מועמדים לבחירות לכנסת השביעית?
(2) הצהרה בחתימת ידם של הנציגים שהמפלגה עשתה את כל הסידורים
הדרושים כדי להבטיח הנהלת חשבונות נאותה של הוצאות הבחירות בהתאם
להנחיות מבקר המדינה, לרבות פתיחת חשבון בנקאי מיוחד למטרה זו, שם
הבנק ומספר החשבון.</p></content></point><point><heading><authorialNote placement="side"><p>תשלום מקדמה</p></authorialNote></heading><num>8</num><content><p>
המציאו נציגי מפלגה ליושב-ראש הכנסת את המסמכים האמורים בסעיף 7, יעביר
היושב-ראש לחשבון הבנקאי שצויין בהצהרת הנציגים מקדמה בסכום השווה ל-70% מסכום
ההקצבה המגיע לאותה מפלגה על פי התוספת הראשונה או השניה: מקדמה זו אינה ניתנת
לעיקול.</p></content></point><point><heading><authorialNote placement="side"><p>ניהול חשבונות</p></authorialNote></heading><num>9</num><content><p>
לא יאוחר מיום ט"ו בתמוז תשכ"ט (1 ביולי 1969) יוציא מבקר המדינה הנחיות בדבר
ניהול החשבונות וסדרי האסמכתאות בקשר להוצאות הבחירות, והחל מיום י"ז באב תשכ"ט
(1 באוגוסט 1969) תנהג כל מפלגה הזכאית להקצבה על פי הנחיות אלה ותרשום במערכת
חשבונות מיוחדת את כל הוצאות הבחירות שלה אל-נכון ובשלמות.</p></content></point><point><heading><authorialNote placement="side"><p>חוות דעת בדבר מהותה של הוצאה</p></authorialNote></heading><num>10</num><content><p>
החל מיום פרסום חוק זה ברשומות ועד ליום הבחירות ועד בכלל, רשאית כל מפלגה
לפנות בכתב ליושב-ראש ועדת הבחירות המרכזית ולבקש חוות דעת אם הוצאה מסויימת
תיחשב כהוצאת בחירות ואם לאו: יושב-ראש ועדת הבחירות המרכזית, בהתייעצות עם
סגניו, יתן את חוות הדעת תוך שבוע ימים וימסור העתק ממנה ליושב-ראש הכנסת, למבקר
המדינה ולנציגי כל המפלגות הזכאיות להקצבה.</p></content></point><point><heading><authorialNote placement="side"><p>בקורת מבקר המדינה</p></authorialNote></heading><num>11</num><list><intro><p>
גא) מבקר המדינה יבקר את מערכת החשבונות האמורה בסעיף 9 ולמטרה זו יהיו
לו כל הסמכויות שהוענקו לו לגבי גוף מבוקר על פי חוק מבקר המדינה, תשי"ח-1958
ננוסח משולב]1.</p></intro><subPoint><num>ב</num><content><p> המבקר רשאי לדרוש בכל עת שהנציגים ימסרו לו הצהרה בחתימת ידם בדבר
עובדות שיש להן, לדעתו, חשיבות לגבי אופיה או מהותה של הוצאה מסויימת או לגבי
שלימותם או נכונותם של הרישומים במערכת החשבונות להוצאות הבחירות? הצהרה כאמור
יכול שתימסר לפי ידיעתם של המצהירים או לפי מיטב ידיעתם, והמבקר רשאי, לפי שיקול
דעתו, לקבל הצהרה כזו כראיה.</p></content></subPoint></list></point><point><heading><authorialNote placement="side"><p>דין וחשבון המבקר</p></authorialNote></heading><num>12</num><list><intro><p /></intro><subPoint><num>א</num><content><p> תוך ששה שבועות מיום הבחירות ימסרו הנציגים למבקר המדינה את חשבונות
הבחירות שלהם ליום כ' בכסלו תש"ל (30 בנובמבר 1969) כשהם כוללים כל הוצאת בחירות
שהמפלגה הוציאה או התחייבה בה עד לתאריך האמור.</p></content></subPoint><subPoint><num>ב</num><content><p> תוך עשרה שבועות מהיום שקיבל המבקר את החשבונות של כל מפלגה ומפלגה,
יגיש ליושב-ראש הכנסת דין וחשבון על תוצאות הבקורת ויציין בו -
(1) אם המפלגה ניהלה מערכת חשבונות בהתאם להנחיותיו?
(2) אם לפי החשבונות, ההסברים וההצהרות שקיבל הגיע למסקנה שהוצאות
הבחירות של המפלגה היו בגבולות הסכום המותר על פי סעיף 3.</p></content></subPoint></list></point><point><heading><authorialNote placement="side"><p>תשלום יתרת ההקצבה</p></authorialNote></heading><num>13</num><list><intro><p /></intro><subPoint><num>א</num><content><p> מפלגה אשר לפי הדין וחשבון של מבקר המדינה על פי סעיף 12 נתקיימו לגביה
התנאים המפורטים בפסקאות (1) ו-(2) לאותו סעיף, יעביר יושב-ראש הכנסת לחשבון
הבנקאי שלה את 30% הנותרים מסכום ההקצבה המגיע לה? יתרה זו אינה ניתנת לעיקול
אלא לחובות הנובעים מהוצאות הבחירות.</p></content></subPoint><subPoint><num>ב</num><content><p> מפלגה שלפי הדין וחשבון לא נתקיימו לגביה התנאים האמורים, לא תהיה
זכאית ליתרת ההקצבה, והסכום שהיה מיועד לה יוחזר על-ידי יושב-ראש הכנסת לאוצר
המדינה.
44 יושב-ראש הכנסת ממונה על ביצוע חוק זה.
ביצוע
תוספת ראשונה
(סעיפים 1 ו-2 (א) (1))
לירות</p></content></subPoint></list></point><point><heading><authorialNote placement="side"><p>המערך (מפלגת העבודה הישראלית - מפלגת הפועלים המאוחדת) סיעת גוש תנועת החירות - המפלגה הליברלית בישראל (גח"ל)</p></authorialNote></heading><num>7</num><content><p>
440,000
3,120,000</p></content></point><point><heading><authorialNote placement="side"><p>סיעת חזית דתית לאומית, המזרחי - הפועל המזרחי ובלתי מפלגתיים</p></authorialNote></heading><num>1</num><content><p>
320,000</p></content></point><point><heading><authorialNote placement="side"><p>סיעת המפלגה הליברלית העצמאית</p></authorialNote></heading><num>600</num><content><p>
000</p></content></point><point><heading><authorialNote placement="side"><p>סיעת רשימת יהדות התורה - אגודת ישראל ודתיים בלתי מפלגתיים</p></authorialNote></heading><num>480</num><content><p>
000</p></content></point><point><heading><authorialNote placement="side"><p>סיעת הרשימה הקומוניסטית החדשה בישראל</p></authorialNote></heading><num>360</num><content><p>
000</p></content></point><point><heading><authorialNote placement="side"><p>רשימת המחנה התורתי פועלי אגודת ישראל ודתיים בלתי מפלגתיים</p></authorialNote></heading><num>240</num><content><p>
000</p></content></point><point><heading><authorialNote placement="side"><p>סיעת העולם הזה - כוח חדש סיעת המפלגה הקומוניסטית הישראלית ובלתי מפלגתיים סיעת קידמה ופיתוח סיעת השיתוף והאחווה הסיעה הדרוזית הישראלית סיעת האחווה הערבית יהודית חבר הכנסת ד' בן-גוריון</p></authorialNote></heading><num>120</num><content><p>
000
14,400,000</p></content></point><point><heading><authorialNote placement="side"><p>סיעת המרכז החופשי</p></authorialNote></heading><num>480</num><content><p>
000</p></content></point><signature><name>שביאור זלמן שזר</name><role>בשיא המדיבה</role></signature><signature><name>סגן ראש הממשלה והשר לקליטת העליה</name><role>ראש הממשלה בפועל</role></signature><dateOfAcceptance>28.02.1969</dateOfAcceptance></body>