<?xml version="1.0" encoding="UTF-8" ?>
<body><title><content><p>חוק הביטוח הלאומי (תיקון מס' 24), תשל"ו-1976 *</p></content></title><point><heading><authorialNote placement="side"><p>תיקון סעיף 26ג</p></authorialNote></heading><num>1</num><content><p>
סעיף 26ג לחול, הביטוח הלאומי [נוסח משולב], תשכ"ח-1968  1(להלן - החוק
העיקרי) - בטל.</p></content></point><point><heading><authorialNote placement="side"><p>תיקון סעיף 29</p></authorialNote></heading><num>2</num><content><p>
בסעיף 29 לחוק העיקרי -
(1) במקום סעיף קטן (א) יבוא:
"(א) הובא לקבורה בישראל אדם שנפטר בישראל או תושב ישראל
שנפטר בחוץ לארץ, ישלם המוסד לחברה קדישא, לרשות מקומית, למוסד
ציבורי אחר או לכל אדם המורשה כדין לעסוק בקבורת נפטרים, שטיפלו
בקבורת המת, דמי קבורה בסכומים ולפי תנאים ומבחנים שקבע השר
בתקנות בהתייעצות עם שר הדתות ובאישור ועדת העבודה של הכנסת,";
(2) אחרי סעיף קטן (ב) יבוא:
"(ג) כל גוף המורשה לפי סעיף 13 לחוק שירותי הדת היהודיים
ננוסח משולב], תשל"א-1971 2, והתקנות שהותקנו לפיו (להלן - חוק
שירותי הדת), לעסוק בקבורת נפטרים, לא יגבה בקשר לקבורה כל תש-
לום, לרבות אגרות שירותים לפי חוק שירותי הדת, בנוסף לדמי קבורה
לסי סעיף זה, זולת אם הותר התשלום לפי התנאים והמבחנים שנקבעו
בתקנות לפי סעיף קטן (א)."</p></content></point><point><heading><authorialNote placement="side"><p>הוספת סעיף137ג</p></authorialNote></heading><num>3</num><content><p>
אחרי סעיף 137ב לחוק העיקרי יבוא:</p></content></point><point><heading><authorialNote placement="side"><p>''מענק במקרה פטירה</p></authorialNote></heading><num>137</num><content><p>
ג. נפטר אדם שהיתה משתלמת לו קיצבת זיקנה, קיצבת שאירים,
קיצבה בשל נכות מעבודה שדרגתה 50% לפחות, קיצבת תלויים לסי
פרק ג' או קיצבת נכות לפי פרק וי2, או הענקה לפי פרק טי1 והתקנות
לפיו הניתנת במקום הקצבאות האמורות, ישולם למי שהיה בן זוגו בשעת
מותו, ובאין בן זוג - לילדו כהגדרתו בסעיף 5, מענק בסכום השווה
לשכר הממוצע."</p></content></point><point><heading><authorialNote placement="side"><p>תחילה</p></authorialNote></heading><num>4</num><content><p>
תחילתו של חוק זה ביום ז' בתשרי תשל"ז (1 באוקטובר 1976).</p></content></point><signature><name>אפרים קציר</name><role>נשיא המדינה</role></signature><signature><name>יצחק רבין</name><role>ראש הממשלה</role></signature><signature><name>משה כרעם</name><role>שר העבודה</role></signature><dateOfAcceptance>06.08.1976</dateOfAcceptance></body>