<?xml version="1.0" encoding="UTF-8" ?>
<body><title><content><p>חוק הביטוח הלאומי (תיקון מס' 32), תשל"ח-1978 *</p></content></title><point><heading><authorialNote placement="side"><p>תיקון סעיף 78</p></authorialNote></heading><num>1</num><content><p>
בסעיף 78 (א) לחוק הביטוח הלאומי ננוסח משולב], תשכ"ח--1968  1(להלן - החוק
העיקרי), בפסקה (1), במקום "בסעיף 76 (1) או (5)" יבוא "בסעיף 76 (1)".</p></content></point><point><heading><authorialNote placement="side"><p>הוספו; סעיף 109א</p></authorialNote></heading><num>2</num><content><p>
אחרי סעיף 109 לחוק העיקרי יבוא:</p></content></point><point><heading><authorialNote placement="side"><p>"הפחתת קיצבה</p></authorialNote></heading><num>109</num><content><p>
א. נמצא ילד במקום בתנאי פנימית ועיקר החזקתו באותו מקום הוא
על המדינה, על רשות מקומית או על הסוכנות היהודית לארץ ישראל,
יופחת מקצבת הילדים המשולמת בעד אותו ילד לפי סעיף 109 סכום
השווה לנקודת קצבה כמשמעותה באותו סעיף, הכל לפי תנאים וכללים
שנקבעו בתקנות באישור ועדת העבודה והרווחה של הכנסת."</p></content></point><point><heading><authorialNote placement="side"><p>תיקון סעיף 127כא</p></authorialNote></heading><num>3</num><content><p>
בסעיף 127כא לחוק העיקרי, בהגדרת "מבוטח", אחרי פסקה (1) יבוא:
"(1א) תושב ישראל שבידו אשרת עולה או תעודת עולה
לפי חוק השבות, תש"י-1950 2, ואינו מבוטח לפי פרק ב'
בגלל האמור בסעיף 7 (2) (א);".</p></content></point><point><heading><authorialNote placement="side"><p>הוספת סעיף 127בב1</p></authorialNote></heading><num>4</num><content><p>
אחרי סעיף 127כב לחוק העיקרי יבוא:</p></content></point><point><heading><authorialNote placement="side"><p>"הוראות מיוחדות לענין עולים</p></authorialNote></heading><num>127</num><list><intro><p>
כב1. (א) על אף האמור בסעיף 127כב(א), תושב ישראל שבידו
אשרת עולה או תעודת עולה לפי חוק השבות, תש"י-1950 (להלן -
בסעיף זה - עולה), שנכותו נוצרה לפני היותו תושב ישראל, יהיה זכאי
לגימלה לפי פרק זה.</p></intro><subPoint><num>ב</num><content><p> הוראות פרק זה יחולו על כל עולה בשינויים אלה:
(1) לא ידון המוסד בתביעה לגימלה לפי פרק זה של
עולה אלא אחרי תום עשרים ואחד חדשים מהיום שבו
נעשה עולה: הוראה זו באה להוסיף, לגבי עולה שנכותו
נוצרה בהיותו תושב ישראל, על הוראות סעיף 127כב(ב),
ולא לגרוע מהן:
(2) הזכות לגימלה לפי פרק זה של עולה תתחיל בתום
שנתיים מהיום שבו נעשה עולה: הוראה זו באה להוסיף,
לגבי עולה שנכותו נוצרה בהיותו תושב ישראל, על הור-
אות סעיף 127כב(ג), ולא לגרוע מהן;
(3) לשם הקביעה שצמצום בכושר ההשתכרות של עולה
חל לאחר שהיה תושב ישראל, לענין הגדרת נכה שבסעיף
127כא, לא תובא בחשבון הכנסה שהיתה לו בהיותו
מחוץ לישראל:
(4) על אף האמור בסעיף 127כג, עולה שנכותו נוצרה
לפני היותו תושב ישראל לא יזדקק לתקופת אכשרה.</p></content></subPoint><subPoint><num>ג</num><content><p> השר רשאי לקבוע בתקנות, באישור ועדת העבודה
והרווחה של הכנסת, הוראות בדבר ניכויים מקצבה של עולה לפי סעיף
127לט בשל קצבה המשתלמת לעולה לפי דיני חוץ."
עמ' 109.</p></content></subPoint></list></point><point><heading><authorialNote placement="side"><p>הוספת סעיף 142א</p></authorialNote></heading><num>5</num><content><p>
אחרי סעיף 142 לחוק העיקרי יבוא:</p></content></point><point><heading><authorialNote placement="side"><p>"תחילת זכות</p></authorialNote></heading><num>142</num><content><p>
א. מקום שבקבע בחוק זה כי זכות לגימלה תהיה לפי תנאים, כללים
מבחנים או כיוצא באלה, שייקבעו או נקבעו בתקנות, תהיה תחילתה של
הזכות ביום תחילתן של התקנות."</p></content></point><point><heading><authorialNote placement="side"><p>תיקון סעיף 186</p></authorialNote></heading><num>6</num><content><p>
בסעיף 186 לחוק העיקרי, בפסקה (5), במקום פסקת משנה (ה) יבוא:
"(ה) מבוטח שהוא תלמיד במוסד להשכלה;".</p></content></point><point><heading><authorialNote placement="side"><p>תיקון לוח יי</p></authorialNote></heading><num>7</num><content><p>
כלוח י' לחוק העיקרי, פרטים 7 עד 10 יסומנו 8 עד 11, לפי הסדר.</p></content></point><point><heading><authorialNote placement="side"><p>תיקון חוק הביטוח הלאומי (תיקון מסי 28)</p></authorialNote></heading><num>8</num><content><p>
בסעיף 11 לחוק הביטוח הלאומי (תיקון מס' 28), תשל"ז-1977 3,  במקום סעיפים
קטנים (ב) ו-(ג) יבוא:
"(ב) תחילתם של יתר סעיפי חוק זה היא ביום ד' בניסן תשל"ט-
(1 באפריל 1979)."</p></content></point><point><heading><authorialNote placement="side"><p>תחילה ותחולה</p></authorialNote></heading><num>9</num><list><intro><p /></intro><subPoint><num>א</num><content><p> תחילתו של סעיף 1 ביום תחילת חוק הביטוח הלאומי (תיקון מס' 22), תשל"ו-
1976  4, אולם אלמנה, ששולם לה מענק על בסיס שיעור הקצבה כאמור בסעיף 76 (5) לחוק
העיקרי עד ליום פרסומו של חוק זה, לא תחוייב להחזיר את ההפרש שבין שיעור המענק
שקיבלה לבין שיעור המענק המחושב על בסיס שיעור הקצבה כאמור בסעיף 76(1)
לחוק העיקרי.</p></content></subPoint><subPoint><num>ב</num><content><p> תחילתו של סעיף 2 ביום כ"ט באב תשל"ח (1 בספטמבר 1978).</p></content></subPoint><subPoint><num>ג</num><content><p> תחילתם של סעיפים 3 ו-4 ביום ד' בניסן תשל"ט (1 באפריל 1979), והם
יחולו אף על מי שעלה לפני כן.</p></content></subPoint><subPoint><num>ד</num><content><p> תחילתם של מעיפים 7 ו-8 כיום כ"ג באדר ב' תשל"ח (1 באפריל 1978),
ובלבד שתחילתו של פרט 5 בלוח י' לחוק העיקרי תהא ביום ד' בניסן תשל"ט (1 באפריל
1979).</p></content></subPoint></list></point><point><heading><authorialNote placement="side"><p>הוראת מעבר</p></authorialNote></heading><num>10</num><content><p>
סעיף 142א לחוק העיקרי יחול אף על זכות לגימלה שנקבעה כאמור בו לפני פרסומו
של חוק זה ברשומות.</p></content></point><signature><name>יצחק בבון</name><role> נשיא המדינה</role></signature><signature><name>מנחם בגין</name><role>ראש הממשלה</role></signature><signature><name>.ישראל כץ</name><role>שר העבודה והרווחה</role></signature><dateOfAcceptance>22.06.1978</dateOfAcceptance></body>