<?xml version="1.0" encoding="UTF-8" ?>
<body><title><content><p>חוק בול בטחון (תיקון והארכת תקופת ההיטל) (תיקון מס. 3),</p></content></title><point><heading><authorialNote placement="side"><p>תיקון סעיף 6</p></authorialNote></heading><num>1</num><content><p>
בסעיף 6 לחוק בול בטחון (תיקון והארכת תקופת ההיטל)' תשי"ח-1958 1 (להלן -
החוק העיקרי), בהגדרה "התקופה הנוספת'/ במקום "והמסתיימת ביום י"ח בניסן תשכ"ד
(31 במרס 1964)" יבוא "והמסתיימת ביום י' בניסן תשכ"ו (31 במרס 1966)".</p></content></point><point><heading><authorialNote placement="side"><p>תיקון סעיף 9</p></authorialNote></heading><num>2</num><content><p>
בסעיף 9 לחוק העיקרי, בסעיף קטן (א) ובסעיף קטן (ח), במקום "והמסתיימת ביום
כ' בסיון תשכ"ד (31 במאי 1964)" יבוא "והמסתיימת ביום י"ב בסיון תשכ"ו (31 במאי 1966)".</p></content></point><point><heading><authorialNote placement="side"><p>תיקון סעיף 10</p></authorialNote></heading><num>3</num><content><p>
בסעיף 10 לחוק העיקרי, במקום "לבין יום י"ח בניסן תשכ"ד (31 במרס 1964)" יבוא י
"לבין יום י' בניסן תשכ"ו (31 במרס 1966)".</p></content></point><point><heading><authorialNote placement="side"><p>תיקון סעיף 12</p></authorialNote></heading><num>4</num><content><p>
בסעיף 12 לחוק העיקרי, ברישה, במקום "לבין יום י"ח בניסן תשכ"ד (31 במרס
1964)" יבוא "לבין יום י' בניסן תשכ"ו (31 במרס 1966)".</p></content></point><signature><name>שניאור זלמן שזר</name><role>נשיא המדינה</role></signature><signature><name>לוי אשכול</name><role>ראש הממשלה</role></signature><signature><name>פנחס ספיר</name><role>שר האוצר</role></signature><dateOfAcceptance>12.03.1964</dateOfAcceptance></body>