<?xml version="1.0" encoding="UTF-8" ?>
<body><title><content><p>חוק הביטוח הלאומי (תיקון מס' 31), תשל"ח-1978 *</p></content></title><point><heading><authorialNote placement="side"><p>תיקון סעיף 161</p></authorialNote></heading><num>1</num><content><p>
בסעיף 161 (ג) לחוק הביטוח הלאומי [נוסח משולב], תשב"ח-1968* (להלן -
החוק העיקרי), אחרי "(ד1)" יבוא "(ד2)".</p></content></point><point><heading><authorialNote placement="side"><p>החלפת לוח י'</p></authorialNote></heading><num>2</num><content><p>
במקום לוח' י' לחוק העיקרי יבוא:</p></content></point><point><heading><authorialNote placement="side"><p>תחילה</p></authorialNote></heading><num>3</num><content><p>
תחילתו של חוק זה ביום כ"ג באדר בי תשל"ח (1 באפריל 1978)</p></content></point><signature><name>אפרים קציר</name><role>בשיא המדינה</role></signature><signature><name>מנחם בגין</name><role>ראש הממשלה</role></signature><signature><name>ישראל כץ</name><role>שר העבודה והרווחה</role></signature><dateOfAcceptance>07.04.1978</dateOfAcceptance></body>