<?xml version="1.0" encoding="UTF-8" ?>
<body><title><content><p>חוק הביטוח הלאומי (ניכוי מיוחד בשל אינפלציה) (הוראת שעה),</p></content></title><point><heading><authorialNote placement="side"><p>ניכוי מיוחד לעובד עצמאי</p></authorialNote></heading><num>1</num><content><p>
עובד עצמאי שבחישוב הכנסתו החייבת מעסק או ממשלח יד בשנת המס 1980
הותר לו - לפי חוק מס הכנסה (ניכויים מיוחדים בשל אינפלציה) (הוראת שעה ותיקוני
חוק), התשמ"א-11981 - ניכוי של עד 10% מהכנסתו החייבת, יותר לו, לגבי שנת
הכספים 1981, ניכוי באותו שיעור בחישוב הכנסתו השנתית לענין תשלום דמי ביטוח
לפי סעיף 164 לחוק הביטוח הלאומי [נוסח משולב], התשכ"ח-21968.</p></content></point><signature><name>יצחק נבון</name><role>נשיא המדינה</role></signature><signature><name>מנחם בגין</name><role>ראש הממשלה</role></signature><signature><name>אהרן אוזן</name><role>שר העבודה והרווחה</role></signature><dateOfAcceptance>27.08.1982</dateOfAcceptance></body>