<?xml version="1.0" encoding="UTF-8" ?>
<body><title><content><p>חוק הביטוח הלאומי (תיקון מס' 37), תש"ם-1980*</p></content></title><point><heading><authorialNote placement="side"><p>תיקון סעיף 1</p></authorialNote></heading><num>1</num><content><p>
בסעיף 1 לחוק הביטוח הלאומי ננוסח משולב]' תשכ"ח-1968  1(להלן - החוק
העיקרי) -
(1) במקום הגדרת "מדד" יבוא:
""המדד" - מדד המחירים לצרכן המתפרסם מדי חודש מטעם הלשכה
המרכזית לסטטיסטיקה;"</p></content></point><point><heading><authorialNote placement="side"><p>תיקון סעיף "</p></authorialNote></heading><num>2</num><content><p>
בסעיף 11 לחוק העיקרי -
(1) בסעיף קטן (כ), במקום "12, 12א" יבוא "12";
(2) סעיף קטן (ג) - בטל.</p></content></point><point><heading><authorialNote placement="side"><p>החלמת סעיף 12 וביטול סעיף 12א</p></authorialNote></heading><num>3</num><content><p>
במקום סעיפים 12 ו-12א לחוק העיקרי יבוא:</p></content></point><point><heading><authorialNote placement="side"><p>''גיל קיצבת זיקנה וקיצבת זיקנה יחסית</p></authorialNote></heading><num>12</num><list><intro><p /></intro><subPoint><num>א</num><content><p> הגיל לקיצבת זיקנה הוא שבעים בגבר ושישים וחמש באשה,
ואולם מבוטח שהכנסתו בשנת כספים אינה עולה על הכנסת המקסימום -
גילו לקיצבת זיקנה הוא ששים וחמש בגבר וששים באשה.</p></content></subPoint><subPoint><num>ב</num><content><p> על אף האמור בסעיף קטן (א), אם עלתה הכנסתו של המבוטח
על הכנסת המקסימום, תשולם לו קיצבת זיקנה לפי סעיף 11 (א) ו-(א1&gt;
בניכוי הסכום העולה על הכנסת המקסימום לפי דרכי חישוב וכללי עיגול
שקבע השר בתקנות, ובלבד שסכום הקיצבה לאחר הניכוי לא יפחת מסכום
השווה ל-10% מסכום הקיצבה לפי סעיף 11 (א); אולם רשאי המבוטח
לוותר על קיצבה זו לתקופה שביקש.</p></content></subPoint><subPoint><num>ג</num><content><p> לענין סעיף זה -
"הכנסה" - הכנסה למעט הכנסה שמקורה בקיצבה המשתלמת מכוח
חיקוק, דיני חוץ או הסכם קיבוצי או חוזה עבודה, בין שנערכו
כישראל ובין שנערכו כחוץ לארץ;
"הכנסת מקסימום" - צירוף ההכנסות החדשיות המחושבות לפי האמור
בלוח ב' בשנת כספים, ואם עוד לא חלפה שנת הכספים - צירופם
של שני אלה:
(1) ההכנסות החדשיות שחושבו לפי לוח בי באותה שבת
כספים;
(2) ההכנסה החדשית האחרונה שחושבה לפי לוח ב' כפול
מספר החדשים שנותרו עד תום אותה שנת כספים."</p></content></subPoint></list></point><point><heading><authorialNote placement="side"><p>תיקון מעיף 19</p></authorialNote></heading><num>4</num><content><p>
בסעיף 19 לחוק העיקרי -
(1) בסעיף קטן (א), במקום "סעיפים 12 ו-12א" יבוא "סעיף 12";
(2) בסעיף קטן 00, במקום "12א" יבוא "12".</p></content></point><point><heading><authorialNote placement="side"><p>תיקון סעיף 20</p></authorialNote></heading><num>5</num><content><p>
בסעיף 20 לחוק העיקרי, במקום "לסעיפים 12 ו-12א" יבוא "לסעיף 12".</p></content></point><point><heading><authorialNote placement="side"><p>תיקון סעיף 21</p></authorialNote></heading><num>6</num><content><p>
בסעיף 21 לחוק העיקרי -
(1) בסעיף קטן (א1), במקום ""% יבוא "71/2%";
(2) סעיף קטן (ג) - בטל.</p></content></point><point><heading><authorialNote placement="side"><p>תיקון סעיף 57</p></authorialNote></heading><num>7</num><content><p>
בסעיף 57 לחוק העיקרי, במקום הסיפה המתחילה במלים "לפי שיעור" יבוא "לפי
שיעור התנודות שחלו בשכר הממוצע ב-1 באפריל שלאחר יום התשלום ולפי שיעור הפיצוי
שחל מיום התשלום והלאה".</p></content></point><point><heading><authorialNote placement="side"><p>תיקון סעיף 66</p></authorialNote></heading><num>8</num><content><p>
בסעיף 66 (ג) לחוק העיקרי' אחרי "בשכר הממוצע" יבוא "עד 1 באפריל".</p></content></point><point><heading><authorialNote placement="side"><p>תיקון סעיף 68ב</p></authorialNote></heading><num>9</num><content><p>
בסעיף 68ב לחוק העיקרי, במקום סעיף קטן (א) יבוא:
"(א) קיצבת הבכות מעבודה תשתנה ב-1 באפריל של כל שנה לפי
שיעור התנודות שחלו כשכר הממוצע מ-1 באפריל הקודם (להלן כסעיף
זה - התנודות)."</p></content></point><point><heading><authorialNote placement="side"><p>החלפת סעיף 68ג</p></authorialNote></heading><num>10</num><content><p>
במקום סעיף 68ג לחוק העיקרי יבוא;</p></content></point><point><heading><authorialNote placement="side"><p>''עדכון קיצבת נכות</p></authorialNote></heading><num>68</num><list><intro><p>
ג. (א) אם לאחר תחילתה של שנת כספים חל פיצוי, תוגדל קיצבת
הנכות מעבודה בשיעור הפיצוי, מיום תחילת הפיצוי.</p></intro><subPoint><num>ב</num><content><p> העלאת קיצבה מכוח סעיף קטן (א) או מכוח סעיף 67 (ב)
תעמוד בתקפה עד 31 במרס שלאחריה."</p></content></subPoint></list></point><point><heading><authorialNote placement="side"><p>תיקון סעיף 82ב</p></authorialNote></heading><num>11</num><content><p>
בסעיף 82ב לחוק העיקרי, במקום סעיף קטן (א) יבוא;
"(א) קיצבת תלויים תשתנה ב-1 באפריל של כל שנה לפי שיעור
התנודות שחלו בשכר הממוצע מ-1 באפריל הקודם (להלן בסעיף זה -
התנודות)."</p></content></point><point><heading><authorialNote placement="side"><p>החלפת סעיף 82ג</p></authorialNote></heading><num>12</num><content><p>
במקום סעיף 82ג לחוק העיקרי יבוא;</p></content></point><point><heading><authorialNote placement="side"><p>"עדכון קיצבת תלויים</p></authorialNote></heading><num>82</num><list><intro><p>
ג. (א) אם לאחר תחילתה של שנת כספים חל פיצוי, תוגדל קיצבת
התלויים בשיעור הפיצוי, מיום תחילת הפיצוי.</p></intro><subPoint><num>ב</num><content><p> העלאת קיצבה מכוח סעיף קטן (א) או מכוח סעיף 67 (ב)
תעמוד בתקפה עד 31 במרס שלאחריה."</p></content></subPoint></list></point><point><heading><authorialNote placement="side"><p>תיקון סעיף 82ד</p></authorialNote></heading><num>13</num><content><p>
בסעיף 82ד לחוק העיקרי -
(1) בסעיף קטן (א), אחרי "מהשכר הממוצע" יבוא "כפי שהיה ב-1 באפריל";</p></content></point><point><heading><authorialNote placement="side"><p>תיקון סעיף 90ו</p></authorialNote></heading><num>14</num><content><p>
בסעיף 90ו לחוק העיקרי, בפסקה (2) ,אחרי "מהשכר הממוצע" יבוא "כפי שהיה
ב-1 באפריל".</p></content></point><point><heading><authorialNote placement="side"><p>החלמת סעיף 101*</p></authorialNote></heading><num>15</num><content><p>
במקום סעיף 101א לחוק העיקרי יבוא:</p></content></point><point><heading><authorialNote placement="side"><p>'?הצמדת דמי לידה</p></authorialNote></heading><num>101</num><content><p>
א. אם חל פיצוי לאחר תום התקופה ששימשה בסיס לחישוב דמי
הלידה, יוגדלו דמי הלידה המגיעים בשיעור הפיצוי, מיום תחילת
הפיצוי."</p></content></point><point><heading><authorialNote placement="side"><p>ביטול סעיף 127ט</p></authorialNote></heading><num>16</num><content><p>
סעיף 127ט לחוק העיקרי - בטל.</p></content></point><point><heading><authorialNote placement="side"><p>תיקון סעיף 127יג</p></authorialNote></heading><num>17</num><content><p>
בסעיף 127יג לחוק העיקרי -
(1) במקום סעיף קטן (א) יבוא:
"(א) השכר היומי הממוצע לגבי מובטל שאינו חייל יחושב לפי
ההכנסה שממנה מגיעים דמי ביטוח אבטלה - לרבות אותו סכום שממנו
היו מגיעים דמי ביטוח אילולא המקסימום הקבוע לתשלום דמי ביטוח -
בתקופה של שבעים וחמישה הימים האחרונים שבעדם שולמו דמי ביטוח
אבטלה לפני התאריך הקובע.";
(2) אחרי סעיף קטן (ג) יבוא:
"(ג1) אם בתאריך הקובע או לאחריו חל פיצוי, יוגדל השכר היומי
הממוצע לפי שיעור התנודות של השכר הממוצע, מיום השינוי בשכר
הממוצע."</p></content></point><point><heading><authorialNote placement="side"><p>תיקון סעיף 127לז</p></authorialNote></heading><num>18</num><content><p>
בסעיף 127לז לחוק העיקרי, סעיף קטן (ד) - בטל.</p></content></point><point><heading><authorialNote placement="side"><p>תיקון סעיף 127לט</p></authorialNote></heading><num>19</num><content><p>
בסעיף 127לט לחוק העיקרי, אחרי "השכר הממוצע" בכל מקום יבוא "כפי שהיה
ב-1 באפריל".</p></content></point><point><heading><authorialNote placement="side"><p>תיקון סעיף 127נח</p></authorialNote></heading><num>20</num><content><p>
בסעיף 127נח לחוק העיקרי -
(1) בסעיף קטן (א), אחרי "השכר הממוצע" יבוא "מ-1 באפריל הקודם";
(2) במקום סעיף קטן (ב) יבוא:
"(ב) אם לאחר תחילתה של שנת כספים חל פיצוי, יוגדלו סכומי
המקסימום האמורים בסעיפים 127נו ו-127נז בשיעור הפיצוי, מיום
תחילת הפיצוי; ההעלאה מכוח סעיף קטן זה תעמוד בתקפה עד 31 במרס
שלאחריה."</p></content></point><point><heading><authorialNote placement="side"><p>תיקון סעיף 127סז</p></authorialNote></heading><num>21</num><content><p>
בסעיף 127סז לחוק העיקרי, בהגדרת "מינימום התגמול", אחרי "מהשכר הממוצע"
יבוא "כפי שהיה ב-1 באפריל",</p></content></point><point><heading><authorialNote placement="side"><p>תיקון סעיף 137ג</p></authorialNote></heading><num>22</num><content><p>
בסעיף 137ג לחוק העיקרי, אחרי "לשכר הממוצע" יבוא "כפי שהיה ב-1 באפריל".</p></content></point><point><heading><authorialNote placement="side"><p>החלפת סעיף 141</p></authorialNote></heading><num>23</num><content><p>
במקום סעיף 141 לחוק העיקרי יבוא:</p></content></point><point><heading><authorialNote placement="side"><p>"אי הפחתת קיצבה</p></authorialNote></heading><num>141</num><list><intro><p /></intro><subPoint><num>א</num><content><p> קיצבה שהוגדלה על פי סעיפים 68ג (א) או 82ג (א) לא תפחת
משום כך בלבד שתוקף ההעלאה פקע במועד שבו מעודכנת הקיצבה על
סי השכר הממוצע.</p></content></subPoint><subPoint><num>ב</num><content><p> בהגדלת קיצבה לאחר המועד האמור בסעיף קטן (א) לא יובא
הסכום שבו היתה פוחתת הקיצבה אילולא הוראת סעיף קטן (א) בחישוב
הבסיס לקביעת ההגדלה' וסכום זה יקוזז כבגד ההגדלה,"</p></content></subPoint></list></point><point><heading><authorialNote placement="side"><p>תיקון סעיף 167ב</p></authorialNote></heading><num>24</num><content><p>
במקום סעיף 167ב לחוק העיקרי יבוא:</p></content></point><point><heading><authorialNote placement="side"><p>"	חישוב סכומי המקסימום</p></authorialNote></heading><num>167</num><content><p>
ב. סכומי המקסימום יהיו הסכומים המתקבלים לפי האמור כלוח
י"א-
(1) לתקופה מ-1 באפריל עד 30 בספטמבר - על פי השכר
הממוצע שהיה ב-1 באפריל;
(2) לתקופה מ-1 באוקטובר עד 31 במרס - על פי השכר
הממוצע שהיה ב-1 באוקטובר."</p></content></point><point><heading><authorialNote placement="side"><p>תיקון סעיף 1198</p></authorialNote></heading><num>25</num><content><p>
בסעיף 198ז(א) לחוק העיקרי, אחרי "השכר הממוצע" יבוא "כפי שהיה ב-1
באפריל".</p></content></point><point><heading><authorialNote placement="side"><p>תיקון לוח בי</p></authorialNote></heading><num>26</num><content><p>
בלוח ב' לחוק העיקרי. במקום "הכנסת מקסימום לשנה" יבוא "הכנסה חדשית",
והמלים "כפול 12" - יימחקו.</p></content></point><point><heading><authorialNote placement="side"><p>תיקון לוח טי1</p></authorialNote></heading><num>27</num><content><p>
בלוח ט'1 לחוק העיקרי -
(1) בהגדרת "אחוזים", המלים "הכל לפי סוגי המובטלים" - יימחקו;
(2) בטבלה יימחקו המלים "סוג א'" ו"סוג ב'" וכן האמור בטור השמאלי.</p></content></point><point><heading><authorialNote placement="side"><p>שמירת משמעות</p></authorialNote></heading><num>28</num><content><p>
לענין כל הוראה בחיקוק שעמד בתקפו ביום תחילתו של חוק זה, למעט החוק העיקרי
אך לרבות התקנות לפיו, המאזכרת את השכר הממוצע כמשמעותו בחוק העיקרי, יהיה
השכר הממוצע - כפי שהיה ב-1 באפריל של שנת הכספים.</p></content></point><point><heading><authorialNote placement="side"><p>תחולה</p></authorialNote></heading><num>29</num><content><p>
תחולתו של חוק זה לגבי שנות הכספים מ-1980 ואילך.</p></content></point><point><heading><authorialNote placement="side"><p>פרסום</p></authorialNote></heading><num>30</num><content><p>
על אף האמור בסעיף 2 (ד) לחוק המעבר, תש"ט-1949 2, יפורסם חוק זה ברשומות
תוך עשרים ימים מיום קבלתו בכנסת.</p></content></point><signature><name>יצחק נבון</name><role>נשיא המדינה</role></signature><signature><name>מנחם בגין</name><role>ראש הממשלה</role></signature><signature><name>ישראל כץ</name><role>שר העבודה והרווחה</role></signature><dateOfAcceptance>13.04.1980</dateOfAcceptance></body>