<?xml version="1.0" encoding="UTF-8" ?>
<body><title><content><p>חוק הבחירות לכנסת השמינית ולרשויות המקומיות (הוראת שעה),</p></content></title><chapter><num>פרק א':</num><title><content><p>הבחירות לכנסת</p></content></title><point><heading><authorialNote placement="side"><p>דחיית הבחירות לכנסת השמינית</p></authorialNote></heading><num>1</num><content><p>
הבחירות לכנסת השמינית שנועדו ליום ד' בחשון תשל"ד (30 באוקטובר 1973)
נדחות, והן יתקיימו ביום ו' בטבת תשל"ד (31 בדצמבר 1973),</p></content></point><point><heading><authorialNote placement="side"><p>תקופת כהונתה של הכנסת השביעית</p></authorialNote></heading><num>2</num><list><intro><p /></intro><subPoint><num>א</num><content><p> תקופת כהונתה של הכנסת השביעית תימשך עד לכינוסה של הכנסת השמינית,</p></content></subPoint><subPoint><num>ב</num><content><p> מתחילתו של חוק זה תכונס הכנסת השביעית בהתאם לסעיף 33 לחוק-יסוד:
הכנסת 1 בלבד.</p></content></subPoint></list></point><point><heading><authorialNote placement="side"><p>תקופת כהונתה של הכנסת השמינית</p></authorialNote></heading><num>3</num><content><p>
לענין תקופת כהונתה של הכנסת השמינית והבחירות לכנסת התשיעית יראו את
הכנסת השמינית כאילו נבחרה ביום ד' בחשון תשל"ד (30 באוקטובר 1973).</p></content></point><point><heading><authorialNote placement="side"><p>שניידת פעולות ומועדים</p></authorialNote></heading><num>4</num><list><intro><p /></intro><subPoint><num>א</num><content><p> כל פעולה שנעשתה כדין ובמועדה לקראת הבחירות לכנסת השמינית לפני
תחילת חוק זה לפי חוק הבחירות לכנסת ננוסח משולב], תשכ"ט-21969 (להלן - חוק
הבחירות), או לפי חוק מימון מפלגות, תשל"ג-31973, תעמוד כתקפה,</p></content></subPoint><subPoint><num>ב</num><content><p> פעולה שנקבע מועד לעשייתה לפי סעיפים 57 (ט), 62, 63, או 64 (א) או (ב)
לחוק הבחירות, אין בהוראות סעיף 1 כדי לקבוע לה מועד חדש.</p></content></subPoint></list></point><point><heading><authorialNote placement="side"><p>הארכת מועדים</p></authorialNote></heading><num>5</num><content><p>
לענין הבחירות לכנסת השמינית רשאית ועדת הבחירות המרכזית להאריך מועדים
כאמור בסעיף 142 לחוק הבחירות עד לעשרה ימים.</p></content></point><point><heading><authorialNote placement="side"><p>שידורי תעמולה</p></authorialNote></heading><num>6</num><content><p>
בהחלטות יושב-ראש ועדת הבחירות המרכזית לכנסת השמינית, על-פי סעיפים 15
ו-15א לחוק הבחירות (דרכי תעמולה), תשי"ט~1959 4,  לא יבואו בחשבון שידורי תעמולת
הבחירות על-פי הסעיפים האמורים ששודרו לפני תחילת חוק זה.</p></content></point></chapter><chapter><num>פרק ב':</num><title><content><p>הבחירות לרשויות המקומיות</p></content></title><point><heading><authorialNote placement="side"><p>דחיית הבחירות</p></authorialNote></heading><num>7</num><content><p>
הבחירות למועצות של רשויות מקומיות שנועדו ליום ד' בחשון תשל"ד (30 באוקטובר
1973) נדחות, והן יתקיימו ביום ו' בטבת תשל"ד (31 בדצמבר 1973).</p></content></point><point><heading><authorialNote placement="side"><p>שמירת פעולות ומועדים</p></authorialNote></heading><num>8</num><list><intro><p /></intro><subPoint><num>א</num><content><p> כל פעולה שנעשתה כדין ובמועדה לקראת הבחירות שנועדו ליום ד' בחשון
תשל"ד (30 באוקטובר 1973) לפני תחילת חוק זה לפי חוק הרשויות המקומיות (בחירות),
תשכ"ה-51965, תעמוד בתקפה.</p></content></subPoint><subPoint><num>ב</num><content><p> פעולה שנקבע מועד לעשייתה לפי סעיפים 25,24 (א) או 35 (ח) לחוק הרשויות
המקומיות (בחירות), תשכ"ה-1965, אין בהוראות סעיף 7 כדי לקבוע לה מועד חדש.</p></content></subPoint></list></point><point><heading><authorialNote placement="side"><p>הארכת מועדים</p></authorialNote></heading><num>9</num><content><p>
הוארך מועד לפי סעיף 142 לחוק הבחירות או סעיף 5 לחוק זה, רשאי שר הפנים
להאריך באופן מקביל את המועד המתאים לפי חוק הרשויות המקומיות (בחירות), תשכ"ה-
1965.</p></content></point></chapter><chapter><num>פרק גי:</num><title><content><p>שונות</p></content></title><point><heading><authorialNote placement="side"><p>תחולת החוק</p></authorialNote></heading><num>10</num><content><p>
הוראות חוק זה יחולו על אף האמור בחוק-יסוד: הכנסת, בחוק הבחירות, בחוק מימון
מפלגות, תשל"ג-1973, בחוק הרשויות המקומיות (בחירות), תשכ"ה-1965, או בחוק
הארכת מועדים, תשי"ז-1957 6.</p></content></point><point><heading><authorialNote placement="side"><p>תחילה</p></authorialNote></heading><num>11</num><content><p>
תחילתו של חוק זה ביום קבלתו בכנסת.</p></content></point></chapter><signature><name>גולדה מאיר</name><role>ראש הממשלה</role></signature><signature><name>אפרים קציר</name><role>נשיא המדינה</role></signature><signature><name>מיכאל חזני</name><role>שר הסעד</role></signature><dateOfAcceptance>28.10.1973</dateOfAcceptance></body>