<?xml version="1.0" encoding="UTF-8" ?>
<body><title><content><p>חוק אימות מסמכים (תביעות פיצויים מיוחדות), תש"י-1949*</p></content></title><point><heading><authorialNote placement="side"><p>פקידי אימות</p></authorialNote></heading><num>1</num><list><intro><p /></intro><subPoint><num>א</num><content><p> שר המשפטים רשאי למנות פקידי-אימות לצורך חוק זח.</p></content></subPoint><subPoint><num>ב</num><content><p> הודעה על מינוי פקיד-אימות ועל כתבתו תפורסם ברשומות.</p></content></subPoint></list></point><point><heading><authorialNote placement="side"><p>תנאי לשימוש בסמכות</p></authorialNote></heading><num>2</num><list><intro><p /></intro><subPoint><num>א</num><content><p> פקיד-אימות ישתמש לגבי מסמך בסמכויות הנתונות בידו לפי חוק זה,
רק אם נוכח כי המסמך נועד לשימוש בחוץ לארץ לצורך תביעת פיצויים מיוחדת.</p></content></subPoint><subPoint><num>ב</num><content><p> בסעיף זה -
"מסמך" - כולל הצהרה בשבועה, הצהרה בהן-צדק, וכל הצהרה אחרת.
וכל מסמך אחר שהוא, וכן העתק ותרגום של כל מסמך שהוא ;
"תביעת פיצויים מיוחדת" פירושה - תביעה מצד אדם שעלה ארצה אחרי
יום כ"ה באייר תש"ה (8 במאי 1945), לפיצויים לפי החוק הנזכר בתוספת
לחוק זה (להלן: "חוק האזור האמריקאי"), או לפי כל חוק דומה לחוק
האזור האמריקאי שיוחק בכל מקום שהוא וששר המשפטים, בצו שיפורסם
ברשומות, יקבע כי חוק זה יחול לגביו.</p></content></subPoint></list></point><point><heading><authorialNote placement="side"><p>סמכויות מקיר אימות</p></authorialNote></heading><num>3</num><list><intro><p>
פקיד אימות מוסמך -</p></intro><subPoint><num>א</num><content><p> לקבל הצהרות בשבועה, הצהרות בהן-צדק וכל הצהרה אחרת, ולצורך זה
להשביע שבועה ולקבל הן-צדק ;</p></content></subPoint><subPoint><num>ב</num><content><p> לאמת חתימות על מסמכים שנחתמו בפניו ;</p></content></subPoint><subPoint><num>ג</num><content><p> לאשר העתקים של מסמכים שהוצגו בפניו ;</p></content></subPoint><subPoint><num>ד</num><content><p> לתרגם ולאשר את תרגומו של מסמך לשפה נכרית.</p></content></subPoint></list></point><point><heading><authorialNote placement="side"><p>שירות חנט</p></authorialNote></heading><num>4</num><content><p>
לא תיגבה כל אגרה בעד שירותי פקידי-אימות לפי חוק זה.</p></content></point><point><heading><authorialNote placement="side"><p>שטירת סמכויות קיימות</p></authorialNote></heading><num>5</num><content><p>
אין חוק זה גורע מסמכות שהוענקה על פי כל חוק אחר.</p></content></point><point><heading><authorialNote placement="side"><p>ביצוע ותקנות</p></authorialNote></heading><num>6</num><content><p>
שר המשפטים ממונה על ביצוע חוק זה, והוא רשאי להתקין תקנות בכל ענין
הנוגע לביצועו.</p></content></point><signature><name>חיים ווייצמן</name><role>נשיא המרינה</role></signature><signature><name>דוד בן-גוריון</name><role>ראש הממשלה</role></signature><signature><name>פנחס רוזן</name><role>שר המשפטים</role></signature><dateOfAcceptance>20.12.1949</dateOfAcceptance></body>