<?xml version="1.0" encoding="UTF-8" ?>
<body><title><content><p>חוק בול בטחון (תיקון והארכת תקופת ההיטל) (תיקון מס' 7),</p></content></title><point><heading><authorialNote placement="side"><p>תיקון סעיף 6</p></authorialNote></heading><num>1</num><content><p>
בסעיף 6 לחוק בול בטחון (תיקון והארכת תקופת ההיטל), תשי"ח-1958 1 (להלן -
חוק ההארכה), בהגדרת "התקופה הנוספת", במקום "והמסתיימת ביום י"ט באדר ב' תשכ"ז
(31 במרס 1967)" יבוא "והמסתיימת ביום כ"ג באדר ב' תש"ל (31 במרס 1970)".</p></content></point><point><heading><authorialNote placement="side"><p>תיקון סעיף 9</p></authorialNote></heading><num>2</num><content><p>
בסעיף 9 לחוק ההארכה, בסעיף קטן (א) ובסעיף קטן (ח), במקום "והמסתיימת ביום
כ"א באייר תשכ"ז (31 במאי 1967)" יבוא "והמסתיימת ביום כ"ה באייר תש"ל (31 במאי
1970)",</p></content></point><point><heading><authorialNote placement="side"><p>תיקון סעיף 10</p></authorialNote></heading><num>3</num><content><p>
בסעיף 10 לחוק ההארכה -
(1) בסעיף קטן (א), במקום "לבין יום י"ט באדר ב' תשכ"ז (31 במרס 1967)"
יבוא "לבין יום כ"ג באדר ב' תש"ל (31 במרס 1970)";
(2) במקום סעיף קטן (א1) יבוא:
"(א1) אדם המחזיק מקלט טלוויזיה ביום מן הימים של כל אחת
משנות הכספים שבין יום י"א בניסן תשכ"ו (1 באפריל 1966) לבין יום
כ"ג באדר ב' תש"ל (31 במרס 1970), ישלם לגבי כל אחת מהשנים האמו-
רות, בעד כל מקלט, בול בטחון בשיעור של 15% מסכום אגרת הרשיון
שנקבעה בתקנות הטלגרף האלחוטי (מקלטי טלוויזיה), תשכ"ב-1962 2."</p></content></point><point><heading><authorialNote placement="side"><p>תיקון סעיף 12</p></authorialNote></heading><num>4</num><content><p>
בסעיף 12 לחוק ההארכה, בסעיף קטן (א), כרישה, במקום "לבין יום י"ט באדר ב'
תשכ"ז (31 במרס 1967)" יבוא "לבין יום כ"ג באדר ב' תש"ל (31 במרס 1970)".</p></content></point><signature><name>שניאור זלמן שזר</name><role>נשיא המדינה</role></signature><signature><name>לוי אשכול</name><role>ראש הממשלה</role></signature><signature><name>פנחס ספיר</name><role>שר האוצר</role></signature><dateOfAcceptance>17.03.1967</dateOfAcceptance></body>