<?xml version="1.0" encoding="UTF-8" ?>
<body><title><content><p>חוק הביטוח הלאומי (תיקון מס' 17), תשל"ה-1975*</p></content></title><point><heading><authorialNote placement="side"><p>החלסת מינוח</p></authorialNote></heading><num>1</num><content><p>
בכל מקום בחוק הביטוח הלאומי [נוסח משולב], תשכ"ח-11968 (להלן - החוק
העיקרי), שבו נאמר "קיצבת משפחה" יבוא "קיצבת ילדים"</p></content></point><point><heading><authorialNote placement="side"><p>תיקון סעיף 5</p></authorialNote></heading><num>2</num><content><p>
בסעיף 5 לחוק העיקרי, בהגדרת "ילד" אחרי פסקה (4) יבוא "והמונח הורה יתפרש
בהתאם לכך".</p></content></point><point><heading><authorialNote placement="side"><p>תיקון סעיף 9</p></authorialNote></heading><num>3</num><content><p>
בסעיף 9 לחוק העיקרי, במקום "לפי פרטים 1 עד 4 בלוח ד'" יבוא "לפי סעיף 21".</p></content></point><point><heading><authorialNote placement="side"><p>תיקון סעיף 11</p></authorialNote></heading><num>4</num><content><p>
בסעיף 11 לחוק העיקרי -
(1) בסעיף קטן (א), במקום "בסעיף קטן (ג)" יבוא "בסימן זה" ובמקום
"לפי השיעור הקבוע בלוח ג' מהשכר הממוצע" יבוא "בשיעור של 16%
מהשכר הממוצע";
(2) אחרי סעיף קטן גא) יבוא:
"(א1) היו למבוטח האמור בסעיף קטן (א) תלויים - תשולם לו
בעדם, בנוסף לקיצבה שלו' תוססת תלויים כדלהלן:
(1) בעד בן-הזוג לפי סעיף 17 (1) או (3) - 8% מהשכר
הממוצע;
(2) בעד כל אחד משני ילדיו הראשונים - 5% מהשכר
הממוצע."
(3) בסעיף קטן (ד), במקום "הקבועים בלוח ג'" יבוא "הנקובים בסעיפים
קטנים (א) ו-(א1)".</p></content></point><point><heading><authorialNote placement="side"><p>תיקון סעיף 12א</p></authorialNote></heading><num>5</num><content><p>
בסעיף 12א לחוק העיקרי, במקום "לפי סעיף 11 (א)" יבוא "לפי סעיף 11 (א)
ו-(א1)".</p></content></point><point><heading><authorialNote placement="side"><p>תיקון סעיף 21</p></authorialNote></heading><num>6</num><list><intro><p>
בסעיף 21 לחוק העיקרי-
(1) במקום סעיף קטן (א) יבוא:
"(א) נפטר מבוטח' ישלם המוסד מענק כאמור בסעיף 23 או קיצבת
שאירים חדשית באחד משיעורים אלה:
(1) 16% מהשכר הממוצע -</p></intro><subPoint><num>א</num><content><p> לאלמנה שעמה ילדים;</p></content></subPoint><subPoint><num>ב</num><content><p> לאלמן שעמו ילדים, כל זמן שהילדים עמו;</p></content></subPoint><subPoint><num>ג</num><content><p> לאלמנה או לאלמן שערב פטירתו של המבוטח
לא היו מסוגלים לכלכל עצמם, כל זמן שאינם מסוגלים
כאמור;</p></content></subPoint><subPoint><num>ד</num><content><p> לאלמנה או לאלמן שהם בני חמישים ומעלה;
עמ' 371.
 ספר החוקים 773, י"ב באב תשל''ה, 20.7.1975
תיקון סעיף 23
(2) 12% מהשכר הממוצע לאלמנה או לאלמן שהם בני
ארבעים ומעלה ועדיין אינם בני חמישים ולא נתקיים בהם
אחד התנאים שבפסקה (1)(א) עד (ג).
(א1) אלמנה או אלמן שעמם ילדים, ישלם להם המוסד, כל זמן
שהילדים עמם, תוספת בעד כל אחד משני ילדיהם הראשונים -5%
מהשכר הממוצע.
(א2) ילדים שהניח אחריו המבוטח ואין אלמנה או אלמן הזכאים
לקבל בעדם תוספת, יהיו שיעורי הקיצבה כך:
(1) בכפוף לאמור בפסקה (2), אם לילדים הורה - תשולם
הקיצבה בשיעור של 10% מהשכר הממוצע כשישנו ילד אחד
בלבד ובשיעור של 71/2% מהשכר הממוצע בעד כל ילד משני
הילדים הראשונים;
(2) אם אין לילדים הורה, או שההורה גר דרך קבע בחוץ
לארץ - תשולם הקיצבה בעד כל ילד מהילדים בשיעור
של 10% מהשכר הממוצע.";
(2) בסעיף קטן (ד), במקום "הקבועים בלוח ד'" יבוא "הנקובים בסעיפים
קטנים (א), (א1) ו-(א2)."
7, בסעיף 23 לחוק העיקרי -
תיקון סעיף 24
(1) במקום סעיף קטן (א) יבוא:
"(א) אלמנה שלא מלאו לה עדיין ארבעים שנה ואינה זכאית לקיצבה,
או אלמנה שפקעה זכותה לקיצבה, ישלם לה המוסד מענק בסכום השווה
לקיצבת שאירים לפי שיעור הקיצבה כאמור בסעיף 21 (א) (1) כפול
שלושים ושש.";
(2) בסעיף קטן (ב), הסיפה המתחילה במלים "והמוסד ישלם לה" - תימחק.
8. בסעיף 24 לחוק העיקרי, במקום "לפי לוח ד'" יבוא "לפי סעיף 21".</p></content></subPoint></list></point><point><heading><authorialNote placement="side"><p>תיקון סעיף 28</p></authorialNote></heading><num>9</num><content><p>
בסעיף 28 לחוק העיקרי, במקום "לפי פרט 5 בלוח ד'" יבוא "לפי סעיף 21 (א1)
ו-(א2)".</p></content></point><point><heading><authorialNote placement="side"><p>תיקון סעיף 54</p></authorialNote></heading><num>10</num><content><p>
בסעיף 54 לחוק העיקרי, בסעיף קטן (ב), הסיפה המתחילה במלים "לענין זה" -
תימחק.</p></content></point><point><heading><authorialNote placement="side"><p>תיקון סעיף 90</p></authorialNote></heading><num>11</num><content><p>
בסעיף 90 לחוק העיקרי, בהגדרת "יתום" -
(1) בראשה יבוא "יתום שהוא";
(2) במקום הסיפה המתחילה במלים "שמשתלמת לו" יבוא "שמשתלמת מכוח
הורהו קיצבת שאירים או קיצבת תלויים".</p></content></point><point><heading><authorialNote placement="side"><p>תיקון סעיף 101</p></authorialNote></heading><num>12</num><content><p>
בסעיף 101 לחוק העיקרי, בסעיף קטן (ב), הסיפה המתחילה במלים "לענין זה" -
תימחק.</p></content></point><point><heading><authorialNote placement="side"><p>החלפת הכותרת  של פרק ה'</p></authorialNote></heading><num>13</num><content><p>
במקום כותרת פרק ה' לחוק העיקרי יבוא:</p></content></point><chapter><num>"פרק ה':</num><title><content><p>ביטוח ילדים"</p></content></title><point><heading><authorialNote placement="side"><p>תיקון סעיף 104</p></authorialNote></heading><num>14</num><content><p>
בסעיף 104 (א) לחוק העיקרי -
(1) במקום הגדרת "מבוטח" יבוא:
""מבוטח" -
(1) מבוטח לפי פרק ב';
(2) יחיד היושב בישראל, ואינו נעדר ממנה אלא העדר
ארעי שהוא סביר לדעת עובד המוסד שהוסמך לכך ואין בו
לסתור טענת אותו יחיד כי הוא יושב בישראל, ואינו מבוטח
י לפי פרק ב', למעט עקרת-בית;"
(2) בהגדרת "ילד", במקום הקטע המתחיל במלים "ובלבד שהילד" ומסתיים
במלים "כדי מחייתו" יבוא "ובלבד שהילד נמצא בישראל ולא מלאו לו
שמונה עשרה שנה".</p></content></point><point><heading><authorialNote placement="side"><p>החלפת סעיף 105</p></authorialNote></heading><num>15</num><content><p>
במקום סעיף 105 לחוק העיקרי יבוא:</p></content></point><point><heading><authorialNote placement="side"><p>"זכות לקיצבת ילדים</p></authorialNote></heading><num>105</num><content><p>
הורה מבוטח זכאי לקיצבת ילדים חדשית לפי פרק זה בעד כל ילד."</p></content></point><point><heading><authorialNote placement="side"><p>תיקון סעיף 106</p></authorialNote></heading><num>16</num><content><p>
בסעיף 106 (ב) לחוק העיקרי, בראשו יבוא "ילד שיש לו שני הורים, יבוא במנין
האב המבוטח זולת אם הוא נמצא עם האם בלבד?".</p></content></point><point><heading><authorialNote placement="side"><p>החלמת סעיף 109</p></authorialNote></heading><num>17</num><content><p>
במקום סעיף 109 לחוק העיקרי יבוא:</p></content></point><point><heading><authorialNote placement="side"><p>''שיעורי הקיצבה</p></authorialNote></heading><num>109</num><list><intro><p /></intro><subPoint><num>א</num><content><p> קיצבת הילדים לחודש תהיה -
(1) לפי ערך נקודת קיצבה - בעד כל אחד משני הילדים
הראשונים שבמנין ילדיו של ההורה?
(2) לפי ערך נקודת קיצבה ורבע - בעד כל ילד מעל לשני
הילדים הראשונים שבמנין ילדיו של ההורה;
"נקודת קיצבה" - כמשמעותה בסעיף 33א לפקודת מס
הכנסה2,</p></content></subPoint><subPoint><num>ב</num><content><p> השר רשאי, לאחר התייעצות בשר האוצר ובאישור ועדת
העבודה של הכנסת, לשנות בצו את הסכומים האמורים בסעיף קטן (א),
בשים לב לתנודות בשכר העבודה."</p></content></subPoint></list></point><point><heading><authorialNote placement="side"><p>ביטול סעיף 109א</p></authorialNote></heading><num>18</num><content><p>
סעיף 109א לחוק העיקרי - בטל.</p></content></point><point><heading><authorialNote placement="side"><p>תיקון סעיף 114</p></authorialNote></heading><num>19</num><content><p>
בסעיף 114 לחוק העיקרי, במקום "לאחר שנוצרה" יבוא "שבו נוצרה".</p></content></point><point><heading><authorialNote placement="side"><p>תיקון סעיף 115 ו</p></authorialNote></heading><num>20</num><content><p>
בסעיף 115 לחוק העיקרי, המלים "או עשרים וחמש שנה, הכל לפי הענין" -
יימחקו.</p></content></point><point><heading><authorialNote placement="side"><p>"פטור הקיצבה ממסים</p></authorialNote></heading><num>116</num><content><p>
קיצבת ילדים כאמור בסעיף 109 לא תיחשב כהכנסה לענין פקודת
מס הכנסה או לענין קביעת תשלומי חובה או היטלים אחרים."</p></content></point><point><heading><authorialNote placement="side"><p>ביטול פרק ו'</p></authorialNote></heading><num>22</num><list><intro><p /></intro><subPoint><num>א</num><content><p> פרק ו' לחוק העיקרי - בטל.</p></content></subPoint><subPoint><num>ב</num><content><p> על אף האמור בסעיף קטן (א) תשולם קיצבת הילדים בעד הילד הראשון והשני
למבוטח שהוא עובד על-ידי מעבידו לתקופה שקבע השר בצו' ויישארו בתקפן לאותה
תקופה הוראות סעיפים 118, 118א, 120, 121, 122, 123, 125 ו-231 (א) (7) והתקנות
לפיהן, בשינויים המחוייבים; שולמה לעובד בעד תקופה זו קיצבה שהיא פחותה מקיצבת
הילדים בשיעורה המלא, ישלים המוסד את הקיצבה על-פי בקשת העובד או ביזמת המוסד,
הכל כפי שייקבע בתקנות.</p></content></subPoint><subPoint><num>ג</num><content><p> לענין סעיף קטן (ב) רשאי השר לקבוע בתקנות למי מבני הזוג המבוטחים
ועל-ידי מי תשולם הקיצבה אם אחד מבני הזוג מבוטח שלא כעובד, על אף האמור
בסעיף 118.</p></content></subPoint></list></point><point><heading><authorialNote placement="side"><p>ביטול סעיף 127יא</p></authorialNote></heading><num>23</num><content><p>
סעיף 127יא לחוק העיקרי - בטל.</p></content></point><point><heading><authorialNote placement="side"><p>תיקון סעיף 127כה</p></authorialNote></heading><num>24</num><content><p>
בסעיף 127כה (א) (3) לחוק העיקרי, בסוף פסקת משנה (ג) יבוא "לענין פסקת משנה
זו, "נכה" - אף מי שדרגת נכותו פחותה מ-50%".</p></content></point><point><heading><authorialNote placement="side"><p>תיקון סעיף 127לז</p></authorialNote></heading><num>25</num><content><p>
בסעיף 127לז לחוק העיקרי -
(1) בסעיף קטן (א), במקום "20%" יבוא "25%";
(2) במקום סעיף קטן (ב) יבוא:
"(ב) היו לנכה תלויים - תשולם לו בעדם, בנוסף לקיצבת יחיד
מלאה, תוספת תלויים, כדלהלן:
(1) בעד בן זוג שהכנסתו אינה עולה על הסכום הנקוב
בסרט 1 שבלוח ב' - 12.5% מהשכר הממוצע;
(2) בעד הורהו כהגדרתו בסעיף 74 (א) (3) שכל פרנסתו
עליו - 10% מהשכר הממוצע;
(3) בעד כל אחד משני ילדיו הראשונים - 5% מהשכר
הממוצע; לענין זה, "ילד" - כמשמעותו בפסקאות (1)
עד (3) להגדרת "ילד" שבסעיף 5."</p></content></point><point><heading><authorialNote placement="side"><p>הוספת סעיף 127נב</p></authorialNote></heading><num>26</num><content><p>
אחרי סעיף 127נב לחוק העיקרי יבוא:</p></content></point><point><heading><authorialNote placement="side"><p>''מימון פעולות לפיתוח שירותים לנכים</p></authorialNote></heading><num>127</num><content><p>
נב1. בהתייעצות עם המועצה יממן המוסד פעולות המיועדות
לפיתוח שירותים לטובת הנכים, ובלבד שסך ההוצאה השנתית לפעולות
אלו לא יעלה על 5% מאומדן הגביה השנתית של דמי ביטוח נכות."</p></content></point><point><heading><authorialNote placement="side"><p>תיקון סעיף 127נג</p></authorialNote></heading><num>27</num><content><p>
בסעיף 127 נג לחוק העיקרי, בהגדרת "שכר עבודה", במקום "קיצבה לפי פרק ו'
ותגמול" יבוא "תגמול".</p></content></point><point><heading><authorialNote placement="side"><p>ביטול סעיף 132</p></authorialNote></heading><num>28</num><content><p>
סעיף 132 לחוק העיקרי - בטל.</p></content></point><point><heading><authorialNote placement="side"><p>תיקון סעיף 139</p></authorialNote></heading><num>29</num><content><p>
כסעיף 139 לחוק העיקרי, במקום סעיפים קטנים (ב) ו-(ג).יבוא:
"(ב) המוסד רשאי לקזז -</p></content></point><point><heading><authorialNote placement="side"><p>הוספת סעיף 139א</p></authorialNote></heading><num>30</num><content><p>
אחרי סעיף 139 לחוק העיקרי יבוא:</p></content></point><point><heading><authorialNote placement="side"><p>'"עיכוב תשלום קיצבת ילדים</p></authorialNote></heading><num>139</num><content><p>
א. (א) לא הגיש הזכאי לקיצבה דין וחשבון על הכנסתו למוסד לפי
חוק זה או לפקיד השומה לפי פקודת מס הכנסה ולפי תקנותיהם, רשאי
המוסד, לפי כללים שיקבע השר - בהתייעצות עם שר האוצר ובאישור
ועדת העבודה של הכנסת, לעכב את תשלום קיצבת הילדים, כולה או
חלקה; הוגש הדין וחשבון כאמור, ישלם המוסד את הסכומים שעוכבו."</p></content></point><point><heading><authorialNote placement="side"><p>תיקון סעיף 140</p></authorialNote></heading><num>31</num><content><p>
בסעיף 140 לחוק העיקרי -
(1) במקום הרישה יבוא "שילם המוסד, בטעות או שלא כדין, גימלת כסף או
כל תשלום שהמוסד חייב בו לפי כל דין, יחולו הוראות אלה.*"; /
(2) במקום פסקה (3) יבוא:
"(3) סכום שנוכה או נתקבל לפי סעיף זה שלא לטובת המוסד
יחזירו המוסד למי שנושא במימון התשלום".</p></content></point><point><heading><authorialNote placement="side"><p>תיקון סעיף 142</p></authorialNote></heading><num>32</num><content><p>
בסעיף 142 לחוק העיקרי, בסוף פסקה (2) יבוא "ומועדי תשלומך.</p></content></point><point><heading><authorialNote placement="side"><p>תיקון סעיף 143</p></authorialNote></heading><num>33</num><content><p>
בסעיף 143 (ד) לחוק העיקרי' במקום פסקה (1) יבוא:
"(1) קיצבת ילדים?".</p></content></point><point><heading><authorialNote placement="side"><p>תיקון סעיף 157</p></authorialNote></heading><num>34</num><content><p>
בסעיף 157 לחוק העיקרי -
(1) בסעיף קטן (א), במקום "אימהות ומשפחות מרובות ילדים" יבוא
"ואימהות";
(2) במקום סעיף קטן (ד) יבוא:
"(ד) מבוטח כמוגדר בסעיף 104 (א) (1) ישתלמו בעדו דמי ביטוח
ילדים."</p></content></point><point><heading><authorialNote placement="side"><p>תיקון סעיף 187</p></authorialNote></heading><num>35</num><content><p>
בסעיף 167 (א) לחוק העיקרי' אחרי "(ג)" יבוא "(ד)".</p></content></point><point><heading><authorialNote placement="side"><p>תיקון סעיף 169</p></authorialNote></heading><num>36</num><content><p>
בסעיף 169 לחוק העיקרי -
(1) בסעיפים קטנים (ב), (ב1) ו-(ג), לפני "(ד1)" יבוא "(ד)";
(2) בסעיף קטן (ה)' פסקה (1) - תימחק.</p></content></point><point><heading><authorialNote placement="side"><p>תיקון סעיף 171</p></authorialNote></heading><num>37</num><content><p>
בסעיף 171 לחוק העיקרי, בסופו יבוא "ולכל דמי הביטוח או לחלק מהם".</p></content></point><point><heading><authorialNote placement="side"><p>תיקון סעיף 188</p></authorialNote></heading><num>38</num><content><p>
בסעיף 188 (א) לחוק העיקרי' המלים "או סכום קיצבת ילדי עובדים לפי פרק ו'"-
יימחקו.</p></content></point><point><heading><authorialNote placement="side"><p>הוספת סעיף 196א</p></authorialNote></heading><num>39</num><content><p>
אחרי סעיף 196 לחוק העיקרי יבוא:</p></content></point><point><heading><authorialNote placement="side"><p>"סמכות לדרוש ידיעות רשמיות</p></authorialNote></heading><num>196</num><list><intro><p>
א. (א) על אף האמור בכל דין אחר, רשאי עובד המוסד שהמינהלה
הסמיכה אותו לכך לדרוש מכל עובד של גוף ציבורי שיספק כל פרט
הנדרש לענין חוק זה והוא בידיעתו או ברשותו של אותו עובד/ אך אין
לחייב מכוח סעיף זה עובד כאמור לגלות פרטים שעליהם הוא חייב בשמירת.
סודיות לפי פקודת הסטטיסטיקה ננוסח חדש], תשל"ב-31972, לפי
חוק בנק הדואר' תשי"א-1951 4, או לפי חוק בנק ישראל' תשי"ד-
51954.</p></intro><subPoint><num>ב</num><content><p> לענין סעיף זה, "גוף ציבורי" - המדינה, רשות מקומית,
חברה שהממשלה משתתפת בהנהלתה וכל גוף אחר העומד לבקורתו של
מבקר המדינה."</p></content></subPoint></list></point><point><heading><authorialNote placement="side"><p>תיקון סעיף 217</p></authorialNote></heading><num>40</num><content><p>
בסעיף 217 לחוק העיקרי -
(1) בסעיף קטן (א) (2), במקום, "מדמי ביטוח משפחות מרובות ילדים" יבוא
"מדמי ביטוח ילדים";
(2) בסעיף קטן (ג), במקום "שונה שיעור דמי הביטוח מכוח סעיף 159 (ב),
"רשאי השר" יבוא "השר רשאי".</p></content></point><point><heading><authorialNote placement="side"><p>תיקון סעיף 230</p></authorialNote></heading><num>41</num><content><p>
בסעיף 230 (א) לחוק העיקרי' פסקה (7) - תימחק.</p></content></point><point><heading><authorialNote placement="side"><p>תיקון סעיף 231</p></authorialNote></heading><num>42</num><content><p>
בסעיף 231 (א) לחוק העיקרי, פסקה (7) - תימחק.</p></content></point><point><heading><authorialNote placement="side"><p>ביטול לוחות ב', ד', ח' ו-טי</p></authorialNote></heading><num>43</num><content><p>
לוחות ג', ד' ח' ו-ט' לחוק העיקרי - בטלים.</p></content></point><point><heading><authorialNote placement="side"><p>תיקון לוח י'</p></authorialNote></heading><num>44</num><content><p>
בלוח י' לחוק העיקרי -
(1) במקום פרטים 4 ו-5 יבוא*.</p></content></point><point><heading><authorialNote placement="side"><p>החלפת לוח י"ד</p></authorialNote></heading><num>45</num><content><p>
במקום לוח י"ד לחוק העיקרי יבוא-.</p></content></point><point><heading><authorialNote placement="side"><p>תיקון חוק החיילים המשוחררים (החזרה לעבודה)</p></authorialNote></heading><num>46</num><content><p>
בסעיף 40 (ב1) לחוק החיילים המשוחררים (החזרה לעבודה), תש"ט-1949 6(להלן -
חוק החיילים)/ אחרי פסקה (2) יבוא:
"(2א) הוראות סעיף 116 ופרק זי לחוק הביטוח הלאומי
[נוסח משולב], תשכ"ח-1968, יחולו, בשינויים המחוייבים,
על הענקות המשתלמות לחיילים או לבני משפחותיהם לפי
פסקה (2)."</p></content></point><point><heading><authorialNote placement="side"><p>תחילה</p></authorialNote></heading><num>47</num><content><p>
תחילתו של חוק זה ביום כ"ב בתמוז תשל"ה (1 ביולי 1975).</p></content></point><point><heading><authorialNote placement="side"><p>הוראות מעבר</p></authorialNote></heading><num>48</num><content><p>
הסכום הכולל של קיצבאות המשתלמות לזכאי מאת המוסד,לרבות הטבות מכוח
סעיף 200 והענקות לפי סעיף 40 (ב1) לחוק החיילים, לא יפחת/ מפאת השינויים שבחוק
זה בלבי/ מהסכום הכולל שהיה משתלם כאמור ערב תחילתו של חוק זה. .</p></content></point></chapter><signature><name>אפרים קציר</name><role>נשיא המדינה</role></signature><signature><name>יצחק רבין</name><role>ראש הממשלה</role></signature><signature><name>משה כרעם</name><role>שר העבודה</role></signature><dateOfAcceptance>20.07.1975</dateOfAcceptance></body>