<?xml version="1.0" encoding="UTF-8" ?>
<body><title><content><p>חוק הבחירות לכנסת (הוראות שעה), תש"ל-1969 .</p></content></title><point><heading><authorialNote placement="side"><p>הוראות שעה</p></authorialNote></heading><num>1</num><content><p>
לענין הבחירות שיתקיימו בחודש חשון תש"ל יראו בחוק הבחירות לכנסת ננוסח
משולב], תשכ"ט-11969, כאילו -
(1) לאחר סעיף 70 נוסף סעיף זה:</p></content></point><point><heading><authorialNote placement="side"><p>"סמכויות מיוחדות</p></authorialNote></heading><num>70</num><list><intro><p>
א. (א) נוכחו יושב ראש הועדה המרכזית וסגניו, בערב יום הבחירות
או ביום הבחירות, כי קיימות באזור קלפי פלוני נסיבות מיוחדות המונעות
או העלולות למנוע לדעתם את המהלך התקין של ההצבעה, רשאים הם
להורות על דחיית פתיחת הקלפי, על הפסקת ההצבעה ועל חידושה וכן
על הוספת זמן להצבעה, ובלבד שלא תותר הצבעה כעבור יותר מ-24
שעות מהשעה הנקובה בסעיף 72 לסגירת הקלפיות.</p></intro><subPoint><num>ב</num><content><p> הוראות לפי סעיף זה יקבעו את הסידורים להבטחת קיום
הבחירות באותו אזור קלפי, לרבות מקום הקלפי, הרכב ועדת קלפי וכל
דבר אחר המתחייב מן ההוראה העיקרית.</p></content></subPoint><subPoint><num>ג</num><content><p> יושב-ראש הועדה המרכזית וסגניו יודיעו על ההוראות לפי
סעיף זה לבוחרים וליושבי ראש ועדות הבחירות הנוגעים בדבר, במקום
ובצורה שימצאו לנכון? הן אינן טעונות פרסום ברשומות.";
(2) בסעיף 91, אחרי סעיף קטן (ג) נוסף סעיף קטן זה:
"(ד) על אף האמור בסעיפים קטנים (א) ו-(ב) רשאי שר הפנים,
בהתייעצות עם שר הבטחון ובהסכמת יושב-ראש הועדה המרכזית וסגניו,
לתת הוראות בדבר אמצעי הזיהוי של חיילים הנמצאים באזורים שקבע
לענין זה בהתייעצות ובהסכמה כאמור ובדבר האמצעי שיעיד כי החייל
הצביע לכנסת; קביעת האזורים וההוראות האמורות יובאו לידיעת הנוגעים
בדבר כפי שימצא שר הפנים לנכון, בהתייעצות ובהסכמה כאמור ;הן
אינן טעונות פרסום ברשומות."
-</p></content></subPoint></list></point><point><heading><authorialNote placement="side"><p>תיקון סעיף 95א</p></authorialNote></heading><num>2</num><content><p>
בסעיף 95א לאותו חוק, כפי שנוסף בסעיף 11(4) לחוק הבחירות לכנסת ננוסח משולב]
י (תיקון), תשכ"ט-21969, המלים "ושמותיהם כלולים ברשימה שהגיש ראש המטה הכללי
ליושב-ראש הוועדה המרכזית" שבפסקה (0 - יימחקו.</p></content></point><signature><name>חיים משה שפירא</name><role>שר הפנים</role></signature><signature><name>שניאור זלמן שזר</name><role>בשיא המדינה</role></signature><dateOfAcceptance>05.10.1969</dateOfAcceptance></body>