<?xml version="1.0" encoding="UTF-8" ?>
<body><title><content><p>חוק הבחירות לכנסת השניה (תיקון מס׳ 2), תשי"א-1951 •</p></content></title><point><heading><authorialNote placement="side"><p>תיקון החוק</p></authorialNote></heading><num>1</num><content><p>
חוק הבחירות לכנסת השניה, תשי״א—1951  1, יתוקן כך:
בסעיף 8, בסעיף קטן (א), בסופו׳ ייווסף משפט זה:
״במסיבות מיוחדות רשאי יושב ראש ועדת הבחירות המרכזית לקבוע כי תושבים
של נקודת ישוב אחת, או חלק ממנה, הערוכים לפי סדר האלף-בית של שמות
משפחותיהם, יהוו אזור קלפי׳/</p></content></point><point><heading><authorialNote placement="side"><p>תחילת תוקף</p></authorialNote></heading><num>2</num><content><p>
תקפו של חוק זה הוא מיום י״ג בניסן תשי״א (19 באפריל 1951).</p></content></point><signature><name>דוד בן-גוריון</name><role>ראש הממשלה</role></signature><signature><name>משה שפירא</name><role>שר הפנים</role></signature><signature><name>חיים ווייצמן</name><role>נשיא המדינה</role></signature><dateOfAcceptance>13.06.1951</dateOfAcceptance></body>