<?xml version="1.0" encoding="UTF-8" ?>
<body><title><content><p>חוק בנק ישראל (הוראת שעה), תשט"ו-1955 *</p></content></title><point><heading><authorialNote placement="side"><p>תחילת תקפו של סעיף 78</p></authorialNote></heading><num>1</num><content><p>
על אף האמור בחוק בנק ישראל, תשי"ד-1954 1, לא ייכנס סעיף 78 לחוק האמור
לתקפו, אלא בתאריך שייקבע לכך על ידי הממשלה באישור ועדת הכספים של הכנסת,
אך לא יאוחר מיום כ"א בשבט תשט"ז (3 בפברואר 1956).</p></content></point><signature><name>משה שרת</name><role>ראש הממשלה</role></signature><signature><name>לוי אשכול</name><role>שר האוצר</role></signature><signature><name>יצחק בן - צ ב י</name><role>נשיא המדינה</role></signature><dateOfAcceptance>04.09.1955</dateOfAcceptance></body>