<?xml version="1.0" encoding="UTF-8" ?>
<body><title><content><p>חוק בתי דין דתיים (הזמנה לבית הדין), תשט"ז-1956 *</p></content></title><point><heading><authorialNote placement="side"><p>הגדרות</p></authorialNote></heading><num>1</num><content><p>
בחוק זה -
"בית דין" -
(1) בית דין רבני כמשמעותו בדבר-המלך-במועצתו/ 1922 - 1947 1, ובחוק שיפוט
בתי דין רבניים (נישואין וגירושין), תשי"ג-1953 2;
(2) בית דין דתי כמשמעותו בדבר-המלך-במועצתו/ 1947-1922.</p></content></point><point><heading><authorialNote placement="side"><p>הזמנת בעלי דין</p></authorialNote></heading><num>2</num><content><p>
בית דין, כשהוא דן בענין שבשיפוטו, רשאי להזמין כל אדם לבוא לפניו כדי להשיב
על תביעה שהוגשה נגדו או לטעון לתביעה שהגיש. </p></content></point><point><heading><authorialNote placement="side"><p>הזמנת עדים</p></authorialNote></heading><num>3</num><content><p>
בית דין, כשהוא דן בענין שבשיפוטו, רשאי להזמין כל אדם לבוא לפניו כדי להעיד
או להגיש מסמך שברשותו, והכל במידה הדרושה לבירור הענין.</p></content></point><point><heading><authorialNote placement="side"><p>כפיית התייצבות</p></authorialNote></heading><num>4</num><content><p>
אדם שהוזמן כאמור בסעיף 2' והענין שבקשר אליו הוזמן הוא בשיפוטו הייחודי- של
בית הדין, וכן אדם שהוזמן כאמור בסעיף 3' ולא התייצבו במועד ובמקום שנקבעו בהזמנה
ולא נתנו נימוק לכך להנחת דעתו של בית הדין, רשאי בית הדין ליתן צו מעצר לשם כפיית
התייצבותו של המוזמן; ורשאי הוא' אם ניתן צו כאמור ואם לאו' לחייבו בתשלום ההוצאות'
כולן או מקצתן, שנגרמו מחמת אי-התייצבותו ולקנסו בסכום שלא יעלה על שבעים וחמש
לירות.</p></content></point><point><heading><authorialNote placement="side"><p>חובה להיענות</p></authorialNote></heading><num>5</num><content><p>
אדם שהתייצב או הובא לפני בית דין כאמור' וסירב למסור עדות' או להגיש מסמך
שברשותו' או להשיב על השאלה שהוצגה לו' ולא נתן לסירובו נימוק להנחת דעתו של
בית הדין, רשאי בית הדין לקנסו בסכום שלא יעלה על שבעים וחמש לירות' ולחייבו
בתשלום ההוצאות כולן או מקצתן, שנגרמו מחמת סירובו; אך בית הדין לא יהיה מוסמך
לקנוס או לחייב אדם על שלא השיב על שאלה או שלא הגיש מסמך שלדעת בית הדין לא
היה חייב להשיב או להגיש על פי הדין המחייב בבית המשפט.</p></content></point><point><heading><authorialNote placement="side"><p>תשלומי דמי בטלה</p></authorialNote></heading><num>6</num><content><p>
בית דין רשאי לצוות' שבעל דין ישלם לאדם שהוזמן והתייצב לפניו דמי בטלה
בשיעור שייקבע בתקנות.</p></content></point><point><heading><authorialNote placement="side"><p>הזמנת אדם כלוא בבית-סוהר</p></authorialNote></heading><num>7</num><list><intro><p /></intro><subPoint><num>א</num><content><p> בית דין המזמין אדם לפי סעיף 2 כשהענין הוא בשיפוטו הייחודי/ או המזמין
אדם לפי סעיף 3, והאדם כאמור כלוא בכית סוהר או נתון במעצר' רשאי להורות בצו
ערוך אל הממונה על בית הסוהר או על מקום המעצר' להביאו לפני בית הדין; צו שניתן
לפי סעיף זה כוחו יפה לישיבה אחת בלבד של בית הדין.</p></content></subPoint><subPoint><num>ב</num><content><p> ההוראות שבסעיף 95 (2), (3) ו-(4) שבפקודת בתי הסוהר, 1946 3, יחולו בשי-
נויים המחריבים לפי הענין, על הבאתו של אדם כאמור' על שמירתו ועל הפקדת ההוצאות
הכרוכות בהבאתו.</p></content></subPoint></list></point><point><heading><authorialNote placement="side"><p>ביצוע ותקנות</p></authorialNote></heading><num>8</num><content><p>
שר הדתות ממונה על ביצוע חוק זה' והוא רשאי להתקין תקנות בכל הנוגע לביצועו.</p></content></point><signature><name>יצחק בן-צבי</name><role>נשיא המדינה</role></signature><signature><name>דוד בן-גוריון</name><role>ראש הממשלה</role></signature><signature><name>משה שפירא</name><role>שר הדתות</role></signature><dateOfAcceptance>22.03.1956</dateOfAcceptance></body>