<?xml version="1.0" encoding="UTF-8" ?>
<body><title><content><p>חוק הבלו על סוכר (ביטול), תש"ל-1969 *</p></content></title><point><heading><authorialNote placement="side"><p>גיטול</p></authorialNote></heading><num>1</num><content><p>
חוק הבלו על סוכר, תשי"ז- 1957-  1- בטל.</p></content></point><signature><name>שביאור זלמן שזר</name><role>נשיא המדינה</role></signature><signature><name>גולדה מאיר</name><role>ראש הממשלה</role></signature><signature><name>פנחס ספיר</name><role>שר האוצר</role></signature><dateOfAcceptance>24.12.1969</dateOfAcceptance></body>