<?xml version="1.0" encoding="UTF-8" ?>
<body><title><content><p>חוק לתיקון פקודת בריאות העם (תקנות בנידון צרכי מאכל),</p></content></title><signature><name>ד. ב ן-ג ו ר י ו ן</name><role>ראש הממשלה</role></signature><signature><name>מ. שפירא</name><role>שר הבריאות</role></signature><signature><name>חיים ווייצמן</name><role>נשיא המדינה</role></signature><dateOfAcceptance>01.07.1949</dateOfAcceptance></body>