<?xml version="1.0" encoding="UTF-8" ?>
<body><title><content><p>חוק לקביעת יום הבחירות לכנסת השניה, תשי"א—1951 *</p></content></title><point><heading><authorialNote placement="side"><p>יום הבחירות</p></authorialNote></heading><num>1</num><content><p>
הבחירות לכנסת השניה יתקיימו ביום כ״ו בתמוז תשי״א (30 ביולי 1951).</p></content></point><point><heading><authorialNote placement="side"><p>ביצוע</p></authorialNote></heading><num>2</num><content><p>
שר הפנים ממונה על ביצוע חוק זה.</p></content></point><signature><name>דוד בן-גוריון</name><role>ראש הממשלה</role></signature><signature><name>חיים ווייצמן</name><role>נשיא המדינה</role></signature><signature><name>פנחס רוזן</name><role>שר המשפטים</role></signature><dateOfAcceptance>16.05.1951</dateOfAcceptance></body>