<?xml version="1.0" encoding="UTF-8" ?>
<body><title><content><p>חוק לתיקון פקודת בנין ערים, תשי"ד-1954 *</p></content></title><point><heading><authorialNote placement="side"><p>החלפת סעיף 8</p></authorialNote></heading><num>1</num><content><p>
במקום סעיף 3 לפקודת בגין ערים, 1936 1 (להלן - הפקודה), יבואו סעיפים אלה:</p></content></point><point><heading><authorialNote placement="side"><p>"הרכב וערות מחוזיות</p></authorialNote></heading><num>3</num><list><intro><p>
לכל מחוז תהיה ועדה לבניה ולתכנון, עיר והרכבה הוא:</p></intro><subPoint><num>א</num><content><p> הממונה על המחוז שיהיה יושב ראש הועדה;</p></content></subPoint><subPoint><num>ב</num><content><p> נציג שר המשפטים;</p></content></subPoint><subPoint><num>ג</num><content><p> נציג שר הבריאות :</p></content></subPoint><subPoint><num>ד</num><content><p> נציג שר העבודה;</p></content></subPoint><subPoint><num>ה</num><content><p> נציג שר התחבורה :
(0 נציג שר האוצר :</p></content></subPoint><subPoint><num>ז</num><content><p> נציג שר החקלאות;</p></content></subPoint><subPoint><num>ח</num><content><p> נציג שר הבטחון;</p></content></subPoint><subPoint><num>ט</num><content><p> נציג שר הפנים, בעל הכשרה מקצועית בעניני בנין ערים :</p></content></subPoint><subPoint><num>י</num><content><p> ארבעה חברים שימנה שר הפנים מתוך אנשים שאינם עובדי
המדינה ולא עובדי רשות מקומית שבאותו מחוז :
דרך המינוי תהיה כך:
(1) עיריות' מועצות מקומיות ומועצות אזוריות שבמחוז רשאיות
להגיש לשר הפנים רשימת מועמדים שתכלול לפחות שמותיהם
של שני מועמדים (להלן - רשימת מועמדים).
(2) הוגשו רשימות מועמדים, ימנה שר הפנים מתוך רשימות אלה
שני חברים לפחות 5 הוגשו רשימות מועמדים על ידי כל שלושת
סוגי הרשויות המקומיות האמורות, ולדעת שר הפנים מן הראוי
הוא שיוצגו בנפרד בועדה המחוזית, ימנה שר הפנים חבר אחד
מרשימתו של כל סוג &lt; את שאר החברים להשלמת המספר ארבעה
רשאי הוא למנות שלא מתוך אחת הרשימות.
(3) לא הוגשו רשימות מועמדים, רשאי השר למנות את כל
ארבעת החברים באופן חפשי, בכפוף לסייגים שברישא לפסקה זו.
(4) לענין סעיף זה - מועצה אזורית - מועצה מקומית
שהוקמה בצו על פי סעיף 2 לפקודת המועצות המקומיות, 21941'
והמכונה "מועצה אזורית" באותו צו.</p></content></subPoint></list></point><point><heading><authorialNote placement="side"><p>מנין חוקי</p></authorialNote></heading><num>3</num><content><p>
א. המנין החוקי של ועדה מחוזית יהיה שבעה : היו בהצבעה הדעות
שקולות יכריע היושב ראש.</p></content></point><point><heading><authorialNote placement="side"><p>הופעת מהנדס מקומי</p></authorialNote></heading><num>3</num><content><p>
ב. היה נושא הדיון בועדה מחוזית תכנית בנין עיר בתחום רשות
מקומית, או מקרקעין, או בנינים מסויימים בתחום כאמור, תזמין הועדה
המחוזית את מהנדס הרשות המקומית - אם ישנו - לבוא לפניה, ואם
בא, תתן לו הזדמנות להשמיע את דבריו לפני שתחליט בענין.</p></content></point><point><heading><authorialNote placement="side"><p>חבר וערה המעונין בתכנית</p></authorialNote></heading><num>3</num><list><intro><p>
ג. (1) חבר ועדה מחוזית שיש לו במישרין או בעקיפין, בעצמו או
על ידי בן-זוגו, סוכנו או שותפה כל חלק או טובת הנאה בכל תכנית
או ענין העומד לדיון לפני הועדה המחוזית -</p></intro><subPoint><num>א</num><content><p> יודיע על כך לועדה המחוזית מיד לאחר שנודע לו' כי
התכנית או הענין האמורים עומדים לדיון: ההודעה תהיה
בעל פה בישיבת הועדה ותירשם בפרוטוקול או תימסר
בכתב :</p></content></subPoint><subPoint><num>ב</num><content><p> לא ישתתף בדיוני הועדה על אותו תכנית או ענין ולא
יצביע בהחלטה על כל שאלה בקשר להם.
(2) הוראות סעיף קטן (1) לא יחולו על חבר ועדה מחמת זה
בלבד שהוא בעל מניות או חבר בתאגיד שיש לו, באופן המפורש
באותו סעיף קטן, חלק או טובת הנאה בתכנית או בענין כאמור,
אם אין חבר הועדה משמש מנהל או פקיד אחראי לאותו תאגיד,
ואם חלקו בהונו או ברווחיו אינו עולה על חמישה אחוזים.
(3) העובר על הוראות סעיף קטן (1), דינו - מאסר שנה אחת
או קנס אלף לירות או שני הענשים כאחד; הוראה זו אינה גורעת
מאחריותו הפלילית או האזרחית של אדם על פי כל דין אחר.</p></content></subPoint></list></point><point><heading><authorialNote placement="side"><p>שמירת סוד</p></authorialNote></heading><num>3</num><content><p>
ד. (1) מי שנתמנה חבר ועדה מחוזית על פי סעיף 3 (י) לא יגלה
דבר שהגיע לידיעתו במהלך דיוני הועדה ושהועדה החליטה
לשמור אותו בסוד, אלא במידה שהוא חייב לגלות את הדבר לפי
כל דין.
(2) העובר על הוראות סעיף זה, דינו - מאסר שנה אחת או
קנס אלף לירות או שני הענשים כאחד."</p></content></point><point><heading><authorialNote placement="side"><p>תחילת תוקף והוראות מעבר</p></authorialNote></heading><num>2</num><content><p>
תחילת חוק זה תהיה ביום השלושים לאחר פרסומו ברשומות : אולם רשימת מועמדים
לענין סעיף 3 (י) לפקודה מותר להגיש מיום פרסום חוק זה ברשומות.</p></content></point><signature><name>יצחק בן-צבי</name><role>נשיא המדינה</role></signature><signature><name>משה שרת</name><role>ראש הממשלה</role></signature><signature><name>יוסף סרלין</name><role>שר הבריאות</role></signature><dateOfAcceptance>17.09.1954</dateOfAcceptance></body>