<?xml version="1.0" encoding="UTF-8" ?>
<body><title><content><p>חוק הבחירות לכנסת (תיקון מס' 6), תשל"ז-1977 *</p></content></title><point><heading><authorialNote placement="side"><p>תיקון סעיף 8</p></authorialNote></heading><num>1</num><content><p>
בסעיף 8 (ב) לחוק הבחירות לכנסת ננוסח משולב], תשכ"ט-11969 (להלן - החוק
העיקרי), במקום "למעלה מ-500 אזורי קלפי" יבוא "למעלה מ-400 אזורי קלפי'/ ובמקום
"לא פחות מ-200 אזורי קלפי" יבוא "לא פחות מ-100 אזורי קלפי".</p></content></point><point><heading><authorialNote placement="side"><p>תיקון סעיף 21</p></authorialNote></heading><num>2</num><list><intro><p>
בסעיף 21 לחוק העיקרי -
(1) במקום סעיפים קטבים (א) עד (ה) יבוא:
"(א) הועדה המרכזית תקבע בכל שנה את מספר חבריה של כל אחת
מועדות הקלפי ואת הרכבה הסיעתי מבין הסיעות המיוצגות בועדה המר-
כזית' וכן תקבע את הסיעות שמהן יהיו היושב ראש של ועדת הקלפי
וסגן היושב ראש' ובלבד שבכל ועדת קלפי יהיו מיוצגות לא פחות משלוש
סיעות.</p></intro><subPoint><num>ב</num><content><p> לכל חבר של ועדת קלפי יהיו שני ממלאי מקום קבועים
מטעם סיעתו ורשאית סיעה לדרוש שיהיו לחבר מטעמה שלושה ממלאי
מקום קבועים,</p></content></subPoint><subPoint><num>ג</num><content><p> בהתאם להחלטות הועדה המרכזית האמורות בסעיף קטן (א)
ימנו הועדות האזוריות את ועדות הקלפי לא יאוחר מהיום ה-20 שלפני
יום הבחירות.</p></content></subPoint><subPoint><num>ד</num><content><p> נקבע מספר דובריה והרכבה הסיעתי של ועדת קלפי כאמור
בסעיף קטן (א) וסיעה לא הודיעה לועדה האזורית את שמות נציגיה
בועדת הקלפי תוך תקופה שקבעה הועדה האזורית או לפני היום ה-23
שלפני יום הבחירות' הכל לפי המוקדם, תורכב ועדת הקלפי בלי נציגי
אותה סיעה.";
(2) סעיפים קטנים (ו) ו-(ז) יסומנו (ה) ו-(ו),</p></content></subPoint></list></point><point><heading><authorialNote placement="side"><p>תיקון סעיף א21</p></authorialNote></heading><num>3</num><content><p>
בסעיף 21א לחוק העיקרי' אחרי סעיף קטן  (ב) יבוא:
"(ג) יושב ראש ועדת הקלפי רשאי להטיל על מזכיר הועדה את
עריכת הפרוטוקול האמור בסעיף 79 (ב)."</p></content></point><point><heading><authorialNote placement="side"><p>תיקון סעיף 60</p></authorialNote></heading><num>4</num><content><p>
בסעיף 60 לחוק העיקרי כמקום "חמישה עשר אלף לירות" יבוא "ארבעים אלף
לירות".</p></content></point><point><heading><authorialNote placement="side"><p>תיקון סעיף 66 </p></authorialNote></heading><num>5</num><content><p>
בסעיף 66 לחוק העיקרי במקום "יחולט מתוך הערבון שניתן עם הגשתה סכום של
שלושת אלפים לירות" יבוא "יחולט חמישית מן הערבון שניתן עם הגשתה".</p></content></point><point><heading><authorialNote placement="side"><p>תיקון סעיף 71</p></authorialNote></heading><num>6</num><content><p>
בסעיף 71 (ב) לחוק העיקרי' בסופו יבוא "הרשימה האמורה תימסר לידי יושב ראש
ועדת הקלפי' וביתן למסרה למזכיר הועדה על מנת שיעבירנה לידי היושב ראש או ממלא
מקומו".</p></content></point><chapter><num>ספר החוקים</num><title><content><p>843, כ"א בשבט תשל"ז, 9.2.1977</p></content></title><point><heading><authorialNote placement="side"><p>הוספת סעיף 71א</p></authorialNote></heading><num>7</num><content><p>
אחרי סעיף 71 לחוק העיקרי יבוא:</p></content></point><point><heading><authorialNote placement="side"><p>''קביעת שירותים ציבוריים</p></authorialNote></heading><num>71</num><content><p>
א. לא יאוחר מהיום ה-45 שלפני יום הבחירות תקבע הועדה המרכזית
את סוגי השירותים שייראו בשירותים צלבוריים לענין סעיף 10 לחוק-
יסוד: הכנסת 2 ואת שעות הפעלתם: הועדה תפרסם הודעה בדבר הקביעה
האמורה' בדרך הנראית לה, לא יאוחר מהיום ה-35 שלפני יום הבחירות."</p></content></point><point><heading><authorialNote placement="side"><p>תיקון סעיף 79</p></authorialNote></heading><num>8</num><content><p>
בסעיף 79 לחוק העיקרי -
(1) בסעיף קטן (ד)' אחרי "או סגן יושב ראש" יבוא "נערך הפרוטוקול בידי
מזכיר הועדה' ייחתם גם בידו";
(2) אחרי סעיף קטן (ד) יבוא:
"(ה) יושב ראש הועדה המרכזית רשאי לתקן טעות חשבונית
בפרוטוקול של ועדת קלפי או של ועדה אזורית."</p></content></point><point><heading><authorialNote placement="side"><p>תיקון סעיף 119</p></authorialNote></heading><num>9</num><content><p>
בסעיף 119 לחוק העיקרי -</p></content></point><point><heading><authorialNote placement="side"><p>תיקון סעיף 120</p></authorialNote></heading><num>10</num><content><p>
בסעיף 120 לחוק העיקרי' כמקום "000'5 לירות" יבוא "000'20 לירות".</p></content></point><point><heading><authorialNote placement="side"><p>תיקון סעיף 121</p></authorialNote></heading><num>11</num><content><p>
בסעיף 121 לחוק העיקרי' במקום "000'5 לירות" יבוא "20,000 לירות".</p></content></point><point><heading><authorialNote placement="side"><p>תיקון סעיף 122</p></authorialNote></heading><num>12</num><content><p>
בסעיף 122 לחוק העיקרי' במקום "000'5 לירות" יבוא "20,000 לירות".</p></content></point><point><heading><authorialNote placement="side"><p>תיקון סעיף 124</p></authorialNote></heading><num>13</num><content><p>
בסעיף 124 לחוק העיקרי' במקום "300'2 לירות" יבוא "000'10 לירות".</p></content></point><point><heading><authorialNote placement="side"><p>תיקון מעיף 125</p></authorialNote></heading><num>14</num><content><p>
בסעיף 125 לחוק העיקרי' במקום "500'2 לירות" יבוא "  10,000 לירות".</p></content></point><point><heading><authorialNote placement="side"><p>תיקון סעיף 126</p></authorialNote></heading><num>15</num><content><p>
בסעיף 126 לחוק העיקרי' במקום "250 לירות" יבוא "000'1 לירות".</p></content></point><point><heading><authorialNote placement="side"><p>תיקון סעיף 127</p></authorialNote></heading><num>16</num><content><p>
בסעיף 127 לחוק העיקרי' במקום "100 לירות" יבוא "500 לירות".</p></content></point></chapter><signature><name>אפרים קציר</name><role>נשיא המדינה</role></signature><signature><name>יצחק רבין</name><role>ראש הממשלה</role></signature><dateOfAcceptance>09.02.1977</dateOfAcceptance></body>