<?xml version="1.0" encoding="UTF-8" ?>
<body><title><content><p>חוק בנק ישראל (הוראת שעה) (תיקון מס' 2), תשט"ז-1956 *</p></content></title><point><heading><authorialNote placement="side"><p>תיקון החוק</p></authorialNote></heading><num>1</num><content><p>
בסעיף 1 לחוק בנק ישראל (הוראת שעה)' תשט"ו-1955 1, במקום "כ"ו באב תשט"ז
0: באוגוסט 1956)" יבוא "ב' באדר א' תשי"ז (3 בפברואר 1957)".</p></content></point><signature><name>יצחק בן-צבי</name><role>נשיא המדינה</role></signature><signature><name>דוד בן-גוריון</name><role>ראש הממשלה</role></signature><signature><name>לוי אשכול</name><role>שר האוצר</role></signature><dateOfAcceptance>03.08.1956</dateOfAcceptance></body>