<?xml version="1.0" encoding="UTF-8" ?>
<body><title><content><p>חוק הבחירות לכנסת (תיקון מס' 3), תשט"ו-1955 *</p></content></title><point><heading><authorialNote placement="side"><p>תיקו: מעיה 70</p></authorialNote></heading><num>1</num><content><p>
בסעיף 76 לחוק הבחירות לכנסת' תשט"ו-1955 [נוסח משולב] 1, יווסף סעיף קטן
זה:
"(ה) נוכח יושב ראש הועדה המרכזית מתוך רשימת התיקונים האמורה בסעיף
24 שבאזור קלפי פלוני יעלה מספר הבוחרים על 1000, או נוכח הוא שמסיבה
אחרת צפוי בתחנת קלפי פלונית תור של מצביעים העשוי לעכב יתר על המידה
את הצבעתם של אלה שבאו להצביע' רשאי הוא, לא יאוחר מהיום ה-6 שלפני
יום הבחירות, להורות שבאותו אזור קלפי תהיה קלפי שניה ; הורה יושב ראש
הועדה המרכזית כאמור, יעשה מיד אלה:
(1) יקבע את מקום הקלפי השניה ;
(2) יקבע מי מהבוחרים של אותו אזור קלפי יצביע בקלפי השניה;
(3) יודיע, במקום ובצורה שימצא לנכון, על מקום הקלפי השניה ועל
הבוחרים שיצביעו בה;</p></content></point><point><heading><authorialNote placement="side"><p>תיקון משלים</p></authorialNote></heading><num>2</num><content><p>
חוק הבחירות לכנסת, תשט"ו-1955 2, וחוק הבחירות לכנסת השניה, תשי"א-1951 3,
יתוקנו בהתאם להוראות חוק זה.</p></content></point><point><heading><authorialNote placement="side"><p>תחילת תוקף</p></authorialNote></heading><num>3</num><content><p>
תחילתו של חוק זה היא ביום קבלתו בכנסת.</p></content></point><signature><name>יצחק ב ן- צ ב י</name><role>נשיא המדינה</role></signature><signature><name>משה שרת</name><role>ראש הממשלה</role></signature><signature><name>משה שפירא</name><role>שר הפנים</role></signature><dateOfAcceptance>08.08.1955</dateOfAcceptance></body>