<?xml version="1.0" encoding="UTF-8" ?>
<body><title><content><p>חוק בתי הדין הדתיים הדרוזיים (תיקון מס' 3), תשל"ב-1972 .</p></content></title><point><heading><authorialNote placement="side"><p>החלפת סעיף 8</p></authorialNote></heading><num>1</num><content><p>
בחוק בתי הדין הדתיים הדרחיים, תשכ"ג-1962 1, במקום סעיף 8 יבוא:</p></content></point><point><heading><authorialNote placement="side"><p>-הרגב בתי הדין</p></authorialNote></heading><num>8</num><list><intro><p /></intro><subPoint><num>א</num><content><p> בית דין ידון בשלושה. אולם אם מספר הקאדים מדיהב
המכהנים בו פחת משלושה. או שנבצר מאחד או משניים מהם למלא
תפקידם, רשאי בית הדין לדון באחד.</p></content></subPoint><subPoint><num>ב</num><content><p> בית הדין לערעורים ידון בלא פחות משלושה."
. 2. הליך שהתקיים בבית דין דתי דרוזי לפני תחילתו של חוק זה לא ייפסל מחמת שדנו בו
בפחות משלושה.
איסור הליכים</p></content></subPoint></list></point><signature><name>שניאור זלמן שזר</name><role>נשיא המדינה</role></signature><signature><name>גולדה מאיר</name><role>ראש הממשלה</role></signature><signature><name>זרח ורהפטיג</name><role>שר הדתות</role></signature><dateOfAcceptance>01.08.1972</dateOfAcceptance></body>