<?xml version="1.0" encoding="UTF-8" ?>
<body><title><content><p>חוק לתיקון פקודת בריאות העם (תקנות בענין צרכי מזון) (מסי 3),</p></content></title><point><heading><authorialNote placement="side"><p>שינוי שם</p></authorialNote></heading><num>1</num><content><p>
לפקודת נריאות העם (תקנית בענין צרכי מזון), 1935 1, ייקרא "פקודת בריאות
הציבור (מזון), 1935" (להלן - הפקתה).</p></content></point><point><heading><authorialNote placement="side"><p>תיקון מעיף 10</p></authorialNote></heading><num>2</num><content><p>
בסעיף 10 )1( לפקודה, במקום פסקאות משנה )1( ו-)11( יבוא:
"(1) אם עבר על הוראה מהוראות פסקאות (א) עד (ו) - למאסר שנה או
לקנס 150,000 לירות;
(11) אם עכר על הוראה מהוראות פסקאות (ז) עד (ט) - למאסר שנה או
לקנס 100,000 לירות;
(111) אם עבר על הוראה מהוראות פסקאות (י) עד (יג) - למאסר שנה או
לקנס 75,000 לירות?"</p></content></point><point><heading><authorialNote placement="side"><p>תיקון סעיף 12</p></authorialNote></heading><num>3</num><content><p>
האמור בסעיף 12 לפקודה יסומן כסעיף קטן (א) ואחריו יבוא:
"(ב) תעודת בדיקה לא תהיה קבילה בבית המשפט אלא אם ממצאיה
נמסרו לנאשם, כפי שקבע שר הבריאות בתקנות, תוך עשרים ואחד יום
מהתאריך הנקוב בה כתאריך סיום הבדיקה; בית המשפש רשאי להאריך
תקופה זו מטעמים מיוחדים."
.</p></content></point><point><heading><authorialNote placement="side"><p>החלטת סעיף 16</p></authorialNote></heading><num>4</num><content><p>
במקום סעיף 15 לפקודה יבוא:</p></content></point><point><heading><authorialNote placement="side"><p>"פרסום פסק דין</p></authorialNote></heading><num>15</num><content><p>
בית המשפט רשאי לצוות שפסק דין חלוט או תמציתו יפורסמו
ברכים, בצורה ובאופן שיקבע, ולהורות מי ישא בהוצאות הפרסום; אם
הורה בית המשפט שהנאשם ישא בהוצאות הפרסום, יהיה דינן כדין קנס
שהטיל בית המשפט."</p></content></point><point><heading><authorialNote placement="side"><p>הוראת מעבר</p></authorialNote></heading><num>5</num><content><p>
לא יוגש כתב אישום על עבירה לפי פקודה זו שביום תחילת חוק זה כבר עברו ששים
יום מיום שניטלה או נקנתה על פי פקודה זו דוגמת צורך המזון המשמשת ראיה לה,</p></content></point><signature><name>יצחק נבון</name><role>נשיא המדינה</role></signature><signature><name>מנחם בגין</name><role>ראש הממשלה</role></signature><signature><name>אליעזר שוסטק</name><role>שר הבריאות</role></signature><dateOfAcceptance>07.02.1979</dateOfAcceptance></body>