<?xml version="1.0" encoding="UTF-8" ?>
<body><title><content><p>חוק הבחירות לכנסת (תיקון מס' 8), תשכ"ט-1968 *</p></content></title><point><heading><authorialNote placement="side"><p>תיקון סעיף 4</p></authorialNote></heading><num>1</num><list><intro><p>
בסעיף 4 לחוק הבחירות לכנסת, תשי"ט-11959 (להלן - חוק הבחירות), במקום
סעיפים קטנים (ב) ו-(ג) יבוא:
"(ב) לא תהיה הצבעה אלא בתחום היבשה של ישראל ובכלי שיט
ישראליים; הוראה זו לא תחול על הצבעה לפי הפרק השביעי.</p></intro><subPoint><num>ג</num><content><p> כל בוחר רשאי להצביע רק בקלפי אשר רשימת הבוחרים
הקשורה אליה כוללת את שמו; הוראה זו לא תחול על מי שמצביע לפי
הפרק השביעי או השמיני."</p></content></subPoint></list></point><point><heading><authorialNote placement="side"><p>ביטול סעיף 7</p></authorialNote></heading><num>2</num><content><p>
סעיף 7 לחוק הבחירות - בטל.</p></content></point><point><heading><authorialNote placement="side"><p>תיקון סעיף 9</p></authorialNote></heading><num>3</num><content><p>
בסעיף 9 לחוק הבחירות -
(1) במקום סעיף קטן (א) יבוא:
"(א) לביצוע הבחירות תוקם ועדת בחירות מרכזית (להלן -
הועדה המרכזית) תוך 60 יום מיום כינוסה של כל כנסת חדשה; ועדה
יוצאת תכהן עד להקמת ועדה חדשה.";
(2) בסעיף קטן (ב), במקום "הוראות הועדה המרכזית" יבוא "ההוראות שנק-
בעו כתקנות".</p></content></point><point><heading><authorialNote placement="side"><p>תיקון סעיף 10</p></authorialNote></heading><num>4</num><content><p>
בסעיף 10 לחוק הבחירות -
(1) במקום סעיף קטן (א) יבוא:
"(א) חברי הועדה המרכזית יהיו נציגי הסיעות של הכנסת.";
(2) בסעיף קטן (ה), במקום "לא יאוחר מהיום ה-79 שלפני יום הבחירות"
יבוא "תוך 50 יום מיום כינוס הכנסת".</p></content></point><point><heading><authorialNote placement="side"><p>תיקון סעיף 11</p></authorialNote></heading><num>5</num><list><intro><p>
בסעיף 11 לחוק הבחירות -
(1) בסעיף קטן (א), במקום המלים "ולא יאוחר מהיום ה-75 שלפני יום
הבחירות" יבוא "ולא יאוחר מהיום ה-60 מיום כינוסה של הכנסת";
(2) במקום סעיפים קטנים (ב) ו-(ג) יבוא:
"(ב) בעת הבחירה לפי סעיף קטן (א) ייבחר אחד מבין חברי בית
המשפט העליון כממלא מקומו של היושב-ראש, והוא יכהן משקבע נשיא
בית המשפט העליון שנבצר מהיושב-ראש למלא תפקידיו; נשיא בית
המשפט העליון יודיע על קביעתו זו ליושב-ראש הכנסת.</p></intro><subPoint><num>ג</num><content><p> ליושב-ראש הועדה המרכזית יהיו סגנים שייבחרו על ידי
הועדה המרכזית מבין חבריה. מספר הסגנים יהיה ארבעה, אולם ועדת
הכנסת רשאית להגדיל מספר זה עד לשמונה. ארבעה מהסגנים יהיו
מארבע הסיעות הגדולות שבכנסת, ואם הוגדל מספר הסגנים כאמור,
תקבע ועדת הכנסת מאיזו סיעה יהיו הסגנים הנוספים."
עמ' 230.
1 ס"ח תשי"ט, עמ' 114, עמ' 147, עמ' 148; תשכ"א, עמ' 124, עמ' 141; תשכ"ה, עמ' 264, עמ' 266; תשכ"ו,
עמ' .71</p></content></subPoint></list></point><point><heading><authorialNote placement="side"><p>תיקון סעיף 12</p></authorialNote></heading><num>6</num><content><p>
בסעיף 12 לחוק הבחירות, במקום "מהיום ה-68 שלפני יום הבחירות" יבוא "מהיום
ה-15 שלאחר מסירת ההודעה בכנסת על הרכבה של הועדה".</p></content></point><point><heading><authorialNote placement="side"><p>תיקון סעיף 13</p></authorialNote></heading><num>7</num><content><p>
בסעיף 13 (א) לחוק הבחירות, במקום "מהיום ה-61" יבוא "מהיום ה-38".</p></content></point><point><heading><authorialNote placement="side"><p>תיקון סעיף 13א</p></authorialNote></heading><num>8</num><content><p>
כסעיף 13א (א) לחוק הבחירות, במקום "מהיום ה-55" יבוא "מהיום ה-38".</p></content></point><point><heading><authorialNote placement="side"><p>תיקון סעיף 14</p></authorialNote></heading><num>9</num><content><p>
בסעיף 14 לחוק הבחירות -
(1) בסעיף קטן (א), במקום "מהיום ה-40" יבוא "מהיום ה-20" ובמקום
"מהיום ה-20" יבוא "מהיום ה-10";
(2) במקום סעיף קטן (ב) יבוא:
"(ב) הועדה המרכזית תקבע בכל שנה את מספר חבריה של כל
אחת מועדות הקלפי ואת הרכבה הסיעתי מבין כל הסיעות המיוצגות בועדה
המרכזית, ובלבד שבכל ועדת קלפי יהיו מיוצגות לא פחות משלוש
סיעות.";
(3) במקום סעיף קטן (ד) יבוא:
"(ד) לכל חבר של ועדת קלפי יהיו שני ממלאי מקום קבועים
מסיעתו, ורשאית סיעה לדרוש שיהיו לחבר מסיעתה שלושה ממלאי
מקום קבועים; ממלאי המקום יתמנו על ידי הועדה האזורית."</p></content></point><point><heading><authorialNote placement="side"><p>חוטפת סעיף 14א</p></authorialNote></heading><num>10</num><content><p>
אחרי סעיף 14 לחוק הבחירות יבוא:</p></content></point><point><heading><authorialNote placement="side"><p>"חילופי גברי בועדה המרכזית ובועדה אזורית</p></authorialNote></heading><num>14</num><content><p>
א. כל סיעה רשאית להחליף את נציגיה בועדה המרכזית ובועדה
אזורית ואת ממלאי מקומם על ידי מתן הודעה של בא-כוחה ליושב-ראש
הועדה המרכזית ולשר הפנים, ובהחלפת נציג בועדה אזורית-גם ליושב-
ראש אותה ועדה."</p></content></point><point><heading><authorialNote placement="side"><p>תיקון סעיף 15</p></authorialNote></heading><num>11</num><content><p>
בסעיף 15 לחוק הבחירות -
(1) בסעיף קטן (א), במקום "לא יאוחר מהיום ה-75 שלפני יום הבחירות"
יבוא "תוך 14 יום מיום הקמת הועדה המרכזית", ובמקום "תוך 10 ימים מיום
השינוי" יבוא "תוך 10 ימים מיום שקיבל את ההודעה על השינוי וככל האפשר
לפני יום הבחירות";
(2) בסעיף קטן (ב), במקום "שתקבע" יבוא "שנקבעו בתקנות".</p></content></point><point><heading><authorialNote placement="side"><p>תיקון סעיף 16</p></authorialNote></heading><num>12</num><content><p>
בסעיף 16 לחוק הבחירות, אחרי סעיף קטן (ד) יבוא:
"(ה) בהיעדר היושב-ראש של ועדה אזורית, ימלא את מקומו
למשך ההיעדרות - אותו הסגן שהועדה קבעה לכך.
(0 בהיעדר היושב-ראש של ועדת קלפי, ימלא סגן היושב-ראש
את מקומו למשך ההיעדרות."</p></content></point><point><heading><authorialNote placement="side"><p>תיקון סעיף 17</p></authorialNote></heading><num>13</num><content><p>
בסעיף 17 לחוק הבחירות -
(1) במקום סעיף קטן (א) יבוא:
"(א) לענין הקמת הועדה המרכזית יראו רשימת מועמדים שמתוכה
נבחרו חברים לכנסת - כסיעה, ומספר חברי הסיעה כמספר המועמדים
שנבחרו; בא-כוחה של רשימת המועמדים וממלא מקומו יהיו בא-כוחה
של הסיעה וממלא מקומו.";</p></content></point><point><heading><authorialNote placement="side"><p>גיטול סעיף 17א</p></authorialNote></heading><num>14</num><content><p>
סעיף 17א לחוק הבחירות - בטל.</p></content></point><point><heading><authorialNote placement="side"><p>תיקון סעיף 18</p></authorialNote></heading><num>15</num><list><intro><p>
בסעיף 18 לחוק הבחירות -
(1) בסעיף קטן (ב), אחרי "שמו הפרטי" יבוא "מספר זהותי במרשם
האוכלוסין";
(2) במקום סעיף קטן (ג) יבוא:
"(ג) רשימת מועמדים המוגשת על ידי בעלי זכות לבחור תיחתם
בידי המגישים על גבי טופס שנקבע בתקנות כשכל הפרטים ממולאים
כראוי, ושם הרשימה ושמות מועמדיה מפורשים כסדרם.";
(3) סעיפים קטנים (ד) עד (0 יסומנו (ח) עד (י);
(4) אחרי סעיף קטן (ג) יבוא:
"(ד) לגבי כל אחת מחתימות המגישים יצורף לרשימה תצהיר לפי
סעיף 37 לפקודת העדות 2 המאשר שהחתימה ניתנה בנוכחות המצהיר;
המצהיר יוסיף את חתימתו ליד חתימת המגיש.</p></intro><subPoint><num>ה</num><content><p> לא יחתום אדם על יותר מרשימת מועמדים אחת? מי שחתם
על יותר מרשימת מועמדים אחת - חתימותיו בטלות.</p></content></subPoint><subPoint><num>ו</num><content><p> בעל זכות לבחור שחתם על רשימת מועמדים לא יוכל לחזור
בו מחתימתו? מותו לא יפסול את חתימתו.</p></content></subPoint><subPoint><num>ז</num><content><p> הוגשה רשימת מועמדים על ידי בעלי זכות לבחור, כל הח-
תימות אחרי 1,500 הראשונות, לא יתחשבו בהן לצורך סעיף זה.";
(5) בסעיף קטן (ט), במקום "מהיום ה-50" יבוא "מהיום ה-35" ובמקום
"מהיום ה-60" יבוא "מהיום ה-40".</p></content></subPoint></list></point><point><heading><authorialNote placement="side"><p>תיקון סעיף 22</p></authorialNote></heading><num>16</num><content><p>
בסעיף 22 לחוק הבחירות, במקום "מהיום ה-40" יבוא "מהיום ה-29" ובמקום "מהיום
ה-34" יבוא "מהיום ה-24".</p></content></point><point><heading><authorialNote placement="side"><p>תיקון סעיף 23</p></authorialNote></heading><num>17</num><content><p>
בסעיף 23 לחוק הבחירות, במקום "מהיום ה-29" יבוא "מהיום ה-20".</p></content></point><point><heading><authorialNote placement="side"><p>תיקון סעיף 24</p></authorialNote></heading><num>18</num><content><p>
בסעיף 24 לחוק הבחירות -
(1) בסעיף קטן (א), במקום "מהיום ה-29" יבוא "מהיום ה-20" ובמקום
"מהיום ה-25" יבוא "מהיום ה-18"?
(2) בסעיף קטן (ב), במקום "מהיום ה-20" יבוא "מהיום ה-13".</p></content></point><point><heading><authorialNote placement="side"><p>תיקון סעיף 25</p></authorialNote></heading><num>19</num><content><p>
בסעיף 25 לחוק הבחירות, במקום "מהיום ה-16" יבוא "מהיום ה-8".</p></content></point><point><heading><authorialNote placement="side"><p>תיקון סעיף 26</p></authorialNote></heading><num>20</num><content><p>
בסעיף 26 לחוק הבחירות -
(1) בסעיף קטן (ב), במקום "14 יום" יבוא "8 ימים";
(2) בסעיף קטן (ג), במקום "7 ימים" יבוא "6 ימים".</p></content></point><point><heading><authorialNote placement="side"><p>תיקון סעיף 27</p></authorialNote></heading><num>21</num><content><p>
בסעיף 27 לחוק הבחירות, האמור בסעיף קטן (ג) יסומן (ל) ולפניו יבוא:
"(ג) לא יאוחר מהיום הקובע תקבע הועדה המרכזית את מקומות
הקלפי לשנת הפנקס הקרובה, על פי הצעת שר הפנים שתוגש לועדה לא
יאוחר מהיום ה-60 שלפני היום הקובע; לענין זה, "היום הקובע" ו"שנת
פנקס" - כמשמעותם בחוק פנקס הבוחרים לכנסת, תשי"ט-3.1959"</p></content></point><point><heading><authorialNote placement="side"><p>הוספת סעיף 27א</p></authorialNote></heading><num>22</num><content><p>
אחרי סעיף 27 לחוק הבחירות יבוא:</p></content></point><point><heading><authorialNote placement="side"><p>''הוראות במקרים מיוחדים</p></authorialNote></heading><num>27</num><list><intro><p>
א. (א) נוכחו יושב-ראש הועדה המרכזית וסגניו שבאזור קלפי
פלוני יהיו פחות מ-50 בעלי זכות בחירה, רשאים הם, לא יאוחר מהיום
ה-10 שלפני יום הבחירות, לצרף אותו לאזור הקלפי הקרוב ביותר וש-
המרחק אליו סביר בעיניהם ויודיעו על כך מיד לבוחרים וליושבי ראש
ועדות הבחירות הנוגעים בדבר בצורה שימצאו למתאימה; כל אדם המת-
נגד לצירוף רשאי, לא יאוחר מהיום ה-7 שלפני יום הבחירות, להביא
טענותיו לפני היושב-ראש וסגניו והם יחליטו בדבר סופית לא יאוחר
מ-5 ימים לפני יום הבחירות.</p></intro><subPoint><num>ב</num><content><p> נוכחו יושב-ראש הועדה המרכזית וסגניו שבאזור קלפי
פלוני יעלה מספר הבוחרים על 1,000, או שמטיבה אחרת צפוי בתחנת
קלפי פלונית תור של מצביעים העשוי לעכב יתר על המידה את הצבעתם
של אלה שבאו להצביע, רשאים הם, לא יאוחר מהיום ה-6 שלפני יום
הבחירות, להורות שבאותו אזור קלפי תהיה קלפי שניה; ניתנה הוראה
כאמור, יעשו היושב-ראש וסגניו מיד את אלה:
(1) יקבעו את מקום הקלפי השניה;
(2) יקבעו מי מהבוחרים של אותו אזור קלפי יצביע בקלפי
השניה;
(3) יודיעו, במקום ובצורה שימצאו לנכון, על מקום הקלפי
השניה ועל הבוחרים שיצביעו בה;
(4) יקבעו מי מחברי ועדת הקלפי של אותו אזור קלפי ומי
מממלאי המקום של חברים אלה יהוו את ועדת הקלפי של
הקלפי השניה לצורך ההצבעה וספירת הקולות, ורשאים הם,
לצורך זה, למנות חברים נוספים לועדת הקלפי של אותו
אזור קלפי, ובלבד שכל החברים יהיו מבין הסיעות המיו-
צגות בועדה המרכזית ושבכל ועדה יהיו מיוצגות לא פחות
משלוש סיעות מבין סיעות הכנסת היוצאת;
(5) יקבעו מי מחברי ועדת הקלפי יהיה יושב-ראש ומי מהם
יהיה סגן יושב-ראש של ועדת הקלפי השניה.</p></content></subPoint><subPoint><num>ג</num><content><p> נוכחו יושב-ראש הועדה המרכזית וסגניו, תוך 30 יום לפני
יום הבחירות, כי מקום קלפי שעליו פורסם בהודעה לפי סעיף 27 (ד) שוב
אינו מתאים ליעודו כמקום קלפי כתוצאה משינויים בנסיכות, רשאים הם
לקבוע מקום קלפי אחר ולהודיע על כך לבוחרים וליושבי-ראש ועדות
הבחירות הנוגעים בדבר במקום ובצורה שימצאו לנכון."
3 ס''ח תשי''ט, עמי 24.</p></content></subPoint></list></point><point><heading><authorialNote placement="side"><p>תיקון סעיף 29</p></authorialNote></heading><num>23</num><content><p>
בסעיף 29 (א) לחוק הבחירות, במקום "עד 12 בלילה" יבוא "עד 11 בלילה".</p></content></point><point><heading><authorialNote placement="side"><p>תיקון סעיף 30</p></authorialNote></heading><num>24</num><content><p>
בסעיף 30 לחוק הבחירות, במקום "חברי ועדת הקלפי, ממלאי מקומם" יבוא "חברי
ועדת הקלפי או ממלא מקומו של חבר הועדה שנעדר".</p></content></point><point><heading><authorialNote placement="side"><p>תיקון סעיף 31</p></authorialNote></heading><num>25</num><content><p>
בסעיף 31 (ב) לחוק הבחירות, בסופו, יבוא "או תעודת זהות שניתנה לפי חוק מרשם
האוכלוסין, תשכ"ה-1965 4."</p></content></point><point><heading><authorialNote placement="side"><p>תיקון סעיף 33</p></authorialNote></heading><num>26</num><content><p>
בסעיף 33 לחוק הבחירות, סעיף קטן (ה) - בטל.</p></content></point><point><heading><authorialNote placement="side"><p>הוספת סעיף 33א</p></authorialNote></heading><num>27</num><content><p>
אחרי סעיף 33 לחוק הבחירות יבוא:</p></content></point><point><heading><authorialNote placement="side"><p>"קולות פסולים</p></authorialNote></heading><num>33</num><list><intro><p>
א. (א) אלה יהיו קולות פסולים:
(1) פתק הצבעה שאינו מתאים להוראות סעיף 33, או
שגדלו, צבעו או הדפסתו שונים ממה שקבעה הועדה
המרכזית;
(2) פתק הצבעה ריק, שסומן בו דבר מלבד אות או כינוי
ואות של רשימה, או שצורת הכתיבה שונה מזו שקבעה
הועדה המרכזית;
(3) סימן או דבר במעטפת הצבעה או בפתק הצבעה העשוי
לזהות את המצביע; אין בהוראה זו כדי לגרוע מהשימוש
בפתק הצבעה ריק לפי סעיף 33 (ג);
(4) מעטפת הצבעה שנתן בוחר לתוכה יותר מפתק הצבעה
אחד;
(5) מעטפה שאינה מאלה שסיפקה הועדה המרכזית;
(6) מעטפת הצבעה של בוחר שהצביע לפי הפרק השביעי
או השמיני ואשר הגיעה לועדה המרכזית לאחר היום ה-7
שלאחר יום הבחירות.</p></intro><subPoint><num>ב</num><content><p> מותר לקבוע בתקנות הוראות נוספות בדבר פסילת קולות,
ובלבד שהחלטת הועדה המרכזית בענין זה נתקבלה ברוב של שני שלישים
מהמשתתפים בהצבעה."</p></content></subPoint></list></point><point><heading><authorialNote placement="side"><p>תיקון סעיף 34</p></authorialNote></heading><num>28</num><content><p>
בסעיף 34 לחוק הבחירות, במקום "10 ימים" יבוא "יומיים".</p></content></point><point><heading><authorialNote placement="side"><p>תיקון סעיף 35</p></authorialNote></heading><num>29</num><content><p>
בסעיף 35 (ב) לחוק הבחירות, במקום "שתקבע הועדה המרכזית" יבוא "שנקבע
בתקנות".</p></content></point><point><heading><authorialNote placement="side"><p>תיקון סעיף 44</p></authorialNote></heading><num>30</num><content><p>
בסעיף 44 לחוק הבחירות, סעיף קטן (ב) - בטל.</p></content></point><point><heading><authorialNote placement="side"><p>ביטול סעיף 46</p></authorialNote></heading><num>31</num><content><p>
סעיף 46 לחוק הבחירות - כטל.</p></content></point><point><heading><authorialNote placement="side"><p>תיקון סעיף 52</p></authorialNote></heading><num>32</num><content><p>
בסעיף 52 לחוק הבחירות -
(1) בסעיף קטן (א), אחרי "צבא-הגנה לישראל" יבוא "לרבות חיילים בכלי
שיט של צבא-הגנה לישראל הנמצאים ביום הבחירות מחוץ לנמל ישראלי"
ובמקום "שתקבע הועדה המרכזית" יבוא "שנקבעו בתקנות";
(2) בסעיף קטן (ג), במקום "שתקבע הועדה המרכזית" יבוא "שנקבעו
בתקנות".</p></content></point><point><heading><authorialNote placement="side"><p>תיקון סעיף 53</p></authorialNote></heading><num>33</num><content><p>
בסעיף 53 לחוק הבחירות -
(1) בסעיף קטן (ב), במקום "שייקבעו על ידי הועדח המרכזית לאחר התייעצות
עם שר הבטחון או בא כוחו" יבוא "שנקבעו בתקנות";
(2) בסעיף קטן (ג), במקום "שתקבע הועדה המרכזית לאחר התייעצות עם שר
הבטחון או בא-כוחו" יבוא "שנקבע בתקנות";
(3) סעיף קטן (ד) - יימחק.</p></content></point><point><heading><authorialNote placement="side"><p>הוספת פרק</p></authorialNote></heading><num>34</num><content><p>
הפרק השמיני והפרק התשיעי לחוק הבחירות יסומנו כסדרם תשיעי ועשירי, ולפניהם
יבוא:</p></content></point><chapter><num>"פרק שמיני:</num><title><content><p>הוראות מיוחדות לבחירות בכלי שיט ישראליים</p></content></title><point><heading><authorialNote placement="side"><p>הגדרה</p></authorialNote></heading><num>56</num><content><p>
ב. לענין חוק זה, "כלי שיט" - כלי שיט ישראלי כמשמעותו בחוק
הספנות (כלי שיט), תש"ך-1960 5.</p></content></point><point><heading><authorialNote placement="side"><p>מסירת רשימה של כלי שיט</p></authorialNote></heading><num>56</num><content><p>
ג. לא יאוחר מהיום ה-42 שלפני יום הבחירות ימסור שר הפנים לועדה
המרכזית, לאחר התייעצות עם שר התחבורה, רשימה של כל כלי השיט
וכן כל ידיעה בקשר לכלי השיט שביקשה הועדה.</p></content></point><point><heading><authorialNote placement="side"><p>קביעת כלי שיט לצורך הצבעה</p></authorialNote></heading><num>56</num><content><p>
ד. הועדה המרכזית תקבע, לא יאוחר מהיום ה-37 שלפני יום הבחירות,
את כלי השיט שבהם תתקיים הצבעה לפי פרק זה? לא תקבע הועדה כלי
שיט כאמור אם היתה סבורה שביום ההצבעה לפי סעיף 56ו יימצאו בו פחות
מ-14 אזרחים ישראליים בני 18 ומעלה או שכלי השיט יימצא בנמל ישראלי.</p></content></point><point><heading><authorialNote placement="side"><p>רשאים להצביע</p></authorialNote></heading><num>56</num><content><p>
ה. מי שנמצא בתור ימאי או בתור נוסע בכלי שיט שנקבע כאמור
בסעיף 56ד רשאי להצביע באותו כלי שיט.</p></content></point><point><heading><authorialNote placement="side"><p>יום ההצבעה</p></authorialNote></heading><num>56</num><content><p>
ו. ההצבעה בכלי שיט תתקיים ביום החמישי שלפני יום הבחירות.</p></content></point><point><heading><authorialNote placement="side"><p>אחראים</p></authorialNote></heading><num>56</num><list><intro><p>
ז. (א) בכל כלי שיט שבו מתקיימת הצבעה תמנה הועדה המרכזית,
לא יאוחר מ-35 יום לפני יום הבחירות, שני אחראים לארגון ולניהול
ההצבעה (להלן - אחראים); אחד האחראים יהיה הקברניט, ואם אינו
אזרח ישראלי - הימאי בעל הדרגה הגבוהה ביותר מבין הימאים אזרחי
ישראל שבכלי השיט, והשני יהיה הימאי בעל הותק הגדול ביותר מבין
הימאים שבכלי השיט שאינם קצינים ושהם אזרחים ישראליים.</p></intro><subPoint><num>ב</num><content><p> היו בכלי שיט יותר מימאי אחד כשיר להיות אחראי, יהיה
לאחראי הקשיש שבהם.</p></content></subPoint><subPoint><num>ג</num><content><p> הועדה המרכזית תמנה ממלאי מקום לכל אחראי; ממלא מקום
יפעל בתור אחראי אם נבצר מן האחראי למלא תפקידו.</p></content></subPoint><subPoint><num>ד</num><content><p> שני האחראים בכלי שיט יפעלו בכל ענין לפי פרק זה בצוותא.</p></content></subPoint></list></point><point><heading><authorialNote placement="side"><p>חומר הצבעה</p></authorialNote></heading><num>56</num><content><p>
ח. לא יאוחר מ-30 יום לפני יום הבחירות ישלח יושב-ראש הועדה
המרכזית לאחראים את כתבי המינוי שלהם ושל ממלאי מקומם וכן ישלח
להם קלפי, מלאי של מעטפות הצבעה פנימיות וחיצוניות, פתקי הצבעה
ריקים וחומר בחירות אחר, הכל כפי שאושרו על ידי הועדה המרכזית.</p></content></point><point><heading><authorialNote placement="side"><p>לוח מודעות</p></authorialNote></heading><num>56</num><content><p>
ט. מיד לאחר קבלת כתבי המינוי לפי סעיף 56ח יקבעו האחראים
במקום בולט בכלי השיט לוח מודעות ועליו ידביקו הודעה על הקביעה
לפי סעיף 56ד ועל יום ההצבעה לפי סעיף 56ו וכן את ההודעות לפי
סעיפים 56יא עד 56יג מיד לאחר קבלתן והודעות אחרות על סדרי ההצ-
בעה? לא יהיו מודעות אחרות על הלוח.</p></content></point><point><heading><authorialNote placement="side"><p>שטות ההצבעה ומקומה</p></authorialNote></heading><num>56</num><content><p>
י. האחראים יקבעו את שעות ההצבעה, ובלבד שיהיו לא פחות משמונה
שעות להצבעה, ויפרסמו, לא יאוחר מ-48 שעות לפני תחילת ההצבעה,
הודעה על לוח המודעות בדבר שעות ההצבעה ומקום ההצבעה.</p></content></point><point><heading><authorialNote placement="side"><p>רשימות המועמדים</p></authorialNote></heading><num>56</num><content><p>
יא. בתום המועד להגשת רשימות המועמדים ישלח יושב-ראש הועדה
המרכזית לאחראים הודעה על כינויי רשימות המועמדים, שמות המועמדים
והאות שהוצעה לכל רשימה - הכל כפי שהוגשו לועדה המרכזית לפי
סעיף 18.</p></content></point><point><heading><authorialNote placement="side"><p>שינויים</p></authorialNote></heading><num>56</num><content><p>
יב. נתפרסמו רשימות המועמדים ברשומות לפי סעיף 25, יודיע יושב-
ראש הועדה המרכזית במברק לאחראים על אותם השינויים שחלו בפרטי
ההודעה לפי סעיף 56יא, אשר הועדה המרכזית החליטה שיש להודיע
עליהם.</p></content></point><point><heading><authorialNote placement="side"><p>הודעה על התקשרויות</p></authorialNote></heading><num>56</num><content><p>
יג. נתפרסמה ברשומות הודעה על התקשרויות בין רשימות מועמדים,
לפי סעיף 26, יודיע יושב ראש הועדה המרכזית במברק על כך
לאחראים.</p></content></point><point><heading><authorialNote placement="side"><p>זיהוי המצביעים</p></authorialNote></heading><num>56</num><list><intro><p>
יד. (א) הרוצה להצביע בכלי שיט חייב לזהות את עצמו בפני האח-
ראים כאמור בסעיף 31 (ב).</p></intro><subPoint><num>ב</num><content><p> מי שהצביע, יטביעו האחראים בפנקס הזיהוי או בתעודת
הזהות שלו חותם המעיד שהצביע לכנסת וינקבו את פנקס הזיהוי או את
תעודת הזהות.</p></content></subPoint></list></point><point><heading><authorialNote placement="side"><p>תא ההצבעה</p></authorialNote></heading><num>56</num><content><p>
טו. האחראים יקבעו תא להצבעה המסתיר את הבוחר מעיני הזולת
וידאגו שיהיה בו מכשיר כתיבה.</p></content></point><point><heading><authorialNote placement="side"><p>נוכחות במקום ההצבעה</p></authorialNote></heading><num>56</num><content><p>
טז. בשעות ההצבעה לא יימצא במקום ההצבעה שום אדם זולת האח-
ראים ובוחרים שהותרו להימצא בו לשם הצבעה.</p></content></point><point><heading><authorialNote placement="side"><p>פרוטוקול</p></authorialNote></heading><num>56</num><content><p>
יח. האחראים ינהלו פרוטוקול על מהלך ההצבעה בטופס שנקבע בתקנות
ויחתמו עליו עם תום ההצבעה.</p></content></point><point><heading><authorialNote placement="side"><p>שיגור חומר הצבעה לועדה המרכזית</p></authorialNote></heading><num>56</num><content><p>
יט. מיד לאחר תום ההצבעה ינעלו ויחתמו האחראים את הקלפי וישלחו
אותה ביחד עם הפרוטוקול לועדה המרכזית בדואר אויר רשום או באופן
אחר שעליו הורה יושב-ראש הועדה המרכזית לאחר התייעצות עם שר
הפנים.</p></content></point><point><heading><authorialNote placement="side"><p>הטיפול במעטפות הצבעה</p></authorialNote></heading><num>56</num><list><intro><p>
כ. (א) שמירת הקלפיות, פתיחתן, בדיקת מעטפות ההצבעה וספירת
הקולות ייעשו על ידי הועדה המרכזית על פי הסדרים שקבעה.</p></intro><subPoint><num>ב</num><content><p> היתה בקלפי מעטפת הצבעה של מי שאיננו בעל זכות לבחור
או של מי שכבר הצביע, תשמיד הועדה המרכזית את המעטפה בלי
לפתחה.</p></content></subPoint></list></point><point><heading><authorialNote placement="side"><p>צרורות פסולים</p></authorialNote></heading><num>56</num><content><p>
כא. חומר הצבעה כאמור בסעיף 56יט, שהגיע לידי יושב-ראש הועדה
המרכזית או מי שהוא הסמיכו לקבלתו, לאחר היום ה-7 שלאחר יום
הבחירות, לא תטפל בו הועדה המרכזית והיא תורה להשמידו; על ההש-
מדה ייערך פרוטוקול.</p></content></point><point><heading><authorialNote placement="side"><p>חיסיון</p></authorialNote></heading><num>56</num><content><p>
כב. על אף האמור בכל דין אחר לא תיערך בקורת בצרורות המיועדים
לועדה המרכזית.</p></content></point><point><heading><authorialNote placement="side"><p>סייגים לתעמולת בחירות</p></authorialNote></heading><num>56</num><list><intro><p>
כג. (א) לא תהיה בכלי שיט תעמולת בחירות על-ידי אסיפות או
רמקולים.</p></intro><subPoint><num>ב</num><content><p> בכלי שיט לא יוצג ברבים ולא יחולק חומר תעמולה זולת
חומר שהומצא על-ידי הועדה המרכזית ובהתאם להוראותיה.</p></content></subPoint><subPoint><num>ג</num><content><p> משעה 7 בערב שלפני יום ההצבעה ועד תום ההצבעה לא
 תהיה בכלי שיט תעמולת בחירות על-ידי העברת שידורי רדיו ברמקולים.</p></content></subPoint><subPoint><num>ד</num><content><p> הקברניט וכל ימאי בדרגת קצין לא יקחו חלק בתעמולת
בחירות בכלי שיט; העובר על הוראה זו יהיה אחראי אחריות משמעתית,
בנוסף לאחריותו הפלילית."</p></content></subPoint></list></point><point><heading><authorialNote placement="side"><p>תיקון סעיף 58</p></authorialNote></heading><num>35</num><content><p>
בסעיף 58 לחוק הבחירות, אחרי פסקה (5) יבוא:
"(6) המשמיד, המלכלך, המסמן, המעלים או הלוקח שלא
כדין פתק הצבעה המצוי בתא הצבעה במקום קלפי, באופן
העשוי להפריע להצבעה;
(7) המשמיד, המעלים או הלוקח שלא כדין חומר הצבעה
שיש להעבירו לועדה אזורית או לועדה המרכזית;".</p></content></point><point><heading><authorialNote placement="side"><p>הוספת סעיפים 58א ו-58ב</p></authorialNote></heading><num>36</num><content><p>
אחרי סעיף 58 לחוק הבחירות יבוא:</p></content></point><point><heading><authorialNote placement="side"><p>'נטישת חומר הצבעה</p></authorialNote></heading><num>58</num><content><p>
א. יושב-ראש ועדת קלפי או ממלא מקומו לפי סעיפים 16 או 36,
הנוטש, לאחר גמר ספירת הקולות, את פרוטוקול ההצבעה או את חומר
ההצבעה האמורים בסעיף 35, דינו - מאסר חמש שנים או קנם 5,000
לירות.</p></content></point><point><heading><authorialNote placement="side"><p>אי-מילוי חובה על-ידי אחראי</p></authorialNote></heading><num>58</num><content><p>
ב. אחראי לפי הפרק השמיני שלא מילא חובה המוטלת עליו באותו
פרק, דינו - מאסר חמש שנים או קנם 5,000 לירות."</p></content></point><point><heading><authorialNote placement="side"><p>הוספת סעיף 59א</p></authorialNote></heading><num>37</num><content><p>
אחרי סעיף 59 לחוק הבחירות יבוא:</p></content></point><point><heading><authorialNote placement="side"><p>"דרכי שוחד</p></authorialNote></heading><num>59</num><content><p>
א. אין נפקא מינה בשוחד -
(1) אם היה כסף, שווה כסף, שירות או טובת הנאה אחרת,
למעט הובלת בוחר בכלי רכב אל מקום הקלפי וממנו לצורך
הצבעתו;
(2) אם היה בעד פעולה של הלוקח עצמו או בעד השפעתו
על פעולת אדם אחר;
(3) אם ניתן מידי הנותן או באמצעות אדם אחר, אם ניתן
לידי הלוקח או בשביל הלוקח לידי אדם אחר, אם ניתן מתחי-
לה או בדיעבד, ואם הנהנה מן השוחד היה הלוקח או אדם
אחר."</p></content></point><point><heading><authorialNote placement="side"><p>תיקון סעיף 60</p></authorialNote></heading><num>38</num><content><p>
בסעיף 60 לחוק הבחירות, במקום פסקה (1) יבוא:
"(1) המשתמש לצורך זיהויו בפני ועדת קלפי או בפני
אחראי לפי הפרק השמיני בפנקס זיהוי או בתעודת זהות
שאינם שלו, או שנעשה בהם רישום או שינוי בלשהם שלא
כדין, בכוונה להטעות את ועדת הקלפי או את האחראי, ולא
הוכיח כי השימוש היה כתום לב;".</p></content></point><point><heading><authorialNote placement="side"><p>תיקון סעיף 65</p></authorialNote></heading><num>39</num><content><p>
האמור בסעיף 65 לחוק הבחירות יסומן כסעיף קטן (ב) ולפניו יבוא:
"(א) חל מועד מהמועדים הנקובים בחוק זה באחד מימי המנוחה
כמשמעותם בפקודת סדרי השלטון והמשפט, תש"ח-1948 6, יידחה המועד
ליום חול הראשון שאחרי אותו יום."</p></content></point><point><heading><authorialNote placement="side"><p>ביטול סעיף 66א</p></authorialNote></heading><num>40</num><content><p>
סעיף 66א לחוק הבחירות - בטל.</p></content></point><point><heading><authorialNote placement="side"><p>תיקון סעיף 68</p></authorialNote></heading><num>41</num><content><p>
בסעיף 68 לחוק הבחירות, במקום סעיף קטן (א) יבוא:
"(א) כל חבר של הועדה המרכזית וכל משקיף בה כאמור בסעיף
16 (ד) רשאי לעיין ברשימה של ועדות הקלפי וחבריהן מיד לאחר שנתמנו
ועדות אלה, ולהעתיקה."</p></content></point><point><heading><authorialNote placement="side"><p>הוספת סעיף 68א</p></authorialNote></heading><num>42</num><content><p>
אחרי סעיף 68 לחוק הבחירות יבוא:</p></content></point><point><heading><authorialNote placement="side"><p>"אצילת סמכויות הועדה המרכזית</p></authorialNote></heading><num>68</num><content><p>
א. הועדה המרכזית רשאית לאצול מסמכויותיה ליושב-ראש הועדה
יחד עם סגניו ולהעביר לביצועם תפקידים המוטלים עליה, למעט הסמכויות
או התפקידים לפי סעיפים 11 (ג), 14,13 (ב), 27 (ג), 65,52,40,33, 70
ו-71, והסמכות שלא לאשר רשימת מועמדים."</p></content></point><point><heading><authorialNote placement="side"><p>תיקון סעיף 70</p></authorialNote></heading><num>43</num><content><p>
בסעיף 70 לחוק הבחירות, אחרי "להוראה של הועדה המרכזית" יבוא "של יושב-
ראש הועדה וסגניו, של יושב-ראש הועדה,".</p></content></point><point><heading><authorialNote placement="side"><p>החלפת סעיף 71</p></authorialNote></heading><num>44</num><content><p>
במקום סעיף 71 לחוק הבחירות יבוא:</p></content></point><point><heading><authorialNote placement="side"><p>"תקנות והוראות שעה</p></authorialNote></heading><num>71</num><list><intro><p /></intro><subPoint><num>א</num><content><p> שר הפנים רשאי בהסכמת הועדה המרכזית או על פי המלצתה
להתקין תקנות בכל ענין הנוגע לחוק זה, במידה שחוק זה אינו מכיל
הוראות לגביו, ובכלל זה בענינים אלה:
(1) הכנת הבחירות, הנהלתן וקביעת תוצאותיהן;
(2) סדר הדיונים בועדות הבחירות;
(3) שמירה על רשימות הבוחרים מזמן מסירתן על ידי שר
הפנים לידי הועדה המרכזית;
(4) סדר הבחירות בין חיילים;
(5) סדר הבחירות בכלי שיט ישראליים;
(6) כל ענין שעליו נאמר בחוק זה שייקבע בתקנות.</p></content></subPoint><subPoint><num>ב</num><content><p> תקנות כדבר סדר הבחירות בין חיילים יותקנו לאחר הת-
ייעצות עם שר הבטחון והן אינן טעונות פרסום ברשומות; בדיונים של
הועדה המרכזית הנוגעים לבחירות בין חיילים או לבחירות בשטחים
הנזכרים בסעיף 51(א) ישתתף שר הבטחון או בא-כוחו.</p></content></subPoint><subPoint><num>ג</num><content><p> בתקופה שבין 60 יום לפני יום הבחירות ועד יום פרסום
תוצאות הבחירות ברשומות רשאית הועדה המרכזית ליתן הוראות שעה
בענינים האמורים בסעיף קטן (א); הוראה שיושב-ראש הועדה קבע שהיא
סוטה מהתקנות לפי סעיף קטן (א) לא תתקבל אלא אם ראתה הועדה
שנסיבות השעה מצדיקות אותה הוראה; הוראות לפי סעיף קטן זה יכולות
להיות כלליות או לחול על אזורי בחירות או ועדות בחירות מסויימים;
הן יפורסמו או יובאו לידיעת הנוגעים בהן כפי שהועדה המרכזית תמצא
לנכון; הן אינן טעונות פרסום ברשומות.</p></content></subPoint><subPoint><num>ד</num><content><p> שר הבטחון רשאי, תוך 24 שעות מהחלטת הועדה המרכזית
לפי סעיף קטן (ג) בענינים הנזכרים בסעיף 53, לערער על ההחלטה לפני
ועדת החוץ והבטחון של הכנסת, אם לדעתו עלולה ההחלטה לפגוע כבטחון
המדינה; ועדת החוץ והבטחון רשאית לאשר, לבטל או לשנות את החלטת
הועדה המרכזית או לקבל החלטה אחרת במקומה."</p></content></subPoint></list></point><point><heading><authorialNote placement="side"><p>הוספת סעיף 72א</p></authorialNote></heading><num>45</num><content><p>
אחרי סעיף 72 לחוק הבחירות יבוא:</p></content></point><point><heading><authorialNote placement="side"><p>"חסינות החוק</p></authorialNote></heading><num>72</num><content><p>
א. תקנות-שעת-חירום אין בכוחן לשנות חוק זה, להפקיע זמנית את
תקפו או לקבוע בו תנאים."</p></content></point><point><heading><authorialNote placement="side"><p>תיקון סעיף 73</p></authorialNote></heading><num>46</num><content><p>
בסעיף 73(א) לחוק הבחירות, אחרי "משרדי הממשלה" יבוא "והרשויות המקומיות".</p></content></point><point><heading><authorialNote placement="side"><p>תיקון חוק פנקט הבוחרים לכנסת, תשי"ט-1959</p></authorialNote></heading><num>47</num><list><intro><p /></intro><subPoint><num>א</num><content><p> בחוק פנקס הבוחרים לכנסת, תשי"ט-1959 -
(1) בסעיף 1, בראש ההגדרות יבוא:
""הועדה" - ועדת הבחירות המרכזית לפי חוק הבחירות לכנסת,
תשי"ט-1959;"
(2) סעיפים 2 עד 8 - בטלים;
(3) בסעיפים 14 ו-15, במקום "רשאי שר הפנים" יבוא ''רשאית הועדה על פי
הצעת שר הפנים";
(4) במקום סעיף 16 יבוא:
ו
16. בכל שנה, לא יאוחר מהיום ה-30 שלפני היום הקובע, תקבע הועדה
את התחומים של אזורי הקלפי על פי הצעת שר הפנים שתוגש לה לא
יאוחר מהיום ה-60 שלפני היום הקובע.";
"קביעת אזורי
קלפי
(5) סעיפים 17 ו-18 - בטלים;
(6) במקום סעיף 25 יבוא:</p></content></subPoint></list></point><point><heading><authorialNote placement="side"><p>"מקומות ההצגה ושעותיה</p></authorialNote></heading><num>25</num><content><p>
לא יאוחר מהיום ה-37 אחרי היום הקובע תקבע הועדה את מקומות
ההצגה ושעות ההצגה בכל אחד מהם על פי הצעת שר הפנים, שתימסר לא
יאוחר מהיום ה-7 אחרי היום הקובע.";</p></content></point><point><heading><authorialNote placement="side"><p>''קובלנות ובקשות</p></authorialNote></heading><num>49</num><content><p>
כל קובלנה בקשר למעשה או למחדל לפי חוק זה מסורה לסמכותה
היחידה של הועדה; שום בית משפט לא ייזקק לבקשת סעד בקשר למעשה
או למחדל כזה או בקשר להחלטה או להוראה של הועדה, של יושב-ראש
הועדה וסגניו, או של יושב-ראש הועדה - חוץ מן המקרים שלגביהם יש
בחוק זה הוראה אחרת.";</p></content></point><point><heading><authorialNote placement="side"><p>תיקון חוק הבחירות (דרכי תעמולה), תשי"ט-1959</p></authorialNote></heading><num>48</num><content><p>
בחוק הבחירות (דרכי תעמולה), תשי"ט-1959 7 -
(1) בסעיף 7, במקום "60 הימים" יבוא "42 הימים";
(2) אחרי סעיף 20 יבוא:</p></content></point><point><heading><authorialNote placement="side"><p>תיקון חוק לתיקון דיני העונשין (עבירות חוץ), תשט"ז-1955</p></authorialNote></heading><num>49</num><content><p>
בסעיף 2 לחוק לתיקון דיני העונשין (עבירות חוץ), תשט"ז-1955 8, אחרי פסקה (9)
יבוא:
"(10) עבירה לפי הפרק התשיעי לחוק הבחירות לכנסת,
תשי"ט-1959."</p></content></point><point><heading><authorialNote placement="side"><p>הוראות שעה</p></authorialNote></heading><num>50</num><content><p>
על אף האמור בחוק הבחירות לכנסת, תשי"ט-1959, בחוק פנקס הבוחרים לכנסת,
תשי"ט-1959, או בכל דין אחר, רשאי שר הפנים לכלול בפנקס הבוחרים לשנת הפנקס
שהיום הקובע שלה הוא יום א' בניסן תשכ"ט, בוחרים שמענם הרשום באותו יום במרשם
האוכלוסין נמצא בשטח המוחזק על ידי צבא-הגנה לישראל, ורשאי השר, לאחר התייעצות
עם יושב-ראש ועדת הבחירות המרכזית, לתת הוראות בכל ענין הנוגע לביצוע סעיף זה
יבכל ענין אחר הנוגע להצבעתם של בוחרים כאמור; הוראות אלה יובאו לידיעת הנוגעים
בהן כפי ששר הפנים ימצא לנכון; הן אינן טעונות פרסום ברשומות.</p></content></point><point><heading><authorialNote placement="side"><p>הוראות מעבר</p></authorialNote></heading><num>51</num><list><intro><p /></intro><subPoint><num>א</num><content><p> ועדת הבחירות המרכזית הראשונה לאחר תחילתו של חוק זה תוקם לפי הוראות
חוק זה תוך 60 יום מיום תחילתו.</p></content></subPoint><subPoint><num>ב</num><content><p> מיד לאחר הקמת ועדת,הבחירות המרכזית לפי סעיף קטן (א) יודיע שר הפנים
ליושב ראש הועדה על אזורי הקלפי שנקבעו לפי חוק פנקס הבוחרים לכנסת, תשי"ט-
1959 ; ההודעה תתאר את האזורים במידה הדרושה לזיהוים.</p></content></subPoint><subPoint><num>ג</num><content><p> ועדת פנקס הבוחרים המכהנת ערב יום תחילתו של חוק זה תוסיף לכהן עד
להקמתה של ועדת הבחירות המרכזית כאמור בסעיף קטן (א).</p></content></subPoint><subPoint><num>ד</num><content><p> בשנה הראשונה אחרי תחילתו של חוק זה ייעשו הפעולות לפי סעיפים 14 (ב)
ו-27 (ג) לחוק הבחירות במועד הקבוע בהם אולם לא יאוחר מ-42 יום לפני יום הבחירות.</p></content></subPoint></list></point></chapter><signature><name>שניאור זלמן שזר</name><role>נשיא המדינה</role></signature><signature><name>לוי אשכול</name><role>ראש הממשלה</role></signature><signature><name>חיים משה שפירא</name><role>שר הפנים</role></signature><dateOfAcceptance>06.11.1968</dateOfAcceptance></body>