<?xml version="1.0" encoding="UTF-8" ?>
<body><title><content><p>חוק הבנקאות (רישוי), התשמ"א-1981 *</p></content></title><chapter><num>פרק א':</num><title><content><p>פרשנות</p></content></title><point><heading><authorialNote placement="side"><p>הגדרות</p></authorialNote></heading><num>1</num><content><p>
בחוק זה -
"אמצעי שליטה", בתאגיד - כל אחת מאלה:
(1) זכות,ההצבעה באסיפה כללית של חברה או בגוף מקביל של תאגיד אחר;
(2) הזכות למנות דירקטורים של התאגיד;
(3) הזכות להשתתף ברווחי התאגיד;
(4) הזכות ליתרת נכסי התאגיד בעת חיסולו לאחר סילוק חבויותיו;
"אשראי" - לרבות ערבות, קיבול שטרות, נכיון שטרות, מימון באמצעות השכרת
נכסים, פתיחת אשראי תעודות או אישורו, והתחייבות לשלם כסף על חשבון הזולת;
"אשראי לזמן ארוך" - אשראי שלפי תנאיו התקופה הממוצעת לפרעון הקרן היא
שנתיים או יותר;
"הועדה המייעצת" - הועדה המייעצת שנתמנתה לפי סעיף 6 לפקודה;
"החזקה" או "רכישה" - בין לבד ובין יחד עם קרובים, בין במישרין ובין בעקיפין,
לרבות על ידי תאגיד נשלט;
"המפקח" - המפקח על הבנקים שנתמנה לפי סעיף 5 לפקודה;
"הנגיד" - נגיד בנק ישראל שנתמנה לפי סעיף 8 לחוק בנק ישראל, התשי"ד-1954 1;
"הפקודה" - פקודת הבנקאות, 1941 2;
"מקרקעין" - כמשמעותם בחוק המקרקעין, התשכ"ט-1969 3, לרבות זכות במקרקעין
או התחייבות לעשות עסקה במקרקעין ;
"סניף" - כל מקום שבו מקבל תאגיד בנקאי פקדונות כספיים או מנהל עסקים עם
לקוחותיו, לרבות סניף נייד ומקום שבו מוצב מיתקן שבאמצעותו יכול לקוח של
התאגיד לבצע פעולות בחשבונו אצל התאגיד;
"פקדונות כספיים" - לרבות הלוואות;
"קרוב" - בן זוג, אח, הורה, צאצא, צאצא בן הזוג, ובן זוגו של כל אחד מאלה ;
"שליטה" - היכולת לכוון את פעילותו של תאגיד, למעט יכולת הנובעת רק ממילוי
תפקיד של דירקטור או משרה אחרת בתאגיד, וחזקה על אדם שהוא שולט בתאגיד
אם הוא מחזיק יותר מחמישים אחוזים מסוג מסויים של אמצעי השליטה בתאגיד;
"תאגיד בנקאי" - בנק, בנק חוץ, בנק למשכנתאות, בנק למימון השקעות, בנק לקידום
עסקים, מוסד כספי או חברת שירותים משותפת;
"תאגיד החזקה בנקאית" - תאגיד שמתקיימות בו שתי אלה:
(1) הוא שולט בתאגיד בנקאי;</p></content></point></chapter><chapter><num>פרק ב':</num><title><content><p>רישוי תאגידים בנקאיים</p></content></title><point><heading><authorialNote placement="side"><p>חובת רשיון</p></authorialNote></heading><num>3</num><content><p>
לא יהא תאגיד בנקאי אלא ברשיון לפי חוק זה.</p></content></point><point><heading><authorialNote placement="side"><p>רשיונות</p></authorialNote></heading><num>4</num><list><intro><p /></intro><subPoint><num>א</num><content><p> הנגיד רשאי, לפי שיקול דעתו ולאחר התייעצות בועדת הרשיונות שנתמנתה
לפי סעיף 5, לתת -
(1) לחברה שהתאגדה בישראל על פי פקודת החברות* ושאינה חברה
פרטית -</p></content></subPoint><subPoint><num>א</num><content><p> רשיון בנק;</p></content></subPoint><subPoint><num>ב</num><content><p> רשיון בנק למשכנתאות;</p></content></subPoint><subPoint><num>ג</num><content><p> רשיון בנק למימון השקעות;</p></content></subPoint><subPoint><num>ד</num><content><p> רשיון בנק לקידום עסקים;</p></content></subPoint><subPoint><num>ה</num><content><p> רשיון מוסד כספי;</p></content></subPoint><subPoint><num>ו</num><content><p> רשיון חברת שירותים משותפת;
(2) לתאגיד חוץ רשום בישראל שהוא בנק במדינת חוץ - רשיון בנק
חוץ.</p></content></subPoint><subPoint><num>ב</num><content><p> רשיון אינו ניתן להעברה,</p></content></subPoint></list></point><point><heading><authorialNote placement="side"><p>ועדת רשיונות</p></authorialNote></heading><num>5</num><list><intro><p /></intro><subPoint><num>א</num><content><p> הנגיד ימנה חמישה מבין חברי הועדה המייעצת להיות ועדת הרשיונות.</p></content></subPoint><subPoint><num>ב</num><content><p> לא יכהן כחבר בועדת הרשיונות מי שהוא בעל שליטה, דירקטור או עובד
של תאגיד בנקאי או של תאגיד השולט בתאגיד בנקאי.</p></content></subPoint><subPoint><num>ג</num><content><p> מי שחדל להיות חבר בועדה המייעצת יחדל לכהן כחבר ועדת הרשיונות.</p></content></subPoint><subPoint><num>ד</num><content><p> החלטות ועדת הרשיונות יתקבלו ברוב חבריה.</p></content></subPoint><subPoint><num>ה</num><content><p> ועדת הרשיונות רשאית לקבוע את נוהל עבודתה ודיוניה.</p></content></subPoint></list></point><point><heading><authorialNote placement="side"><p>שיקולים במתן רשיונות</p></authorialNote></heading><num>6</num><content><p>
במתן רשיונות לפי חוק זה יובאו בחשבון ענינים אלה:
(1) תכנית הפעולה של המבקש וסיכוייו להגשימה;</p></content></point><point><heading><authorialNote placement="side"><p>ביטול רשיון</p></authorialNote></heading><num>8</num><content><p>
הנגיד רשאי, לאחר התייעצות בועדת הרשיונות, לבטל רשיון, בכל אחד מן
המקרים שלהלן, לאחר שניתנה לתאגיד הבנקאי הזדמנות סבירה להשמיע טענותיו:
(1) התאגיד ביקש ביטול רשיונו;
(2) התאגיד לא החל בניהול עסקים או חדל לנהל אותם;
(3) התאגיד הפר תנאי מהותי מתנאי הרשיון;
(4) הונו של התאגיד פחת מן הסכום הנקוב בתוספת הראשונה, או
שהתאגיד הבנקאי לא הגדיל את הונו כאמור בסעיף 7(ג);
(5) התאגיד הפר הוראת חיקוק הפרה שיש בה כדי לפגוע במהימנותו;
(6) ניתן צו לפירוק התאגיד או למינוי כונס נכסים עליו, למעט כונס
נכסים שנתמנה לפי סעיפים 33,27 או 35;
(7) התאגיד החליט על פירוקו מרצון;
(8) טעמים שבטובת הציבור מורים על הצורך לבטל את הרשיון.</p></content></point><point><heading><authorialNote placement="side"><p>המשך הפיקוח על תאגיד שרשיונו בוטל</p></authorialNote></heading><num>9</num><list><intro><p /></intro><subPoint><num>א</num><content><p> תאגיד בנקאי שרשיונו בוטל, דינו לענין הפקודה וחוק בנק ישראל,
התשי"ד-1954, כדין תאגיד בנקאי במשך שלוש שנים מיום הביטול.</p></content></subPoint><subPoint><num>ב</num><content><p> הנגיד רשאי להורות לתאגיד בנקאי שרשיונו בוטל בדבר ניהול עסקיו ככל
שהדבר ייראה לו נחוץ כדי להגן על נושיו של התאגיד ועל לקוחותיו האחרים שהתקשרו
עמו לפני ביטול רשיונו; אין בהוראה כאמור כדי לפטור את התאגיד מאחריותו למילוי
התחייבות שהתחייב בה לפני ביטול רשיונו.</p></content></subPoint></list></point></chapter><chapter><num>פרק ג':</num><title><content><p>תחומי הפעולה של תאגידים בנקאיים וייחודם</p></content></title><point><heading><authorialNote placement="side"><p>תחומי פעולה של בנק</p></authorialNote></heading><num>40</num><content><p>
לא יעסוק בנק אלא בעיסוקים אלה:
(1) קבלת פקדונות כספיים בחשבונות עובר ושב על מנת לשלם מהם
בשיק לפי דרישה;</p></content></point><point><heading><authorialNote placement="side"><p>תחומי פעולה של בנק חוץ</p></authorialNote></heading><num>12</num><list><intro><p /></intro><subPoint><num>א</num><content><p> לא יעסוק בנק חוץ בישראל אלא בעיסוקים המותרים לבנק לפי סעיף 10.</p></content></subPoint><subPoint><num>ב</num><content><p> לא ישלוט בנק חוץ בתאגיד המנהל עסקים בישראל אלא אם מותר היה
לבנק לשלוט בו לפי סעיף 11.</p></content></subPoint></list></point><point><heading><authorialNote placement="side"><p>ייחוד מעולות לבנק ולבנק חוץ</p></authorialNote></heading><num>13</num><content><p>
מי שאיננו בנק או בנק חוץ לא יעסוק בקבלת פקדונות כספיים בחשבונות עובר
ושב על מנת לשלם מהם לפי דרישה בשיק.</p></content></point><point><heading><authorialNote placement="side"><p>תחומי מעולה של בנק למשכנתאות</p></authorialNote></heading><num>14</num><content><p>
לא יעסוק בנק למשכנתאות אלא בעיסוקים אלה:
(1) הנפקת ניירות ערך;
(2) קבלת פקדונות כספיים למתן הלוואות ופקדונות כספיים אחרים שאישר
המפקח;
(3) מתן אשראי לזמן ארוך למימון רכישתם של מקרקעין או למימון בניה,
ומתן אשראי לזמן קצר למימון בניה האמור להיפרע כאשר יקבל רוכש
המקרקעין אשראי לזמן ארוך למימון רכישתם מהבנק או מתאגיד בנקאי
אחר;
(4) השקעות בניירות ערך;</p></content></point><point><heading><authorialNote placement="side"><p>תחומי פעולה של בנק למימון השקעות</p></authorialNote></heading><num>16</num><content><p>
לא יעסוק בנק למימון השקעות אלא בעיסוקים אלה:
(1) הנפקת ניירות ערך;
(2) קבלת פקדונות כספיים למתן הלוואות ופקדונות כספיים אחרים שאישר
המפקח;
(3) מתן אשראי לזמן ארוך שמטרתו מימון השקעות, למעט אשראי למימון
רכישה של דירת מגורים, ומתן אשראי לזמן קצר האמור להיפרע כאשר
יקבל הלווה אשראי לזמן ארוך מהבנק;
(4) מתן אשראי למימון השקעות, בהכוונת הממשלה, מתוך פקדונות
כספיים למתן הלוואות;
(5) מתן ערבות לטובת המדינה או לטובת תאגיד בנקאי אחר בשביל
לקוח ששעבד מנכסיו לבנק או מתן ערבות לטובת אחר בשביל לקוח
ששעבד כל נכסיו הקבועים לבנק;
(6) השקעה בניירות ערך;
(7) הפקדת פקדונות כספיים בתאגידים בנקאיים ובאוצר המדינה;
(8) ייעוץ כספי וכלכלי בתחום עיסוקיו;
(9) תיווך בעסקאות כספיות וכלכליות בתחום עיסוקיו;
(10) עיסוק שהותר במפורש לבנק למימון השקעות לפי חוק;
(11) פעולה אחרת הנלווית לעיסוק שמותר לבנק למימון השקעות.</p></content></point><point><heading><authorialNote placement="side"><p>שליטת בנק למימון השקעות בתאגידים</p></authorialNote></heading><num>17</num><content><p>
לא ישלוט בנק למימון השקעות אלא בתאגידים אלה:
(1) תאגיד בנקאי אחר;
(2) תאגיד עזר;
(3) תאגיד פלוני מסוג אחר שאישר המפקח לאחר התייעצות עם ועדת
הרשיונות.</p></content></point><point><heading><authorialNote placement="side"><p>תחום פעולה של בנק לקידום עסקים</p></authorialNote></heading><num>18</num><content><p>
לא יעסוק בנק לקידום עסקים אלא בעיסוק מן המנויים בסעיף 10, למעט פסקה (1).</p></content></point><point><heading><authorialNote placement="side"><p>שליטת בנק לקידום עסקים בתאגידים</p></authorialNote></heading><num>19</num><list><intro><p /></intro><subPoint><num>א</num><content><p> לא ישלוט בנק לקידום עסקים אלא בתאגידים אלה:
(1) תאגיד מן המנויים בסעיף 11;
תחום מעולה של
מוסד כספי
(2) תאגיד אחר, לתקופה שלא תעלה על שלוש שבים; המפקח רשאי, לגבי
תאגיד פלוני ומטעמים שיפרט, להאריך את התקופה האמורה לפרק זמן נוסף.</p></content></subPoint><subPoint><num>ב</num><content><p> לענין פרק זה, לא ייחשב תאגיד בנקאי השולט בבנק לקידום עסקים כשולט
בתאגיד פלוני שבשליטת הבנק לקידום עסקים אלא אם התאגיד הבנקאי מחזיק בדרך
אחרת עשרה אחוזים או יותר מסוג מסויים של אמצעי השליטה באותו תאגיד פלוני.</p></content></subPoint><subPoint><num>ג</num><content><p> הנגיד, באישור שר האוצר וועדת הכספים של הכנסת, רשאי לקבוע בצו -
(1) שיעור מקסימלי להשקעותיו של בנק לקידום עסקים בתאגיד שבשלי-
טתו, כאחוז מהונו של הבנק לקידום עסקים;
(2) שיעור מקסימלי להשקעותיו של בנק לקידום עסקים בכלל התאגידים
שבשליטתו, כאחוז מהונו של הבנק לקידום עסקים;
(3) שיעור מקסימלי להשקעותיו של תאגיד בנקאי או של תאגיד החזקות
בנקאיות בבנקים לקידום עסקים שבשליטתו, כאחוז מהונו של התאגיד
הבנקאי או של תאגיד ההחזקה הבנקאית, לפי הענין.</p></content></subPoint><subPoint><num>ד</num><content><p> בצו כאמור בסעיף קטן (ג) ניתן לקבוע כללים להגדרת הונו והשקעותיו של
תאגיד בנקאי או של תאגיד החזקה בנקאית ודרך חישובם, לרבות השימוש במאזן מאוחד.
20. (א) לא יעסוק מוסד כספי אלא בעיסוק מן המנויים בסעיף 10, למעט פסקה (1),
שנקבע ברשיונו.</p></content></subPoint><subPoint><num>ב</num><content><p> לא ישלוט מוסד כספי אלא בתאגיד מן המנויים בסעיף 11, שנקבע ברשיונו.</p></content></subPoint><subPoint><num>ג</num><content><p> המפקח יפרסם ברשומות הודעה על מתן רשיון למוסד כספי, תוך פירוט
העיסוקים שהותרו לו.</p></content></subPoint></list></point><point><heading><authorialNote placement="side"><p>ייחור פעולות לתאגידים בנקאיים</p></authorialNote></heading><num>21</num><list><intro><p /></intro><subPoint><num>א</num><content><p> מי שאינו תאגיד בנקאי לא יעסוק -
(1) בקבלת פקדונות כספיים ובמתן אשראי כאחת;
(2) בהנפקת ביירות ערך החייבות בתשקיף לפי סעיף 15 לחוק ניירות
ערך, התשכ"ח-1968 5, ובמתן אשראי כאחת.</p></content></subPoint><subPoint><num>ב</num><content><p> לענין סעיף זה -
"קבלת פקדובות כספיים" - משלושים בבי אדם או יותר בעת ובעובה אחת,
למעט -
(1) קבלת אשראי מתאגיד בבקאי;
(2) קבלת אשראי מספקים;
(3) קבלת דמי קדימה מקובים;
(4) קבלת פקדון כספי כערובה לחיוב;
"ביירות ערך" - למעט מניות, ניירות ערך בני-המרה למניות וביירות ערך המקבים
זכות לרכוש מניות;
"מתן אשראי" - למעט -
(1) הפקדת פקדון כספי בתאגיד בנקאי;
(2) מתן אשראי לספקים או לקונים כפעולה נלווית לעיסוקיו האחרים
של נותן האשראי;
(3) מתן אשראי לעובדים של נותן האשראי;
(4) השקעות בניירות ערך נסחרים בבורסה;
(5) מתן אשראי לתאגיד השולט בנותן האשראי או לתאגיד אשר יותר
מעשרים וחמישה אחוזים מסוג מסויים של אמצעי השליטה בו מוחזקים
בידי נותן האשראי או בידי אדם השולט בנותן האשראי.
22 .לענין סעיף 21, לא ייחשבו כקבלת פקדונות כספיים, קבלת פרמיות ביטוח בידי
מבטח כמשמעותו בחוק הפיקוח על עסקי ביטוח, התשי"א-1951 6, וקבלת כספים בידי
קופת גמל כמשמעותה בפקודת מס הכנסה 7.
חברות ביטוח
וקופות גמל</p></content></subPoint></list></point><point><heading><authorialNote placement="side"><p>תחומי טעולה של חברת שירותים משותפת</p></authorialNote></heading><num>23</num><content><p>
חברת שירותים משותפת תעסוק רק במתן שירותים לתאגידים בנקאיים או
ללקוחותיהם, ....</p></content></point><point><heading><authorialNote placement="side"><p>החזקת אמצעי שליטה בחברת שירותים משותסת</p></authorialNote></heading><num>24</num><list><intro><p /></intro><subPoint><num>א</num><content><p> לא יחזיקו מספר תאגידים בנקאיים, שאינם נשלטים בידי אדם אחד, ביותר
מחמישים אחוזים מאמצעי השליטה בתאגיד העוסק במתן שירותים לחבריו או ללקוחו- י
תיהם ואין לו רשיון של חברת שירותים משותפת.</p></content></subPoint><subPoint><num>ב</num><content><p> הוראות סעיף זה לא יחולו על החזקת אמצעי שליטה בבורסה לניירות ערך
בעלת רשיון לפי סעיף 45 לחוק ניירות ערך, התשכ"ח-1968.</p></content></subPoint></list></point><point><heading><authorialNote placement="side"><p>הרחבת עיסוקים של תאגידים בנקאיים</p></authorialNote></heading><num>25</num><content><p>
הנגיד, לאחר התייעצות בועדה המייעצת, באישור שר האוצר ובאישור הכנסת
בדרך החלטה, רשאי לקבוע עיסוק נוסף לעיסוקים המותרים לתאגידים בנקאיים לפי
פרק זה, בין בדרך כלל, בין לסוג מסויים של תאגידים בנקאיים ובין לקבוצה מתור
סוג מסויים של תאגידים בנקאיים.</p></content></point><point><heading><authorialNote placement="side"><p>רכישת אמצעי שליטה כערובה לחיוב</p></authorialNote></heading><num>26</num><content><p>
על אף האמור בפרק זה, רשאי תאגיד בנקאי לרכוש או להחזיק אמצעי שליטה
בתאגיד, או להיות בעל משכון על אמצעי שליטה בתאגיד ולממשו, אם רכישת אמצעי
השליטה או החזקתם או יצירת המשכון ומימושו נועדו בתום לב לשמש ערובה לחיוב.</p></content></point><point><heading><authorialNote placement="side"><p>מכירת אמצעי שליטה</p></authorialNote></heading><num>27</num><list><intro><p /></intro><subPoint><num>א</num><content><p> תאגיד בנקאי השולט בתאגיד אחר שאסור לו לשלוט בו לפי פרק זה, או
שבא לידי שליטה בתאגיד אחר מכוח הוראות סעיף 26, ימכור אמצעי שליטה בתאגיד
האחר עד ששוב לא ישלוט בו; המכירה תתבצע תוך תקופה שקבע המפקח, לאחר
שנתן לתאגיד הבנקאי הזדמנות סבירה להשמיע טענותיו.</p></content></subPoint><subPoint><num>ב</num><content><p> לא מכר התאגיד הבנקאי את אמצעי השליטה כאמור בסעיף קטן (א), רשאי
בית המשפט המחוזי, לבקשת המפקח, למנות כונס נכסים למכירת אמצעי שליטה, כאמור.</p></content></subPoint></list></point></chapter><chapter><num>פרק ד':</num><title><content><p>פעולות טעונות היתר</p></content></title><point><heading><authorialNote placement="side"><p>סניפים</p></authorialNote></heading><num>28</num><list><intro><p /></intro><subPoint><num>א</num><content><p> לא יפתח תאגיד בנקאי סניף ולא ינהל עסקים בו אלא לפי היתר שנתן
הנגיד לאחר התייעצות בועדת הרשיונות.
שיקולים במתן
היתר סניף</p></content></subPoint><subPoint><num>ב</num><content><p> לבנק לקידום עסקים לא יהיו יותר מארבעה סניפים בישראל.</p></content></subPoint><subPoint><num>ג</num><content><p> החובה לקבל היתר סניף במדינת חוץ לא תחול על בנק חוץ.
29. במתן היתר סניף יובאו בחשבון ענינים אלה:
(1) תרומת הסניף לשירותים הניתנים ללקוחות התאגיד הבנקאי או להת-
פתחות עסקיו ;
(2) היקף עסקי התאגיד הבנקאי, הונו, רווחיותו ויכולתו לנהל את הסניף;
(3) לגבי סניף מחוץ לישראל - יכולתו של המפקח לפקח על פעילותו ;
(4) המדיניות הכלכלית של הממשלה;
(5) טובת הציבור.</p></content></subPoint></list></point><point><heading><authorialNote placement="side"><p>ביטול היתר סניף</p></authorialNote></heading><num>30</num><list><intro><p /></intro><subPoint><num>א</num><content><p> הנגיד רשאי לבטל היתר סניף, לאחר שנתן לתאגיד הבנקאי הזדמנות סבירה
להשמיע טענותיו ולאחר התייעצות בועדת הרשיונות, אם נתקיימה אחת מאלה:
(1) התאגיד לא החל בניהול עסקים בסניף או חדל לנהלם;
(2) התאגיד הפר תנאי מהותי מתנאי ההיתר ;
(3) התאגיד הפר הוראה מהותית של חוק זה, של הפקודה או של חוק
בנק ישראל, התשי"ד-1954, בניהול הסניף;
(4) לגבי סניף מחוץ לישראל - המפקח אינו יכול לפקח על פעילותו
והנגיד סבור כי הדבר עלול לפגוע בהבטחת יציבותו של התאגיד;
(5) טעמים שבטובת הציבור מורים על הצורך לבטל את ההיתר.
9</p></content></subPoint><subPoint><num>ב</num><content><p> בוטל היתר סניף, יחדל התאגיד הבנקאי לנהל עסקים בסניף תוך תקופה
שיקבע הנגיד.</p></content></subPoint></list></point><point><heading><authorialNote placement="side"><p>החזקת אמצעי שליטה בתאגיד חוץ</p></authorialNote></heading><num>31</num><list><intro><p /></intro><subPoint><num>א</num><content><p> לא יחזיק תאגיד בנקאי או תאגיד החזקה בנקאית יותר מעשרה אחוזים
מסוג מסויים של אמצעי השליטה בתאגיד חוץ שאילו ניהל עסקים בישראל היה חייב
ברשיון לפי חוק זה, אלא על פי היתר שנתן הנגיד לאחר התייעצות בועדת הרשיונות.</p></content></subPoint><subPoint><num>ב</num><content><p> הוראות סעיף זה לא יחולו על בנק חוץ ולא על תאגיד החזקה בנקאית
השולט בבנק חוץ ואינו שולט בתאגידים בנקאיים אחרים.</p></content></subPoint></list></point><point><heading><authorialNote placement="side"><p>שיקולים במתן היתר לסי סעיף 31</p></authorialNote></heading><num>32</num><content><p>
במתן היתר לפי סעיף 31, יובאו בחשבון ענינים אלה:
(1) תרומת תאגיד החוץ לשירותים הניתנים ללקוחותיהם של מבקש ההיתר
או של תאגידים בנקאיים שבשליטתו או להתפתחות עסקיו של מבקש ההיתר;
(2) היקף עסקי מבקש ההיתר, הונו, רווחיותו ויכולתו לנהל את תאגיד
החוץ;
(3) יכולתו של המפקח לקבל מידע על הפעילות של תאגיד החוץ;
(4) המדיניות הכלכלית של הממשלה;
(5) טובת הציבור.</p></content></point><point><heading><authorialNote placement="side"><p>ביטול היתר לטי סעיף 31</p></authorialNote></heading><num>33</num><list><intro><p /></intro><subPoint><num>א</num><content><p> הנגיד רשאי לבטל היתר לפי סעיף 31, לאחר שנתן לבעל ההיתר הזדמנות
סבירה להשמיע טענותיו ולאחר התייעצות בועדת הרשיונות, אם נתקיימה אחת מאלה:
(1) בעל ההיתר הפר תנאי מהותי מתנאי ההיתר;
(2) בעל ההיתר הפר הוראה מהותית של חוק זה, של הפקודה או של
בנק ישראל, התשי"ד-1954, בקשר עם תאגיד החוץ ;
(3) המפקח אינו מקבל מידע מספיק על פעילותו של תאגיד החוץ, והנגיד
סבור כי הדבר עלול לפגוע בהבטחת יציבותו של בעל ההיתר;
(4) טעמים שבטובת הציבור מורים על הצורך לבטל את ההיתר.</p></content></subPoint><subPoint><num>ב</num><content><p> בוטל היתר כאמור, ימכור בעל ההיתר, תוך תקופה שיקבע הנגיד, את אמצעי
השליטה בתאגיד החוץ, עד ששוב לא יחזיק יותר מעשרה אחוזים מסוג כלשהו של אמצעי
השליטה בתאגיד החוץ; לא עשה כן, רשאי בית המשפט המחוזי, לבקשת המפקח, למנות
כונס נכסים למכירת אמצעי השליטה, כאמור.</p></content></subPoint></list></point><point><heading><authorialNote placement="side"><p>רכישת אמצעי שליטה בתאגיד בנקאי .</p></authorialNote></heading><num>34</num><list><intro><p /></intro><subPoint><num>א</num><content><p> לא ירכוש אדם - בעצמו או יחד עם קרוביו או עם אחרים הפועלים
בתיאום עמו דרך קבע - יותר מעשרה אחוזים מסוג מסויים של אמצעי השליטה בתאגיד
בנקאי או בתאגיד החזקה בנקאית, אלא על פי היתר שנתן הנגיד לאחר התייעצות בועדת
הרשיונות.</p></content></subPoint><subPoint><num>ב</num><content><p> לא ירכוש אדם - בעצמו או יחד עם קרוביו או עם אנשים אחרים הפועלים
בתיאום עמו דרך קבע - שליטה בתאגיד בנקאי או בתאגיד החזקה בנקאית, אלא על פי
היתר שנתן הנגיד לאחר התייעצות בועדת הרשיונות.</p></content></subPoint><subPoint><num>ג</num><content><p> מי שמחזיק אמצעי שליטה בתאגיד בנקאי או בתאגיד החזקה בנקאית לא
יעביר אותם לאחר ביודעו שהנעבר זקוק להיתר לפי סעיף זה וכי אין בידו ההיתר.</p></content></subPoint><subPoint><num>ד</num><content><p> היתר שניתן לפי סעיף זה כוחו יפה גם לגבי כל תאגיד שבשליטת בעל
ההיתר.</p></content></subPoint><subPoint><num>ה</num><content><p> הוראות סעיף זה לא יחולו על מי שרכש אמצעי שליטה בתאגיד בנקאי או
בתאגיד החזקה בנקאית בהעברה על פי דין.</p></content></subPoint><subPoint><num>ו</num><content><p> הוראות סעיף זה לא יחולו לגבי אמצעי שליטה בבנק חוץ או בתאגיד החזקה
בנקאית השולט בבנק חוץ ואינו שולט בתאגיד בנקאי אחר, אלא אם הרוכש הוא תושב
ישראל.</p></content></subPoint></list></point><point><heading><authorialNote placement="side"><p> מכירת אמצעי שליטה</p></authorialNote></heading><num>35</num><list><intro><p /></intro><subPoint><num>א</num><content><p> רכש אדם אמצעי שליטה בתאגיד בנקאי או בתאגיד החזקה בנקאית בניגוד
להוראות סעיף 34, או בהעברה על פי דין, רשאי הנגיד להורות לו למכור, תוך תקופה
שיקבע, את אמצעי השליטה, כולם או מקצתם, עד ששוב לא יחזיק יותר מעשרה אחוזים
מסוג כלשהו של אמצעי השליטה האמורים; לא עשה כן, רשאי בית המשפט המחוזי,
לבקשת המפקח, למנות כונס נכסים למכירת אמצעי השליטה כאמור,</p></content></subPoint><subPoint><num>ב</num><content><p> לא יתן הנגיד הוראה לפי סעיף קטן (א) למי שרכש את אמצעי השליטה
בהעברה על פי דין, אלא לאחר שנתן לו הזדמנות סבירה להשמיע טענותיו ולאחר התיי-
עצות בועדת הרשיונות.</p></content></subPoint></list></point><point><heading><authorialNote placement="side"><p>דיווח על החזקת אמצעי שליטה</p></authorialNote></heading><num>36</num><content><p>
המחזיק - בעצמו או יחד עם קרוביו או עם אחרים הפועלים בתיאום עמו דרך
קבע - יותר מעשרה אחוזים מסוג מסויים של אמצעי השליטה בתאגיד בנקאי או בתאגיד</p></content></point><point><heading><authorialNote placement="side"><p>תיקון פקודת הבנקאות</p></authorialNote></heading><num>37</num><list><intro><p /></intro><subPoint><num>א</num><content><p> בכל מקום בפקודה, פרט לסעיפים 4 ו-4א, במקום "בנק" יבוא "תאגיד
בנקאי".</p></content></subPoint><subPoint><num>ב</num><content><p> בסעיף 2 לפקודה -
(1) הגדרות "בנק", "בנקנוט", "עסקי בנק", "חברה", "המועצה" ו-"מוסד
בנקאי" - יימחקו;
(2) הסעיף יסומן (1) ואחריו יבוא:
"(2) משמעות כל מונח אחר בפקודה זו תהא כהגדרתו בחוק הבנק-
אות (רישוי), התשמ"א-1981.";</p></content></subPoint><subPoint><num>ג</num><content><p> סעיפים 2א, 2ב, 3 ו-3א לפקודה - בטלים.</p></content></subPoint><subPoint><num>ד</num><content><p> בסעיף 4 לפקודה -
(1) בסעיף קטן (1), במקום "פרט לחברה המורשה לעסוק בעסקי בנק
בהתאם להוראות סעיף 3 של פקודה זו" יבוא "פרט לבנק, לבנק חוץ, לבנק
למשכנתאות, לבנק למימון השקעות, ולבנק לקידום עסקים";
(2) בסעיף קטן (2), במקום "מעשר לירות" יבוא "מחמש מאות שקלים";
(3) בסעיף קטן (4), במקום "לגבי אדם שהוא בעל רשיון לנהל עסקי
בנק לפי סעיף 7" יבוא "לגבי בנק, בנק חוץ, בנק למשכנתאות, בנק למימון
השקעות או בנק לקידום עסקים";
(4) סעיף קטן (5) - בטל.</p></content></subPoint><subPoint><num>ה</num><content><p> בסעיף 4א(א) לפקודה -
(1) במקום "בעל רשיון לנהל עסקי בנק" יבוא "תאגיד בנקאי";
(2) במקום "בעסקי בנק" יבוא "בעיסוק שנתייחד לתאגיד בנקאי לפי
סעיפים 13 או 21 לחוק הבנקאות (רישוי), התשמ'יא-1981".</p></content></subPoint><subPoint><num>ו</num><content><p> בסעיף 5 לפקודה -
(1) בסעיף קטן (א), במקום "בנק שפקודה זו חלה עליו" יבוא "תאגיד
בנקאי";
(2) בסעיף קטן (ג), אחרי "בענין עבירות על פקודה זו" יבוא "על חוק
הבנקאות (רישוי), התשמ"א-1981".</p></content></subPoint><subPoint><num>ז</num><content><p> סעיף 7 לפקודה - בטל.</p></content></subPoint><subPoint><num>ח</num><content><p> בסעיף 8(א) לפקודה, במקום "מסמכים אחרים, העוברים לסוחר" יבוא
"מסמכים סחירים אחרים" ובמקום "הלוואות כנגד שטרי חוב המובטחים" יבוא "הלוואות
מובטחות".</p></content></subPoint><subPoint><num>ט</num><content><p> בסעיף 8ג לפקודה, במקום "לאחר התייעצות בועדה" יבוא "לאחר התייעצות
בועדת הרשיונות".</p></content></subPoint><subPoint><num>י</num><content><p> בסעיף 8ד לפקודה -
ו
(1) במקום "הועדה" יבוא בכל מקום "ועדת הרשיונות";
(2) סעיף קטן (ד) - בטל.
(יא) בסעיף 8ו לפקודה, אחרי סעיף קטן (ד) יבוא:
"(ה) המנהל המורשה מוסמך, לאחר התייעצות בועדת ההנהלה ובאישור
הנגיד, להעביר את נכסיו של התאגיד הבנקאי, כולם או מקצתם, לתאגיד
בנקאי אחר המקבל על עצמו את כל התחייבויותיו של התאגיד הבנקאי."
(יב) סעיף 8יד לפקודה - בטל.
(יג) בסעיף 9 לפקודה -
(1) במקום "בנק שהוא חברה נכרית בגדר מובנו של סעיף 2 מפקודת
החברות" יבוא "בנק חוץ" ובמקום "של אותה חברה נכרית" יבוא "של
בנק החוץ";
(2) בסעיף קטן (2), במקום "מחמש לירות" יבוא "מחמש מאות שקלים".
(יד) במקום סעיף 10(1) לפקודה יבוא:
"(1) תאגיד בנקאי יפרסם את הדין וחשבון הכספי השנתי המבוקר שלו,
או תמצית ממנו, במועד, בצורה ובהיקף שהורה המפקח,"
(טו) בסעיף 11(2) לפקודה, במקום "ממאה לירות" יבוא "מעשרים וחמישה
אלף שקלים".
(טז) במקום סעיף 12 לפקודה יבוא:</p></content></subPoint></list></point><point><heading><authorialNote placement="side"><p>''אגרות שנתיות</p></authorialNote></heading><num>12</num><content><p>
(1) תאגיד בנקאי ישלם לאוצר המדינה כל שנה אגרת רשיון
ובעד כל סניף אגרה נוספת; שר האוצר יקבע בצו, באישור ועדת הכס-
פים של הכנסת, את שיעורי האגרות ומועדי תשלומן, ומותר לקבוע
שיעורי אגרה מופחתים לבנק חוץ בהתחשב בהיקף פעילותו בישראל.
(2) שר האוצר רשאי לקבוע בתקנות הוראות בדבר דינים וחש-
בונות שתאגיד בנקאי חייב להגיש לשם חישוב האגרות ובדבר סדרי
תשלומן.
(3) תאגיד בנקאי שלא שילם אגרה במועדה, דינו - קנס חמש
מאות שקלים לכל יום פיגור."</p></content></point><point><heading><authorialNote placement="side"><p>"פדיון מוקדם של הלוואה</p></authorialNote></heading><num>13</num><list><intro><p>
מי שקיבל מתאגיד בנקאי הלוואה לשם רכישת דירת מגורים או
במישכון של דירת מגורים, רשאי, על אף כל הסכם הקובע אחרת, לפרעה
לפני המועד שנקבע לפרעונה בתנאים אלה:</p></intro><subPoint><num>א</num><content><p> סכום הפרעון המוקדם לא יפחת מעשרה אחוזים מהסכום
המקורי של ההלוואה או מעשרה אחוזים מיתרת ההלוואה
בצירוף הריבית והפרשי ההצמדה שנצברו ולא נפרעו עד יום
הפרעה בפועל, לפי הגבוה;</p></content></subPoint><subPoint><num>ב</num><content><p> התאגיד הבנקאי רשאי להתנות פרעון מוקדם כאמור
בתשלום עמלה בתנאים ובשיעור שקבע הנגיד בצו לאחר
התייעצות עם הועדה ובאישור שר האוצר וועדת הכספים של
הכנסת."
(יח) במקום סעיף 14 לפקודה יבוא;</p></content></subPoint></list></point><point><heading><authorialNote placement="side"><p>"הוצאת בנקנוטים</p></authorialNote></heading><num>14</num><content><p>
תאגיד בנקאי לא יוציא שטר למוכ"ז בר פרעון לפי דרישה,"</p></content></point><point><heading><authorialNote placement="side"><p>"תאגיד עזר</p></authorialNote></heading><num>15</num><content><p>
לענין סעיפים 5, 8א, 8ג, 8טו עד 8כא, 13 ו-13א, דין תאגיד עזר
כדין תאגיד בנקאי."</p></content></point><point><heading><authorialNote placement="side"><p>תיקון חוק בנק ישראל</p></authorialNote></heading><num>38</num><list><intro><p /></intro><subPoint><num>א</num><content><p> בכל מקום בחוק בנק ישראל, התשי"ד-1954 (בסעיף זה - החוק), פרט
לסעיפים 37 ו-38, במקום "מוסד בנקאי" יבוא "תאגיד בנקאי".</p></content></subPoint><subPoint><num>ב</num><content><p> בסעיף 1 לחוק, הגדרות "מוסד בנקאי", "מוסד כספי", "חברה" ו"אגודה
שיתופית" - יימחקו, ובסופו יבוא:
""תאגיד בנקאי" - כהגדרתו בחוק הבנקאות (רישוי), התשמ"א-1981,
לרבות תאגיד עזר כמשמעותו באותו חוק."</p></content></subPoint><subPoint><num>ג</num><content><p> בסעיף 13(2) לחוק, המלים "או מוסד כספי" - יימחקו.</p></content></subPoint><subPoint><num>ד</num><content><p> בסעיף 37 לחוק -
(1) במקום "מוסד בנקאי בישראל" יבוא "תאגיד בנקאי";
(2) במקום "מוסד בנקאי מחוץ לישראל" יבוא "בנק או מוסד כספי מחוץ
לישראל".</p></content></subPoint><subPoint><num>ה</num><content><p> בסעיף 38 לחוק, במקום "ממוסד בנקאי או כספי מחוץ לישראל" יבוא
"מבנק או ממוסד כספי מחוץ לישראל". י</p></content></subPoint><subPoint><num>ו</num><content><p> בסעיף 53(ב) לחוק, המלים "שלא יעלו בכל מקרה על 30% לשנה מסכום
החריגות" - יימחקו.</p></content></subPoint><subPoint><num>ז</num><content><p> סעיף 70 לחוק - בטל.</p></content></subPoint></list></point><point><heading><authorialNote placement="side"><p>תיקון פקודת האגודות השיתופיות</p></authorialNote></heading><num>39</num><content><p>
סעיפים 56(3), 56(4) ו-62 לפקודת האגודות השיתופיות 8 - בטלים.</p></content></point><point><heading><authorialNote placement="side"><p>ביטול פקודת הבנקים לאשראי</p></authorialNote></heading><num>40</num><content><p>
פקודת הבנקים לאשראי 9 - בטלה,</p></content></point><point><heading><authorialNote placement="side"><p>פרק ו': הוראות מעבר</p></authorialNote></heading><num>8</num><content><p>
חוקי א"י, כרך א', עמ' 360.
9 חוקי א"י, כרך א', עמ' .407
243                                         ספר החוקים 1022                  כ"ב בניסן התשמ"א 26.04.1981</p></content></point><point><heading><authorialNote placement="side"><p>מוסדות קיימים</p></authorialNote></heading><num>41</num><list><intro><p /></intro><subPoint><num>א</num><content><p> תאגיד שהואגד בישראל ואשר ביום כ"ה באדר ב' התשמ"א (31 במרס 1981)
(להלן - היום הקובע) ניהל כדין עסקי בנק כמשמעותם בפקודה - זכאי לרשיון בנק.</p></content></subPoint><subPoint><num>ב</num><content><p> תאגיד חוץ אשר ביום הקובע ניהל כדין עסקי בנק בישראל - זכאי לרשיון
בנק חוץ.</p></content></subPoint><subPoint><num>ג</num><content><p> תאגיד אשר ביום הקובע עסק במתן אשראי לזמן ארוך למימון רכישת
מקרקעין והשתמש כדין במלה "בנק" בשמו, או שהיה בעל רשיון כבנק לאשראי לפי
פקודת הבנקים לאשראי - זכאי לרשיון בנק למשכנתאות.</p></content></subPoint><subPoint><num>ד</num><content><p> תאגיד אשר ביום הקובע עסק במתן אשראי לזמן ארוך למימון השקעות
והשתמש כדין במלה "בנק" בשמו - זכאי לרשיון בנק למימון השקעות.</p></content></subPoint><subPoint><num>ה</num><content><p> תאגיד אשר ביום הקובע היה בעל רשיון לפי סעיף 3א לפקודה - זכאי
לרשיון מוסד כספי שלפיו מותר לו להמשיך באותם עיסוקים המותרים למוסד כספי שהוא
עסק בהם ביום הקובע.</p></content></subPoint><subPoint><num>ו</num><content><p> תאגיד אשר ביום הקובע ניהל כדין עסק שהמשך ניהולו אסור לפי סעיף
21(א)(2) - זכאי לרשיון מוסד כספי שלפיו מותר לו להמשיך באותם עיסוקים המותרים
למוסד כספי שהוא עסק בהם ביום הקובע.</p></content></subPoint><subPoint><num>ז</num><content><p> תאגיד אשר יותר מחמישים אחוזים מאמצעי השליטה בו הם בידי מספר
תאגידים הזכאים לרשיון תאגיד בנקאי לפי סעיף זה ואשר ביום הקובע עסק במתן שירו-
תים לחבריו או ללקוחותיהם - זכאי לרשיון חברת שירותים משותפת.</p></content></subPoint><subPoint><num>ח</num><content><p> תאגיד לא יקבל אלא רשיון אחד לפי סעיף זה, ואם הוא זכאי לרשיון משני
סוגים או יותר - יבחר אחד מביניהם.</p></content></subPoint></list></point><point><heading><authorialNote placement="side"><p>היתרי סניפים</p></authorialNote></heading><num>42</num><content><p>
הזכאי לרשיון תאגיד בנקאי זכאי גם להיתר סניף בעד כל מקום שבו ניהל עסקים
כדין דרך קבע עם לקוחותיו ביום הקובע.</p></content></point><point><heading><authorialNote placement="side"><p>החזקת תאגיד חוץ</p></authorialNote></heading><num>43</num><content><p>
תאגיד החזקה בנקאית או תאגיד הזכאי לרשיון תאגיד בנקאי, אשר ביום הקובע
החזיק יותר מעשרה אחוזים מסוג מסויים של אמצעי שליטה בתאגיד חוץ שסעיף 31 חל
עליו, זכאי להיתר לפי סעיף 31 לגבי תאגיד החוץ.</p></content></point><point><heading><authorialNote placement="side"><p>מתן רשיונות והיתרים לזכאים</p></authorialNote></heading><num>44</num><list><intro><p /></intro><subPoint><num>א</num><content><p> הזכאי לרשיון או להיתר לפי סעיפים 41 עד 43 שלא הגיש לנגיד בקשה י
לכך עד תום ששה חדשים לאחר היום הקובע - רואים אותו כאילו ויתר עליו.</p></content></subPoint><subPoint><num>ב</num><content><p> הנגיד רשאי להתנות רשיון או היתר לפי סעיפים 41 עד 43 בתנאים דומים
לאלה שחלו על הזכאי מכוח הפקודה.</p></content></subPoint></list></point><point><heading><authorialNote placement="side"><p>תקופה להשלמת היו</p></authorialNote></heading><num>45</num><content><p>
תאגיד בנקאי שקיבל רשיון לפי סעיף 41 והונו קטן מהסכום הנקוב בתוספת לאותו
סוג של תאגיד בנקאי, חייב להגדיל את הונו לסכום האמור עד תום שלוש שנים מהיום
הקובע.</p></content></point><point><heading><authorialNote placement="side"><p>עיסוק אסור</p></authorialNote></heading><num>46</num><list><intro><p /></intro><subPoint><num>א</num><content><p> תאגיד בנקאי אשר ביום הקובע עסק כדין בעיסוק שאסור לו לעסוק בו
לפי הוראות פרק גי, רשאי להמשיך באותו עיסוק עד תום שלוש שנים מהיום הקובע.
החזקת אמצעי
שליטה בתאגיד</p></content></subPoint><subPoint><num>ב</num><content><p> תאגיד אשר ביום הקובע ניהל כדין עסק שהמשך ניהולו אסור לפי סעיף
21(א)(2) ושאינו רוצה לקבל רשיון כמוסד כספי כאמור בסעיף 41(ו), לא ייחשב כמפר
הוראות סעיף 21(א)(2) אם יקיים את שתי אלה:
(1) הוא יודיע לנגיד תוך ששה חדשים מהיום הקובע כי הוא מוותר על
זכותו לקבל רשיון מוסד כספי;
(2) כל עוד לא נפדו כל ניירות הערך שהנפיק כאמור בסעיף 21, הוא
לא יעסוק במתן אשראי חדש כמשמעותו בסעיף 21, פרט לאשראי הבא
להחליף אשראי שנפרע, כדי לשמור על כיסוי לניירות ערך שהנפיק עד
היום הקובע.
47. תאגיד בנקאי אשר ביום הקובע שלט בתאגיד שאסור לו לשלוט בו לפי הוראות</p></content></subPoint></list></point></chapter><chapter><num>פרק ג',</num><title><content><p>רשאי להמשיך לשלוט בו עד תום ארבע שנים מהיום הקובע.</p></content></title><point><heading><authorialNote placement="side"><p>הארכת תקופה</p></authorialNote></heading><num>48</num><content><p>
המפקח רשאי להאריך לתאריך פלוני את התקופות הקבועות בסעיפים 45, 46
ו-47 אם הוא שוכנע כי התאגיד עשה מאמצים סבירים למלא אחרי הוראות החוק במשך
התקופה ודרושה תקופה נוספת כדי לעשות כן.</p></content></point></chapter><chapter><num>פרק ז':</num><title><content><p>שונות</p></content></title><point><heading><authorialNote placement="side"><p>עונשין</p></authorialNote></heading><num>49</num><list><intro><p /></intro><subPoint><num>א</num><content><p> מי שהפר הוראה מהוראות סעיפים 13, 21 או 34, דינו - מאסר חמש שנים
או קנס חמש מאות אלף שקלים.</p></content></subPoint><subPoint><num>ב</num><content><p> מי שהפר הוראה מהוראות סעיפים 10 עד 12, 14 עד 20, 23, 24, 28, 31
או 36 או הוראות הנגיד לפי סעיף 9(ב), דינו - מאסר שנתיים או קנס מאתיים אלף
שקלים.</p></content></subPoint><subPoint><num>ג</num><content><p> מי שאינו תאגיד בנקאי אך עוסק בקבלת פקדונות -כספיים או בהנפקת
ניירות ערך כאמור בסעיף 21(א)(2) והעביר את הכספים כאשראי או בצורה אחרת לאחר
שאינו תאגיד בנקאי או תאגיד עזר אך עוסק במתן אשראי, יאשמו שניהם בעבירה לפי
סעיף 21.</p></content></subPoint></list></point><point><heading><authorialNote placement="side"><p>אחריות דירקטור ומנהל כללי לעבירות של תאגיד בנקאי</p></authorialNote></heading><num>50</num><content><p>
מי שהיה דירקטור או מנהל כללי של תאגיד בנקאי שעה שהתאגיד עבר עבירה
על חוק זה, ייחשב כשותף לעבירה וניתן להרשיעו בה, אם לא הוכיח אחד משני אלה:
 (1) העבירה נעברה שלא בידיעתו ותפקידו לא חייב אותו לדעת על
העבירה;
(2) לאחר שנודע לו שהתאגיד עומד לעבור את העבירה, נקט בכל האמצ-
עים האפשריים כדי למנוע את התאגיד מלעבור את העבירה.</p></content></point><point><heading><authorialNote placement="side"><p>אגודה שיתופית כתאגיד בנקאי</p></authorialNote></heading><num>51</num><content><p>
הוראות חוק זה יחולו על אגודה שיתופית כאילו היתה חברה, בשינויים המחריבים
לפי הענין.</p></content></point><point><heading><authorialNote placement="side"><p>תחולת הוראות לגבי כונס נכסים</p></authorialNote></heading><num>52</num><content><p>
הוראות פרק ה' לחוק הוצאה לפועל, התשכ"ז-1967 10, יחולו לגבי כונס נכסים
שנתמנה לפי חוק זה בשינויים המחריבים.</p></content></point><point><heading><authorialNote placement="side"><p>ביצוע</p></authorialNote></heading><num>53</num><content><p>
שר האוצר ממונה על ביצוע חוק זה והוא רשאי להתקין תקנות בכל ענין הנוגע
לביצועו.</p></content></point><point><heading><authorialNote placement="side"><p>תחייה</p></authorialNote></heading><num>54</num><content><p>
תחילתו של חוק זה ביום כ"ו באדר ב' התשמ''א (1 באפריל 1981).</p></content></point><point><heading><authorialNote placement="side"><p>פרסום</p></authorialNote></heading><num>55</num><content><p>
חוק זה יפורסם תוך שלושים ימים מיום קבלתו בכנסת,</p></content></point><point><heading><authorialNote placement="side"><p>בנק</p></authorialNote></heading><num>10</num><content><p>
000,000 שקלים</p></content></point><point><heading><authorialNote placement="side"><p>בנק למשכנתאות /</p></authorialNote></heading><num>6</num><content><p>
000,000 שקלים</p></content></point><point><heading><authorialNote placement="side"><p>בנק למימון השקעות בנק לקידום עסקים מוסד כספי חברת שירותים משותפת</p></authorialNote></heading><num>6</num><content><p>
000,000 שקלים
3,000,000 שקלים
100,000 שקלים</p></content></point></chapter><signature><name>יצחק נבון</name><role>נשיא המדינה</role></signature><signature><name>מנחם בגין</name><role>ראש הממשלה</role></signature><signature><name>יורם ארידור</name><role>שר האוצר</role></signature><dateOfAcceptance>26.04.1981</dateOfAcceptance></body>