<?xml version="1.0" encoding="UTF-8" ?>
<body><title><content><p>חוק לתיקון פקודת הבנקאות (מס' 7), תשכ"ה-1965 *</p></content></title><point><heading><authorialNote placement="side"><p>תיקון סעיף 2</p></authorialNote></heading><num>1</num><content><p>
בסעיף 2 לפקודת הבנקאות, 1941 1 (להלן - הפקודה), אחרי הגדרת "חברה" יבוא;
""הועדה" - הועדה המייעצת שנתמנתה לפי סעיף 6;".</p></content></point><point><heading><authorialNote placement="side"><p>תיקון סעיף 9</p></authorialNote></heading><num>2</num><content><p>
בסעיף 9 לפקודה, בכל מקום שמדובר ב"מזכיר הכספים" קרי "המפקח על הבנקים".</p></content></point><point><heading><authorialNote placement="side"><p>תיקון סעיף 10</p></authorialNote></heading><num>3</num><content><p>
בסעיף 10 לפקודה, סעיף קטן (2) יסומן (3), ואחרי סעיף קטן (0 יבוא:
"(2) המפקח על הבנקים רשאי, אחת לשנה, לדרוש בכתב
מכל בנק לערוך, להציג ולפרסם, תוך הזמן שנקבע בדרישה,
דין וחשבון על נכסיו והתחייבויותיו לתאריך שנקבע בדרישה;
הדין וחשבון יכלול מאזן השוואתי של נכסי הבנק והתחייבו-
יותיו בתאריך האמור עם נכסיו והתחייבויותיו שפורטו
במאזן המבוקר האחרון של הבנק ובדרך שבה נערך המאזן
המבוקר."</p></content></point><point><heading><authorialNote placement="side"><p>הוספת סעיף 14א</p></authorialNote></heading><num>4</num><content><p>
אחרי סעיף 14 לפקודה יבוא:</p></content></point><point><heading><authorialNote placement="side"><p>"יחס בין פריטים שונים</p></authorialNote></heading><num>14</num><list><intro><p>
א. (א) היתה הממשלה סבורה שהדבר דרוש לשם שמירה על יציבות
הבנקים, רשאית היא, לאחר התייעצות עם הועדה, לקבוע בצו שיעורים
יחסיים שבנקים חייבים לקיים אותם - החל מהמועד שנקבע בצו -
בפריטים, או בסוגים של פריטים, שבפסקאות (1) עד (5) וכהגדרתם בצו,
לעומת פריטים, או סוגים של פריטים, שבפסקאות (6) עד (9) וכהגדרתם
כצו; ואלה הפריטים:
(1) ערבויות שערב להבטחת אשראי;
(2) ערבויות שערב שלא להבטחת אשראי;
(3) התחייבויות שנתן לרגל אשראי תעודות;
(4) התחייבויות שנתן לרגל קיכולים, הסבים ונכיון משנה;
(5) התחייבויות תלויות שאינן מפורשות בפסקאות (0
עד (4);
(6) פקדונות המופקדים אצלו;
(7) הלוואות שקיבל;
(8) הון נפרע, קרנות הון וקרנות שמורות, לרבות יתרת
רווחים נקיים שלא חולקו;
(9) נכסים, לרבות חובות המגיעים לו.</p></intro><subPoint><num>ב</num><content><p> בנק שהפר הוראה שנקבעה כצו לפי סעיף קטן (א), יהא חייב
לשלם לבנק ישראל, לכל יום שבו נמשכת ההפרה, אחוז מסויים של
הסכום שבו עלו הערבויות או ההתחייבויות על השיעור שנקבע בצו;
עמ' 214.
1 ע''ר 1941, תוס' 1 מס' 1134, עמ' 69; ע"ר תש"ט, תוס אי, עמי 90; ס"ח תשי''י, עמ' 88; תשט"ז, עמי 2;
האחוז ייקבע על-ידי הממשלה בצו, לאחר התייעצות עם הועדה ולא
יעלה על 10% לשנה.</p></content></subPoint><subPoint><num>ג</num><content><p> בנק שהפר הוראה שנקבעה בצו לפי סעיף קטן (א), רשאית
הממשלה להורות לו כי עד להודעה חדשה לא יוסיף להתחייב בהתחייבו-
יות ולתת ערבויות כאמור בססקאות (1) עד (5) לסעיף קטן (א), לתת
אשראי, להשקיע כספים ולחלק רווחים, ובלבד שהממשלה לא תעשה כן
אלא לאחר מתן אזהרה. הוראה כאמור יכול שתחול על כל הפעולות
האמורות או על מקצתן, ויכול שתהיה מותנית.</p></content></subPoint><subPoint><num>ד</num><content><p> בנק שהפר הוראה שניתנה על פי סעיף קטן (ג), דינו - קנס
10,000 לירות, וכל מנהל או פקיד אחראי שביודעין עשה את הפעולה
המהווה הפרת ההוראה או לא נקט אמצעים סבירים כדי למנוע הפרתה,
דינו - מאסר שנתיים".</p></content></subPoint></list></point><signature><name>שניאור זלמן שזר</name><role>נשיא המדינה</role></signature><signature><name>לוי אשכול</name><role>ראש הממשלה</role></signature><dateOfAcceptance>21.01.1965</dateOfAcceptance></body>