<?xml version="1.0" encoding="UTF-8" ?>
<body><title><content><p>חוק לתיקון פקודת הבנקאות (מס' 10), תשל"ו-1976 *</p></content></title><point><heading><authorialNote placement="side"><p>תיקון סעיף 2</p></authorialNote></heading><num>1</num><content><p>
כסעיף 2 לפקודת הבנקאות, 1941 1(להלן - הפקודה)*, בסופו יבוא:
""שביתה" - הפסקת עבודה מאורגנת, מלאה או חלקית, של קבוצת
עובדים, לרכות שביתת האטה והפרעה מאורגנת אחרת של מהלך
העבודה התקין."</p></content></point><point><heading><authorialNote placement="side"><p>הוספת סעיפים 8טו ער 8כא</p></authorialNote></heading><num>2</num><content><p>
אחרי סעיף 8יד לפקודה יבוא:</p></content></point><point><heading><authorialNote placement="side"><p>"אכרזה על הפסקה במתן שירותים</p></authorialNote></heading><num>8</num><list><intro><p>
טו. (א) נוכח המפקח שבנק פלוני אינו יכול לנהל את עסקיו באורח
תקין מחמת שביתה באותו בנק או בבנק אחר, רשאי הוא להכריז כי הבנק
הפסיק לתת שירותים (להלן ~ הפסקה), ומותר לקבוע באכרזה כי היא
תחול על כלל שירותי הבנק או על חלק מהם.</p></intro><subPoint><num>ב</num><content><p> האכרזה תפורסם ברשומות ולפחות בארבעה עתונים יומיים
היוצאים לאור בישראל.</p></content></subPoint><subPoint><num>ג</num><content><p> באכרזה ייקבע המועד שבו הפסיק הבנק לתת שירותים ומותר
לקבוע בה מועדי הפסקה שונים לשירותים שונים.</p></content></subPoint></list></point><point><heading><authorialNote placement="side"><p>ביטול</p></authorialNote></heading><num>8</num><content><p>
טז. בביטול האכרזה מותר לקבוע מועדי ביטול שונים לשירותים
שונים.</p></content></point><point><heading><authorialNote placement="side"><p>דחיית מועדים</p></authorialNote></heading><num>8</num><list><intro><p>
יז. גא) הוסכם בין הבנק שבהפסקה לבין אדם על עשיית פעולה או
מילוי התחייבות שהבנק או האדם חייבים או רשאים לעשותם בתוך
התקופה שבין האכרזה לבין ביטולה, יידחה המועד עד לתום שלושה ימי
עסקים מיום ביטול האכרזה, ובלבד שהפעולה או מילוי ההתחייבות הם
בגדר השירותים שעליהם חלה האכרזה.</p></intro><subPoint><num>ב</num><content><p> דחיית מועד לפי סעיף זה תחול גם לגבי מועד שנקבע בפסק
דין או בהחלטה אחרת של בית משפט או של רשות שיפוטית או מעין
שיפוטית אחרת על פי דין.</p></content></subPoint></list></point><point><heading><authorialNote placement="side"><p>ריבית והפרשי הצמדה</p></authorialNote></heading><num>8</num><list><intro><p>
יח. (א) נשאה התחייבות שמועד פרעונה נדחה לפי סעיף 8יז ריבית
לפני ההפסקה, תוסיף ההתחייבות לשאת ריבית עד למועד פרעונה החדש,
כשיעור שחל בתקופה שלפני ההפסקה.</p></intro><subPoint><num>ב</num><content><p> היתה התחייבות שמועד פרעונה נדחה לפי סעיף 8יז צמודת
ערך, תוסיף לחול החובה לשלם הפרשי הצמדה כמוסכם במשך תקופת
ההפסקה; לענין זה, "התחייבות צמודת ערך" - התחייבות שסכומה.
כולו או מקצתו, צמוד לשער החליפין של המטבע הישראלי, למדד יוקר
המחיה או לעליית מחירו של כל דבר אחר.</p></content></subPoint><subPoint><num>ג</num><content><p> נגיד בנק ישראל רשאי להורות שבתקופת ההפסקה יהיה אדם
רשאי או חייב לשלם לבנק ישראל כל סכום שהוא חב לבנק שבהפסקה
ודין התשלום כדין תשלום לבנק שבהפסקה; הוראה לפי סעיף קטן זה
תובא לידיעת החייכים בדרך שיורה עליה הנגיד.
עמ' 154.
1 ע"ר 1941, תוס' 1, עמ 85; ע''ר תש''ט, תוס' א', עמ' 90; ס"ח תשי"ד, עמ' 83; תשט"ז, עמ' 2; תשכ"א, עמ'</p></content></subPoint></list></point><point><heading><authorialNote placement="side"><p>ביצוע הוראת חשלום</p></authorialNote></heading><num>6</num><content><p>
יט. מי שלפני מועד ההפסקה נתן שיק משוך על הבנק, או הוראה אחרת
בכתב לבצע תשלום מחשבונו בבנק וקיום ההוראה הוא בגדר השירותים
שעליהם חלה האכרזה, רואים את הסכום שבהוראה כנפרע במועדו אם
שילם אותו הבנק תוך שלושה ימי עסקים שלאחר ביטול האכרזה.</p></content></point><point><heading><authorialNote placement="side"><p>הגבלת אחריות הבנק</p></authorialNote></heading><num>8</num><content><p>
כ. בנק שבהפסקה לא ישא באחריות פלילית או אזרחית בשל מעשה
או מחדל הנובעים מהפסקת השירותים שעליהם חלה האכרזה.</p></content></point><point><heading><authorialNote placement="side"><p>הגנה בדיני עונשין</p></authorialNote></heading><num>8</num><list><intro><p>
כא. (א) המושך שיק על בנק שבהפסקה לא ישא באחריות פלילית
לפי סעיף 14 לחוק לתיקון דיני העונשין (עבירות מרמה, סחיטה ועושק),
תשכ"ג-21963 (להלן - חוק העונשין), אם העדר החובה על הבנק לפרוע
את השיק במועד הנקוב בו כמועד משיכתו נבע רק מדחיית המועד לפי
סעיף 3יז,</p></intro><subPoint><num>כ</num><content><p> לענין סעיף 15(0 לחוק העונשין לא תובא במנין ששים
הימים התקופה שבין האכרזה לבין ביטולה לגבי שיק שנמשך על הבנק
שבהפסקה ופרעון השיק הוא בגדר השירותים שעליהם חלה האכרזה."</p></content></subPoint></list></point><point><heading><authorialNote placement="side"><p>הארכת הוקף</p></authorialNote></heading><num>3</num><content><p>
תקפם של חוק לתיקון פקודת הבנקאות (מס' 5), תשכ"א-31961, ושל חוק לתיקון
פקודת הבנקאות (מס' 6), תשכ"א-1961 4, יפקע ביום כ"ה בסיון תשל"ח (30 ביוני 1978).</p></content></point><signature><name>אפרים קציר</name><role>נשיא המדינה</role></signature><signature><name>יצחק רבין</name><role>ראש הממשלה</role></signature><signature><name>יהושע רבינוביץ</name><role>שר האוצר</role></signature><dateOfAcceptance>24.06.1976</dateOfAcceptance></body>