<?xml version="1.0" encoding="UTF-8" ?>
<body><title><content><p>חוק הבחירות לכנסת השניה (תיקון מס' 4), תשי"א -1951 *</p></content></title><point><heading><authorialNote placement="side"><p>תיקון החוק</p></authorialNote></heading><num>1</num><content><p>
חוק הבחירות לכנסת השניה, תשי"א-1951 1, יתוקן כך:
אחרי סעיף 37 ייווסף סעיף זה:</p></content></point><point><heading><authorialNote placement="side"><p>,,ועדות קלפי בתחנות קלפי באין יושב ראש וסגן יושב ראש</p></authorialNote></heading><num>37</num><content><p>
א. על אף האמור בסעיף 15 (א), הרי בהעדר יושב ראש ועדת
הקלפי, וסגנו מתחנת הקלפי ביום הבחירות, תפעל ועדת הקלפי, לצורך
פרק זה, בכל מספר של חבריה הנוכחים בתחנה אותה שעה,
והזקן שבהם ימלא את תפקידי יושב ראש הועדה עד שבא
היושב ראש או סגנו ; נוכח חבר אחד בלבד, יפעל הוא כועדת הקלפי,
והפרוטוקול שייחתם על ידיו לא יהיה טעון חתימה נוספת על אף
האמור בסעיף 37 (ד)'/</p></content></point><signature><name>חיים ווייצמן</name><role>נשיא המדינה</role></signature><signature><name>דוד בן-גוריון</name><role>ראש הממשלה</role></signature><signature><name>משה שפירא</name><role>שר הפנים</role></signature><dateOfAcceptance>28.06.1951</dateOfAcceptance></body>