<?xml version="1.0" encoding="UTF-8" ?>
<body><title><content><p>חוק לתיקון פקודת בריאות העם (מס' 4), תש"ל-1970 *</p></content></title><point><heading><authorialNote placement="side"><p>הוספת חלק ה1</p></authorialNote></heading><num>1</num><content><p>
בפקודת בריאות העם, 1940 1, אחרי חלק ה' יבוא:</p></content></point><point><heading><authorialNote placement="side"><p>הגדרות</p></authorialNote></heading><num>52</num><content><p>
א. בחלק זה -
"איכות תברואית" - תכונות ביאולוגיות, פיסיקליות, כימיות, רדיואק-
טיבית או אורגנולפטיות?
"מי שתיה" - מים המיועדים לשתיה ולבישול מזון, ובתעשיית מזון -
מים המיועדים להיכנס להרכב המזון או הבאים במגע, או העלולים
לבוא במגע, עם חומר מהתמרים שמהם מורכב המזון;
"מיתקן למי שתיה" - כל מיתקן או אבזר המשמשים להפקתם, להספקתם,
להובלתם או לצריכתם של מי שתיהן
"ספק" - כל המספק מים לאחר;
"רשות בריאות" - מי ששר הבריאות מינהו רשות בריאות לצורך חלק
זה.</p></content></point><point><heading><authorialNote placement="side"><p>תקנות בדבר איכותם התברואית של מים</p></authorialNote></heading><num>52</num><list><intro><p>
ב. (א) שר הבריאות רשאי להתקין תקנות -
(1) הקובעות את איכותם התברואית של מי שתיה, בין
דרך כלל ובין למקום פלוני או לשימוש פלוני;
(2) הקובעות תנאים תברואיים למקור מים המיועד לשמש
מקור מי שתיה ולמיתקני מי שתיה?
(3) המחייבות או המסמיכות לחייב בעלי מיתקנים להפקת
מים ממקורות מים שאינם ראויים לשתיה, להספקתם, להוב-
לתם או לצריכתם, להציב, על חשבונם, שלטי אזהרה נגד
השימוש במים אלה כמי שתיה;
(4) בדבר ההיבט התברואי של תכנונן, התקנתן והפעלתן
של מערכות מי שתיה?
(5) בדבר תקינותם התברואית של מיתקנים למי שתיה.</p></intro><subPoint><num>ב</num><content><p> תקנות לענין פסקה (5) לסעיף קטן (א) יותקנו לאחר התייעצות
עם שר החקלאות.</p></content></subPoint></list></point><point><heading><authorialNote placement="side"><p>קיום התקנות</p></authorialNote></heading><num>52</num><list><intro><p>
ג. (א) לא יספק ספק מי שתיה שאינם בהתאם לאיכות תברואית
שנקבעה.</p></intro><subPoint><num>ב</num><content><p> לא יחזיק אדם מיתקן מי שתיה אם אינו בהתאם לתקנה בדבר
תקינותו התברואית.</p></content></subPoint></list></point><point><heading><authorialNote placement="side"><p>סמכויות כניסה ובדיקה</p></authorialNote></heading><num>52</num><content><p>
ד. אדם שהורשה לכך מטעם שר הבריאות רשאי להיכנס, בכל עת
סבירה, למקום שנמצא בו מקור מים או מיתקן למי שתיה, בין שהוא</p></content></point><point><heading><authorialNote placement="side"><p>פסילת מי-שתיה</p></authorialNote></heading><num>52</num><content><p>
ו. מצאה רשות בריאות כי מי שתיה אינם תואמים את האיכות התברו-
אית שנקבעה, רשאית היא לפסול את המים לשימוש כמי שתיה, ומשנפסלו
כאמור, לא יופקו ולא יסופקו לשימוש כמי שתיה; אולם רשאית רשות
הבריאות להתיר את הפקתם או הספקתם של מים שנפסלו כאמור לשימוש
מסויים משימושי מי השתיה בתנאי שיינקטו האמצעים שתורה עליהם
למניעת סיכון בריאותי.</p></content></point><point><heading><authorialNote placement="side"><p>מילוי הוראות רשות הבריאות</p></authorialNote></heading><num>52</num><list><intro><p>
ז. (א) מקור מים או מיתקן למי שתיה, שמימיהם נפסלו כאמור
בסעיף 52ו, רשאית רשות בריאות להורות למחזיק בהם על האמצעים
שעליו לנקוט ועל הפעולות שעליו לבצע כדי למנוע סיכון בריאותי או
כדי שהמים יהיו ראויים לשימוש כמי שתיה.</p></intro><subPoint><num>ב</num><content><p> לא מילא המחזיק תוך זמן סביר אחרי ההוראות שניתנו לו
כאמור בסעיף קטן (א), רשאית רשות הבריאות להטיל על עובד משרד
הבריאות לנקוט באמצעים או לבצע את הפעולות הנחוצות לשם כך
ולגבות מבעל מקור המים או המיתקן למי שתיה את ההוצאות שהוצאו
לשם זה.</p></content></subPoint></list></point><point><heading><authorialNote placement="side"><p>מקומות המוחזקים ע''י צה"ל</p></authorialNote></heading><num>52</num><content><p>
ח. היו מקור מים או מיתקן למי שתיה נמצאים במקום המוחזק על ידי
צבא-הגנה לישראל, לא תינתן הרשאה ולא יוטל על אדם לבצע פעולה
לפי חלק זה או תקנות שהותקנו לפיו, אלא אט אותו אדם משרת בחיל
רפואה של צבא-הגנה לישראל או הוסמך לכך על ידי שר הבטחון.</p></content></point><point><heading><authorialNote placement="side"><p>מתן הוראות וביצוע מעולות ע''י נציב המים</p></authorialNote></heading><num>52</num><list><intro><p>
ט. (א) כל אימת שיש בהוראת רשות בריאות לפי חלק זה כדי לפגוע
ברשיון הפקה שנתן נציב המים לפי חוק המים, תשי"ט-1959 2, או בהוראה
שנתן לפי החוק האמור או תקנות שהותקנו לפיו, לגבי משטר התפעול
של מקור מים מבחינה כמותית - תינתן ההוראה לספק על ידי נציב
המים, על פי דרישת רשות הבריאות.</p></intro><subPoint><num>ב</num><content><p> לא מילא הספק אחרי ההוראה תוך הזמן הנקוב בה, ינקוט
נציב המים או מי שהסמיך לכך באמצעים ויבצע את הפעולות הנחוצות
להבטיח קיום ההוראה ויגבה מאת הספק את ההוצאות שהוצאו לשם כך.</p></content></subPoint><subPoint><num>ג</num><content><p> היה צורך בפעולה למניעת נזק מיידי חמור, תבצע את הפעולה
רשות בריאות ותתן הודעה על כך לנציב המים.
52י. פסלה רשות בריאות מים לשמש כמי שתיה, רשאי נציב המים
להורות על שינוי ייעודם של המים שנפסלו ועל הספקת מים ממקור אחר
במקום המים שנפסלו.
הוראות נציב
המים בדבר
ייעוד מים
שנפסלו</p></content></subPoint></list></point><point><heading><authorialNote placement="side"><p>עונשין</p></authorialNote></heading><num>52</num><content><p>
יא. העובר על הוראה מהוראות חלק זה או על תקנה שהותקנה לפיו,
דינו - מאסר ששה חדשים או קנס 5,000 לירות, ובעבירה נמשכת - קנס
נוסף 100 לירות לכל יום שבו נמשכה העבירה."</p></content></point><signature><name>גולדה מאיר</name><role>ראש הממשלה</role></signature><signature><name>חיים גבתי</name><role>שר הבריאות</role></signature><signature><name>שניאור זלמן שזר</name><role>נשיא המדינה</role></signature><dateOfAcceptance>01.07.1970</dateOfAcceptance></body>