<?xml version="1.0" encoding="UTF-8" ?>
<body><title><content><p>חוק הבחירות לכנסת השניה (תיקון מס' 3), תשי"א -1951 *</p></content></title><point><heading><authorialNote placement="side"><p>תיקון החוק</p></authorialNote></heading><num>1</num><content><p>
חוק הבחירות לכנסת השניה, תשי"א -1951 1, יתוקן כך:
אחרי סעיף 62 ייווסף סעיף זה:</p></content></point><point><heading><authorialNote placement="side"><p>"תעמולת בחירות אגב טיפול בעניני תעודת זהות</p></authorialNote></heading><num>62</num><content><p>
א. עובד מדינה, פקיד של ועדת הבחירות המרכזית, של ועדת
בחירות אזורית, או של ועדת קלפי, וכן הממונה על מחנה עולים או
פקיד מפקידיו, הממלא טופס בקשה לתעודת זהות לזולתו, או המקבל
לידו תלוש רישום של זולתו לשם העברת התלוש למשרד רישום,
ואגב כך מנהל תעמולת בחירות, דינו - מאסר עד שלושה חדשים
או קנס עד מאה לירות או שני הענשים כאחד".</p></content></point><signature><name>חיים ווייצמן</name><role>נשיא המדינה</role></signature><signature><name>דוד בן-גוריון</name><role>ראש הממשלה</role></signature><signature><name>משה שפירא</name><role>שר הפנים</role></signature><dateOfAcceptance>28.06.1951</dateOfAcceptance></body>