<?xml version="1.0" encoding="UTF-8" ?>
<body><title><content><p>חוק לתיקון פקודת בריאות העם (מס' 2), תשכ"ב-1961 *</p></content></title><point><heading><authorialNote placement="side"><p>תיקון סעיף 8</p></authorialNote></heading><num>1</num><list><intro><p>
במקום סעיף קטן (1) בסעיף 8 לפקודת בריאות העם, 1940 1 (להלן - הפקודה) יבוא:
"(1) (א) לא ייקבר מת אלא אם ניתן רשיון קבורה;</p></intro><subPoint><num>ב</num><content><p> רשיון הקבורה יינתן -
(1) אם יש בישוב שבו מת האדם או בישוב שבו
עומדים לקבור את המת לשכת בריאות מחוזית - על
ידי רופא של לשכת הבריאות המחוזית;
(2) אם אין בישוב שבו מת האדם או בישוב שבו
ידי רופא אחר שהמנהל הסמיכו לכך;</p></content></subPoint><subPoint><num>ג</num><content><p> רשיון קבורה יינתן ללא תשלום;</p></content></subPoint><subPoint><num>ד</num><content><p> לא יינתן רשיון קבורה אלא אם הוגשה ללשכת הבריאות
המחוזית או לרופא שהוסמך לפי פסקה (כ) (2), הכל לפי
הענין, הודעת פטירה לפי סעיף 5 לפקודה ושצויינה בה, בין
יתר הפרטים, סירת המוות כפי שנקבעה על ידי רופא ואושרה
בחתימתו; לא נקבעה סיבת המוות על ידי רופא, רשאי רופא
של לשכת הבריאות המחוזית או רופא שהוסמך לפי פסקה</p></content></subPoint><subPoint><num>ב</num><content><p> (2) הכל לפי הענין, לקבוע את סיבת המוות לפי מיטב
ידיעתו ואמונתו ולאשרה בחתימתו;</p></content></subPoint><subPoint><num>ה</num><content><p> ראו רופא של לשכת בריאות מחוזית או רופא שהוסמך
לפי פסקה (ב) (2), שסיבת המוות אינה טבעית, או היה להם
יסוד סביר לחשש שסיבת המוות אינה טבעית' ימסרו הודעה
על כך למשטרה או יבקשו מאת שופט של בית משפט השלום
שבתחום שיפוטו אירע המוות או נמצאה הגוויה לחקור בסיבת
המוות' ולא יתנו רשיון קבורה כל עוד לא קבלו הודעה
מהמשטרה שאין יותר מניעה למתן הרשיון או כל עוד לא
ניתן היתר לפי סעיף 20 לחוק לתיקון סדרי הדין הפלילי
(חקירת פשעים וסיבות מוות)' תשי"ח-1958 2;
(0 הודיע קצין משטרה גבוה ללשכת בריאות מחוזית או
לרופא שהוסמך לפי פסקה (ב) (2), שנפתחה חקירה בסיבת
מותו של אדם וביקש לעכב את מתן הרשיון לקבורתו, לא
יתן רופא לשכת הבריאות המחוזית או הרופא שהוסמך כאמור/
הכל לפי הענין, את רשיון הקבורה כל עוד לא קיבל הודעה
מהמשטרה שאין עוד מניעה לתיתו."</p></content></subPoint></list></point><point><heading><authorialNote placement="side"><p>תחילה</p></authorialNote></heading><num>2</num><content><p>
תחילתו של חוק זה היא ביום כ"ה בטבת תשכ"ב (1 בינואר 1962).</p></content></point><signature><name>יצחק בן -צב י</name><role>נשיא המדינה</role></signature><signature><name>דוד בן-גוריון</name><role>ראש הממשלה</role></signature><signature><name>חיים משה שפירא</name><role>שר הבריאות</role></signature><dateOfAcceptance>30.11.1961</dateOfAcceptance></body>