<?xml version="1.0" encoding="UTF-8" ?>
<body><title><content><p>חוק בית הדין לעבודה (תיקון), תשל"א-1971 *</p></content></title><point><heading><authorialNote placement="side"><p>תיקון סעיף 24</p></authorialNote></heading><num>1</num><list><intro><p>
בסעיף 24 לחוק בית הדין לעבודה, תשכ"ט-1969  1(להלן - החוק העיקרי) -
(1) בסעיף קטן (א) -</p></intro><subPoint><num>א</num><content><p> בפסקה (1), במקום "בתובענות בין עובד למעביד" יבוא "בתובענות
בין עובד או חליפו למעביד או חליפו";</p></content></subPoint><subPoint><num>ב</num><content><p> בפסקה (3), במקום "של מעבידים נגד קופות גמל" יבוא "של מע-
בידים או חליפיהם נגד קופות גמל" ובמקום "או נגד מעבידים" יבוא
"או נגד מעבידים או חליפיהם";
(2) אחרי סעיף קטן (א) יבוא:
"(א1) האמור בסעיף קטן (א) אינו בא לגרוע מהוראת כל דין
לענין השיפוט בהליכי פשיטת רגל, פירוק חברה או פירוק- אגודה
שיתופית."</p></content></subPoint></list></point><point><heading><authorialNote placement="side"><p>תיקון סעיף 27</p></authorialNote></heading><num>2</num><content><p>
בסעיף 27 (ב) לחוק העיקרי -
(1) במקום "תהיה לרשם הסמכות הנתונה לבית דין אזורי" יבוא "תהיה גם
לרשם הסמכות הנתונה לבית דין אזורי";
(2) במקום "אם השכר המולן אינו עולה על אלף לירות" יבוא "אם השכר
המולן איבו עולה על שלושת אלפים לירות".</p></content></point><point><heading><authorialNote placement="side"><p>תיקון התוספת הראשונה</p></authorialNote></heading><num>3</num><list><intro><p>
בתוספת הראשונה לחוק העיקרי -
(1) בסעיף 5 -</p></intro><subPoint><num>א</num><content><p> פסקה (1) תסומן (1א) ולפניה יבוא:
"(1) בסעיף 14 (א) במקום "אך רשאי ממונה על גביית
השכר" יבוא "אך רשאי בית הדין האזורי כמשמעותו בחוק
בית הדין לעבודה, תשכ"ט-1969" ובמקום "שנקבע על ידי
הממונה על גביית השכר" יבוא "שנקבע על ידי בית הדין
האזורי";"</p></content></subPoint><subPoint><num>ב</num><content><p> במקומ פסקה (5) יבוא*.
"(5) בסעיף 19א, כסעיף קטן (א), יימחקו המליט "לענין
סעיף 19", וסעיף קטן (ב) - בטל;"</p></content></subPoint><subPoint><num>ג</num><content><p> אחרי פסקה (5) יבוא:
"(5א&gt; בסעיף 19ב סעיף קטן (ב) - בטל;*</p></content></subPoint><subPoint><num>ד</num><content><p> במקום פסקה (6) יבוא:
"(6) סעיפים 21,21,20א, 23 ו-29 - בטלים";</p></content></subPoint></list></point><chapter><num>ספר החוקים</num><title><content><p>635, י''ד באב תשל''א, 5.8.1971</p></content></title><point><heading><authorialNote placement="side"><p>"תיקון חוקי שירותי הכבאות</p></authorialNote></heading><num>12</num><content><p>
בחוק שירותי הכבאות. תשי"ט-1959  2-
&lt;1) בסעיף 29, במקום "בית הדין לביטוח לאומי שהוקם לפי
חוק הביטוח הלאומי" יבוא "בית דין אזורי כמשמעותו בחוק
בית הדין לעבודה,  תשכ"ט-1969", ובמקום כותרת השוליים
יבוא "סמכות ביתי הדין לעבודה",-
(2) בסעיף 36, במקום כותרת השוליים יבוא "ייצוג. בפני
בית הדין לעבודה"."</p></content></point></chapter><signature><name>גולדה מאיר</name><role>ראש הממשלה</role></signature><signature><name>יעקב ש' שפירא</name><role>שר המשפטים</role></signature><signature><name>יוסף אלמוגי</name><role>שר העבודה</role></signature><signature><name>שביאור זלמן שזר</name><role>נשיא המדינה</role></signature><dateOfAcceptance>05.08.1971</dateOfAcceptance></body>