<?xml version="1.0" encoding="UTF-8" ?>
<body><title><content><p>חוק הבחירות לכנסת (תיקון מס' 3), תשכ"א-1961 *</p></content></title><point><heading><authorialNote placement="side"><p>תיקון סעיף 10</p></authorialNote></heading><num>1</num><content><p>
בסעיף 10 לחוק הבחירות לכנסת' תשי"ט~11959 (להלן - חוק הבחירות), בסעיף
קטן (ב), אחרי פסקה (3) יבוא:
"(4) נשארו מקומות פנויים אחרי החלוקה לפי פסקאות (1)
ו"(2), יוקטן מספר חברי הועדה לפי סעיף קטן זה במספר
המקומות שנשארו פנויים כאמור."</p></content></point><point><heading><authorialNote placement="side"><p>הוספת סעיף 20א</p></authorialNote></heading><num>2</num><content><p>
אחרי סעיף 20 לחוק הבחירות יבוא:</p></content></point><point><heading><authorialNote placement="side"><p>"פקדון</p></authorialNote></heading><num>20</num><content><p>
א. עם הגשת רשימת מועמדים על ידי בעלי זכות לבחור יפקיד בא-
כוח הרשימה או ממלא מקומו בידי יושב ראש הועדה המרכזית פקדון
בסך חמשת אלפים לירות' במזומנים או בשיק בנקאי; בלא פקדון כאמור
לא תקבל הועדה המרכזית את רשימת המועמדים."</p></content></point><point><heading><authorialNote placement="side"><p>הוטפת סעיף 25א</p></authorialNote></heading><num>3</num><content><p>
אחרי סעיף 25 לחוק הבחירות יבוא:</p></content></point><point><heading><authorialNote placement="side"><p>"חילוט חלקי של פקדון</p></authorialNote></heading><num>25</num><content><p>
א. רשימת מועמדים שהוגשה על ידי בעלי זכות לבחור ולא אושרה
סופית, יחולט מתוך הפקדון שהופקד עם הגשתה סכום של אלף לירות
לטובת אוצר המדינה' והיתרה תוחזר למפקיד."</p></content></point><point><heading><authorialNote placement="side"><p>הוספת סעיף 17:א</p></authorialNote></heading><num>4</num><content><p>
אחרי סעיף 37 לחוק הבחירות יבוא:</p></content></point><point><heading><authorialNote placement="side"><p>'יתילוט פקדון</p></authorialNote></heading><num>37</num><content><p>
א. רשימת מועמדים שהוגשה על ידי בעלי זכות לבחור ולא קיבלה
את אחוז הקולות הקבוע בסעיף 37 (א)' יחולט הפקדון שהופקד עם הגשתה
לטובת אוצר המדינה."</p></content></point><point><heading><authorialNote placement="side"><p>הוספת סעיף 10א</p></authorialNote></heading><num>5</num><content><p>
אחרי סעיף 40 לחוק הבחירות יבוא:</p></content></point><point><heading><authorialNote placement="side"><p>"החזרת פקדון</p></authorialNote></heading><num>40</num><content><p>
א, פקדון שהופקד עם הגשתה של רשימת מועמדים ואין לחלטו לפי
סעיף 37א' יוחזר למפקיד מיד לאחר פרסום תוצאות הבחירות ברשומות."</p></content></point><point><heading><authorialNote placement="side"><p>תיקון סעיף 47</p></authorialNote></heading><num>6</num><content><p>
בסעיף 47 לחוק הבחירות -
(1) במקום סעיף קטן (א) יבוא:
"(א) עובד המדינה' כולל עובד שירות התעסוקה' רשות הפיתוח
וועדות הבחירות' וכן עובד של רשות מקומית' של הסוכנות היהודית
או של הקרן הקימת לישראל' אשר יש להם סמכות מינהלית לרבות
סמכות לפי תקנות ההגנה (שעת חירום)' 21945' או תפקיד שכרוך בו מגע
עם קהל' לא יקחו חלק בתעמולת הבחירות."
(2) אחרי סעיף קטן (ב) יבוא:
"(ג) בית משפט שהרשיע אדם בשל עבירה על הוראות סעיף
קטן (א) יורה' בנוסף על כל עונש' על השעייתו מעבודתו או ממילוי
תפקידו, ללא תשלום, עד ליום הבחירות: אין בהוראה זו כדי למנוע
העמדת אותו אדם לדין משמעת."</p></content></point><point><heading><authorialNote placement="side"><p>תיקון סעיף 50</p></authorialNote></heading><num>7</num><content><p>
בסעיף 59 לחוק הבחירות -
(1) בפסקה (4) יימחק "או המאיים על בוחר לנשלו מעבודה או למנעו מלקבל
עבודה";
(2) אחרי פסקה (4) יבוא:
"(5) המפטר או מאיים לפטר אדם מעבודה או מונע או
מאיים למנוע ממנו מלקבל עבודה כדי שיצביע או לא יצביע
או משום שהצביע או לא הצביע בעד רשימת מועמדים
מסויימת או משום שנמנע או לא נמנע מהצבעה' או כדי
שיימנע או לא יימנע או משום שנמנע או לא נמנע מתעמולת
בחירות, בכלל או בעד רשימת מועמדים מסויימת, ".</p></content></point><signature><name>לוי אשכול</name><role>שר האוצר</role></signature><signature><name>חיים משה שפירא</name><role>שר הפנים</role></signature><signature><name>יצחק בן-צבי</name><role>נשיא המדינה</role></signature><dateOfAcceptance>01.06.1961</dateOfAcceptance></body>