<?xml version="1.0" encoding="UTF-8" ?>
<body><title><content><p>חוק הבחירות לכנסת (תיקון מס' 7), תשל"ח-1978*</p></content></title><point><heading><authorialNote placement="side"><p>תיקון סעיף 12</p></authorialNote></heading><num>1</num><content><p>
האמור בסעיף 12 לחוק הבחירות לכנסת [נוסח משולב], תשכ"ט-1969  1(להלן -
החוק העיקרי), יסומן (א) ואחריו יבוא:
"(ב) על אף האמור בסעיף קטן (א) רשאית הועדה המרכזית, על
פי הצעת שר הפנים, לקבוע לבוחרים הרשומים במרשם האוכלוסין
כתושבי ישוב פלוני, אך מענם המפורט באותו ישוב אינו רשום, אזורי
קלפי מיוחדים בתחום הישוב."</p></content></point><point><heading><authorialNote placement="side"><p>תיקון סעיף 13</p></authorialNote></heading><num>2</num><content><p>
בסעיף 13 (ב) לחוק העיקרי, בסופו יבוא "ואזורי קלפי מיוחדים כאמור בסעיף
12 (ב)".</p></content></point><point><heading><authorialNote placement="side"><p>תיקון סעיף 26</p></authorialNote></heading><num>3</num><content><p>
בסעיף 26 לחוק העיקרי, כסופו יבוא "לענין פרק זה, "מען" - לרבות ציון במרשם
האוכלוסין של ישוב כלבד".</p></content></point><point><heading><authorialNote placement="side"><p>תיקון סעיף 28</p></authorialNote></heading><num>4</num><content><p>
האמור בסעיף 28 לחוק העיקרי יסומן (א) ואחריו יבוא:
"(ב) הוראות סעיף קטן (א) יחולו בשינויים המחוייבים גם לגבי
אזור קלפי שנקבע לפי סעיף 12 (א) שלא לפי סימון של שטח ולגבי
אזור קלפי מיוחד שנקבע לפי סעיף 12 (ב)."</p></content></point><signature><name>יצחק 1בון</name><role>נשיא המדינה</role></signature><signature><name>מנחם כגין</name><role>ראש הממשלה</role></signature><signature><name>יוסף בורג</name><role>שר הפנים</role></signature><dateOfAcceptance>09.06.1978</dateOfAcceptance></body>