<?xml version="1.0" encoding="UTF-8" ?>
<body><title><content><p>חוק הבחירות (אישור תקפם של חוקים), תשכ"ט-1969 *</p></content></title><point><heading><authorialNote placement="side"><p>אישור תוקף</p></authorialNote></heading><num>1</num><list><intro><p /></intro><subPoint><num>א</num><content><p> למען הסר ספק נקבע בזאת כי ההוראות הכלולות בחוקי הבחירות לכנסת הן
תקיפות לכל דין ולכל דבר וענין מיום תחילתן.</p></content></subPoint><subPoint><num>ב</num><content><p> בסעיף זה, "חוקי הבחירות לכנסת" - חוק הבחירות לכנסת ננוסח משולב],
תשכ"ט--11969, חוק הבחירות (דרכי תעמולה), תשי"ט-21959, חוק הבחירות לכנסת ולר-
שויות המקומיות בשנת תש"ל (מימון, הגבלת הוצאות ובקורת), תשכ"ט~31969, וכל הוראת
חוק אחרת הנוגעת לבחירות לכנסת או לתעמולת הבחירות לכנסת כנוסחם בשעת תחילתו
של חוק זה.</p></content></subPoint></list></point><signature><name>שביאור זלמן שזר</name><role>נשיא המדינה</role></signature><signature><name>גולדה מאיר</name><role>ראש הממשלה</role></signature><dateOfAcceptance>23.07.1969</dateOfAcceptance></body>