<?xml version="1.0" encoding="UTF-8" ?>
<body><title><content><p>חוק הבחירות לכנסת העשירית (הוראת שעה), התשמ"א-1981 *</p></content></title><point><heading><authorialNote placement="side"><p>הוראת שעה</p></authorialNote></heading><num>1</num><content><p>
חוק הבחירות לכנסת [נוסח משולב], התשכ"ט-1969 1 (להלן - חוק הבחירות),
יחול על הבחירות לכנסת העשירית בשינויים האמורים בחוק זה,</p></content></point><point><heading><authorialNote placement="side"><p>תיקון סעיף 1</p></authorialNote></heading><num>2</num><content><p>
בסעיף 1 לחוק הבחירות -
(1) בהגדרת "היום הקובע", במקום "יום א' בניסן שלפני שנת פנקס פלונית"
יבוא "יום כ"ה באדר בי התשמ"א (31 במרס 1981)";
(2) במקום הגדרת "שנת פנקס בוחרים" או "שנת פנקס" יבוא:
""תקופת פנקס התשמ"א" - התקופה המתחילה ביום י"ג באייר התשמ"א
(17 במאי 1981) והמסתיימת ביום י"ד באב התשמ"ב (3 באוגוסט 1982);".</p></content></point><point><heading><authorialNote placement="side"><p>החלפת סעיף 2</p></authorialNote></heading><num>3</num><content><p>
במקום סעיף 2 לחוק הבחירות יבוא:</p></content></point><point><heading><authorialNote placement="side"><p>"ההצבעה - רק לפי הרישום בפנקס</p></authorialNote></heading><num>2</num><content><p>
הזכות להצביע בבחירות לכנסת העשירית נתונה רק למי שרשום
בפנקס הבוחרים של תקופת פנקס התשמ"א."</p></content></point><point><heading><authorialNote placement="side"><p>תיקון סעיף 3</p></authorialNote></heading><num>4</num><content><p>
בסעיף 3(א) לחוק הבחירות, במקום "מיום תחילתה של שנת פנקס הבוחרים שבה
מתקיימות הבחירות" יבוא "מיום כ"ח בסיון התשמ"א (30 ביוני 1981) (להלן - יום
הבחירות לכנסת העשירית)",</p></content></point><point><heading><authorialNote placement="side"><p>תיקון סעיף 13</p></authorialNote></heading><num>5</num><content><p>
בסעיף 13 לחוק הבחירות -
(1) במקום סעיף קטן (א) יבוא :
"(א) לא יאוחר מיום כ"ה באדר א' התשמ"א (1 במרס 1981) תקבע הועדה
המרכזית, על פי הצעת שר הפנים שהוגשה לה ביום ל' בשבט התשמ"א (4
בפברואר 1981), את התחומים של אזורי הקלפי, לרבות אזורי קלפי מיוחדים
לפי סעיף 12 (ב).";
(2) סעיף קטן (ב) לא יחול.</p></content></point><point><heading><authorialNote placement="side"><p>החלפת סעיף 26</p></authorialNote></heading><num>6</num><content><p>
במקום סעיף 26 לחוק הבחירות יבוא:</p></content></point><point><heading><authorialNote placement="side"><p>"פנקס התשמ"א</p></authorialNote></heading><num>26</num><content><p>
לתקופת פנקס התשמ"א יוכן פנקס בוחרים שיכלול כל אדם שביום
הקובע היה אזרח ישראלי והיה רשום, הוא ומענו, במרשם האוכלוסין
כתושב ויום הולדתו ה-18 חל לא יאוחר מיום הבחירות לכנסת העשירית
(להלן - פנקס התשמ"א); לענין פרק זה, "מען" - לרבות ציון במרשם
האוכלוסין של ישוב בלבד."</p></content></point><point><heading><authorialNote placement="side"><p>תיקון סעיף 28</p></authorialNote></heading><num>7</num><content><p>
בסעיף 28 לחוק הבחירות, במקום סעיף קטן (א) יבוא:
"(א) לשם הכנת פנקס התשמ"א תוכן לכל אזור קלפי רשימה שתכלול כל
אדם שיום הולדתו ה-18 חל לא יאוחר מיום הבחירות לכנסת העשירית ושביום
כ"ו בשבט התשמ"א (31 בינואר 1981) היה אזרח ישראלי והיה רשום במרשם
האוכלוסין כתושב אותו אזור."</p></content></point><point><heading><authorialNote placement="side"><p>תיקון סעיף 29</p></authorialNote></heading><num>8</num><content><p>
בסעיף 29 לחוק הבחירות, במקום "ביום ה-61 שלפני היום הקובע" יבוא "ביום
כ"ו בשבט התשמ"א (31 בינואר 1981)".</p></content></point><point><heading><authorialNote placement="side"><p>החלפת סעיף 31</p></authorialNote></heading><num>9</num><content><p>
במקום סעיף 31 לחוק הבחירות יבוא:</p></content></point><point><heading><authorialNote placement="side"><p>"הודעה לבוחר</p></authorialNote></heading><num>31</num><content><p>
מי שבכלל ברשימות הבוחרים שהוכנו לפי סעיף 28, ישלח לו שר
הפנים הודעה על כך בדואר."</p></content></point><point><heading><authorialNote placement="side"><p>תיקון סעיף 32</p></authorialNote></heading><num>10</num><content><p>
בסעיף 32 לחוק הבחירות, במקום "יישלחו בכל שנה תוך 45 ימים מהיום הקובע"
יבוא "יישלחו עד יום ד' באדר ב' התשמ"א (10 במרס 1981)".</p></content></point><point><heading><authorialNote placement="side"><p>החלפת סעיף 33</p></authorialNote></heading><num>11</num><content><p>
במקום סעיף 33 לחוק הבחירות יבוא:</p></content></point><point><heading><authorialNote placement="side"><p>"הצגת הרשימות</p></authorialNote></heading><num>33</num><content><p>
מיום ד' באדר בי התשמ"א (10 במרס 1981) ועד יום י"ג באדר ב'
התשמ"א (19 במרס 1981), יציג שר הפנים, בימי העבודה הרגילים, את
רשימות הבוחרים לתקופת פנקס התשמ"א בכל הלשכות הנפתיות לעליה
ומרשם, למען יוכל כל דורש לעיין בהן."</p></content></point><point><heading><authorialNote placement="side"><p>החלפת סעיף 34</p></authorialNote></heading><num>12</num><content><p>
במקום סעיף 34 לחוק הבחירות יבוא:</p></content></point><point><heading><authorialNote placement="side"><p>"שעות ההצגה</p></authorialNote></heading><num>34</num><content><p>
לא יאוחר מיום כ"ה באדר אי התשמ"א (1 במרס 1981) תקבע הועדה
המרכזית את שעות ההצגה על פי הצעת שר הפנים שתוגש לה לא יאוחר
מיום י"ח באדר א' התשמ"א (22 בפברואר 1981)."</p></content></point><point><heading><authorialNote placement="side"><p>תיקון סעיף 35</p></authorialNote></heading><num>13</num><content><p>
בסעיף 35 לחוק הבחירות, במקום "מהיום ה-39 אחרי היום הקובע" יבוא "מיום
ב' באדר ב' התשמ"א (8 במרס 1981)".</p></content></point><point><heading><authorialNote placement="side"><p>אי-תחולת סעיפים 36 עד 38</p></authorialNote></heading><num>14</num><content><p>
סעיפים 36 עד 38 לחוק הבחירות לא יחולו.</p></content></point><point><heading><authorialNote placement="side"><p>תיקון סעיף 39</p></authorialNote></heading><num>15</num><content><p>
בסעיף 39 לחוק הבחירות, במקום "לא יאוחר מהיום ה-46 אחרי היום הקובע" יבוא
"לא יאוחר מיום די באדר ב' התשמ"א (10 במרס 1981)".</p></content></point><point><heading><authorialNote placement="side"><p>תיקון סעיף 40</p></authorialNote></heading><num>16</num><content><p>
בסעיף 40 לחוק הבחירות, במקום "עד היום ה-65 אחרי היום הקובע" יבוא "עד
היום הקובע".</p></content></point><point><heading><authorialNote placement="side"><p>החלפת סעיף 41</p></authorialNote></heading><num>17</num><content><p>
במקום סעיף 41 לחוק הבחירות יבוא:</p></content></point><point><heading><authorialNote placement="side"><p>"דין הודעה למרשם האוכלוסין</p></authorialNote></heading><num>41</num><content><p>
נמסרה לגבי אדם הודעה לפי חוק המרשם, בתקופה שבין יום כ"ו
בשבט התשמ"א (31 בינואר 1981) לבין היום הקובע, הנוגעת לפרט
מהפרטים האמורים בסעיף 29, או בדבר מותו של אדם, או בדבר הענקה
או אבדן של האזרחות הישראלית, יראו את ההודעה כאילו היתה בקשה
או ערר שהוגשו כדין לפי סעיף 40."</p></content></point><point><heading><authorialNote placement="side"><p>אי-תחולת סעיף 42</p></authorialNote></heading><num>18</num><content><p>
סעיף 42 לחוק הבחירות לא יחול.</p></content></point><point><heading><authorialNote placement="side"><p>תיקון סעיף 43</p></authorialNote></heading><num>19</num><content><p>
בסעיף 43 לחוק הבחירות, המלים "ובקשות לפי סעיף 42" - יימחקו.</p></content></point><point><heading><authorialNote placement="side"><p>תיקון סעיף 44</p></authorialNote></heading><num>20</num><content><p>
בסעיף 44 לחוק הבחירות, במקום "עד היום ה-89 אחרי היום הקובע" יבוא "עד
יום חי בניסן התשמ"א (12 באפריל 1981)".</p></content></point><point><heading><authorialNote placement="side"><p>אי-תחולת סעיפים 45-51</p></authorialNote></heading><num>21</num><content><p>
סעיפים 45 עד 51 לחוק הבחירות לא יחולו.</p></content></point><point><heading><authorialNote placement="side"><p>תיקון סעיף 52</p></authorialNote></heading><num>22</num><content><p>
בסעיף 52 לחוק הבחירות, הקטע המתחיל במלים "ושר המשפטים רשאי" והמסתיים
במלים "ולמסירת פסקי הדין" - יימחק.</p></content></point><point><heading><authorialNote placement="side"><p>החלפת סעיף 53</p></authorialNote></heading><num>23</num><content><p>
במקום סעיף 53 לחוק הבחירות יבוא:</p></content></point><point><heading><authorialNote placement="side"><p>"השלמת הרשימות</p></authorialNote></heading><num>53</num><content><p>
עד יום ח' בניסן התשמ"א (12 באפריל 1981) יתקן וישלים שר
הפנים את רשימות הבוחרים בהתאם להחלטותיו לפי סעיף 44."</p></content></point><point><heading><authorialNote placement="side"><p>החלפת סעיף 54</p></authorialNote></heading><num>24</num><content><p>
במקום סעיף 54 לחוק הבחירות יבוא;</p></content></point><point><heading><authorialNote placement="side"><p>''ראשית תקפו של פנקס התשמ"א</p></authorialNote></heading><num>54</num><content><p>
פנקס התשמ"א כפי שתוקן והושלם כאמור בסעיף 53 ייכנס לתקפו
ביום י"ג באייר התשמ"א (17 במאי 1981)."</p></content></point><point><heading><authorialNote placement="side"><p>החלפת סעיף 55</p></authorialNote></heading><num>25</num><content><p>
במקום סעיף 55 לחוק הבחירות יבוא:</p></content></point><point><heading><authorialNote placement="side"><p>''מסירת פנקס התשמ"א</p></authorialNote></heading><num>55</num><content><p>
לא יאוחר מיום י"ג באייר התשמ"א (17 במאי 1981), ימסור שר
הפנים לכל אחד מחברי הועדה המרכזית את פנקס התשמ"א כפי שתוקן
והושלם כאמור בסעיף 53."</p></content></point><point><heading><authorialNote placement="side"><p>אי-תחולת סעיף 55א</p></authorialNote></heading><num>26</num><content><p>
סעיף 55א לחוק הבחירות לא יחול.</p></content></point><point><heading><authorialNote placement="side"><p>תיקון סעיף 68</p></authorialNote></heading><num>27</num><content><p>
בסעיף 68 לחוק הבחירות, במקום סעיף קטן (ג) יבוא:
"(ג) לא יאוחר מהיום הקובע תקבע הועדה המרכזית את מקומות הקלפי
לתקופת הפנקס התשמ"א על פי הצעת שר הפנים שהוגשה לועדה ביום לי
בשבט התשמ"א (4 בפברואר 1981),"</p></content></point><point><heading><authorialNote placement="side"><p>אי-תחולת סעיפים 16 עד 23ז לחוק הרשויות המקומיות (בחירות) הוראת מעבר</p></authorialNote></heading><num>28</num><content><p>
סעיפים 16 עד 23ז לחוק הרשויות המקומיות (בחירות), התשכ"ה-1965 2, לא
יחולו בשנת התשמ"א.</p></content></point><point><heading><authorialNote placement="side"><p>החלת הוראות</p></authorialNote></heading><num>30</num><content><p>
הוראות סעיף 11 לחוק הבחירות לכנסת [נוסח משולב] (תיקון), התשכ"ט-1969 8,
והוראות חוק הבחירות לכנסת (הוראת שעה), התש"ל-1969 4, יחולו על הבחירות לכנסת
העשירית, בשינויים המחוייבים.</p></content></point><point><heading><authorialNote placement="side"><p>היום הקובע בחוק מימון מפלגות</p></authorialNote></heading><num>31</num><content><p>
לענין הבחירות לכנסת העשירית יהיה היום הקובע בחוק מימון מפלגות, התשל"ג-
1973 5, היום ה-101 שלפני יום הבחירות.</p></content></point><point><heading><authorialNote placement="side"><p>תחילה</p></authorialNote></heading><num>32</num><content><p>
תחילתו של חוק זה ביום קבלתו בכנסת.</p></content></point><signature><name>יצחק בבון</name><role>נשיא המדינה</role></signature><signature><name>מנחם בגין</name><role>ראש הממשלה</role></signature><signature><name>יוסף בורג</name><role>שר הפנים</role></signature><dateOfAcceptance>26.02.1981</dateOfAcceptance></body>