<?xml version="1.0" encoding="UTF-8" ?>
<body><title><content><p>חוק לתיקון פקודת בריאות העם (תקנות בענין צרכי מזון) (מס' 2)</p></content></title><point><heading><authorialNote placement="side"><p>תיקון סעיף 8</p></authorialNote></heading><num>1</num><content><p>
בסעיף 8 לפקודת בריאות העם (תקנות בענין צרכי מזון), 1935  1-
(1) בסעיף קטן (3) יימחקו המלים "או שהוא בלתי ראוי למאכל אדם או
לשימושו".
(2) אחרי סעיף קטן (3) יווסף סעיף קטן זה:
"(4) נתגלה מתוך בדיקה או אנליזה כאמור בסעיף קטן (1) כי
מזון פלוני עלול להזיק לבריאותו של אדם, או שהוא בלתי ראוי למאכל
אדם, מחמת רקב או הזדהמות, או מחמת כל סיבה אחרת, רשאים רופא
של הממשלה או של רשות מקומית, או רופא וטרינרי של הממשלה או
של רשות מקומית, לפסול את המזון ולצוות להשמידו או למנוע באופן
אחר את השימוש בו כמאכל אדם, והודעה על כך תישלח לבעל המזון
לפני ביצוע הצו או לאחריו, הכל לפי ראות עיני הרופא."</p></content></point><signature><name>יצחק בן-צבי</name><role>נשיא המדינה</role></signature><signature><name>דוד בן-גוריון</name><role>ראש הממשלה</role></signature><signature><name>חיים משה שפירא</name><role>שר הבריאות</role></signature><dateOfAcceptance>13.11.1961</dateOfAcceptance></body>