<?xml version="1.0" encoding="UTF-8" ?>
<body><title><content><p>חוק הבחירות לכנסת (תיקון מס' 11) ,התשמ"א-1981 *</p></content></title><point><heading><authorialNote placement="side"><p>תיקון סעיף 56</p></authorialNote></heading><num>1</num><content><p>
בסעיף 56(א) לחוק הבחירות לכנסת [נוסח משולב], התשכ"ט-1969- -1
(1) בכל מקום, במקום י'ט"זיי יבוא "י"ט/2"  :
(2) בפסקה (2), אחרי ''בדרגה מקצועית" יבוא "או בדרגת שכר".</p></content></point><signature><name>יצחק נבון</name><role>נשיא המדינה</role></signature><signature><name>מנחם בגין</name><role>ראש הממשלה</role></signature><signature><name>יוסף בורג</name><role>שר הפנים</role></signature><dateOfAcceptance>07.04.1981</dateOfAcceptance></body>