<?xml version="1.0" encoding="UTF-8" ?>
<body><title><content><p>חוק בתי-דין דתיים (מניעת הפרעה), תשכ"ה-1965*</p></content></title><point><heading><authorialNote placement="side"><p>הגדרה</p></authorialNote></heading><num>1</num><content><p>
בחוק זה "בית-דיך - בית דין רבני, בית דין שרעי, בית דין של עדה נוצרית ובית
דין דתי דרוזי בשבתם לדין על-פי סמכותם הקבועה בחוק.</p></content></point><point><heading><authorialNote placement="side"><p>איסור הפרעה בבית-דין</p></authorialNote></heading><num>2</num><list><intro><p /></intro><subPoint><num>א</num><content><p> המפריע לדיוני בית-דין לעיני בית-הדין או סמוך למקום הדיון, רשאי בית-הדין
לצוות על הרחקתו או לכפותו בקנס שלא יעלה על מאתיים לירות, ואם חזר והפריע -
בקנס שלא יעלה על ארבע מאות לירות, להתנהג כראוי.</p></content></subPoint><subPoint><num>ב</num><content><p> אין בהטלת קנס על אדם לפי סעיף קטן (א) כדי למנוע העמדתו לדין פלילי
בשל המעשה שעליו נקנס, אולם לא יועמד אדם לדין כאמור אלא בהסכמת פרקליט המחוז.</p></content></subPoint><subPoint><num>ג</num><content><p> הודעה בכתב על קנס שהוטל לפי סעיף קטן (א) תינתן מיד לנשיא בית המשפט
העליון, ורשאי הנשיא לבטל את הצו או לשנותו לקולא.</p></content></subPoint></list></point><point><heading><authorialNote placement="side"><p>גביית קנס</p></authorialNote></heading><num>3</num><content><p>
קנס שהוטל לסי חוק זה ייגבה כדרך שגובים קנס שהוטל על-ידי בית-משפט.</p></content></point><signature><name>שביאור זלמן שזר</name><role>בשיא המדינה</role></signature><signature><name>לוי אשכול</name><role>ראש הממשלה</role></signature><signature><name>זרח ורהפטיג</name><role>שר הדתות</role></signature><dateOfAcceptance>18.03.1965</dateOfAcceptance></body>