<?xml version="1.0" encoding="UTF-8" ?>
<body><title><content><p>חוק הבחירות לכנסת (תיקון מס' 4). תשכ"א-1961 *</p></content></title><point><heading><authorialNote placement="side"><p>תיקון סעיף 13</p></authorialNote></heading><num>1</num><content><p>
בסעיף 13 לחוק הבחירות לכנסת, תשי"ט-1959  1(להלן - חוק הבחירות) -
(1) במקום הערת השוליים יבוא "ועדות בחירות אזוריות - הרכבן";
(2) סעיף קטן (ה) - בטל.</p></content></point><point><heading><authorialNote placement="side"><p>הוספת מעיף ?,/א</p></authorialNote></heading><num>2</num><content><p>
אחרי סעיף 13 לחוק הבחירות יבוא סעיף זה:</p></content></point><point><heading><authorialNote placement="side"><p>"ועדות בחירות אזוריות - יושבי ראש וסגנים</p></authorialNote></heading><num>13</num><list><intro><p>
א. (א) יושב ראש של כל ועדה אזורית יהיה שופט שיתמנה לאותה
ועדה על ידי נשיא בית המשפט העליון, ויהא נוסף על חברי הועדה לפי
סעיף 13; מינוים של יושבי ראש הועדות האזוריות יהיה על פי בקשת
יושב ראש הועדה המרכזית ולא יאוחר מהיום ה-55 שלפני יום הבחירות.</p></intro><subPoint><num>ב</num><content><p> הועדה המרכזית תמנה לכל ועדה אזורית, מבין חברי אותה
ועדה אזורית, שלושה סגני יושב ראש."</p></content></subPoint></list></point><point><heading><authorialNote placement="side"><p>תחילה</p></authorialNote></heading><num>3</num><content><p>
חוק זה תחילתו ביום קבלתו בכנסת.</p></content></point><signature><name>יצחק בן-צבי</name><role>נשיא המדינה</role></signature><signature><name>דוד בן-גוריון</name><role>ראש הממשלה</role></signature><signature><name>פנחס רוזן</name><role>שר המשפטים</role></signature><dateOfAcceptance>14.06.1961</dateOfAcceptance></body>