<?xml version="1.0" encoding="UTF-8" ?>
<body><title><content><p>חוק הבחירות לכנסת (תיקון), תשי"ט-1959 *</p></content></title><point><heading><authorialNote placement="side"><p>החזרת מעיפים 2/1</p></authorialNote></heading><num>1</num><content><p>
בחוק הבחירות לכנסת' תשט"ו-1955 [נוסח משולב]1 (להלן - חוק הבחירות)', בתחילתו
יבואו סעיפים אלה:</p></content></point><point><heading><authorialNote placement="side"><p>"המוסד לשימוש מכות הנחירה</p></authorialNote></heading><num>1</num><content><p>
בהתאם לסעיף 5 לחוק יסוד: הכנסת2' נקבע בזה שלענין השימוש
בזכות הבחירה לכנסת, בבחירות המתקיימות תוך שנת פנקס בוחרים
פלונית' ייחשב בן 18 שנה כל מי שיום הולדתו ה-18 חל לא יאוחר מיום
31 בדצמבר הקודם לתחילת אותה שנת פנקס בוחרים; "שנת פנקס בוחרים"
לצורך הוראה זו - כמשמעותו בחוק פנקס הבוחרים לכנסת' תשי"ט-
31959.</p></content></point><point><heading><authorialNote placement="side"><p>עובדי מדינה וקציני צבא שלא יהיו מועמדים</p></authorialNote></heading><num>2</num><content><p>
בהתאם לסעיף 7 (8) לחוק יסוד: הכנסת' נקבע בזה שאלה לא יהיו
מועמדים לכנסת:
(1) עובדי מדינה בדרגה 5 ומעלה של הדירוג המינהלי-
הכללי;
(2) עובדי מדינה בדרגה מקצועית שמשכורתה היסודית
ההתחלתית אינה נמוכה מן המשכורת היסודית ההתחלתית של
דרגה 5 של הדירוג המינהלי-הכללי (להלן - דרגה מקבילה);
(3) עובדי מדינה בדרגה נמוכה מדרגה 5 של הדירוג
המינהלי-הכללי או בדרגה מקבילה, אם לתפקידם נקבע מתח
דרגות הכולל את הדרגה 5 האמורה או דרגה מקבילה;
(4) קציני צבא בכל דרגה שהיא בשירות קבע של צבא-
הגנה לישראל'
זולת אם חדלו להיות עובדי מדינה או קציני צבא, כאמור, לפחות 100 יום
לפני יום הבחירות".</p></content></point><point><heading><authorialNote placement="side"><p>החלפת סעיף 4</p></authorialNote></heading><num>2</num><content><p>
במקום סעיף 4 לחוק הבחירות יבוא סעיף זה:</p></content></point><point><heading><authorialNote placement="side"><p>"הפסקת שירותם של עובדי מדינה וכו'</p></authorialNote></heading><num>4</num><content><p>
עובד מדינה, פרט למורה' וחייל בשירות קבע של צבא-הגנה
לישראל שסעיף 2 אינו הל עליהם, וכן חייל בשירות סדיר לפי חוק
שירות בטחון, תש"ט-1949 4, ששמו נכלל באחת מרשימות המועמדים/
יופסק שירותו מיום הגשת רשימת המועמדים הכוללת את שמו ועד יום
הבחירות' ואם נהיה לחבר הכנסת - כל זמן היותו חבר הכנסת."</p></content></point><point><heading><authorialNote placement="side"><p>תיקון סעיף 6</p></authorialNote></heading><num>3</num><content><p>
סעיף 6 (א) לחוק הבחירות - בטל.</p></content></point><point><heading><authorialNote placement="side"><p>החלפת סעיף 8</p></authorialNote></heading><num>4</num><content><p>
במקום סעיף 8 לחוק הבחירות יבוא סעיף זה:</p></content></point><point><heading><authorialNote placement="side"><p>"הוראות לקיום שבתון ביום הבחירות</p></authorialNote></heading><num>8</num><list><intro><p /></intro><subPoint><num>א</num><content><p> משעה 7 בערב ביום שלפני יום הבחירות ובכל יום הבחירות
לא תהיה תעמולת בחירות על-ידי אסיפות' תהלוכות/ רמקולים או
שידורים ברדיו.
עמ' 44.</p></content></subPoint><subPoint><num>ב</num><content><p> עובד שעבד אצל מעביד לפחות 14 יום רצופים סמוך ליום
הבחירות' וכן עובד שעבד בעבודות יזומות אצל אחד המוסדות הציבוריים
לפחות 14 יום מתוך החדשיים שלפני יום הבחירות, ישלם לו המעביד
את השכר שהעובד היה משתכר אצלו ביום הבחירות אלמלא שבת."</p></content></subPoint></list></point><point><heading><authorialNote placement="side"><p>החלפת מעיף 9 והוספת סעיף 9א</p></authorialNote></heading><num>5</num><content><p>
במקום סעיף 9 לחוק הבחירות יבואו סעיפים אלה:</p></content></point><point><heading><authorialNote placement="side"><p>תיקון סעיף 12</p></authorialNote></heading><num>6</num><content><p>
בסעיף 12 לחוק הבחירות -
(1) בסעיף קטן (א), במקום "168" יבוא "75";
(2) בסעיף קטן (ה), במקום "175" יבוא "79".</p></content></point><point><heading><authorialNote placement="side"><p>תיקון סעיף 13</p></authorialNote></heading><num>7</num><content><p>
בסעיף 13 לחוק הבחירות -
(1) בסעיף קטן (א), במקום "168" יבוא "75";
(2) בסעיף קטן (ג), במקום "ארבעה" יבוא "ששה".</p></content></point><point><heading><authorialNote placement="side"><p>החלפת סעיף 14</p></authorialNote></heading><num>8</num><content><p>
במקום סעיף 14 לחוק הבחירות יבוא סעיף זה:</p></content></point><point><heading><authorialNote placement="side"><p>"ועדת הבחירות המרכזית - ישיבה ראשונה</p></authorialNote></heading><num>14</num><content><p>
יושב ראש הכנסת יזמן את הועדה המרכזית לישיבתה הראשונה
שתתקיים לא יאוחר מהיום ה-68 שלפני יום הבחירות, ויודיע על כך
לשר הפנים לפחות יומיים לפני מועד הישיבה."</p></content></point><point><heading><authorialNote placement="side"><p>תיקון סעיף 15</p></authorialNote></heading><num>9</num><content><p>
בסעיף 15(א) לחוק הבחירות, כמקום "142" יבוא "61".</p></content></point><point><heading><authorialNote placement="side"><p>תיקון סעיף 16</p></authorialNote></heading><num>10</num><content><p>
בסעיף 16 לחוק הבחירות -
(1) בסעיף קטן (א), במקום "50" יבוא "40" ובמקום "25" יבוא "20";
(2) במקום סעיף קטן (ד) יבוא סעיף קטן זה:
"(ד) לכל חבר של ועדת קלפי יהיו שני ממלאי מקום קבועים
שיתמנו על-ידי הועדה האזורית.";
(3) בסוף הסעיף יווסף סעיף קטן זה:
"(0 כל סיעה רשאית, בכל עת, בדרך שתיקבע על-ידי הועדה
המרכזית, להחליף נציגה בועדת הקלפי ואת ממלאי מקומו."</p></content></point><point><heading><authorialNote placement="side"><p>תיקון סעיף 17</p></authorialNote></heading><num>11</num><content><p>
בסעיף 17 לחוק הבחירות -
(1) במקום סעיף קטן (א) יבוא סעיף קטן זה:
"(א) הודעה על הרכב הועדה המרכזית תינתן בכנסת על ידי יושב
ראש הכנסת לא יאוחר מהיום ה-75 שלפני יום הבחירות ותפורסם על</p></content></point><point><heading><authorialNote placement="side"><p>ביטול הסעיפים 20 עד 24</p></authorialNote></heading><num>13</num><content><p>
סעיפים 20 עד 24 לחוק הבחירות והכותרת "פרק שלישי: רשימות בוחרים" - בטלים.</p></content></point><point><heading><authorialNote placement="side"><p>תיקון סעיף 25</p></authorialNote></heading><num>14</num><list><intro><p>
בסעיף 25 לחוק הבחירות' במקום סעיף קטן (ג) יבואו סעיפים קטנים אלה:
"(ג) רשימת מועמדים המוגשת על ידי בעלי זכות לבחור תיחתם
בידי המגישים, וכל אחד מהם ירשום על יד חתימתו את מספר רישומו
(זהותו) במרשם התושבים.</p></intro><subPoint><num>ד</num><content><p> רשימת מועמדים המוגשת על ידי סיעה של הכנסת היוצאת
תיחתם בידי בא כוח הסיעה או ממלא מקומו שנקבעו בהתאם לסעיף 19.</p></content></subPoint><subPoint><num>ה</num><content><p> רשימת מועמדים בצירוף הסכמת המועמדים בכתב או במברק,
תוגש לועדה המרכזית לא יאוחר מהיום ה-50 שלפני יום הבחירות; על
ימי ההגשה, שעותיה ומקומה תפרסם הועדה המרכזית, לא יאוחר מהיום
ה-60 לפני יום הבחירות, הודעה בדרך שתקבע.</p></content></subPoint><subPoint><num>ו</num><content><p> עם קבלת רשימת מועמדים תאשר הועדה המרכזית בכתב
את הגשתה, בציון היום והשעה."</p></content></subPoint></list></point><point><heading><authorialNote placement="side"><p>תיקון סעיף 27</p></authorialNote></heading><num>15</num><content><p>
בסעיף 27 לחוק הבחירות, בסופו, יווסף:
"ואולם כשאין ציון כזה ברשימת מועמדים שהוגשה על ידי סיעה של
הכנסת היוצאת, יראו את בא כוח הסיעה כבא כוח הרשימה ואת ממלא
מקומו כממלא מקומו של בא כוח הרשימה."</p></content></point><point><heading><authorialNote placement="side"><p>הוספת סעיף 34א</p></authorialNote></heading><num>16</num><content><p>
אחרי סעיף 34 לחוק הבחירות יבוא סעיף זה:
"מסירת רשימות 34א. לא יאוחר מיומיים לפני יום הבחירות תמסור הועדה המרכזית
הבוחרים לועדות  ועדת קלפי, בשני העתקים, את רשימת הבוחרים הרשאים להצביע
הקלפי 
באותה קלפי, כפי שנמסרה לועדה המרכזית על ידי שר הפנים לפי חוק
פנקס הבוחרים לכנסת, תשי"ט-1959."</p></content></point><point><heading><authorialNote placement="side"><p>תיקון סעיף 35</p></authorialNote></heading><num>17</num><content><p>
בסעיף 35 לחוק הבחירות, כמקום סעיף קטן (א) יבוא סעיף קטן זה:
"(א) הקלפי תהיה פתוחה להצבעה ביום הבחירות ללא הפסקה מ-7
בבוקר עד 12 בלילה, אך בישור שמספר הזכאים להצביע בו אינו עולה
על 350, תהיה הקלפי פתוחה מ-8 בבוקר עד 9 בלילה. הקלפי תיסגר לפני
השעות האמורות אם ככר הצביעו כל הזכאים להצביע בה."</p></content></point><point><heading><authorialNote placement="side"><p>תיקון סעיף 46</p></authorialNote></heading><num>18</num><content><p>
בסעיף 46 (א) לחוק הבחירות, במקום "ולא יאוחר מארבעה עשר יום אחרי יום
הבחירות" יבוא "ותוך המועד הקבוע לכך בסעיף 11 לחוק יסוד; הכנסת".</p></content></point><point><heading><authorialNote placement="side"><p>החלפת סעיף 48</p></authorialNote></heading><num>19</num><content><p>
במקום טעיף 48 לחוק הבחירות יבוא סעיף זה: .</p></content></point><point><heading><authorialNote placement="side"><p>"חילופי מועמדים</p></authorialNote></heading><num>48</num><list><intro><p /></intro><subPoint><num>א</num><content><p> מועמד יכול להתפטר בכל עת; ההתפטרות תוגש בכתב על ידי
המועמד בעצמו או תישלח על ידיו מחוץ לארץ, במברק או במסמך אחר
מאושר על ידי קונסול ישראלי או על ידי נוטריון, לידי יושב ראש
הועדה המרכזית' ואם כבר נבחר יושב ראש הכנסת - לידי יושב ראש
הכנסת; כתב התפטרות מוקדם - פסול.</p></content></subPoint><subPoint><num>ב</num><content><p> התפטר או נפטר מועמד אחרי פרסום רשימות המועמדים
ולפני יום הבחירות, תפרסם הועדה המרכזית הודעה על כך ברשומות."</p></content></subPoint></list></point><point><heading><authorialNote placement="side"><p>תיקון סעיף 49</p></authorialNote></heading><num>20</num><content><p>
בסעיף 49(ב) לחוק הבחירות יימחקו המלים "- על פי סעיף 47(ג) (2) או סעיף 48(ב)-".</p></content></point><point><heading><authorialNote placement="side"><p>הוספת סעיף 62א</p></authorialNote></heading><num>21</num><content><p>
בראש הפרק "עבירות" לחוק הבחירות יבוא טעיף זה:</p></content></point><point><heading><authorialNote placement="side"><p>"זיוף של רשימות בוחרים</p></authorialNote></heading><num>62</num><content><p>
א. המזייף רשימת בוחרים שנמסרה על-ידי שר הפנים לועדה המרכזית
או שנמסרה על-ידי הועדה המרכזית לועדת קלפי' והמשנה או משמיד
רשימה כזאת שלא כדין, דינו - מאסר שבע שנים או קנס 000'10 לירות:
נעכרה העבירה על-ידי חבר של ועדת בחירות או על-ידי אדם הממונה
על החזקת הרשימה או שמירתה או על קלפי או על שמירת הסדר במקום
קלפי, דינו - מאסר ארבע עשרה שנה או קנס 10,000 לירות."</p></content></point><point><heading><authorialNote placement="side"><p>תיקון סעיף 63</p></authorialNote></heading><num>22</num><content><p>
בסעיף 63 (א) לחוק הבחירות תימחק פסקה (1).</p></content></point><point><heading><authorialNote placement="side"><p>הוספת סעיף 70א</p></authorialNote></heading><num>23</num><content><p>
אחרי סעיף 70 לחוק הבחירות יבוא סעיף זה:</p></content></point><point><heading><authorialNote placement="side"><p>"אי-הארכה של מועדי ערעור</p></authorialNote></heading><num>70</num><content><p>
א. על ערעורים לפי חוק זה לא יחול מעיף 70 או כל הוראה בחיקוק
אחר המאפשרת הארכת מועדים."</p></content></point><point><heading><authorialNote placement="side"><p>תיקון סעיף 71</p></authorialNote></heading><num>24</num><content><p>
בסעיף 71 לחוק הבחירות -
(1) בסעיף קטן (א)' במקום "לפחות עשרים ואחד יום" יבוא "לפחות 14 יום",
והמלים "בעצמו או במכתב רשום" יימחקו;
(2) סעיף קטן (ב) - בטל.</p></content></point><point><heading><authorialNote placement="side"><p>תיקון סעיף 72</p></authorialNote></heading><num>25</num><content><p>
בסעיף 72 לחוק הבחירות, במקום סעיף קטן (א) יבוא סעיף קטן זה:
"גא) לכל חבר של הועדה המרכזית ולכל משקיף בה כאמור בסעיף
18(ד) תימסר רשימה של ועדות הקלפי וחבריהן מיד לאחר שנתמנו ועדות
אלה."</p></content></point><point><heading><authorialNote placement="side"><p>ביטול סעיף 75</p></authorialNote></heading><num>26</num><content><p>
סעיף 75 לחוק הבחירות - בטל.</p></content></point><point><heading><authorialNote placement="side"><p>תיקון סעיף 76</p></authorialNote></heading><num>27</num><content><p>
בסעיף 76 לחוק הבחירות -
(1) בסעיף קטן (א)' במקום פסקה (3) תבוא פסקה זו:
"(3) לשמירה על רשימות הבוחרים מזמן מסירתן על ידי
שר הפנים לידי הועדה המרכזית?";
(2) בסעיף קטן (ה)' במקום "מתוך רשימת התיקונים האמורה בסעיף 24"
יבוא "מתוך פנקס הבוחרים שנמסר לו לפי חוק פנקס הבוחרים לכנסת' תשי"ט-
1959".</p></content></point><point><heading><authorialNote placement="side"><p>תיקון סעיף 77</p></authorialNote></heading><num>28</num><content><p>
בסעיף 77 (א) לחוק הבחירות יימחקו המלים "סעיף 23 ולפי".</p></content></point><point><heading><authorialNote placement="side"><p>תיקון כללי</p></authorialNote></heading><num>29</num><content><p>
כל מקום בחוק הבחירות שנאמר בו "פקיד-המדינה" קרי "עובד-המדינה"' כל מקום
שנאמר בו "חייל בשירות לפי סעיף 6 לחוק שירות בטחון" קרי "חייל בשירות סדיר לפי
חוק שירות בטחון", וכל מקום שנאמר בו "נקודת ישוב" קרי "ישוב".</p></content></point><point><heading><authorialNote placement="side"><p>תיקון משליט</p></authorialNote></heading><num>30</num><content><p>
חוק הבחירות לכנסת' תשט"ו-1955 6, וחוק הבחירות לכנסת השניה, תשי"א-1951  7,
 יתוקנו בהתאם להוראות חוק זה.</p></content></point><point><heading><authorialNote placement="side"><p> פרסום חוק אחיד</p></authorialNote></heading><num>31</num><content><p>
שר המשפטים רשאי לפרסם ברשומות נוסח של "חוק הבחירות לכנסת, תשי"ט-1959"'
שישלב חוק זה' חוק הבחירות לכנסת' תשט"ו-1955' וחוק הבחירות לכנסת השניה, תשי"א-
1951, בחוק אחיד; ורשאי הוא אגב כך לשנות ממספרי הסעיפים. חוק אחיד זה לא יכיל את
ההוראות שהתייחסו לבחירות לכנסת השלישית בלבד; עם פרסומו יראו את החוקים ששולבו
בו כבטלים.</p></content></point><signature><name>דוד בן-גוריון</name><role>ראש הממשלה</role></signature><signature><name>ישראל בר-יהודה</name><role>שר הפנים</role></signature><signature><name>יצחק בן-צבי</name><role>נשיא המדינה</role></signature><dateOfAcceptance>05.03.1959</dateOfAcceptance></body>