<?xml version="1.0" encoding="UTF-8" ?>
<body><title><content><p>חוק יחסי ממון בין בני זוג, תשל"ג-1973 *</p></content></title><chapter><num>פרק ראשון:</num><title><content><p>הסדר מוסכם</p></content></title><point><heading><authorialNote placement="side"><p>הסכם ממון</p></authorialNote></heading><num>1</num><content><p>
הסכן בין בני זוג המסדיר יחסי ממון שביניהם (להלן - הסכם ממון),- ושינוי של
הסכם כזה, יהיו בכתב.</p></content></point><point><heading><authorialNote placement="side"><p>אישור ואימות</p></authorialNote></heading><num>2</num><list><intro><p /></intro><subPoint><num>א</num><content><p> הסכם ממון טעון אישור בית המשפט המחוזי (להלן - בית המשפט) או בית
הדין הדתי שלו סמכות השיפוט בענייני נישואין וגירושין של בגי הזוג (להלן -- בית הדין),
וכן טעון שינוי של הסכם כזה אישור כאמור.</p></content></subPoint><subPoint><num>ג</num><content><p> האישור לא יינתן אלא לאחר שנוכח בית המשפט או בית הדין שבני הזוג עשו
את ההסכם או את השינוי בהסכמה חפשית ובהבינם את משמעותו ואת תוצאותיו.</p></content></subPoint><subPoint><num>ג</num><content><p> בהסכם ממון שנכרת לפני הנישואין או בשעת עריכתם יכול אימות רושם
הנישואין לבוא במקום אישור בית המשפט או בית הדין.</p></content></subPoint><subPoint><num>ד</num><content><p> הסכם בין בני הזוג שאושר בפסק דין גירושין על ידי בית הדין, דינו כדין
הסכם ממון שאושר לפי סעיף זה.</p></content></subPoint></list></point></chapter><chapter><num>פרק שני:</num><title><content><p>הסדר איזון המשאבים</p></content></title><point><heading><authorialNote placement="side"><p>תחולת ההסדר</p></authorialNote></heading><num>3</num><list><intro><p /></intro><subPoint><num>א</num><content><p> לא עשו בני הזוג הסכם ממון, ואם עשו - במידה שההסכם אינו קובע אחרת,
יראום .כמסכימים להסדר איזון המשאבים לפי פרק זה, ויראו הסדר זה כמוסכם בהסכם
ממון בעל תוקף שנתמלאו בו הוראות סעיף 2.</p></content></subPoint><subPoint><num>ב</num><content><p> כני זוג שלא ביקשו אימות של הסכם ממון בהתאם לסעיף 2(ג), יסביר להם רושם
הנישואין לפני עריכתם את תכנו ומשמעותו של סעיף קטן (א).</p></content></subPoint></list></point><point><heading><authorialNote placement="side"><p>העדר תוצאות במשך הנישואין</p></authorialNote></heading><num>4</num><content><p>
אין ככריתת הנישואין או בקיומם כשלעצמם כדי לפגוע בקנינים של בני הזוג, להקנות
לאחד מהם זכויות בנכסי השני או להטיל עליו אחריות לחובות השני.</p></content></point><point><heading><authorialNote placement="side"><p>הזכות לאיזון בפקיעת הנישואין</p></authorialNote></heading><num>5</num><list><intro><p /></intro><subPoint><num>א</num><content><p> עם פקיעת הנישואין עקב גירושין או עקב מותו של בן זוג (להלן - פקיעת
הנישואין) זכאי כל אהד מבני הזוג למחצית שוויים של כלל נכסי בני הזוג, למעט -
(1) נכסים שהיו להם ערב הנישואין או שקיבלו במתנה או בירושה בתקופת
הנישואין :
(2) זכויות שעל פי דין אינן ניתנות להעברה:
(3) נכסים שבני הזוג הסכימו בכתב ששוויים לא יאוזן ביניהם.</p></content></subPoint><subPoint><num>ב</num><content><p> בפקיעת הנישואין עקב מותו של בן זוג יבואו, לענין הזכות, לאיזון המשאבים,
יורשיו במקומו.</p></content></subPoint></list></point><point><heading><authorialNote placement="side"><p>מימוש הזכות לאיזון</p></authorialNote></heading><num>6</num><list><intro><p /></intro><subPoint><num>א</num><content><p> לצורך איזון המשאבים לפי סעיף 5 יש לשום את נכסי כל אחד מבני הזוג,
פרט לנכסים שאין לאזן שוויים; משווי הנכסים האמורים של כל בן-זוג יש לנכות את סכום
החובות המגיעים ממנו, למעט חובות בקשר לנכסים שאין לאזן שוויים.</p></content></subPoint><subPoint><num>ב</num><content><p> היה שוויים של נכסי בן הזוג האחד עולה על שוויים של נכסי השני, חייב האחד
לתת לשני את מחצית ההפרש, אם בעין ואם בכסף או בשווה כסף,
עמ' 333.</p></content></subPoint><subPoint><num>ג</num><content><p> באין הסכמה בין בגי הזוג בשאלה מה מגיע מהאחד לשני או באיזו דרך יבוצע
האיזון, יחליט בית המשפט או בית הדין לפי הנסיבות, ורשאי הוא לקבוע מועדי הביצוע,
הבטחתו ושאר תנאיו, לרבות תוספת ריבית במקרה של ארכה או סילוק כשיעורים.</p></content></subPoint></list></point><point><heading><authorialNote placement="side"><p>הרחבת בסיס האיזון</p></authorialNote></heading><num>7</num><content><p>
נכס שבן זוג הוציא או התחייב להוציא מרשותו בכוונה לסכל זכותו של בן זוגו לפי
סעיף 5, ונכם שנתן או התחייב לתת במתנה - למעט מתנות ותרומות הניתנות לפי הנהוג
בנסיבות הענין - רשאי בית המשפט או בית הדין לראותו, לצורך איזון המשאבים, כאילו
הוא עדיין של אותו בן-זוג.</p></content></point><point><heading><authorialNote placement="side"><p>סמכויות מיוחדות</p></authorialNote></heading><num>8</num><content><p>
ראה בית המשפט או בית הדין נסיבות מיוחדות המצדיקות זאת, רשאי הוא, לבקשת
אחד מבני הזוג שהוגשה לאחר פקיעת הנישואין - אם לא נפסק בדבר יחסי הממון בפסק דין
גירושין - לעשות אחת או יותר מאלה:
(1) לקבוע נכסים נוספים על המפורטים בסעיף 5 ששוויים לא יאוזן בין בני
הזוג:
(2) לקבוע שאיזון שווי הנכסים, כולם או מקצתם, לא יהיה מחצה על מחצה,
אלא לפי יחס אחר שיקבע;
(3) לקבוע שאיזון שווי הנכסים, כולם או מקצתם, לא יהיה לכי שוויים
בשעת פקיעת הנישואין, אלא לפי שוויים במועד מוקדם יותר שיקבע;
(4) לקבוע שאיזון המשאבים לא יתייחס לנכסים שהיו לבני הזוג בזמן פקיעת
הנישואין אלא לנכסים שהיו להם כמועד מוקדם יותר שיקבע.</p></content></point><point><heading><authorialNote placement="side"><p>ראיות</p></authorialNote></heading><num>9</num><content><p>
ראיה על היות נכס בבעלותו או בהחזקתו של אחד מבני הזוג או על היותו רשום על
שמו, אין בה בלבד כדי לצאת ידי נטל ההוכחה שיש למעט נכס זה מן הנכסים ששויים יאוזן
בין בני הזוג.</p></content></point><point><heading><authorialNote placement="side"><p>עסקאות בזכות לאיזון</p></authorialNote></heading><num>10</num><content><p>
כל עוד לא פקעו הנישואין, זכותו של כן זוג לאיזון המשאבים אינה ניתנת להעברה,
לשיעבוד או לעיקול.</p></content></point></chapter><chapter><num>פרק שלישי:</num><title><content><p>הוראות לכל הסדר</p></content></title><point><heading><authorialNote placement="side"><p>אמצעים לשמירת זכויות</p></authorialNote></heading><num>11</num><content><p>
עשה אחד מבני הזוג פעולה שיש בה כדי לסכל זכות או זכות עתידה של בן הזוג השני
על פי הסכם ממון או על פי הסדר איזון המשאבים, או שקיים חשש סביר שהוא עומד
לעשות פעולה כזאת, רשאי בית המשפט או בית הדין, לפי בקשת בן הזוג השני, לנקוט
אמצעים לשמירת הזכות האמורה, ובין השאר רשאי הוא לעשות אחת או יותר מאלה-.
(1) לצוות על מתן ידיעות ועל מתן ערובה;
(2) לקבוע פעולות שיהיו טעונות הסכמת שני בני הזוג;
(3) לצוות על רישום הערה מתאימה בפנקס המתנהל על פי חוק שרשום בו
נכס של אחד מבני הזוג.</p></content></point><point><heading><authorialNote placement="side"><p>אישור למעולה טעונת הסכמה</p></authorialNote></heading><num>12</num><content><p>
היתה פעולה של אחד מבני הזוג טעונה, לפי הסכם ממון או לפי צו בהתאם לסעיף
11)2(, הסכמת בן הזוג השני ואותו בן זוג סירב להסכים, רשאי בית המשפט או בית הדין
לאשר את הפעולה אם ראה שהסירוב היה שרירותי; לא יכול היה בן הזוג השני להביע
דעתו או שלא היתה אפשרות סבירה לברר דעתו, רשאי בית המשפט או בית הדין לאשר את
הפעולה אם ראה שהיא לטובת המשפחה.</p></content></point></chapter><chapter><num>פרק רביבי:</num><title><content><p>הוראות שונות</p></content></title><point><heading><authorialNote placement="side"><p>החוק ובתי הדין</p></authorialNote></heading><num>13</num><list><intro><p /></intro><subPoint><num>א</num><content><p> חוק זה אינו בא לשנות מסמכות שימוטט של בתי הדין הדתיים.
 (ב) בענין שחוק זה דן בו ינהג גם בית דין דתי לפי הוראות חוק זה, זולת אם הסכימו
כעלי הדין לפני בית הדין להתדיין לפי הדין הדתי.</p></content></subPoint></list></point><point><heading><authorialNote placement="side"><p>הוראות מעבר</p></authorialNote></heading><num>14</num><content><p>
סעיף 3 ושאר הוראות הפרק השני לא יחולו על בני זוג שנישאו זה לזה לפני תחילת
חוק זה. </p></content></point><point><heading><authorialNote placement="side"><p>משפט בינלאומי פרטי</p></authorialNote></heading><num>15</num><content><p>
על יחסי הממון בין בני זוג יחול חוק מושבם כשעת עריכת הנישואין, אולם רשאים
הם בהסכם לקבוע ולשנות יחסים אלה בהתאם לחוק מושבם בשעת עשיית ההסכם.</p></content></point><point><heading><authorialNote placement="side"><p>תיקון חזק הירושה</p></authorialNote></heading><num>16</num><content><p>
בחוק הירושה, תשכ"ה-1965 1-
(1) בסעיף 11(ב), אחרי "בבעלות משותפת של שניהם" יבוא "או שהגיע
במות אחד מהם לנשאר כחיים מחצית שוויים של כל נכסי שניהם או של מר-
ביתם לפי שוויים, אם על פי דין ואם על פי הסכם ביניהם"; 
(2) בסעיף 11(ג), במקום "הוראה זו אינה באה לפגוע" יבוא "הוראה זו לא
תחול על מה שמגיע לבן זוג לסי חוק יחסי ממון בין בני זוג, תשל"ג-1973,
או לפי הסכם ממון כמשמעותו באותו חוק, ואינה באה לפגוע";
(3) בסעיף 104(א40), בסופו יבוא "והמגיע לבן זוג לפי חוק יחסי ממון בין
בני זוג, תשל"ג-1973, או לפי הסכם ממון כמשמעותו כאותו חוק".</p></content></point><point><heading><authorialNote placement="side"><p>שמירת זכויות ודינים</p></authorialNote></heading><num>17</num><content><p>
אין בחוק זה כדי לגרוע מזכויות לפי חוק לתיקון דיני המשפחה (מזונות), תשי"ט-
21959, או מזכויות האשה לפי כתובתה, ואין בו כדי לגרוע מהוראות סעיף 101 לחוק
המקרקעין, תשכ"ט-1969 3.</p></content></point><point><heading><authorialNote placement="side"><p>ביגיע ותקנות</p></authorialNote></heading><num>18</num><content><p>
שר המשפטים ממונה על ביצוע חוק זה, והוא רשאי להתקין תקנות לביצועו.</p></content></point><point><heading><authorialNote placement="side"><p>תחילה</p></authorialNote></heading><num>19</num><content><p>
תחילתו של חוק זה ביום ז' בטבת תשל"ד (1 ביגואר 1974).</p></content></point></chapter><signature><name>אפרים קציר</name><role> נשיא המדינה</role></signature><signature><name>גולדה מאיר</name><role>ראש הממשלה</role></signature><signature><name>יעקב ש' שפירא</name><role>שר המשפטים</role></signature><dateOfAcceptance>03.08.1973</dateOfAcceptance></body>