<?xml version="1.0" encoding="UTF-8" ?>
<body><title><content><p>חוק הבחירות לכנסת (תיקוו מס' 10), התשמ"א-1981 *</p></content></title><point><heading><authorialNote placement="side"><p>הוספת סעיף א56</p></authorialNote></heading><num>1</num><content><p>
בחוק הבחירות לכנסת [נוסח משולב], התשכ"ט-1969 1, אחרי סעיף 56 יבוא;</p></content></point><point><heading><authorialNote placement="side"><p>"העבירות שבגינן נשללת הזכות להיבחר</p></authorialNote></heading><num>56</num><list><intro><p>
א. (א) העבירות האמורות בטיפה של סעיף 6 לחוק-יסוד: הכנסת 2,
הן עבירות על פרק ז' לחוק העונשין, התשל"ז-81977, ופקודת מניעת
טרור, התש"ח-1948 4.</p></intro><subPoint><num>ב</num><content><p> לענין סעיף זה אין נפקא מינה אם נעברה העבירה ונידון
העבריין אחרי תחילת חוק-יסוד: הכנסת (תיקון מס' 8), או לפניה."</p></content></subPoint></list></point><signature><name>יצחק נבון</name><role>נשיא המדינה</role></signature><signature><name>מנחם בגין</name><role>ראש הממשלה</role></signature><signature><name>יוסף בורג</name><role>שר הפנים</role></signature><dateOfAcceptance>07.04.1981</dateOfAcceptance></body>