<?xml version="1.0" encoding="UTF-8" ?>
<body><title><content><p>חוק לתיקון פקודת בריאות העם (מס' 6), תש"ם-1979 *</p></content></title><point><heading><authorialNote placement="side"><p>החלפת סעיף 4</p></authorialNote></heading><num>1</num><content><p>
במקום סעיף 4 לפקודת בריאות העם, 11940 (להלן - הפקודה)' יבוא:</p></content></point><point><heading><authorialNote placement="side"><p>"הודעות</p></authorialNote></heading><num>4</num><content><p>
(1) שר הבריאות' באישור ועדת העבודה והרווחה של הכנסת,
רשאי לקבוע בתקנות חובת הורעה על יציאה או הוצאה של עובר או ולד
מת מרחם אמו: בתקנות כאמור ייקבע מי יהיה חייב במתן ההודעה' מועד
נתינתה' באילו מקרים תינתן, דרך נתינתה ולמי תינתן.
(2) רופא ממשלתי או מפקח רשאים בכל עת לאחר שעברו 48
שעות מהאירוע שנקבעה לגביו חובה כאמור בסעיף קטן (1)' לדרוש
מכל אדם החייב במתן ההודעה למסור ידיעות לפי מיטב ידיעתו ואמונתו
על הפרטים שהוא חייב בהודעתם, ומחובתו של אדם כזה למלא אחר
הדרישה."</p></content></point><point><heading><authorialNote placement="side"><p>תיקון סעיף 8</p></authorialNote></heading><num>2</num><list><intro><p>
בסעיף 8 לפקודה -
(1) בסעיף קטן (1) -</p></intro><subPoint><num>א</num><content><p> במקום פסקה (ב) יבוא:
"(ב) רופא לשכת בריאות מחוזית שבתחומה נפטר המנוח
או שבו יובא לקבורה וכן רופא שהמנהל הסמיך בכתב' לאחר
התייעצות ברופא המחוזי' והוא עוסק ברפואה בישוב שבו
נפטר המנוח או בישוב שבו יובא לקבורה' או מתגורר בישוב
כאמור - רשאים לתת רשיון קבורה: לא יוסמך כאמור רופא
פלוני' למעט מי שהוסמך בנקיבת שם משרתו' אלא אם הסכים
לכך.";</p></content></subPoint><subPoint><num>ב</num><content><p> בפסקה (ד)' במקום "או לפקיד רישום כאמור בחוק מרשם האוכ-
לוסין, תשכ"ה-1965 - הודעת פטירה בהתאם לאותו חוק ושצויינה בו" 
יבוא "הודעה על פטירה על פי חוק מרשם האוכלוסין, תשכ"ה-21965 /
(להלן - הודעה על פטירה)' או הודעה על לידת מת ושצויינה בהם";</p></content></subPoint><subPoint><num>ג</num><content><p> בפסקאות (ד)' (ה) ו-(ו)' בכל מקום שנאמר בו "פסקה (ב) (2)"
יבוא "פסקה (ב)";
(2) אחרי סעיף קטן (4) יבוא:
"(5) רופא שהוסמך לפי סעיף קטן (1) (ב) יודיע על מתן רשיונות
קבורה ויעביר העתקים מהם ללשכת הבריאות המחוזית' הכל באופן
שייקבע.
(6) רופא הנותן רשיון קבורה יעביר תוך 14 יום הודעה על פטירה
לפקיד רישום כמשמעותו בחוק מרשם האוכלוסין, תשכ"ה-1965.
(7) שר הבריאות' באישור ועדת העבודה והרווחה של הכנסת'
רשאי לקבוע בתקנות מקרים שבהם קבורת עובר או ולד' שיצא או הוצא
מרחם אמו מת, חייכת ברשיון קבורה; דינו של עובר או ולד מת שנקבע
לגביו כאמור' כדין מת לענין סעיף זה."
* נתקבל נכנסת ביום כ'"ג בחשון תש"ם (13 בנובמבר 1979); הצעת החוק ודברי הסבר פורסמו בה"ח 1376, תשל"ט,
עמי 33.
1 ע"ר 1940, תוס' 1, עמ' 191; ע"ר תש"ט, תוס' 1, עמ' 169; ס"ח תשכ"ב, עמ' 12; תשכ"ח, עמ' 275; תש"ל,
 ספר החוקים 946, ב' בכסלו תש''ס, 22.11.1979</p></content></subPoint></list></point><point><heading><authorialNote placement="side"><p>תיקון סעיף 31</p></authorialNote></heading><num>3</num><content><p>
בסעיף 31 (1) לפקודה' לאחר "מקום שהוברר למנהל" יבוא "שחצרים חדלו לשמש
כבית חולים או".</p></content></point><point><heading><authorialNote placement="side"><p>תיקון סעיף 53</p></authorialNote></heading><num>4</num><content><p>
בסעיף 53 לפקודה' אחרי פסקה (יג) יבוא:
"(יד) רעש' ריח וזיהום אויר חזקים או בלתי סבירים כמשמעותם
לפי חוק למניעת מפגעים, תשכ"א-31961, המזיקים או העלולים להזיק
לבריאות."</p></content></point><point><heading><authorialNote placement="side"><p>תיקון סעיף 57</p></authorialNote></heading><num>5</num><content><p>
כסעיף 57 לפקודה' אחרי "תהא עבירה על פי פקודה זו" יבוא "ותהיה בכך גרימת
מפגע לענין חלק זה".</p></content></point><point><heading><authorialNote placement="side"><p>תיקון סעיף 58</p></authorialNote></heading><num>6</num><content><p>
בסעיף 58 (1) לפקודה' אחרי "או כל פקיד מפקידיה" יבוא "רופא מחוזי או מי שהוא
הסמיך לכך" ובמקום "ואותם פקידים" יבוא "והם".</p></content></point><point><heading><authorialNote placement="side"><p> החלפת סעיף 61א</p></authorialNote></heading><num>7</num><content><p>
במקום סעיף 61א לפקודה יבוא:</p></content></point><point><heading><authorialNote placement="side"><p>"אכיפת ביצוע</p></authorialNote></heading><num>61</num><list><intro><p>
א. (1) נוכח רופא מחוזי' כי רשות סניטרית מקומית שבתחום מחוזו
לא השתמשה בסמכות שניתנה לה לפי חלק זה או נמנעה לבצע תפקיד
שנקבע לה בחלק זה' יחולו הוראות אלה:</p></intro><subPoint><num>א</num><content><p> רשאי הרופא המחוזי להודיע בכתב לרשות הסניטרית
המקומית כי עליה להשתמש בסמכות או לבצע תפקיד כאמור'
ואם לא מילאה הרשות אחרי ההודעה כולה או חלקה' תוך
שבעה ימים מיום מתן ההודעה' רשאי הרופא המחוזי או מי
שהוא הסמיך לכך להשתמש באותה סמכות או לבצע אותו
תפקיד במקום הרשות ועל חשבונה;</p></content></subPoint><subPoint><num>ב</num><content><p> אם לדעתו של הרופא המחוזי היה צורך בפעולה למניעת
נזק מיידי חמור - רשאי הרופא המחוזי או מי שהוא הסמיך
לכך להשתמש מיד באותה סמכות או לבצע אותו תפקיד
במקום הרשות הסניטרית המקומית ועל חשבונה' ולתת לרשות
הודעה בכתב על כך.
(2) לענין עבירות לפי חלק זה שנקבעו כעבירות קנס לפי חוק
סדר הדין הפלילי' תשכ"ה-1965 4, יהיו לרופא המחוזי ולמי שהוא
הסמיך כאמור בסעלף קטן (1)' גם הסמכויות לפי סעיף 201ב לאותו חוק.
(3) סכום ששילמה הרשות הסניטרית המקומית על פי סעיף
קטן (1)' רשאית היא לגבותו מהאדם שעקב מעשהו או מחדלו היא חוייבה
בתשלום הסכום האמור."</p></content></subPoint></list></point><point><heading><authorialNote placement="side"><p>הוספת סעיפים 62א עד 62ד</p></authorialNote></heading><num>8</num><content><p>
אחרי מעיף 62 לפקודה יבוא:</p></content></point><point><heading><authorialNote placement="side"><p>"תחולה בשטחי צבא ומשטרה</p></authorialNote></heading><num>62</num><content><p>
א. (1) לא ייכנס אדם לצרכי חלק זה לשטח צבאי' ולא תיעשה בשטח
צבאי פעולה לפי חלק זה' אלא בהסכמת שר הבטחון או מי שהוא הסמיך
לכך.
(2) לא ייכנס אדם לצרכי חלק זה לשטח משטרה' ולא תיעשה
בשטח משטרה פעולה לפי חלק זה' אלא בהסכמת שר הפנים או מי שהוא
הסמיך לכך.</p></content></point><point><heading><authorialNote placement="side"><p>תקנות</p></authorialNote></heading><num>62</num><content><p>
ב. שר הבריאות רשאי להתקין תקנות כדבר דרכי מניעת מפגעים לפי
חלק זה.</p></content></point><point><heading><authorialNote placement="side"><p>שמירת תוקף</p></authorialNote></heading><num>62</num><content><p>
ג. הוראות חלק זה באות להוסיף על חיובים שהוטלו וסמכויות שהוענ-
קו בפקודה זו ובחיקוקים אחרים ולא לגרוע מהם.</p></content></point><point><heading><authorialNote placement="side"><p>תחולה על המדינה</p></authorialNote></heading><num>62</num><content><p>
ד. לענין חלק זה דין המדינה כדין כל אדם."</p></content></point><point><heading><authorialNote placement="side"><p>הוספת סעיף 65ג</p></authorialNote></heading><num>9</num><content><p>
אחרי סעיף 65ב לפקודה יבוא:</p></content></point><point><heading><authorialNote placement="side"><p>"מרפאות</p></authorialNote></heading><num>65</num><list><intro><p>
ג. (1) שר הבריאות רשאי בתקנות לקבוע לגבי מרפאות' הן דרך
כלל והן לגבי סוגים מהן לפי ענפי השירותים או הטיפול הניתן בהן,
הוראות בדבר -</p></intro><subPoint><num>א</num><content><p> דרכי הפיקוח על מילוי הוראות התקנות לפי סעיף זה:</p></content></subPoint><subPoint><num>ב</num><content><p> סידורי תברואה:</p></content></subPoint><subPoint><num>ג</num><content><p> מקום לפעולות כירורגיות:</p></content></subPoint><subPoint><num>ד</num><content><p> פעולות עיקור וחיטוי?</p></content></subPoint><subPoint><num>ה</num><content><p> מעבדות:</p></content></subPoint><subPoint><num>ו</num><content><p> חדר תרופות וחלוקת תרופות:</p></content></subPoint><subPoint><num>ז</num><content><p> הכשרת הצוות הסיעודי ואימונו:</p></content></subPoint><subPoint><num>ח</num><content><p> ניהול רשומות, החזקתן, שמירתן והביקורת עליהן.
(2) תקנות על פי פסקאות (א)' (ז) ו-(ח) של סעיף קטן (1),יותקנו\
באישור ועדת העבודה והרווחה של הכנסת. 
(3) בסעיף זה' "מרפאה" - מקום המיועד להגשת שירותי רפואה'
רפואת שיניים וסיעוד' לרבות טיפול יום וטיפול לילה' להשגחה למטרות
אלה על חולים ועל נשים בזיקה להריון, ולשיקום, והכל שלא בדרך של
אשפוז."</p></content></subPoint></list></point><point><heading><authorialNote placement="side"><p>תיקון סעיף 71</p></authorialNote></heading><num>10</num><content><p>
בסעיף 71 לפקודה' במקום "000'5 לירות" יבוא "000'50 לירות" ובמקום "100
לירות" יבוא "1,000 לירות".</p></content></point><point><heading><authorialNote placement="side"><p>תיקון חוק מרשם האוכלוסין</p></authorialNote></heading><num>11</num><content><p>
בחוק מרשם האוכלוסין, תשכ"ה-1965 -
(1) בסעיף 7' במקום "לפקיד רישום או למי שהוסמך להוציא את רשיון
הקבורה לפי פקודת בריאות העם, 1940" יבוא "למי שהוסמך להוציא את רשיון
הקבורה לפי פקודת בריאות העם, 1940' ואם לא נדרש רשיון קבורה - לפקיד
רישום"?
(2) בסעיף 15' פסקה (5) - כטלה.</p></content></point><point><heading><authorialNote placement="side"><p>חווילה</p></authorialNote></heading><num>12</num><content><p>
תחילתו של סעיף 1 ששה חדשים מיום פרסום חוק זה ברשומות.</p></content></point><signature><name>יצחק נבון</name><role>נשיא המדינה</role></signature><signature><name>מנחם בגין</name><role>ראש הממשלה</role></signature><signature><name>אליעזר שוסטק</name><role>שר הבריאות</role></signature><dateOfAcceptance>22.11.1979</dateOfAcceptance></body>