<?xml version="1.0" encoding="UTF-8" ?>
<body><title><content><p>חוק בתי הדין הדתיים הדרוזיים, תשכ"ג-1962 *</p></content></title><point><heading><authorialNote placement="side"><p>הגדרות</p></authorialNote></heading><num>1</num><content><p>
בחוק זה -
"בית דין" - בית דין דתי דרתי;
"בית הדין לערעורים" - בית הדין הדתי הדרוזי לערעורים:
"קאדי-מד'הב" - חבר בית דין או חבר בית הדין לערעורים;
"המועצה" --- המועצה הדתית הדרוזית שכוננה בתקנות לפי פקודת העדות הדתיות (ארגונן) *.</p></content></point><point><heading><authorialNote placement="side"><p>הקמת בתי דין</p></authorialNote></heading><num>2</num><content><p>
מוקם בזה בית דין ובית דין לערעורים. הם יתחילו לפעול מן היום שייקבע לכך על
ידי הממשלה כהכרזה שתפורסם ברשומות.</p></content></point><point><heading><authorialNote placement="side"><p>מקומות מושב ואזורי שיפוט</p></authorialNote></heading><num>3</num><content><p>
מקום מושבם של בית הדין ושל בית הדין לערעורים, ואם יופעלו יותר מבית דין
אחד - אזורי שיפוטם, ייקבעו על ידי שר הדתות בצו.</p></content></point><point><heading><authorialNote placement="side"><p>שיפוט ייחודי</p></authorialNote></heading><num>4</num><content><p>
עניני נישואין וגירושין של דרוזים בישראל' אזרחי המדינה או תושביה, יהיו בשיפוטו
הייחודי של בית הדין: כן יהיו בשיפוטו הייחודי ענינים הנוגעים ליצירתו או להנהלתו
הפנימית של הקדש דתי שנוסד בפני בית דין על פי הדין הדרוזי או של הקדש דרוזי שנוסד
לפני תחילת חוק זה לפי מנהג דרוזי שלא כפני בית דין דתי או בית משפט.</p></content></point><point><heading><authorialNote placement="side"><p>שיפוט על סי הסכמה</p></authorialNote></heading><num>5</num><content><p>
בעניני המעמד האישי של דרוזים כמפורט בסעיף 51 לדבר המלך במועצה על ארץ
ישראל, 21947-1922, או בפקידת הירושה3, אשר בהם אין לבית דין שיפוט ייהו- ^--
סעיף 4, יהא לבית הדין שיפוט לאחר שכל הצדדים הנוגעים בדבר הביעו הסכמתם בך </p></content></point><point><heading><authorialNote placement="side"><p>סמכות בית הדין לערעורים</p></authorialNote></heading><num>6</num><content><p>
בית הדין לערעורים ידון בערעורים על פסקי דין של בית הדין.</p></content></point><point><heading><authorialNote placement="side"><p>סמכויות עזר</p></authorialNote></heading><num>7</num><content><p>
לבתי הדין ולבית הדין לערעורים נתונות הסמכויות המוענקות לבתי דין דתיים בחוק
בתי דין דתיים (הזמנה לבית הדין), תשט"ז-.41956</p></content></point><point><heading><authorialNote placement="side"><p>הרכב בתי הדין</p></authorialNote></heading><num>8</num><content><p>
בית דין ידון בשלושה: בית הדין לערעורים ידון כלא פחות משלושה.</p></content></point><point><heading><authorialNote placement="side"><p>מינוי של קאדי מד'חה</p></authorialNote></heading><num>10</num><content><p>
קאדי-מד'הב יתמנה על ידי בשיא המדינה לפי הצעת ועדת מינויים שתובא לפגי הנשיא
על ידי שר הדתות.</p></content></point><point><heading><authorialNote placement="side"><p>ועדת המינויים</p></authorialNote></heading><num>11</num><list><intro><p /></intro><subPoint><num>א</num><content><p> ועדת המינויים (להלן - הועדה) תהיה של שמונה חברים:
יושב ראש המועצה;
ראש בית הדין לערעורים, ואם הוא מכהן גם כיושב ראש המועצה - קאדי
מד'הב שייבחר על ידי'חבר הקאדים-מד'הב לשלוש שנים;
קאדי-מד'הב נוסף שייבחר על ידי חבר הקאדים-מד'הב לשלוש שנים:
שר הדתות ושר המשפטים?
חבר כנסת דרוזי שייבחר על ידי הכנסת בבחירה חשאית ויכהן כל עוד הוא
חבר הכנסת/ ואם תמה כהונת הכנסת - עד שתבחר הכנסת החדשה חבר אחר
במקומו, ואם אין בכנסת חבר כבסת דרוזי - דרוזי שייבחר על ידי הכבסת
בבחירה חשאית ויכהן כל עוד לא בחרה הכנסת דרוזי אחר במקומו:
חבר כנסת דרוזי נוסף או דרוזי שאינו חבר הכנסת שייבחר על ידי הכנסת
בבחירה חשאית ויכהן כל עוד לא בחרה הכנסת דרוזי אחר במקומו;
עורך דין שייבחר על ידי המועצה הארצית של לשכת עורכי הדין לשלוש
שנים.</p></content></subPoint><subPoint><num>ב</num><content><p> הרכב הועדה יפורסם ברשומות,</p></content></subPoint><subPoint><num>ג</num><content><p> שר הדתות ישמש יושב ראש הועדה.</p></content></subPoint><subPoint><num>ד</num><content><p> הועדה תוכל לפעול אף אם פחת מספר חבריה' כל עוד לא פחת מששה.</p></content></subPoint></list></point><point><heading><authorialNote placement="side"><p>סדרי עגלתו הועדת</p></authorialNote></heading><num>12</num><list><intro><p /></intro><subPoint><num>א</num><content><p> ראה שר הדתות שיש למנות קאדי-מד'הב' יודיע על כך ברשומות ויכנס את
הועדה.</p></content></subPoint><subPoint><num>ב</num><content><p> אלה רשאים להציע מועמדים: שר הדתות? ראש בית הדין לערעורים; שלושה
חברי הועדה כאחד.</p></content></subPoint><subPoint><num>ג</num><content><p> הצעת הועדה למנות קאדי-מד'הב תהיה על דעת רוב חבריה שהשתתפו בהצבעה.
(ד&gt; שאר סדרי דיוניה ועבודתה של הועדה ייקבעו על ידיה.</p></content></subPoint></list></point><point><heading><authorialNote placement="side"><p>הצהרת אמונים</p></authorialNote></heading><num>13</num><content><p>
מי שנתמנה קאדי-מד'הב חייב' בטרם ישב בדין, להצהיר בפני נשיא המדינה הצהרה זו:
"אני מתחייב לשמור אמונים למדינת ישראל' לשמוט את העם משפט
צדק' לא להטות משפט ולא להכיר פנים".</p></content></point><point><heading><authorialNote placement="side"><p>כוחו של מינוי</p></authorialNote></heading><num>14</num><content><p>
קאדי-מד'הב שמיבויו פורטם ברשומות' אין עוררין על מינויו.</p></content></point><point><heading><authorialNote placement="side"><p>אי-תלות</p></authorialNote></heading><num>15</num><content><p>
אין על קאדי-מד'הב מרות בעניני שפיטה זולת מרותו של הדין.</p></content></point><point><heading><authorialNote placement="side"><p>סדרי מינהל</p></authorialNote></heading><num>16</num><content><p>
שר הדתות יקבע' בהתייעצות עם ראש בית הדין לערעורים ועם שר המשפטים, את
סדרי המינהל של בתי הדין, והוא רשאי למנות מנהל לנתי הדין שיהיה אחראי בפניו לביצוע
סדרי המינהל.</p></content></point><point><heading><authorialNote placement="side"><p>תקופת הכהונה</p></authorialNote></heading><num>17</num><content><p>
קאדי-מדיהכ יכהן מיום שהצהיר אמונים, וכהונתו לא תיפסק אלא במותו. בהתפטרותו'
בפרישתו לקיצבה או בהעברתו מן הכהונה על פי חוק זה.</p></content></point><point><heading><authorialNote placement="side"><p>התפטרות</p></authorialNote></heading><num>18</num><content><p>
קאדי-מד'הב רשאי להתפטר מכהונתו על ידי הגשת כתב התפטרות לשר הדתות'
וכהונתו תיפסק בתום שלושה חדשים מהגשת כתב ההתפטרות, אם לא הסכים שר הדתות
למועד קצר יותר.</p></content></point><point><heading><authorialNote placement="side"><p>קיצבה</p></authorialNote></heading><num>19</num><list><intro><p /></intro><subPoint><num>א</num><content><p> קאדי מד'הב יצא לקיצבה -
(1) בהגיעו לגיל שבעים?
(2) משקבעה ועדת המינויים, על יסוד חוות דעת רפואית, שמחמת מצב
בריאותו נבצר ממנו להמשיך במילוי תפקידו.</p></content></subPoint><subPoint><num>כ</num><content><p> קאדי-מד'הב רשאי לצאת לקיצבה -
(1) לאחר שכיהן עשרים שנה' אם הגיע לגיל ששים:
(2) לאחר שכיהן חמש עשרה שנה' אם הגיע לגיל ששים וחמש;	
(3) אם ביקש זאת ובקשתו אושרה על ידי ועדת המינויים. ~~</p></content></subPoint><subPoint><num>ג</num><content><p> בחישוב תקופת כהונתו של קאדי-מדיהכ לענין סעיף קטן (ב) תצורף אל תקופת
כהונתו כקאדי-מד'הב כל תקופת שירותו במדינה או במוסד אחר שועדת הכספים של הכנסת
אישרה אותו לענין זה' או מקצתה של תקופה זו' הכל לפי כללים שקבעה ועדת הכספים.</p></content></subPoint></list></point><point><heading><authorialNote placement="side"><p>משכורת ותשלומים אחרים</p></authorialNote></heading><num>20</num><content><p>
משכורתו של קאדי-מד'הב והתשלומים האחדים שישולמו לו בתקופת כהונתו או
אחריה, לרבות אלה שישולמו לתלויים בו לאחר מותו' ייקבעו על ידי החלטת הכנסת' והיא
רשאית להסמיך לכך את ועדת הכספים: החלטות לפי סעיף זה יפורסמו ברשומות.</p></content></point><point><heading><authorialNote placement="side"><p>ייחור הכהונה</p></authorialNote></heading><num>21</num><content><p>
קאדי-מד'הב לא יהיה חבר הכנסת או במועצה של רשות מקומית; אולם רשאי  הוא,
בהסכמתו ובהסכמת שר הדתות' למלא באורח זמני תפקיד אחר מטעם המדינה או למלא
תפקיד ציבורי אחר' אם לדעתם אין הדבר פוגע כמעמדו כקאדי-מד'הב.</p></content></point><point><heading><authorialNote placement="side"><p>בית דין משמטתי</p></authorialNote></heading><num>22</num><list><intro><p /></intro><subPoint><num>א</num><content><p> כל קאדי-מד'הב יהיה נתון לשיפוטו של בית דין משמעתי.</p></content></subPoint><subPoint><num>ב</num><content><p> בית הדין המשמעתי יהיה של שלושה שהם ראש בית הדין לערעורים או הקאדי-
מד'הב בעל הותק הגדול' כפי שיקבע שר הדתות לכל ענין; עורך דין שיתמנה על ידי המועצה
הארצית של לשכת עורכי הדין לכל ענין? וחבר שיתמנה על ידי שר הדתות לכל ענין,</p></content></subPoint></list></point><point><heading><authorialNote placement="side"><p>קובלנה על קאדי- מד'הב</p></authorialNote></heading><num>23</num><list><intro><p /></intro><subPoint><num>א</num><content><p> שר הדתות רשאי להגיש לבית הדין המשמעתי קובלנה על קאדי-מדיהכ על
יסוד אחד מאלה:
(1) הקאדי-מד'הב נהג שלא כהלכה במילוי תפקידו:
(2) הקאדי-מד'הב התנהג כאופן שאינו הולם את מעמדו של קאדי-מד'הב
במדינת ישראל?
(3) הקאדי-מד'הב הורשע על עבירה שבנסיבות הענין יש בה משום קלון;
(4) ועדת המינויים מצאה שהקאדי-מד'הב השיג את מינויו שלא כדין.</p></content></subPoint><subPoint><num>ב</num><content><p> שר הדתות רשאי להיות מיוצג בפני בית הדין המשמעתי על ידי בא כוחו.</p></content></subPoint></list></point><point><heading><authorialNote placement="side"><p>מסקנות של בית הדין המשמעתי</p></authorialNote></heading><num>24</num><list><intro><p /></intro><subPoint><num>א</num><content><p> בית הדין המשמעתי יביא את מסקנותיו, לזכות או לחובה. לפני שר הדתות.</p></content></subPoint><subPoint><num>ב</num><content><p> מצא בית הדין המשמעתי שאין הקאדי-מדיהב ראוי להמשיך בתפקידו/ יביא שר
הדתות את מסקנות בית הדין המשמעתי לפני בשיא המריבה' והנשיא יעביר את הקאדי--
מד'הב מכהונתו.</p></content></subPoint></list></point><point><heading><authorialNote placement="side"><p>גימלאות של קאדי-מד'הב שהועבר מכהונתו</p></authorialNote></heading><num>25</num><content><p>
מצא בית הדין המשמעתי שאין הקאדי-מד'הב ראוי להמשיך בתפקידו' לא יהיה הקאדי-
מד'הב זכאי לגימלה; ואולם אם נמצא הקאדי-מד'הב אשם בהתנהגות בניגוד לפסקאות (1)
או (2) לסעיף 23 (א), ובית הדין המשמעתי הגיע' מטעמים מיוחדים שיפרט. לידי מסקנה.
כי אף על פי שהקאדי-מד'הב אינו ראוי להמשיך בתפקידו, מן הראוי שתשולם לו גימלה'
רשאי הוא לקבוע את שיעור הגימלה שתשולם לקאדי-מד'הב' ובלבד שלא תעלה על הסכום
שהיה משתלם לו על פי החלטת הכנסת או ועדת הכספים לפי סעיף 20 אילו חדל מכהן
מרצונו כיום בו הועבר מכהונתו.</p></content></point><point><heading><authorialNote placement="side"><p>השעייה של קאדי-מד'הב</p></authorialNote></heading><num>26</num><list><intro><p>
(א&gt; הוגשה על קאדי-מד'הב קובלנה על פי סעיף 23, או הוגשה נגדו תביעה פלילית,
רשאי שר הדתות' בהתייעצות עם ראש בית הדין לערעורים, להשעות את הקאדי-מד'הב
לתקופה שימצא לנכון.</p></intro><subPoint><num>ב</num><content><p> בית הדין המשמעתי רשאי' על פי בקשת הקאדי-מד'הב' לבטל את השעייתו.</p></content></subPoint></list></point><point><heading><authorialNote placement="side"><p>פרסום ברשומות</p></authorialNote></heading><num>27</num><content><p>
הודעה על מינוי קאדי-מד'הב ועל גמר כהונתו של קאדי-מד'הב תפורסם ברשומות.</p></content></point><point><heading><authorialNote placement="side"><p>תביעה מלילית</p></authorialNote></heading><num>28</num><content><p>
לא תוגש תביעה פלילית נגד קאדי-מד'הב אלא על ידי היועץ המשפטי לממשלה
ולפני בית המשפט המחוזי שישב בהרכב של שלושה שופטים.</p></content></point><point><heading><authorialNote placement="side"><p>הוראות מעבר</p></authorialNote></heading><num>29</num><list><intro><p /></intro><subPoint><num>א</num><content><p> מי שכיהן כיום תחילתו של חוק זה כחבר המועצה יהיה מאותו יום חבר בית
הדין לערעורים, ללא מינוי נוסף, ויושב ראש המועצה יהיה ראש בית הדין לערעורים</p></content></subPoint><subPoint><num>ב</num><content><p> במינויים הראשונים שייעשו לפי חוק זה ישמשו חברי בית הדין לערעורים כחברי
ועדת המינויים במקום הקאדים-מד'הב האמורים כסעיף 11 (א).</p></content></subPoint><subPoint><num>ג</num><content><p> מי שנהיה לקאדי-מד'הב לפי סעיף קטן (א) או על פי מינוי תוך שנה מיום תחילת
חוק זה לא יצא לקיצבה לפני עבור שלוש שנים מיום תחילת חוק זה' על אף האמור בסעיף
19 (א) (1).</p></content></subPoint><subPoint><num>ד</num><content><p> למשך שבע שנים מתחילת חוק זה רשאית הכנסת או ועדת הכספים לקבוע לפי
סעיף 20 לקאדי-מד'הב משכורת מלאה או משכורת חלקית.</p></content></subPoint></list></point><point><heading><authorialNote placement="side"><p>ביצוע ותקנות</p></authorialNote></heading><num>30</num><content><p>
שר הדתות ממונה על ביצוע חוק זה והוא רשאי להתקין תקנות לביצועו' לרבות
קביעת אגרות שישולמו בבתי הדין; שר הדתות רשאי, בהתייעצות עם ראש בית הדין לער-
עורים ועם שר המשפטים, לקבוע בתקנות -
(1) את סדרי הדין כבית הדין המשמעתי;
(2) את סדרי ייצוגם של בעלי דין לפני בתי הדין על ידי מי שאינו עורך דין.</p></content></point><signature><name>יצחק בן-צבי</name><role>נשיא המדינה</role></signature><signature><name>דוד בן-גוריון</name><role>ראש הממשלה</role></signature><signature><name>זרח ורהפטיג</name><role>שר הדתות</role></signature><dateOfAcceptance>03.01.1963</dateOfAcceptance></body>