<?xml version="1.0" encoding="UTF-8" ?>
<body><title><content><p>חוק הבחירות לכנסת (תיקון מס' 9), תשכ"ט-1969 *</p></content></title><point><heading><authorialNote placement="side"><p>החלפת סעיף 21</p></authorialNote></heading><num>1</num><content><p>
במקום סעיף 21 לחוק הבחירות לכנסת, תשי"ט--1959 1, יבוא:</p></content></point><point><heading><authorialNote placement="side"><p>"כינוי ואוו/ של רשימת מועמדים</p></authorialNote></heading><num>21</num><list><intro><p /></intro><subPoint><num>א</num><content><p> רשימת מועמדים תישא כינוי עם אות או עם שתי אותיות
שונות של האלף-בית העברי, להבדילה מרשימות מועמדים אחרות.</p></content></subPoint><subPoint><num>ב</num><content><p> סיעה מסיעות הכנסת היוצאת, זכות עדיפות לה לסמן את
רשימתה ככינוי, באות או באותיות, כולם או מקצתם, שבהם היתה מסומנת
רשימת המועמדים שלה בבחירות לכנסת היוצאת; שתי סיעות או יותר
של הכנסת היוצאת, בין שהתאחדו לסיעה אחת ובין אם לאו, המגישות
רשימת מועמדים אחת, זכות עדיפות להן לסמן את רשימתן בכינויים או
באותיות, כולם או מקצתם, שבהם היו מסומנות רשימות המועמדים שלהן
בבחירות לכנסת היוצאת, והוא אף אם המספר הכולל של האותיות עולה
על שתים.</p></content></subPoint><subPoint><num>ג</num><content><p> לא תישא רשימת מועמדים את הכינוי, האות או האותיות,
כולם או מקצתם, שבהם היתה מסומנת רשימת מועמדים של סיעה מסיעות
הכנסת היוצאת, אלא בהסכמתו בכתב של בא-כוח אותה סיעה, ואם
התאחדה אותה סיעה עם סיעה אחרת - בהסכמתו בכתב של בא-כוח
הסיעה המאוחדת.</p></content></subPoint><subPoint><num>ד</num><content><p> בכפוף להוראות סעיפים קטנים (א) עד (ג), מי שהקדים
להגיש את רשימתו, זכותו לבחור כינוי ואות או שתי אותיות - קודמת.</p></content></subPoint><subPoint><num>ה</num><content><p> רשימת מועמדים שלא ניתנו לה כינוי או אות על ידי מגישיה,
תתן לה הועדה המרכזית, בכפוף להוראות סעיף זה, כינוי ואות או שתי
אותיות.</p></content></subPoint><subPoint><num>י</num><content><p> רשימת מועמדים לא תישא כינוי, אות או אותיות העלולים
להטעות."</p></content></subPoint></list></point><signature><name>שביאור זלמן שזר</name><role>נשיא המדינה</role></signature><signature><name>גולדה מאיר</name><role>ראש הממשלה</role></signature><signature><name>חיים משה שפירא</name><role>שר הפנים</role></signature><dateOfAcceptance>04.04.1969</dateOfAcceptance></body>