<?xml version="1.0" encoding="UTF-8" ?>
<body><title><content><p>חוק הבחירות לכנסת התשיעית (הוראת שעה) (תיקון),</p></content></title><point><heading><authorialNote placement="side"><p>תיקון סעיף 9</p></authorialNote></heading><num>1</num><content><p>
בסעיף 9 לחוק הבחירות לכנסת התשיעית (הוראת שעה), תשל"ז-1977  1(להלן -
החוק העיקרי), במקום "כ"ב באדר ב'" יבוא "י"ד באב".</p></content></point><point><heading><authorialNote placement="side"><p>ביטול סעיף 10</p></authorialNote></heading><num>2</num><content><p>
סעיף 10 לחוק העיקרי - בטל.</p></content></point><signature><name>יצחק נכון</name><role>נשיא המדינה</role></signature><signature><name>מנחם בגין</name><role>ראש הממשלה</role></signature><signature><name>יוסף בורג</name><role>שר הפנים</role></signature><dateOfAcceptance>09.06.1978</dateOfAcceptance></body>