<?xml version="1.0" encoding="UTF-8" ?>
<body><title><content><p>חוק לתיקון פקודת בנין ערים, תשי"ט-1959 *</p></content></title><point><heading><authorialNote placement="side"><p>תיקון סעיף 6</p></authorialNote></heading><num>1</num><content><p>
בסעיף 5 לפקודת בנין ערים, 1936  1(להלן - הפקודה)/ בפסקה (ח), אחרי "הודעות"
יבוא "ותעודות אחרות'/</p></content></point><point><heading><authorialNote placement="side"><p>תיקון סעיף 35</p></authorialNote></heading><num>2</num><content><p>
בסעיף 35 לפקודה -
(1) בסעיף קטן (2) ,במקום "חמש מאות לירות" יבוא "עשרת אלפים לירות"*
(2) בסעיף קטן (8) ,במקום המלים "או כגלל סירוב ליתן צו כזה או בגלל
אי-נתינתו" יבואו המלים "או בגלל סירוב ליתן צו כזה או צו לפי סעיף 36 (1)
או בגלל אי מתן צווים כאמור'/</p></content></point><point><heading><authorialNote placement="side"><p>תיקון סעיף 36</p></authorialNote></heading><num>3</num><list><intro><p>
בסעיף 36 לפקודה -
(1) בסעיף קטן (2)/ אחרי המלים "כל אדם הרואה את עצמו מקופח בגלל
צו כזה" יבואו המלים "או על ידי סירוב לתיתו";
(2) בסעיף קטן (3), לפני המלים "לקנס עד מאה לירות'/ יבואו המלים
"לקנס עד עשרת אלפים לירות, וכן";
(3) אחרי סעיף קטן (3) יבואו סעיפים קטנים אלה:
"(4) נמשכו פעולות הבניה בניגוד לצו שניתן לפי הסעיפים
הקטנים (1) או (2) (להלן - צו הפסקה שיפוטי), בלי רשיון לפי פקודה
זו או בסטיה ניכרת מתנאי הרשיון, רשאי בית המשפט, לפי בקשת היועץ
המשפטי לממשלה או בא-כוחו או הועדה המקומית, ואם ראה שמן הצדק
לעשות כן, לצוות שכל מבנה או חלק ממנו שהוקמו בניגוד להוראות
צו ההפסקה השיפוטי ייהרסו מיד (להלן - צו הריסה שיפוטי).
(5) ביצועו של צו הריסה שיפוטי יטיל בית המשפט על האדם
הנראה לו אחראי לפי פקודה זו לביצוע העבירה שבבניה, אם אותו אדם
והמבקש הסכימו לכך; באין הסכמה, וכן במקרה שאותו אדם לא ביצע
את צו ההריסה, יחולו הוראות אלה:</p></intro><subPoint><num>א</num><content><p> הוגשה הבקשה לצו ההריסה על ידי הועדה המקומית,
יטיל בית המשפט את ביצוע הצו עליה;</p></content></subPoint><subPoint><num>ב</num><content><p> הוגשה הבקשה לצו ההריסה על ידי היועץ המשפטי
או בא-כוחו, יטיל בית המשפט את ביצוע הצו על יושב ראש
הועדה המחוזית.
(6) צו הריסה שיפוטי יכול להינתן, בין שהוגש כתב אישום לפי
סעיף קטן (3) ובין שלא הוגש.
(7) צו הריסה שיפוטי לא יינתן אלא לאחר שניתנה לנוגע בדבר
הזדמנות נאותה להשמיע את דבריו' זולת אם ראה בית המשפט כי יש
לתת את הצו לאלתר, בלי לתת הזדמנות להשמיע טענות כאמור, כדי
למנוע את גמר פעולות הבניה בניגוד לצו ההפסקה השיפוטי ואת תפיסת
המבנה.
* גתקבל בכנסת ביום כ"ט באדר ב' תשי''ט (8 באפריל 1959); הצעת החוק ודברי הגזבר נתפרסמו בה"ח 353, תשי"ח,
עמ' 306.
(8) הודאות הסעיפים הקטנים (2) ו-(7) לסעיף 35 בדבר גביית
הוצאות ההריסה יחולו על הריסה לפי סעיף זה, בשינויים המחוייבים
לפי הענין."</p></content></subPoint></list></point><point><heading><authorialNote placement="side"><p>הוספת סעיפים 36א עד 30יג</p></authorialNote></heading><num>4</num><content><p>
אחרי סעיף 36 לפקודה יבואו סעיפים אלה:</p></content></point><point><heading><authorialNote placement="side"><p>"הפסקת בניו? על פי צו מינהלי</p></authorialNote></heading><num>36</num><content><p>
א. (1) היה ליושב ראש הועדה המקומית, ליושב ראש הועדה המחוזית/
למהנדס העיר' ובאין מהנדס עיר, למהנדס שהוסמך לכך על ידי יושב
ראש הועדה המחוזית או על ידי יושב ראש הועדה המקומית, יסוד סביר
להניח כי מבצעים עבודת בניה בלי רשיון לפי פקודה זו או בסטיה ניכרת
מתנאי הרשיון, הרי כל עוד לא הוגש לבית המשפט כתב אישום בדבר
העבירה שבבניה זאת או בקשה להפסיקה לפי סעיף 36(2), רשאי הוא
לצוות בכתב לכל אדם הנראה לו אחראי לפי פקודה זו לביצוע העבירה
ולכל עובד בשירותו של אותו אדם להפסיק מיד את עבודת הבניה.
(2) סמכות לפי סעיף קטן (1) ניתנת גם לקצין משטרה בדרגת
מפקח ומעלה, אם יש לו יסוד סביר להניח כי מבצעים עבודת בניה כלי
רשיון לפי פקודה זו.
(3) צו שניתן לפי הסעיפים הקטנים (1) או (2) (להלן - צו הפסקה
מינהלי) בטל בתום שבעה ימים מיום נתינתו, זולת אם לפני תום אותו
מועד הוגשה לבית משפט השלום, המוסמך לדון בעבירה שבגללה ניתן
הצו, בקשה לאישורו והעתק ממנו הומצא למי שנגדו ניתן הצו בדרך
שהומצא לו צו ההפסקה המינהלי, או בדרך אחרת שיחליט עליה בית
המשפט על פי בקשת מבקש האישור.
(4) אישר בית המשפט את צו ההפסקה המינהלי, עם שינויים
או בלי שינויים, רואים אותו מאותו יום ואילך כצו הפסקה שיפוטי.
(5) סירב בית המשפט לאשר צו הפסקה מינהלי' בטל הצו מיום
החלטת בית המשפט.
(6) דין החלטת בית המשפט לפי סעיף זה, לענין ערעור' כדין
צו לפי סעיף 35(8).</p></content></point><point><heading><authorialNote placement="side"><p>תוכן צו הפטקה מינהלי</p></authorialNote></heading><num>36</num><list><intro><p>
ב. צו הפסקה מינהלי יפרט, בין השאר -</p></intro><subPoint><num>א</num><content><p> את המקרקעין שעליהם הוא חל;</p></content></subPoint><subPoint><num>ב</num><content><p> את העובדה שהעבודה או חלק ממנה בוצעו ללא רשיון,
או באיזו מידה יש בהם משום הפרת תנאי הרשיון;</p></content></subPoint><subPoint><num>ג</num><content><p> את החלק שבוצע מתוך העבודה שיש להפסיקה;</p></content></subPoint><subPoint><num>ד</num><content><p> את הוראת סעיף 36ה בדבר הזכות לבקש ביטול הצו,
את המועד ואת המקום להגשת הבקשה לביטול הצו;</p></content></subPoint><subPoint><num>ה</num><content><p> התראה כי כל מה שייבנה בניגוד לצו, ייהרס בהתאם
לסעיף 36ג.</p></content></subPoint></list></point><point><heading><authorialNote placement="side"><p>הריסת תוספת הבניה אחרי צו הפסקה מינהלי</p></authorialNote></heading><num>36</num><content><p>
ג. (1) נמשכו פעולות הבניה בניגוד לצו הפסקה מינהלי בלי רשיון
לבניה באותו מקום, לפי פקודה זו, או בסטיה ניכרת מתנאי הרשיון שיש
בה משום סכנת נפשות, רשאי יושב ראש הועדה המחוזית לצוות על מי
שניתן לו צו ההפסקה המינהלי, או על מי שהצו היה יכול להינתן לו,
להרוס את מה שנבנה אחרי מתן צו ההפסקה המינהלי ובניגוד לו.</p></content></point><point><heading><authorialNote placement="side"><p>תקפו של צו הפסקה</p></authorialNote></heading><num>36</num><content><p>
ד. צו הפסקה מינהלי יעמוד בתקפו עד שיבוטל מכוח סעיף 36א או
על ידי מי שנתן את הצו, או על ידי יושב ראש הועדה המחוזית, או על
ידי בית המשפט בהליכים לפי סעיף 36ה.</p></content></point><point><heading><authorialNote placement="side"><p>ערעור לבית המשפט</p></authorialNote></heading><num>36</num><content><p>
ה. הרואה עצמו נפגע על ידי צו הפסקה מינהלי, רשאי, לא יאוחר
מהיום השביעי לאחר שהומצא לו הצו, וכל עוד לא הוגשה הבקשה
לאישורו, להגיש לבית המשפט השלום המוסמך לדון בעבירה שבגללה
ניתן הצו, בקשה לביטול הצו; הגשת הערעור אינה מתלה את תקפו של
הצו, ודין ההחלטה של בית המשפט בערעור כאמור, הוא, לענין הערעור
עליה, כדין צו לפי סעיף 35 (8).</p></content></point><point><heading><authorialNote placement="side"><p>עוגשין</p></authorialNote></heading><num>36</num><content><p>
ו. מי שאינו מקיים צו הפסקה מינהלי או צו לפי סעיף 36ג שהומצאו
לו, דינו - קנס עשרת אלפים לירות וכן קנס חמש מאות לירות או מאסר
שבוע ימים לכל יום שבו נמשכת העבירה, אחרי המצאת הצו. הרשעה
לפי סעיף זה אינה פוטרת את הנשפט מקיום המוטל עליו לפי סעיף 36ג.</p></content></point><point><heading><authorialNote placement="side"><p>נזיקין</p></authorialNote></heading><num>36</num><content><p>
ז. צו הפסקה מינהלי שניתן שלא כדין ושבוטל באחת הדרכים האמורות
בסעיף 36ד - מי שנגרם לו נזק על ידיו זכאי לתשלום פיצויים מאת
הועדה המקומית, אם הצו ניתן על ידי יושב ראש הועדה המקומית או
מהנדס שהוסמך על ידיו או על ידי מהנדס העיר, או מאת אוצר המדינה -
בכל מקרה אחר; אולם לא ישולמו פיצויים מחמת זה בלבד שהיה פגם
במינויו או בהסמכתו של האדם שנתן את הצו.</p></content></point><point><heading><authorialNote placement="side"><p>סטיה ניכרת מתנאי הרשיון- מהי</p></authorialNote></heading><num>36</num><list><intro><p>
ח. בניה בסטיה ניכרת מתנאי הרשיון לעניני צו הפסקה שיפוטי וצו
הפסקה מינהלי היא -</p></intro><subPoint><num>א</num><content><p> בניה שיש בה שינוי בייעוד או בשימוש של הבנין או
של חלק ממנו, כפי שנקבעו ברשיון, ובין השאר - הפיכת
בנין או חלק ממנו שאינם ראויים למגורים - למקום מגורים;</p></content></subPoint><subPoint><num>ב</num><content><p> סטיה מהחישובים הסטאטיים שצורפו לבקשת רשיון
ונעשו תנאי בו, וכן תוספת בניה שיש בה כדי להכשיל
חישובים אלה;</p></content></subPoint><subPoint><num>ג</num><content><p> בניה בשיטות, בחמרים או בהליכים שלא בהתאם לתנאי
הרשיון;</p></content></subPoint><subPoint><num>ד</num><content><p> בניה של חדר מגורים שאינו מגיע לגובה שנקבע לכך
ברשיון;</p></content></subPoint><subPoint><num>ה</num><content><p> אי-הקמת מקלט או בור מים במקום שתנאי הרשיון
. מחייבים את הקמתם;</p></content></subPoint><subPoint><num>ו</num><content><p> אי-הקמת חדרי מטבח, חדרי אמבטיה, חדרי מקלחות/
בתי שימוש וחדרי שירות כיוצא באלה, במקום שתנאי הרשיון
מחייבים את הקמתם, או התקנת מיתקני תברואה' בניגוד
 לתנאי הרשיון, בדרך העלולה לסכן את בריאות הציבור;
(0 אי-הריסת מבנים קיימים בשטח הבניה, כשתנאי הרשיון
מחייבים את ההריסה;</p></content></subPoint><subPoint><num>ח</num><content><p> אי-קיום תנאי הרשיון להבטחת הבטיחות של העוברים
ושבים ושל העובדים במקום הבניה, או ביצוע עבודות קרקע,
בניגוד לתנאי הרשיון, אם יש בו כדי לסכן את בטחון הציבור;</p></content></subPoint><subPoint><num>ט</num><content><p> בניה מעבר לקווים שנקבעו בתנאי הרשיון כגבולות
לבניהן</p></content></subPoint><subPoint><num>י</num><content><p> תוספת קומות, חדרים או חלקי בנין אחרים מעל המותר
בתנאי הרשיון;
(יא) בניה שלא בהתאם לדרישות ארכיטקטוניות מיוחדות
שנקבעו בתנאי הרשיון מכוח תכנית בנין עיר לשם מתן צורה
י אחידה למקום מסויים;
(יב) אי קיום תנאי ברשיון למניעת מטרדים הנגרמים על ידי
רעש או ריחות;
(יג) בניה בניגוד לתנאי הרשיון הבאים למנוע השחתת
ערכי דת, היסטוריה או נוף.</p></content></subPoint></list></point><point><heading><authorialNote placement="side"><p>רשיון שהושג בטענות שוא</p></authorialNote></heading><num>36</num><content><p>
ט. המבצע עבודת בניה על פי רשיון שהשיג במסירת ידיעות שהוא
ידע, או שהיה לו יסוד להניח, שהן כוזבות, רואים אותו, לענין מתן צו
הפסקה שיפוטי וצו הפסקה מינהלי, כאילו ביצע את עבודת הבניה ללא
רשיון.</p></content></point><point><heading><authorialNote placement="side"><p>מיון ביה המשפט</p></authorialNote></heading><num>36</num><content><p>
י. שום דבר בפקודה זו לא יתפרש כאילו בא לגרוע מסמכותו של בית
משפט לפי פקודת בזיון בית המשפט2, ובצווים של בית משפט עירוני
יהיו לבית משפט השלום כל הסמכויות לפי פקודת בזיון בית המשפט,
כאילו ניתנו צווים אלה על ידי בית משפט השלום; אך לא ישא ארם
באחריות על אותו מעשה גם לפי פקודה זו וגם לפי פקודת כזיון בית
המשפט.</p></content></point><point><heading><authorialNote placement="side"><p>צו לדיור חלוף</p></authorialNote></heading><num>36</num><content><p>
יא. (1) ציווה בית המשפט לפי פקודה זו על הריסת מבנה או תוספת
מבנה שנתפסו על ידי אדם אחר בהסכמת הנשפט או בהסכמת אדם אחר
האחראי לפי פקודה זו לביצוע העבירה שבבניה, רשאי בית המשפט/
על פי בקשת התופס או הועדה המקומית, לחייב את הנשפט לתת דיור
חלוף סביר או לשלם לו פיצויים כדי השגת דיור חלוף סביר, הכל כפי
שייראה לבית המשפט, זולת אם הוכיח הנשפט כי התופס תפס את המבנה
או התוספת שלא בתום לב.
(2) הוראות סעיף זה באות להוסיף על סמכויותיו של בית המשפט
ועל זכויותיו האחרות של התופס לפי כל דין אחר ולא לגרוע מהן.</p></content></point><point><heading><authorialNote placement="side"><p>רישום הערה בספרי האחוזה</p></authorialNote></heading><num>36</num><content><p>
יב. ציווה בית המשפט לפי פקודה זו על הריסת מבנה או תוספת מבנה,
יורה בית המשפט שהצו יירשם בספרי האחוזה על יד רישום הקרקע
שעליה ביתן הצו.</p></content></point><point><heading><authorialNote placement="side"><p>תקנות סדרי דין</p></authorialNote></heading><num>36</num><content><p>
יג. שר המשפטים רשאי להתקין תקנות סדרי דין להליכים לפי הסעיפים
36' 36א ו-36ה, ובין השאר גם הוראות בדבר מתן צווים לפי סעיף 36
או 36א על פי המבקש בלבד; הוראה זו אינה גורעת מסמכותו של שר
המשפטים לפי חיקוק אחר."</p></content></point><signature><name>יצחק בן -צבי</name><role>נשיא המדינה</role></signature><signature><name>דוד בן-גוריון</name><role>ראש הממשלה</role></signature><signature><name>ישראל בר-יהודה</name><role>שר הפנים</role></signature><dateOfAcceptance>15.04.1959</dateOfAcceptance></body>