<?xml version="1.0" encoding="UTF-8" ?>
<body><title><content><p>חוק הבלו על סוכר, תשי"ז-1957 *</p></content></title><point><heading><authorialNote placement="side"><p>הגדרות</p></authorialNote></heading><num>1</num><content><p>
בחוק זה -
"המנהל" - מנהל המכס והבלו;
"סוכר" - סכרוזה מכל סוג שהוא ובכל צורה שהיא' לרבות מולסה;
"בית-חרושת" - חצריו של יצרן וכן כל מקום בו מיוצר סוכר;
"יצרן" - מי שמייצר סוכר;
"ייצור" - לרבות עיבוד והשבחה;
"חוק זה" - לרבות תקנות שהותקנו לפיו.</p></content></point><point><heading><authorialNote placement="side"><p>הטלת בלו על סוכר</p></authorialNote></heading><num>2</num><list><intro><p /></intro><subPoint><num>א</num><content><p> שר האוצר רשאי, בצו, להטיל בלו על סוכר המיוצר בישראל, בשיעורים
שיקבע בצו' אם בדרך כלל, אם לסוגים של סוכר.</p></content></subPoint><subPoint><num>ב</num><content><p> הבלו ייקבע בסכום קצוב ליחידה או באחוזים מהמחיר המשתלם ליצרן, או לקמ-
עוני, או בסכום קצוב ובאחוזים כאמור יחד.</p></content></subPoint><subPoint><num>ג</num><content><p> על צו לפי סעיף זה יחולו הוראות חוק מסי מכס ובלו (שינוי תעריף), תש"ט-
1949 1, כאילו היה צו לפי סעיף 1 לאותו חוק.</p></content></subPoint></list></point><point><heading><authorialNote placement="side"><p>קביעת מחיר וערר</p></authorialNote></heading><num>3</num><list><intro><p /></intro><subPoint><num>א</num><content><p> היו חילוקי דעות בדבר המחיר שעליו מתבסס חישוב הבלו כאמור בסעיף 2 (ב),
יחליט המנהל.</p></content></subPoint><subPoint><num>ב</num><content><p> הרואה עצמו מקופח בהחלטת המנהל לפי סעיף קטן (א) רשאי לערור עליה, תוך
שלושים יום מהיום שבו נמסרה לו הודעה על קביעת המחיר כאמור, לפני ועדת ערר של
שלושה שימונו על ידי שר המשפטים לאחר התייעצות עם שר האוצר (להלן - ועדת הערר);
העורר יפקיד בידי המנהל את סכום הבלו במועד הנועד לפרעונו או יתן ערובה לתשלומו
להנחת דעתו של המנהל.</p></content></subPoint><subPoint><num>ג</num><content><p> החלטתה של ועדת הערר תהיה סופית.</p></content></subPoint><subPoint><num>ד</num><content><p> לועדת הערר יהיו כל הסמכויות שאפשר להעניקן לועדת חקירה לפי סעיף 5
לפקודת ועדות חקירה 2.</p></content></subPoint><subPoint><num>ה</num><content><p> שר המשפטים רשאי לקבוע, בתקנות, כללים להגשת הערר ואת סדרי הדירן
בו, לרבות תשלום אגרות ושכר חברי ועדת הערר.</p></content></subPoint></list></point><point><heading><authorialNote placement="side"><p>תשלום הבלו</p></authorialNote></heading><num>4</num><list><intro><p /></intro><subPoint><num>א</num><content><p> הבלו ישולם על-ידי היצרן בשעת הוצאת הסוכר מבית החרושת ובשיעור שיחול
אותה שעה.</p></content></subPoint><subPoint><num>ב</num><content><p> המנהל רשאי, בתנאים הנראים לו, לדחות תשלום הבלו, כולו או מקצתו, למועד
אחר כנגד ערובה ובתוספת ריבית או בלעדיהן.</p></content></subPoint><subPoint><num>ג</num><content><p> לא שולם הבלו, כולו אר מקצתו, במועד שנועד לתשלומו, רשאי המנהל לדרוש
שהבלו, או החלק ממנו שטרם שולם, ישולם לפי שיעור הבלו החל בשעת התשלום למעשה.</p></content></subPoint></list></point><point><heading><authorialNote placement="side"><p>נייכוי תשלום קודם</p></authorialNote></heading><num>5</num><content><p>
סוכר ששולם עליו מכס או כלו ועובד לסוג אחר של סוכר חב כלו, ינוכה סכום
המכס או הבלו הקודם מסכום הבלו החדש, אך לא יותר מכדי שיעורו של הבלו החדש.</p></content></point><point><heading><authorialNote placement="side"><p>גביית חבלו</p></authorialNote></heading><num>6</num><content><p>
הבלו ניתן לגביה לפי פקודת המסים (גביה) 3, והוראות אותה פקודה, למעט סעיף 12/
יחולו על הבלו כאילו היה מס כמשמעותו באותה פקודה.</p></content></point><point><heading><authorialNote placement="side"><p>פטור מבלו על סוכר יצוא</p></authorialNote></heading><num>7</num><content><p>
הוכח להנחת דעתו של המנהל' כי סוכר יוצא מהארץ או שימש לייצור סחורות
שיוצאו מהארץ, לא ייגבה הבלו על אותו סוכר, ואם כבר שולם - יוחזר הבלו אם הוגשה
למנהל בקשה על כך בכתב תוך ששה חדשים מיום הייצוא.</p></content></point><point><heading><authorialNote placement="side"><p>פטור מיוחד</p></authorialNote></heading><num>8</num><list><intro><p /></intro><subPoint><num>א</num><content><p> שר האוצר רשאי' בצו' לפטור מבלו' כולו או מקצתו, סוכר שנמכר לאדם
מסויים או לסוג מסויים של בני אדם או המיועד למטרה מסויימת.</p></content></subPoint><subPoint><num>ב</num><content><p> המנהל רשאי, בתנאים הנראים לו' להחדיר בלו, כולו או מקצתו, ששולם על
סוכר שנמכר לאדם הזכאי לפטור כאמור, אם הוגשה למנהל בקשה על כך בכתב תוך ששה
חדשים ממסירת הסוכר לזכאי לפטור.</p></content></subPoint></list></point><point><heading><authorialNote placement="side"><p>העברת סוכר פטור נ?בלו</p></authorialNote></heading><num>9</num><content><p>
סוכר שעליו ניתן פטור מבלו או הוחזר בלו, לפי סעיף 8, לא יעבירנו אדם למי
שאינו זכאי לפטור, אלא לאחר שהודיע למנהל על כך ושילם את הבלו המלא לפני ההעברה.</p></content></point><point><heading><authorialNote placement="side"><p>החזרת בלו על פוכר שניזוק</p></authorialNote></heading><num>10</num><content><p>
הוכח להנחת דעתו של המנהל שסוכר שעליו שולם הבלו ניזוק בהיותו בהחזקת החייב
בבלו, רשאי המנהל, לפי ראות עיניו, להורות כי הבלו יוחזר, כולו או מקצתו, אם הוגשה
למנהל בקשה על כך בכתב תוך חודש ימים מהיום שבו ניזוק הסוכר; סעיף זה לא יחול
אלא אם כמות הסוכר הניזוק היא 25 קילוגרם לפחות.</p></content></point><point><heading><authorialNote placement="side"><p>החזרת בלו שנגבה בטעות או ביתד</p></authorialNote></heading><num>11</num><list><intro><p /></intro><subPoint><num>א</num><content><p> נגנה בלו על סוכר שלא היה חב בלו או נגבה יותר מסכום הבלו המגיע, יוחזר
הסכום למי ששילמו, אם הוגשה למנהל בקשה על כך בכתב תוך שנה מיום התשלום, ובלבד
שאם נמכר הסוכר, לא יוחזר הבלו אלא אם הוכח למנהל כי הסוכר נמכר במחיר שלא כלל
את הבלו או סכום הבלו העודף, או כי המוכר החזיר את סכום הבלו לקונה.</p></content></subPoint><subPoint><num>ב</num><content><p> הרואה עצמו מקופח בהחלטת המנהל על פי סעיף קטן (א) רשאי לערער עליה,
תוך חודש ימים מהיום שבו נמסרה לו הודעה על ההחלטה, לפני בית המשפט המחוזי;
הערעור יוגש בצורת בקשה כדרך המרצה.</p></content></subPoint></list></point><point><heading><authorialNote placement="side"><p>נביית בלו שלא נגבה או שנגבה בחפר</p></authorialNote></heading><num>12</num><content><p>
לא נגבה בלו על סוכר או נגבה פחות מסכום הבלו המגיע או הוחזר בלו בטעותי
כולו או מקצתו, רשאי המנהל לדרוש את תשלום הבלו החסר, ובלבד שהודיע על הסכום
החסר לחייב בתשלום תוך שנתיים לאחר המועד לתשלום הבלו, או לאחר היום שבו נתקבל
התשלום האחרון של הבלו, או לאחר היום שבו הוחזר הבלו בטעות.</p></content></point><point><heading><authorialNote placement="side"><p>רשיון לייצור</p></authorialNote></heading><num>13</num><list><intro><p /></intro><subPoint><num>א</num><content><p> לא ייצר אדם סוכר אלא אם קיבל מהמנהל רשיון לכך ונתן ערובה, שקבע
המנהל, למילוי התחייבויותיו.</p></content></subPoint><subPoint><num>ב</num><content><p> הרשיון יפקע ב-1 בינואר של כל שנה.</p></content></subPoint><subPoint><num>ג</num><content><p> רשאי המנהל להתלות, לצמצם או לבטל רשיון שניתן לפי חוק זה, אם שוכנע
כי היצרן עבר על הוראה מהוראות חוק זה; המנהל לא ישתמש בסמכות זו אלא לאחר
שנתן לבעל הרשיון הזדמנות סבירה להשמיע את טענותיו.</p></content></subPoint></list></point><point><heading><authorialNote placement="side"><p>אישור חצרים לייצור סוכר</p></authorialNote></heading><num>14</num><content><p>
לא ייצר אדם סוכר אלא בחצרים שקיבל עליהם אישור מאת המנהל על סמך בקשה
שהגיש לו בכתב והמכילה את תיאור החצרים.</p></content></point><point><heading><authorialNote placement="side"><p>הוצאת פוכר</p></authorialNote></heading><num>15</num><content><p>
לא יוציא אדם סוכר מבית-חרושת בלי אישור המנהל ולא בכמות פחותה מ-25 קילו-
גרם.</p></content></point><point><heading><authorialNote placement="side"><p>החזקת סוכר</p></authorialNote></heading><num>16</num><list><intro><p /></intro><subPoint><num>א</num><content><p> לא יחזיק אדם סוכר חב בלו ולא יעבירנו לאדם אחר בכל דרך שהיא, אלא אם
שולם הבלו החל על הסוכר, או נדחה התשלום, או ניתן עליו פטור לפי חוק זה.</p></content></subPoint><subPoint><num>ב</num><content><p> יצרן הטוען כי הבלו שולם או כי תשלומו נדחה או כי ניתן פיזור - עליו הראיה.</p></content></subPoint></list></point><point><heading><authorialNote placement="side"><p>פנקסים, יריעות ומאזן מלאי</p></authorialNote></heading><num>17</num><list><intro><p /></intro><subPoint><num>א</num><content><p> יצרן ינהל פנקסים וימסור דינים וחשבונות כפי שנקבע בתקנות.</p></content></subPoint><subPoint><num>ב</num><content><p> המנהל או אדם שהורשה על-ידיו רשאי בכל עת סבירה לבדוק את הפנקסים
של יצרן.</p></content></subPoint><subPoint><num>ג</num><content><p> יצרן ימסור למנהל או למי שהורשה על ידיו לפי דרישתם ותוך התקופה שקבעו,
ידיעות, פרטים או הצהרות לענין חוק זה ויערוך מאזן מלאי הסוכר שבידו; נמצא במלאי
פחות מכמות הסוכר שצריכה להימצא בו לפי פנקסי העסק ואין ליצרן נימוקים סבירים
לחסר, ישלם היצרן על החסר שיקבע המנהל את הבלו בתוספת 25 אחוז.</p></content></subPoint></list></point><point><heading><authorialNote placement="side"><p>מנעולים</p></authorialNote></heading><num>18</num><content><p>
כל דלת מדלתות מחסן סוכר וכל כלי קיבול של סוכר יהיו ננעלים בשני מנעולים;
מפתח המנעול האחד יהיה בידי היצרן ומפתח המנעול האחר יימסר למנהל על פי דרישתו.</p></content></point><point><heading><authorialNote placement="side"><p>מקום עבודה לפקיד</p></authorialNote></heading><num>19</num><content><p>
יצרן יספק במקום הייצור מקום סביר לעבודה משרדית בשביל פקיד שימונה על-ידי
המנהל ויציידו להנחת דעתו של המנהל.</p></content></point><point><heading><authorialNote placement="side"><p>סמכויות עזר</p></authorialNote></heading><num>20</num><content><p>
המנהל או מי שהורשה על-ידיו בכתב רשאי, אם הוא משוכנע שהדבר דרוש להבטיח
ביצוע חוק זה או למנוע עבירה על הוראה מהוראותיו -
(1) להיכנס בכל עת סבירה לכל מקום שיש לו יסוד להניח שהוא משמש בית
חרושת לסוכר או שמחזיקים בו סוכר' או שעוברים או עברו בו עבירה על
הוראות חוק זה' ולערוך בו חיפוש; אולם אין להיכנס כאמור למקום המשמש
למגורים אלא על-פי צו חיפוש מאת בית משפט מוסמך;
(2) להשתמש בכל הסמכויות הניתנות לקצין משטרה בדרגת מפקח לפי סעיף 2
לפקודת הפרוצדורה הפלילית (עדות) 4, וסעיפים 3 ו-4 לפקודה האמורה יחולו
על הודעה שרשם המנהל' או מי שהוסמך לכך על-ידיו' אגב שימוש בסמכויות
אלה?
(3) לבדוק פוכר הנמצא במקום שנערך בו חיפוש כאמור בפסקה (1) ולתפוס
סוכר שיש לו יסוד להניח כי נעברה בו עבירה על הוראות חוק זה, וכן לתפוס
כל דבר העשוי' לדעתו' להקל על גילוי עבירה כזאת או לשמש במשפט ראיה
עליה.
בפסקה זו "חוק זה" - למעט תקנות שהותקנו לפיו.</p></content></point><point><heading><authorialNote placement="side"><p>תפיסה וחסימה</p></authorialNote></heading><num>21</num><list><intro><p /></intro><subPoint><num>א</num><content><p> כל דבר שהמנהל רשאי לתפסו רשאי הוא' לאחר נטילת ערובה או בלעדיה'
לחסמו בידי האדם שאצלו נמצא הדבר' אם אותו אדם הסכים לכך.</p></content></subPoint><subPoint><num>ב</num><content><p> לא יעלים אדם דבר שנחסם כאמור ולא יגרום לו נזק.</p></content></subPoint></list></point><point><heading><authorialNote placement="side"><p>סייג לתפיסה ולחסימה</p></authorialNote></heading><num>22</num><content><p>
לא הוגשה תוך שלושה חדשים מיום התפיסה או החסימה תביעה פלילית על העבירה
שבגללה נתפס או נחסם דבר' יוחזר התפוס או ישוחרר החסום.</p></content></point><point><heading><authorialNote placement="side"><p>עונשין</p></authorialNote></heading><num>23</num><list><intro><p /></intro><subPoint><num>א</num><content><p> מי שעבר על הוראה מהוראות חוק זה' או שמסר למנהל או למי שהוסמך על
ידיו ידיעה או הצהרה בלתי נכונה' או הטעה פקיד מכס ובלו בפרט מסויים העלול לפגוע
במילוי תפקידו' דינו - מאסר שנתיים או קנס 5000 לירות או פי שלושה מן הבלו החל
על הסוכר שבו נעברה העבירה, הכל לפי הסכום הגדול יותר.</p></content></subPoint><subPoint><num>ב</num><content><p> הורשע אדם על עבירה כאמור' רשאי בית-המשפט' נוסף לכל עונש אחר,
לצוות כי הפוכר וכל דבר אחר שבו נעברה העבירה יחולט, כולו או מקצתו' לטובת המדינה,
ומשציווה כך ינהגו במחולט כפי שיורה שר האוצר.</p></content></subPoint><subPoint><num>ג</num><content><p> בית המשפט לא יצווה על חילוט דבר אחר כאמור, אם בעליו הוכיח בי העבירה
בעברה שלא בידיעתו או שנקט בכל האמצעים הנאותים כדי למנוע את ביצועה.</p></content></subPoint><subPoint><num>ד</num><content><p> בית המשפט רשאי לצוות על חילוט אף אם החשוד בעבירה אינו ידוע' או אם
נמלט או נפטר לפני סיום המשפט.</p></content></subPoint></list></point><point><heading><authorialNote placement="side"><p>אחריות של מנהלים ופקידים</p></authorialNote></heading><num>24</num><content><p>
חברה, אגודה שיתופית וכל חכר בני אדם שעברו עבירה לפי חוק זה, יאשמו בה
גם כל חבר הנהלה, מנהל, שותף או פקיד אחראי של אותו חבר, אם לא הוכיח שהעבירה
נעברה שלא בידיעתו או שנקט בכל האמצעים הנאותים כדי להבטיח קיום הוראות חוק זה.</p></content></point><point><heading><authorialNote placement="side"><p>כופר כסף</p></authorialNote></heading><num>25</num><content><p>
שוכנע המנהל כי אדם עבר עבירה על הוראה מהוראות חוק זה, רשאי הוא' בהסכמתו
של אותו אדם, לקחת מידו כופר כסף שלא יעלה על הקנס הגבוה ביותר שמותר להטיל
בשל אותה עבירה; הוגשה תביעה פלילית, אין לקבל כופר כל עוד לא ציווה היועץ המשפטי
לממשלה על הפסקת ההליכים.</p></content></point><point><heading><authorialNote placement="side"><p>אצילת סמכויות</p></authorialNote></heading><num>26</num><content><p>
המנהל רשאי לאצול מסמכויותיו ומתפקידיו לפי חוק זה, למעט הסמכויות לפי
סעיפים 13(ג) ו-25, לעובד מדינה אחר, אם בדרך כלל או לענין מסויים או לאזור או למקום
מסויים.</p></content></point><point><heading><authorialNote placement="side"><p>ביצוע ותקנות</p></authorialNote></heading><num>27</num><content><p>
שר האוצר ממונה על ביצוע חוק זה והוא רשאי להתקין תקנות בכל ענין הנוגע
לביצועו, לרבות תקנות בדבר -
(1) הטפסים לרשיונות ולבקשות לרשיונות;
(2) ספרים ופנקסים שינהל יצרן וד"וחות שיגיש;
(3) התנאים להוצאת סוכר מבית חרושת והערובה שתידרש לסילוק סוכר
מבית-חרושת לבית-חרושת או לשם ייצור, והתנאים לייצוא סוכר או לסילוקו
ללא תשלום בלו;
(4) נקיטת הצעדים הדרושים לשם פיקוח על גביית הבלו, לרבות שקילתו
של סוכר, החסנתו והחזקתו בבית-חרושת;
(5) אגרה שישלם יצרן בעד עבודה של פקידי מכס ובלו בבית-חרושת מחוץ
לשעות שקבע המנהל כשעות עבודה רגילות;
(6) אגרה שישלם יצרן בעד רשיון ייצור;
(7) החזרת בלו לפי סעיפים 7 עד 11.</p></content></point><signature><name>יצחק בן-צבי</name><role>נשיא המדינה</role></signature><signature><name>דוד בן-גוריון</name><role>ראש הממשלה</role></signature><signature><name>לוי אשכול</name><role>שר האוצר</role></signature><dateOfAcceptance>11.07.1957</dateOfAcceptance></body>