<?xml version="1.0" encoding="UTF-8" ?>
<body><title><content><p>חוק הבחירות לכנסת (תיקון מס' 5), תשכ"ה-1965 *</p></content></title><point><heading><authorialNote placement="side"><p>חוסמת סעיף 17א</p></authorialNote></heading><num>1</num><content><p>
אחרי סעיף 17 לחוק הבחירות לכנסת, תשי"ט-1959 1(להלן - חוק הבחירות) יבוא*</p></content></point><point><heading><authorialNote placement="side"><p>"סיעות שהתאחדו וסיעות שהגישו רשימת מועמדים משותפת</p></authorialNote></heading><num>17</num><list><intro><p>
א. (א) שתי סיעות או יותר של הכנסת היוצאת שהתאחדו לסיעה
אחת' יהיה מספר המקומות בועדה המרכזית' מספר סגני יושב ראש
הועדה המרכזית ומספר המקומות בכל אחת מהועדות האזוריות המגיעים
לסיעה המאוחדת' לא פחות מהמספר הכולל של מקומות וסגנים כאמור
שהיה מגיע להן אילולא התאחדו' והוא' משעה שהתאחדו ועל אף האמור
בסעיפים 10' 11' 13 ו-17.</p></intro><subPoint><num>ב</num><content><p> שתי סיעות או יותר של הכנסת היוצאת שהגישו במשותף
רשימת מועמדים אחת' יהיה המספר הכולל של מקומות כועדה המרכזית'
של סגני יושב ראש הועדה המרכזית ושל מקומות בכל אחת מהועדות
האזוריות' המגיע לאותן סיעות במשותף, לא פחות מהמספר שהיה מגיע
להן אילו היו סיעה מאוחדת' והוא 'משעה שהוגשה רשימתן המשותפת
ועל אף האמור בסעיפים 10' 11' 13 ו-17."
עמ' 382.
1 ס"ח תשי"ט, עמ' 114, 147 , 148; ס"ח תשכ"א, עמ' 124, 141.</p></content></subPoint></list></point><point><heading><authorialNote placement="side"><p>תיקון סעיף 18</p></authorialNote></heading><num>2</num><content><p>
בסעיף 18 (ד) לחוק הבחירות, בסופו, יבוא:
"רשימת מועמדיט המוגשת במשותף על ידי שתי סיעות או יותר של
הכנסת היוצאת, תיחתם בידי באי כוחן של כל אותן הסיעות או ממלאי
מקומם."</p></content></point><point><heading><authorialNote placement="side"><p>תיקון סעיף 20</p></authorialNote></heading><num>3</num><content><p>
בסעיף 20 לחוק הבחירות' הסיפה המתחילה במלה "ואולם"-תימחק.</p></content></point><point><heading><authorialNote placement="side"><p>החלפת סעיף 21</p></authorialNote></heading><num>4</num><content><p>
במקום סעיף 21 לחוק הבחייות יבוא:</p></content></point><point><heading><authorialNote placement="side"><p>"כינוי ואות של רשימות המועמדים</p></authorialNote></heading><num>21</num><list><intro><p /></intro><subPoint><num>א</num><content><p> כל רשימת מועמדים תישא כינוי עם אות או עם שתי אותיות
שונות של האלף-בית העברי. להבדילה מרשימות מועמדים אחרות'
ובלבד שהכינוי והאות או שתי האותיות לא יהיו עלולים להטעות.</p></content></subPoint><subPoint><num>ב</num><content><p> סיעה מסיעות הכנסת היוצאת, זכות עדיפות לה' אם רצונה
בכך, לסמן את רשימתה בכינוי או באות או בשתי האותיות שבהם היתה
מסומנת רשימת המועמדים שלה בבחירות לכנסת היוצאת: שתי סיעות
או יותר של הכנסת היוצאת' בין שהתאחדו לסיעה אחת וכין אם לאו,
שהגישו רשימת מועמדים אחת' זכות עדיפות להן, אם רצונן בכך, לסמן
את רשימתן בכינויים, באות אחת או שתים מבין האותיות שבהם היו
מסומנות רשימות המועמדים שלהן בבחירות לכנסת היוצאת.</p></content></subPoint><subPoint><num>ג</num><content><p> לא תישא רשימת מועמדים את הכינוי, את האות או את
צירוף שתי האותיות שבהם היתה מסומנת רשימת מועמדים של סיעה
מסיעות הכנסת היוצאת, אלא בהסכמתו בכתב של בא כוח אותה סיעה:
ואם התאחדה אותה סיעה עם סיעה אחרת של הכנסת היוצאת - בהסכמתו
בכתב של בא כוח הסיעה המאוחדת.</p></content></subPoint><subPoint><num>ד</num><content><p> בכפוף להוראות הסעיפים הקטנים (א) עד (ג), מי שהקדים
להגיש רשימתו, זכותו לבחור כינוי ואות או שתי אותיות - קודמת.</p></content></subPoint><subPoint><num>ה</num><content><p> רשימת מועמדים שלא ניתנו לה כינוי או אות על ידי מגישיה,
תתן לה הועדה המרכזית' בכפוף להוראות הסעיפים הקטנים גא) עד (ג),
כינוי ואות או שתי אותיות."</p></content></subPoint></list></point><point><heading><authorialNote placement="side"><p>תחילה</p></authorialNote></heading><num>5</num><content><p>
חוק זה תחילתו ביום קבלתו בכנסת,</p></content></point><signature><name>שניאור זלמן שזר</name><role>נשיא המדינה</role></signature><signature><name>לוי אשכול</name><role>ראש הממשלה</role></signature><signature><name>חיים משה שפירא</name><role>שר הפנים</role></signature><dateOfAcceptance>30.07.1965</dateOfAcceptance></body>