<?xml version="1.0" encoding="UTF-8" ?>
<body><title><content><p>חוק בתי המשפט (תיקון מס' 2), תשכ"ד-1964 *</p></content></title><point><heading><authorialNote placement="side"><p>תיקון סעיף 8</p></authorialNote></heading><num>1</num><content><p>
בסעיף 8 לחוק בתי המשפט' תשי"ז-1957* (להלן - החוק)' האמור בסעיף קטן (ג)
יסומן (ד), ולפניו יבוא:
"(ג) בהחלטה שניתנה לפי סעיף קטן (א) או (ב) רשאי בית המשפט
או השופט לקבוע את הבעיה שתעמוד לדיון נוסף, ומשעשה כן, לא יקויים
הדיון הנוסף אלא באותה בעיה."</p></content></point><point><heading><authorialNote placement="side"><p>תיקון סעיף 15</p></authorialNote></heading><num>2</num><content><p>
בסעיף 15 (א) לחוק' ברישה לפסקה (2)' במקום "ערעורים" יבוא "ערעורים על פסקי
דין של בתי משפט ובתי דין שיושב בהם שופט שלום".</p></content></point><point><heading><authorialNote placement="side"><p>תיקון סעיף 28</p></authorialNote></heading><num>3</num><content><p>
בסעיף 28 לחוק' בפסקה (2)' במקום "אלף וחמש מאות לירות" יבוא "שלושת אלפים
לירות".</p></content></point><point><heading><authorialNote placement="side"><p>תיקון סעיף 29</p></authorialNote></heading><num>4</num><content><p>
בסעיף 29 (ב) לחוק' במקום "החלטות של בתי משפט שלום, בבקשות לצווי ביניים/
לצווים זמניים או להחלטות ביניים אחרות' בענינים אזרחיים ניתנות לערעור" יבוא
"החלטה אחרת של בית משפט שלום בענין אזרחי ניתנת לערעור".</p></content></point><point><heading><authorialNote placement="side"><p>הוספת סעיף 29א</p></authorialNote></heading><num>5</num><content><p>
אחרי סעיף 29 לחוק יבוא:</p></content></point><point><heading><authorialNote placement="side"><p>תיקון סעיף 42</p></authorialNote></heading><num>6</num><content><p>
בסעיף 42 (א) לחוק, אחרי "לעיני בית המשפט" יבוא "או סמוך למקום הדיון".</p></content></point><point><heading><authorialNote placement="side"><p>תיקון סעיף 43</p></authorialNote></heading><num>7</num><content><p>
בסעיף 43 לחוק, בתחילתו' יבוא "מבלי למעט מן האמור בסעיף 42 (ג)".</p></content></point><point><heading><authorialNote placement="side"><p>הוראת מעבר</p></authorialNote></heading><num>8</num><content><p>
תביעה שהוגשה לבית משפט כדין לפני תחילתו של חוק זה, תידון כפי שהיתה נדונה
אלמלא הוראות סעיף 4 לחוק זה.</p></content></point><point><heading><authorialNote placement="side"><p>ביטול</p></authorialNote></heading><num>9</num><content><p>
סעיף 16 לפקודת שיפוט בתי משפט שלום, 1947  2- בטל.</p></content></point><signature><name>שניאור זלמן שזר</name><role>נשיא המדינה</role></signature><signature><name>לוי אשכול</name><role>ראש הממשלה</role></signature><signature><name>דב יוסף</name><role>שר המשפטים</role></signature><dateOfAcceptance>04.03.1964</dateOfAcceptance></body>