<?xml version="1.0" encoding="UTF-8" ?>
<body><title><content><p>חוק לתיקון פקודת בתי הדואר (מס' 6), תשכ"ה-1965 *</p></content></title><point><heading><authorialNote placement="side"><p>שינוי מונח</p></authorialNote></heading><num>1</num><content><p>
בפקודת בתי הדואר 1 (להלן - הפקודה)' במקום "עבודת טלגרף" יבוא בכל מקום
"מיתקן טלגרף".</p></content></point><point><heading><authorialNote placement="side"><p>תיקון סעיף 3ב</p></authorialNote></heading><num>2</num><content><p>
בסעיף 3ב לפקודה' במקום "מנוצל טלגרף" יבוא "מנוצל מיתקן טלגרף".</p></content></point><point><heading><authorialNote placement="side"><p>החלטת מטיף 11 וחוסמת סעיפים 11א-11ז</p></authorialNote></heading><num>3</num><content><p>
במקום סעיף 11 לפקודה יבוא:</p></content></point><point><heading><authorialNote placement="side"><p>'אחריות לדבר דואר בטנים הארץ</p></authorialNote></heading><num>11</num><list><intro><p>
על אף האמור בכל דין אחר' תהא המדינה אחראית -</p></intro><subPoint><num>א</num><content><p> לנזק' לגניבה או לאבדן של דבר דואר כפנים הארץ,
שאירעו במהלך השירותים הניתנים על ידי פקיד בי-דואר
בתפקידו ועקב שירותים אלה ובלבד שנתקיימו שלוש אלה:
(1) דבר-הדואר נתקבל למשלוח בדואר (להלן -
דיוור) תמורת קבלה ומסירתו טעונה אישור;
(2) דבר הנזק הובא לידיעת פקיד הבי-דואר בעת
מסירת דבר הדואר או בהזדמנות הסבירה הראשונה
לאחר מכן;
(3) הנזק או האבדן לא נגרמו מחמת אריזה בלתי
מספקת או בלתי מתאימה' או מחמת טיבו של דבר
הדואר' או באשמתם של השולח או של גורמים שבידי
שמים.</p></content></subPoint><subPoint><num>ב</num><content><p> לנזק שנגרם לדבר הדואר' אם הוכיח השולח' כי בעת
דיוור דבר הדואר טיפל בו פקיד הבי-דואר בצורה שיש בה
רשלנות.</p></content></subPoint></list></point><point><heading><authorialNote placement="side"><p>הגבלת האחריות למסירה</p></authorialNote></heading><num>11</num><content><p>
א. אין המדינה אחראית לנזק שנגרם על-ידי איחור במסירה או מסירה
מוטעית של דבר הדואר.</p></content></point><point><heading><authorialNote placement="side"><p>ראיות</p></authorialNote></heading><num>11</num><list><intro><p>
ב. הראיה שנזק או אבדן כאמור בסעיף 11 אירעו במהלך השירותים
הניתנים על ידי משרד הדואר ועקב שירותים אלה היא על התובע; אולם-</p></intro><subPoint><num>א</num><content><p> אם בעת מסירת דבר הדואר ניתן לראות - בלי לפתוח
את אריזתו שהוא ניזק או יש יסוד סביר להנחה שהוא ניזק'
חזקה היא שהנזק אירע כמהלך אותם שירותים ועקב אותם
שירותים כל עוד לא הוכח היפוכו של דבר;</p></content></subPoint><subPoint><num>ב</num><content><p> אם הוכח הדיוור על-ידי המצאת תעודת רישום על
הדיוור ודבר הדואר לא נמסר' חזקה היא שהאבדן אירע
במהלך אותם שירותים ועקב אותם שירותים כל עוד לא הוכח
היפוכו של דבר.
עמ' 152.
1 חוקי איי/ כרך בי/ סרק קט"ו, עמ' 1155; ס"ח תשייא/ עמי 221; תשט"ז, עמ' 87; תשכ"ב, עמי' 103; תשכ"ג,</p></content></subPoint></list></point><point><heading><authorialNote placement="side"><p>אחריות כל6י מי היקף האחריות</p></authorialNote></heading><num>11</num><content><p>
ג. השולח או חליפו הם הזכאים לתבוע פיצויים לפי סעיף 11.
11ד. (1) אין המדינה חייבת בפיצויים לפי סעיף 11 אלא כדי שווי
הנזק לדבר הדואר' או כדי ערכו של דבר הדואר אם אבד' אך לא למעלה
מן הסכום הקבוע בתוספת השלישית לצד הפריט שעמו נמנה דבר הדואר.
(2) שר הדואר רשאי' באישור ועדת הכלכלה של הכנסת, לשגות
פרט מפרטי התוספת השלישית או להוסיף עליהם.</p></content></point><point><heading><authorialNote placement="side"><p>אחריות לדבר דואר בשירות בין-לאומי</p></authorialNote></heading><num>11</num><content><p>
ה. (1) המדינה אחראית לדבר דואר - למעט חבילה - הנשלח מחוץ
לארץ או לחוץ לארץ בהגבלות ובתנאים שפורשו לענין אחריות של מינהל
דואר באמנת הדואר העולמית, אוטווה, 1957 2, או בכל אמנה הבאה
כמקומה.
(2) המדינה אחראית לחבילה הנשלחת מחוץ לארץ או לחוץ לארץ
בהגבלות ובתנאים שפורשו לענין אחריות של מינהל דואר בהסכם בדבר
חבילות דואר, אוטווה, 1957, או בכל הסכם שבא כמקומו.
(3) חבילה שנשלחה משטח או לשטח של מינהל דואר שאינו
מכיר באחריות לפי ההסכם האמור בסעיף קטן (2), ואבדה או נזוקה בעת
היותה בידי פקיד הבי-דואר, דינה לענין אחריות המדינה לאבדן או לנזק,
כדין חבילה שהיא דבר דואר בפנים הארץ.</p></content></point><point><heading><authorialNote placement="side"><p>מועד התיישנות</p></authorialNote></heading><num>11</num><content><p>
ו. על אף האמור בסעיפים 11-11ה לא ייזקק בית המשפט לתובענה
על פי אחד מהם, אם תוך שנה מיום דיוור דבר הדואר לא דרש התובע,
בכתב, פיצויים מאוצר המדינה, או שדרש כאמור, אך לא הגיש תובענה
תוך ששים יום מתאריך ההודעה על דחיית דרישתו.</p></content></point><point><heading><authorialNote placement="side"><p>הגבלת אחריות</p></authorialNote></heading><num>11</num><content><p>
ז. נזק שאירע במהלך שירותיו של פקיד בי-דואר בתפקידו ועקב
שירותים אלה - לא ישא בו הפקיד במידה העולה על אחריות המדינה/
אלא אם גרם לנזק בזדון או ברשלנות חמורה."</p></content></point><point><heading><authorialNote placement="side"><p>החלפת סעיף 20</p></authorialNote></heading><num>4</num><content><p>
במקום סעיף 20 לפקודה יבוא:</p></content></point><point><heading><authorialNote placement="side"><p>"המחאות כסף</p></authorialNote></heading><num>20</num><content><p>
(1) שר הדואר, רשאי להסדיר העברת סכומי כסף על ידי בי-
דואר בהמחאות ולקבל בעדן עמלה, כפי שיקבע, והיא תהא חלק מהכנסות
הבי-דואר.
(2) בכפוף לכל הוראה שנקבעה לענין המחאות כסף ותשלומן,
בני-אדם אשר להם או על ידיהם ישולמו ההמחאות, המועדים לתשלומן
והאופן שבו ישולמו, רשאי שר הדואר לפרוע את סכום ההמחאה לאדם
אשר לו ניתנה ההמחאה, או ליורשיו, או למנהלי עזבונו, בין אם ההמחאה
נשארה בידי אותו אדם ובין אם לא נשארה; ומשנפרעה ההמחאה כאמור,
לא תהא עוד המדינה אחראית לה כלפי הנפרע שבהמחאה, כלפי המחזיק
בה וכלפי כל אדם אחר."</p></content></point><point><heading><authorialNote placement="side"><p>תיקון סעיף 40</p></authorialNote></heading><num>5</num><content><p>
כסעיף 40 לפקודה, אחרי המלה "טלגרף" יבוא, ככל מקום, "עמוד טלגרף או תא
טלגרף תת-קרקעי".</p></content></point><point><heading><authorialNote placement="side"><p>הוספת סעיפים 40א/ 40ב, 40ג</p></authorialNote></heading><num>6</num><content><p>
אחרי סעיף 40 לפקודה יבוא:</p></content></point><point><heading><authorialNote placement="side"><p>"ערר</p></authorialNote></heading><num>40</num><content><p>
א. מחזיק במקרקעין הרואה עצמו בפגע מהשימוש בסמכות לפי סעיף 40
בדבר התקנת עמוד טלגרף או תא טלגרף תת-קרקעי, רשאי לערוך לפני
ועדת ערר האמורה בסעיף 40ב, תוך 15 יום מיום שנמסרה לו הודעה לפי
סעיף 42/ ואם לא נמסרה לו הודעה כאמור תוך 15 יום מהיום שהכוונה
להשתמש בסמכות או דבר השימוש בסמכות הגיעו לידיעתו.</p></content></point><point><heading><authorialNote placement="side"><p>ועדות ערר</p></authorialNote></heading><num>40</num><content><p>
ב. (0 שר המשפטים ימנה לענין סעיף 40א ועדות ערר של שלושה,
שאחד מהם שופט שלום ושני אנשי ציבור שאינם עובדי המדינה.
(2) הועדה רשאית לאשר את השימוש בסמכות או לבטלו.
(2) אין אחרי החלטת הועדה ולא כלום.
(4) לועדה יהיו הסמכויות שאפשר להעניקן לפי סעיף 5 ו-5א
לפקודת ועדות חקירה; וכן רשאית הועדה להטיל הוצאות, להיכנס או
להרשות אדם אחר להיכנס בכל עת סבירה לכל מקרקעין ולערוך בו
בדיקות.</p></content></point><point><heading><authorialNote placement="side"><p>נוחל וסדרי דין</p></authorialNote></heading><num>40</num><content><p>
ג. שר המשפטים יתקין תקנות בדבר סדרי הדין בועדות ערר."</p></content></point><point><heading><authorialNote placement="side"><p>החלטת סעיף 43</p></authorialNote></heading><num>7</num><content><p>
במקום סעיף 43 לפקודה יבוא:</p></content></point><point><heading><authorialNote placement="side"><p>"תשלום פיצויים</p></authorialNote></heading><num>43</num><content><p>
שר הדואר ופקידי בי-דואר, בהשתמשם בסמכויות הנתונות להם
לפי סעיף 40, ימעיטו בגרימת נזק ככל האפשר ובעד כל נזק שנגרם
ישולמו פיצויים מאוצר המדינה."</p></content></point><point><heading><authorialNote placement="side"><p>החלפה סעיף 44</p></authorialNote></heading><num>8</num><content><p>
במקום סעיף 44 לפקודה יבוא:</p></content></point><point><heading><authorialNote placement="side"><p>"הודעה על בנין דרך</p></authorialNote></heading><num>44</num><content><p>
(1) הרוצה לבנות דרך או לשנותה יתן על כך לשר הדואר, או
למי שהשר הסמיכו לכך, הודעה בכתב שלושים יום לפחות לפני התחלת
העבודה, ואם לא נתן הודעה כאמור, ישא בכל ההוצאות שנגרמו עקב
אי-מתן ההודעה.
(2) ניתנה ההודעה, תסיר המדינה כל מיתקן טלגרף הנמצא במקום
שבו תבוצע עבודה כאמור בסעיף קטן (1) ותעביר אותו תוך זמן סביר
למקום ובדרך שקבע שר הדואר בהתאם לתכנון רשת הטלגרף ולאחר
התייעצות עם הרשות המקומית שבתחום שיפוטה תיבנה הדרך.
(3) ההוצאות להסרת מיתקן הטלגרף והעברתו עקב עבודה כאמור
בסעיף קטן (1) יהיו על החייב במתן ההודעה, בין שניתנה ההודעה ובין
שלא ניתנה."</p></content></point><point><heading><authorialNote placement="side"><p>תיקון סעיף 47</p></authorialNote></heading><num>9</num><content><p>
בסעיף 47 לפקודה -</p></content></point><point><heading><authorialNote placement="side"><p>הוספת סעיף 47א</p></authorialNote></heading><num>10</num><content><p>
אחרי סעיף 47 לפקודה יבוא:</p></content></point><point><heading><authorialNote placement="side"><p>''איסור עבודות</p></authorialNote></heading><num>47</num><content><p>
א. (0 לא יבצע אדם בין בעצמו ובין על ידי אחר מטעמו עבודת
חפירה, חריש ונטיעה, שעמקה למעלה מחמישים סנטימטר, תוך שלושים
מטר מציר של דרך אלא בהיתר מאת שר הדואר.
(2) שר הדואר רשאי' בצו' להוציא שטח של רשות מקומית' כולו
או מקצתו' מתחום תחולת הוראה זו.
(3) העובר על הוראת סעיף זה' דינו - מאסר ששה חדשים."</p></content></point><point><heading><authorialNote placement="side"><p>הוספת סעיף 55א</p></authorialNote></heading><num>11</num><content><p>
אחרי סעיף 55 לפקודה יבוא:</p></content></point><point><heading><authorialNote placement="side"><p>''חסינות מפני אחריות</p></authorialNote></heading><num>55</num><content><p>
א. המדינה לא תשא באחריות לאחד הנזקים המנויים להלן, והם:
נזק שנגרם -
(1) לטלגרף שברשות מנוי על ידי זרם חשמלי שהועבר
לבית המנוי באמצעות הטלגרף ושמקורו אינו בפיקוח שר
הדואר או מי שהשר הסמיכו לכך; ואולם אין בכך כדי לשחרר
את שר הדואר מן החובה לנקוט אמצעי זהירות סבירים למניעת
נזק כאמור;
(2) למנוי בגלל הפסקת הקשר הטלגרפי;
(3) למנוי עקב טעויות במתן שירות הקשור כשירות
טלגרף."</p></content></point><point><heading><authorialNote placement="side"><p>תיקון סעיף 58</p></authorialNote></heading><num>12</num><content><p>
האמור בסעיף 58 לפקודה' יסומן כסעיף קטן (1) ואחריו יבוא:
"(2) שר הדואר רשאי' באישור ועדת הכלכלה של הכנסת' להתקין
תקנות המתירות חיבור מנוי נוסף לטלגרף קיים."</p></content></point><point><heading><authorialNote placement="side"><p>הוספת סעיף 58א</p></authorialNote></heading><num>13</num><content><p>
אחרי סעיף 58 לפקודה יבוא:</p></content></point><point><heading><authorialNote placement="side"><p>"השנה</p></authorialNote></heading><num>58</num><content><p>
א. מנוי הרואה עצמו נפגע מהשימוש בסמכות כדבר חיבור מנוי נוסף
לטלגרף הקיים, רשאי תוך 14 יום, מהיום שבו נמסרה לו הודעה על הכוונה
להשתמש בסמכות' להשיג על ההודעה בפני שר הדואר. הוגשה ההשגה
כאמור לא יבוצע החיבור אלא אם החליט שר הדואר לדחות את ההשגה."</p></content></point><point><heading><authorialNote placement="side"><p>הוספת סעיף 73</p></authorialNote></heading><num>14</num><content><p>
בתחילת חלק ח' לפקודה' אחרי הכותרת "עבירות בי-דואר" יבוא:</p></content></point><point><heading><authorialNote placement="side"><p>''הגנה על סמל הדואר</p></authorialNote></heading><num>73</num><content><p>
(1) לא ישתמש אדם שימוש כלשהו, שלא לצרכי דואר ישראל,
בסמל דואר ישראל כמתואר בתוספת הרביעית' או בסמל הדומה לו עד
כדי שאפשר לטעות בו ולראותו כסמל דואר ישראל, ולא ייצר אדם דבר
ובו סמל כאמור אלא בהיתר מאת שר הדואר ולפי תנאי ההיתר.
(2) העובר על הוראת סעיף זה, דינו - מאסר שלושה חדשים
או קנס -.1,000 ל"י."</p></content></point><point><heading><authorialNote placement="side"><p>הוספת סעיפים 79א, 79ב ו-79ג</p></authorialNote></heading><num>15</num><content><p>
אחרי סעיף 79 לפקודה יבוא:</p></content></point><point><heading><authorialNote placement="side"><p>"איסור הטרדה כוי</p></authorialNote></heading><num>79</num><list><intro><p>
א. העושה אחת מאלה:</p></intro><subPoint><num>א</num><content><p> מוסר מברק להעברה ביודעין שתכנו כוזב ובכוונה
להטריד או להרגיז;</p></content></subPoint><subPoint><num>ב</num><content><p> משתמש בטלגרף במלים או באופן שיש בהם כדי לאיים
או לפגוע שלא כדין, או ככוונה להטריד או להרגיז שלא כדין,
דינו - מאסר ששה חדשים.</p></content></subPoint></list></point><point><heading><authorialNote placement="side"><p>עוולה אזרחית</p></authorialNote></heading><num>79</num><content><p>
ב. המעשים המנויים בסעיף 79א, הם נזיקין אזרחיים, והוראות פקודת
הנזיקין האזרחיים, 1944, יחולו עליהם.</p></content></point><point><heading><authorialNote placement="side"><p>תחבולה בהשגת קשר טלגרף</p></authorialNote></heading><num>79</num><content><p>
ג. המשיג קשר טלגרף בתחבולה כדי להשתמש מתשלום תמורתו,
דינו - מאסר שלושה חדשים."</p></content></point><point><heading><authorialNote placement="side"><p>תיקון סעיף 84</p></authorialNote></heading><num>16</num><content><p>
בסעיף 84 לפקודה, במקום "שבע שנות עבודת פרך" יבוא "ששה חדשי מאסר".</p></content></point><point><heading><authorialNote placement="side"><p>חוסמת התוס&amp;ת השלישית והרביעית</p></authorialNote></heading><num>18</num><content><p>
אחרי התוספת השניה לפקודה יבוא:
"התוספת השלישית
(סעיף 11ד (1))
בעד מכתב רשום, עד 24.50 ל"י
בעד חבילה שמשקלה עד 3 ק"ג, עד 14.70 ל"י
בעד חבילה שמשקלה למעלה מ-3 ק"ג עד 5 ק"ג, עד 24.50 ל"י
בעד חבילה שמשקלה למעלה מ-5 ק"ג עד 10 ק"ג, עד 39.20 ל"י
בעד חבילה שמשקלה למעלה מ-10 ק"ג, עד 53.80 ל"י</p></content></point><signature><name>שניאור זלמן שזר</name><role>נשיא המדינה</role></signature><signature><name>לוי אשכול</name><role>ראש הממשלה</role></signature><signature><name>אליהו ששון</name><role>שר הדואר</role></signature><dateOfAcceptance>29.07.1965</dateOfAcceptance></body>