<?xml version="1.0" encoding="UTF-8" ?>
<body><title><content><p>חוק גימלאות לחברי הכנסת, תשי"ח-1958 *</p></content></title><point><heading><authorialNote placement="side"><p>הגדרות</p></authorialNote></heading><num>1</num><content><p>
בחוק זה -
"משכורת חברי הכנסת" לענין הקצבה של חבר הכנסת שחדל לכהן - המשכורת החדשית,
על תוספותיה, המשתלמת מדי פעם בפעם על פי הסעיפים 2, 3 ו-3א לחוק שכר חברי
הכנסת. תש"ט-1949 1, לחברי הכנסת שהרכב משפחתם בהרכב משפחתו של חבר הכנסת
שחדל לכהן;
"שאירים" של חבר הכנסת שנפטר - בני משפחתו כמשמעותם בחוק שכר חברי הכנסת,
תש"ט-1949; לא השאיר חבר הכנסת בני משפחה כאמור - הוריו שפרנסתם היתה
עליו בעת פטירתו; לא השאיר גם הורים כאמור - קטינים שהיו תלויים בו בעת פטירתו;
"קצבה" - סכום המשתלם מדי חודש -
(1) לחבר הכנסת שחדל לכהן; או
(2) לשאיריו של חבר הכנסת שנפטר;
"מענק" - תשלום חד-פעמי;
"גימלה" - קצבה או מענק.</p></content></point><point><heading><authorialNote placement="side"><p>קצבה לחבר הכנסת שחדל לכהן</p></authorialNote></heading><num>2</num><content><p>
חבר הכנסת שחדל לכהן אחרי שהגיע לגיל חמישים והיה חבר הכנסת שש שנים
לפחות, תשולם לו, מהיום שחדל לכהן וכל ימי חייו, קצבה חדשית בשיעור של שליש אחוז
ממשכורת חברי הכנסת כפול במספר חדשי כהונתו כחבר הכנסת; ואולם -
(1) לגבי חדשי הכהונה שבהם היה חבר הכנסת בגיל ששים ומעלה תהיה
הקצבה בשיעור של חצי אחוז ממשכורת חברי הכנסת כפול במספר אותם
החדשים;
(2) הקצבה למי שהיה הבר הכנסת יותר מעשר שנים לא תפחת מ- 50% ממשכו-
רת חברי הכנסת;
(3) לא תעלה הקצבה על 70% ממשכורת חברי הכנסת.</p></content></point><point><heading><authorialNote placement="side"><p>קצבה קביעת</p></authorialNote></heading><num>3</num><content><p>
חבר הכנסת שחדל לכהן אחרי שהגיע לגיל שבעים וחמש והיה חבר הכנסת חמש שנים
לפחות, תשולם לו, מהיום שחדל לכהן וכל ימי חייו, קצבה חדשית בשיעור של 70% ממשכו-
רת חברי הכנסת.</p></content></point><point><heading><authorialNote placement="side"><p>קצבה לחבורת הכנסת</p></authorialNote></heading><num>4</num><content><p>
לגבי חברת הכנסת יבוא לענין הסעיפים 2 ו-3 "ארבעים וחמש" במקום "חמישים",
"חמישים וחמש" במקום "ששים", ו"ששים וחמש" במקום "שבעים וחמש".</p></content></point><point><heading><authorialNote placement="side"><p>חישוב תקופה הכהונה</p></authorialNote></heading><num>5</num><content><p>
לחישוב הקצבה לפי הסעיפים 2 עד 4 -
(1) יצורפו יחד כל תקופות הכהונה של חבר הכנסת, בין שהיו לפני תחילת
חוק זה ובין שהיו לאחרי תחילתו;
(2) ייחשב עודף התקופה כולה העולה על חמישה עשר יום כתקופה של חודש
שלם, ואילו עודף התקופה שאינו עולה על המישה עשר יום לא יובא בחשבון;
(3) תיחשב תקופת הכהונה במועצת המדינה הזמנית כתקופת כהונה בכנסת;</p></content></point><point><heading><authorialNote placement="side"><p>גימלאות ליושב ראש הכנסת</p></authorialNote></heading><num>6</num><content><p>
חכר הכנסת שהיה יושב ראש הכנסת, זכאי, לגבי תקופת כהונתו כיושב ראש הכנסת,
- לגימלאות לפי חוק הגימלאות לשרים, תשי"ז-1957 3, כאילו היה שר, וכן זכאים שאיריו;
אותה תקופה לא תיחשב כתקופת כהונה לענין חוק זה,</p></content></point><point><heading><authorialNote placement="side"><p>מענק לחבר הכנסת שאינו זכאי לקצבה</p></authorialNote></heading><num>7</num><content><p>
חבר הכנסת שחדל לכהן ואינו זכאי לקצבה לפי הסעיפים 3,2 או 4, ישולם לו מענק
בסכום של 11% מהמשכורת האחרונה ששולמה לו כחבר הכנסת כפול במספר החדשים
שכיהן כחבר הכנסת אחרי תחילת חוק זה.</p></content></point><point><heading><authorialNote placement="side"><p>דין חבר הכנסת שנבחר שנית</p></authorialNote></heading><num>8</num><content><p>
חבר הכנסת שחדל לכהן וקיבל מענק לפי סעיף 7 ואחרי כן חזר ונבחר לחבר הכנסת,
הברירה בידו: רצה - יחזיר את המענק; רצה - לא יחזירו ובמקרה זה לא תיחשב התקופה
שבעדה קיבל את המענק כתקופת כהונה לענין חוק זה.</p></content></point><point><heading><authorialNote placement="side"><p>גימלה לשאיריו של חבר הכנסת שהיה זכאי לקצבה</p></authorialNote></heading><num>9</num><content><p>
חבר הכנסת שנפטר, ואילו חדל אותה שעה לכהן כחבר הכנסת היה זכאי לקצבה לפי 
הסעיפים 3,2 או 4, תשולם לשאיריו, מיום פטירתו וכל עוד הם בבחינת שאירים, קצבה
חדשית בשיעור שהיה זכאי לה אילולא נפטר; היתה קצבה זו פחות מ-50% ממשכורת חברי
הכנסת, ישולם לשאירים גם מענק בסכום של פי שנים עשר מהמשכורת האחרונה ששולמה
לנפטר.</p></content></point><point><heading><authorialNote placement="side"><p>גימלה לשאיריו של חבר הכנסת שלא היה זכאי לקצבה</p></authorialNote></heading><num>10</num><content><p>
חבר הכנסת שנפטר, ואילו חדל אותה שעה לכהן כחבר הכנסת לא היה זכאי לקצבה
לפי הסעיפים 3,2 או 4, ישולם לשאיריו מענק בסכום שהיה זכאי לו לפי סעיף 7 אילולא
נפטר, וכן מענק בסכום של פי שנים עשר מהמשכורת האחרונה ששולמה לנפטר.</p></content></point><point><heading><authorialNote placement="side"><p>גימלה לשאירים במקרים מיוחדים</p></authorialNote></heading><num>11</num><content><p>
חבר הכנסת שנפטר לפני שהגיע לגיל חמישים ואחרי שהיה חבר הכנסת ארבע עשרה
שנה לפתות, והשאיר אשה שהגיעה לגיל ארבעים וחמש, או לא השאיר אשה אך השאיר
שאירים אחרים, תשולם לשאיריו מיום פטירתו וכל עוד הם בבחינת שאירים, קצבה חדשית
בשיעור שהיה זכאי לה אילו הגיע לגיל חמישים לפני שחדל לכהן.</p></content></point><point><heading><authorialNote placement="side"><p>גימלה לשאיריו של בעל קצבה</p></authorialNote></heading><num>12</num><content><p>
בעל קצבה לפי הסעיפים 3,2 או 4 שנפטר, תשולם לשאיריו, מיום פטירתו וכל עוד
הם בבחינת שאירים, קצבה חדשית בשיעור שהיה משתלם לו אילולא נפטר.</p></content></point><point><heading><authorialNote placement="side"><p>הפסקת קצבאות</p></authorialNote></heading><num>13</num><content><p>
אלמנה בעלת קצבה לפי הסעיפים 9, 11 או 12 שנישאה שנית, תחדל עם נישואיה
השניים מהיות בבחינת שאיר.</p></content></point><point><heading><authorialNote placement="side"><p>הפחתת קצבאות</p></authorialNote></heading><num>14</num><content><p>
בעל קצבה לפי הסעיפים 3,2 או 4 שיש לו הכנסה משכר או קצבה שלא לפי חוק זה
המשתלמים מאוצר המדינה או מקופה שנקבעה כקופה ציבורית לענין סעיף 28 לחוק שירות
המדינה (גימלאות), תשט"ו-1955 4, והקצבה לפי חוק זה בצירוף ההכנסה האמורה עודפים
על משכורת חברי הכנסת אותה שעה, תופחת הקצבה לפי חוק זה בסכום העודף; והוא הדין
של שאיר, בעל קצבה לפי הסעיפים 11,9 או 12 שיש לו הכנסה כאמור.</p></content></point><point><heading><authorialNote placement="side"><p>שאירים שאינם סמוכים על שולחן אחד</p></authorialNote></heading><num>15</num><content><p>
לא היו השאירים סמוכים על שולחן אחד' תקבע ועדת הכנסת למי מהם ישולמו הקצב-
אות המגיעות לשאירים לפי חוק זה' אופן חלוקתן ביניהם ובאיזה אופן יחולו עליהן הוראות
סעיף 14.</p></content></point><point><heading><authorialNote placement="side"><p>קצבה לחבר הכנסת שחדל לכהן לפני תחילת החוק</p></authorialNote></heading><num>10</num><content><p>
חבר הכנסת שחדל לכהן לפני תחילת חוק זה' ואילו חוק זה היה בתקפו אותה שעה
היה זכאי לקצבה לפי הסעיפים 2'3 או 4' תשולם לו אותה קצבה מיום תחילת חוק זה.</p></content></point><point><heading><authorialNote placement="side"><p>קצבה לשאירים של חבר הכנסת שנפטר לפני תחילת החוק</p></authorialNote></heading><num>17</num><content><p>
חבר הכנסת שנפטר לפני תחילת חוק זה' ואילו חוק זה היה בתקפו אותה שעה היו
שאיריו זכאים לקצבה לפי הסעיפים 9' 11 או 12' תשולם להם אותה קצבה מיום תחילת
חוק זה' אולם ינוכה מן הקצבה כל סכום ששולם להם כמענק עם פטירת חבר הכנסת.</p></content></point><point><heading><authorialNote placement="side"><p>העברה וכו' של זכות לגימלה</p></authorialNote></heading><num>18</num><content><p>
זכות לגימלה לפי חוי יה אינה ניתנת להעברה' לערבות' לשעבוד או לעיקול בכל
דרך שהיא' אלא לשם תשלום מזונות המגיעים מהזכאי לפי הסכם או לפי פסק-דין של
בית-משפט או של בית-דין מוסמך.</p></content></point><point><heading><authorialNote placement="side"><p>תשלום מאוצר המרינה</p></authorialNote></heading><num>19</num><content><p>
הגימלאות לפי חוק זה ישולמו מאוצר המדינה.</p></content></point><point><heading><authorialNote placement="side"><p>מועד התשלום</p></authorialNote></heading><num>20</num><content><p>
הקצבאות לפי חוק זה ישולמו בתום כל חודש.</p></content></point><point><heading><authorialNote placement="side"><p>ביצוע</p></authorialNote></heading><num>21</num><content><p>
יושב ראש הכנסת ממונה על ביצוע חוק זה והוא רשאי להתקין תקנות בכל הנוגע
לביצועו.</p></content></point><point><heading><authorialNote placement="side"><p>ביטול</p></authorialNote></heading><num>22</num><content><p>
סעיף 4 לחוק שכר חברי הכנסת' תש"ט-1949 - בטל.</p></content></point><point><heading><authorialNote placement="side"><p>תחילה</p></authorialNote></heading><num>23</num><content><p>
תחילתו של חוק זה ביום י"ג בסיון תשי"ח (1 ביוני 1958).</p></content></point><signature><name>יצחק בן- צבי</name><role>נשיא המדינה</role></signature><signature><name>דוד בן-גוריון</name><role>ראש הממשלה</role></signature><dateOfAcceptance>06.04.1958</dateOfAcceptance></body>