<?xml version="1.0" encoding="UTF-8" ?>
<body><title><content><p>חוק לתיקון פקודת בתי המשפט העירוניים, תשי"ח-1958 *</p></content></title><point><heading><authorialNote placement="side"><p>הוספת סעיף 8ב</p></authorialNote></heading><num>1</num><content><p>
אחרי סעיף 8א לפקודת בתי המשפט העירוניים!' יבוא סעיף זה:</p></content></point><point><heading><authorialNote placement="side"><p>"בית משפט עירוני לרשויות מקומיות אחרות</p></authorialNote></heading><num>8</num><list><intro><p>
ב. (א) שר המשפטים רשאי, בצו, ובתנאים שיקבע, להקים בית
משפט עירוני שאזור שיפוטו יהיה תחומן של רשויות מקומיות אחדות.</p></intro><subPoint><num>ב</num><content><p> לא ייעשה צו לפי סעיף זה אלא לפי הצעת רשות מקומית
ובהסכמת כל הרשויות המקומיות הנוגעות בדבר.</p></content></subPoint><subPoint><num>ג</num><content><p> מקום מושבו של בית משפט עירוני שהוקם לפי סעיף זה
יהיה, בכל משפט, המקום בו נעכרה העבירה.</p></content></subPoint><subPoint><num>ד</num><content><p> שר המשפטים רשאי, משנתבקש לכך על-ידי אחת הרשויות
המקומיות, לבטל צו שנעשה לפי סעיף זה או להביא בו שינויים.</p></content></subPoint><subPoint><num>ה</num><content><p> כל מקום בפקודה שמדובר בעיר, בעיריה, או באזור העיריה,
יראוהו לענין סעיף זד. כמדובר גם באזור שיפוטה של רשות מקומית
אחרת, וכל מקום בה שמדובר בתקנות העירית וחוקי העזר שלה יראוהו
כמדובר גם בחוקי העזר של רשות מקומית אחרת."</p></content></subPoint></list></point><signature><name>יצחק בן-צכי</name><role>נשיא המדינה</role></signature><signature><name>דוד בן-גוריון</name><role>ראש הממשלה</role></signature><signature><name>פנחס רוזן</name><role>שר המשפטים</role></signature><dateOfAcceptance>23.01.1958</dateOfAcceptance></body>