<?xml version="1.0" encoding="UTF-8" ?>
<body><title><content><p>חוק לתיקון פקודת בתי המשפט העירוניים, תש"י-1950 *</p></content></title><point><heading><authorialNote placement="side"><p>תיקון פקודת בתי המשפט העירוניים</p></authorialNote></heading><num>1</num><content><p>
פקודת בתי המשפט העירוניים 1 תתוקן כך:
בתנאי לסעיף 4(1), במקום המלים "עשרים פונטים", יבואו המלים "מאה
לירות".</p></content></point><signature><name>יוסף שפרינצק</name><role>יושב ראש הכנסת</role></signature><signature><name>דוד בן-גוריון</name><role>ראש הממשלה</role></signature><signature><name>פנחס רוזן</name><role>שר המשפטים</role></signature><dateOfAcceptance>01.08.1950</dateOfAcceptance></body>