<?xml version="1.0" encoding="UTF-8" ?>
<body><title><content><p>חוק לתיקון פקודת הדואר, התשמ"א-1981 *</p></content></title><point><heading><authorialNote placement="side"><p>תיקון סעיף 62</p></authorialNote></heading><num>1</num><content><p>
בסעיף 62 לפקודת הדואר [נוסח חדש], התשל"ז-1976 1 -
(1) במקום כותרת השוליים יבוא "סמכות לקבוע אגרות, ריבית והצמדה";
(2) אחרי סעיף קטן (ב) יבוא:
"(ג) השר, בהסכמת שר האוצר ובאישור ועדת הכספים של הכנסת, רשאי
לקבוע בתקנות חובת תשלום ריבית פיגורים, הפרשי הצמדה והוצאות גביה
על תשלומים המגיעים בעד שירותים אשר לא שולמו במועד שנקבע לכך,
הכל בתנאים שייקבעו בתקנות."</p></content></point><signature><name>יצחק נבון</name><role>נשיא המדינה</role></signature><signature><name>מנחם בגין</name><role>ראש הממשלה</role></signature><signature><name>יורם ארידור</name><role>שר התקשורת</role></signature><dateOfAcceptance>05.02.1981</dateOfAcceptance></body>