<?xml version="1.0" encoding="UTF-8" ?>
<body><title><content><p>חוק בתי המשפט' תשי"ז-1957 *</p></content></title><point><heading><authorialNote placement="side"><p>מקום מושב ואזור שיפוט</p></authorialNote></heading><num>1</num><content><p>
מקום מושבו של בית המשפט העליון הוא ירושלים, ואזור שיפוטו הוא שטח המדינה
כולה,</p></content></point><point><heading><authorialNote placement="side"><p>השופטים</p></authorialNote></heading><num>2</num><content><p>
בבית המשפט העליון יהיו שופטים במספר שקבעה הכנסת בהחלטה.</p></content></point><point><heading><authorialNote placement="side"><p>ההרכב</p></authorialNote></heading><num>3</num><content><p>
בית המשפט העליון ידון בשלושה' אולם -
(1) נשיא בית המשפט העליון או ממלא מקומו הקבוע רשאי להורות, לפני
תחילת הדיון בענין מסויים, שהדיון בו יהיה לפני מספר בלתי זוגי גדול יותר
של שופטים;
(2) בית משפט שהחל לדון בענין מסויים רשאי להורות שהמשך הדיון בו
יהיה לפני מספר בלתי זוגי גדול יותר של שופטים, ובהם השופטים שהחלו
בדיון;
(3) בבקשות לצווי ביניים, לצווים זמניים ולהחלטות ביניים אחרות, וכן
בבקשות לצווים על תנאי, מוסמך לדון שופט אחד, אך שופט אחד לא יהיה
מוסמך לסרב למתן צו על תנאי או לתתו על מקצת עילותיו בלבה</p></content></point><point><heading><authorialNote placement="side"><p>חלוקת התפקידים</p></authorialNote></heading><num>4</num><list><intro><p /></intro><subPoint><num>א</num><content><p> המועד אשר בו יתחיל בית המשפט העליון לדון בענין פלוני, ייקבע על-ידי
נשיא בית המשפט העליון,</p></content></subPoint><subPoint><num>ב</num><content><p> השופט או השופטים אשר ידונו בענין פלוני, ייקבעו על-ידי נשיא בית המשפט
העליון.</p></content></subPoint><subPoint><num>ג</num><content><p> בהיעדר נשיא בית המשפט העליון - נתונות סמכויותיו לפי סעיף זה לממלא
מקומו הקבוע.</p></content></subPoint></list></point><point><heading><authorialNote placement="side"><p>אב-בית-דדין</p></authorialNote></heading><num>5</num><list><intro><p /></intro><subPoint><num>א</num><content><p> יושב בדין נשיא בית המשפט העליון - הנשיא הוא אב-בית-הדין; יושב בדין
ממלא מקומו הקבוע של הנשיא ואין הנשיא יושב בו - ממלא המקום הוא אב-בית-הדין;
בהרכב אחר - הותיק שבשופטים הוא אב-בית-הדין, ובין בעלי ותק שווה-הקשיש שבהם.</p></content></subPoint><subPoint><num>ב</num><content><p> לענין סעיף זה, רואים את הותק לפי תאריך מינויו של השופט לבית המשפט
העליון.</p></content></subPoint></list></point><point><heading><authorialNote placement="side"><p>סמכות כבית משפט לערעורים</p></authorialNote></heading><num>6</num><content><p>
בית המשפט העליון ידון בערעורים על פסקי דין ועל החלטות אחרות של בתי המשפט
המחוזיים.</p></content></point><point><heading><authorialNote placement="side"><p>סמכות כבית משפט גבוה לצדק</p></authorialNote></heading><num>7</num><list><intro><p /></intro><subPoint><num>א</num><content><p> בית המשפט העליון בשבתו כבית משפט גבוה לצדק ידון בענינים אשר הוא
רואה צורך לתת בהם סעד למען הצדק ואשר אינם בסמכותו של בית משפט או של
בית-דין אחר.</p></content></subPoint><subPoint><num>ב</num><content><p> מבלי לפגוע בכלליות ההוראות שבסעיף קטן (א), מוסמך בית המשפט העליון
בשבתו כבית משפט גבוה לצדק -
(1) לתת צווים על שחרור אנשים שנעצרו או נאסרו שלא כדין;
עט' 64.
(2) לתת צווים לרשויות המדינה, לרשויות מקומיות' לפקידיהן ולגופים
ולאנשים אחרים הממלאים תפקידים ציבוריים על פי דין, לעשות מעשה או
להימנע מעשות מעשה במילוי תפקידיהם כדין, ואם נבחרו או נתמנו שלא
כדין - להימנע מלפעול;
(3) לתת צווים לבתי משפט, לבתי דין ולגופים ואנשים בעלי סמכויות שיפו-
טיות או מעין שיפוטיות על פי דין - למעט בתי משפט שחוק זה דן בהם ולמעט
בתי דין דתיים - לדון בענין פלוני או להימנע מלדון או מלהוסיף ולדון בענין
פלוני, ולבטל דיון שנתקיים או החלטה שניתנה שלא כדין;
(4) לתת צווים לבתי דין דתיים לדון בענין פלוני לפי סמכותם או להימנע
מלדון או מלהוסיף ולדון בענין פלוני שלא לפי סמכותם; ובלבד שלא ייזקק
בית המשפט לבקשה לפי פסקה זו אם המבקש לא עורר את שאלת הסמכות
בהזדמנות הראשונה שהיתה לו; ואם לא היתה לו הזדמנות סבירה לעורר שאלת
הסמכות עד שניתנה החלטה על ידי בית הדין הדתי, רשאי בית המשפט לבטל
דיון שנתקיים או החלטה שניתנה על ידי בית הדין הדתי ללא סמכות.</p></content></subPoint></list></point><point><heading><authorialNote placement="side"><p>דיון נוסף</p></authorialNote></heading><num>8</num><list><intro><p /></intro><subPoint><num>א</num><content><p> ענין שפסק בו בית המשפט העליון בשלושה, רשאי הוא להחליט, עם מתן
פסלך דינו, שבית המשפט העליון ידון בו דיון נוסף בחמישה או יותר.</p></content></subPoint><subPoint><num>ב</num><content><p> לא החליט בית המשפט העליון כאמור בסעיף קטן (א), רשאי כל בעל דין
לבקש דיון נוסף כאמור; ונשיא בית המשפט העליון או שופט אחר או שופטים שיקבע
לכך, רשאים להיענות לבקשה אם מפאת חשיבותה, קשיותה או חידושה של הלכה שנפסקה
בענין יש, לדעתם, מקום לדיון נוסף.</p></content></subPoint><subPoint><num>ג</num><content><p> סדרי הבקשה ומועדי הגשתה וסדרי הדין בדיון נוסף ייקבעו בתקנות.</p></content></subPoint></list></point><point><heading><authorialNote placement="side"><p>משפט חתר</p></authorialNote></heading><num>9</num><list><intro><p /></intro><subPoint><num>א</num><content><p> נשיא בית המשפט העליון או ממלא מקומו הקבוע רשאי להורות כי בית המשפט
העליון או בית משפט מחוזי שיקבע לכך, יקיים משפט חוזר בענין פלילי שנפסק בו סופית,
אם ראה אחד מאלה:
(1) פסק בית משפט כי ראיה מהראיות שהובאו באותו הענין היה יסודה
בשקר או בזיוף, ויש יסוד להניח כי אילולא ראיה זאת היה בכך כדי לשנות את
תוצאות המשפט לטובת הנידון;
(2) נתגלו עובדות חדשות או ראיות חדשות העשויות, לבדן או ביחד עם
החומר שהיה בפני בית המשפט בראשונה, לשנות את תוצאות המשפט לטובת
הנידון, ולא יכלו להיות כידי הנידון, או לא יכלו להיות ידועות לו, בשעת
בירור משפטו;
)3( הורשע בינתיים אדם אחר בביצוע אותו מעשה העבירה, ומהנסיבות
שנתגלו במשפטו של אותו אדם אחר נראה כי מי שהורשע לראשונה בעבירה
לא ביצע אותה.</p></content></subPoint><subPoint><num>ב</num><content><p> הרשות לבקש משפט חוזר נתונה לנידון וליועץ המשפטי לממשלה; מת הנידון -
 תהיה הרשות האמורה גם לבן-זוגו ולכל אחד מצאצאיו, הוריו, אחיו או אחיותיו.</p></content></subPoint><subPoint><num>ג</num><content><p> במשפט חוזר יהיו לבית המשפט העליון או לבית משפט מחוזי כל הסמכויות
הנתונות לבית משפט מחוזי בשפיטה על פי כתב אישום והנתונות לבית המשפט העליון
בערעור פלילי, פרט לסמכות להחמיר בעונש; ובית המשפט רשאי לתת כל צו הנראה
בעיניו כדי לפצות נידון שנשא ענשו או חלק ממנו ושהרשעתו בוטלה כתוצאה מן המשפט
החוזר, או לתת כל סעד אחר; מת הנידון - רשאי בית המשפט לתת צו כאמור לטובת אדם
אחר.</p></content></subPoint><subPoint><num>ד</num><content><p> סדרי הבקשה ומועדי הגשתה וסדרי הדין במשפט חוזר ייקבעו בתקנות.</p></content></subPoint></list></point><point><heading><authorialNote placement="side"><p>העמדת שאלה על ידי שר המשפטים</p></authorialNote></heading><num>10</num><list><intro><p /></intro><subPoint><num>א</num><content><p> הוגשה בקשה לנשיא המדינה למתן חנינה או להפחתת עונש' והתעוררה שאלה
אשר לדעת שר המשפטים ראויה לדיון בבית המשפט העליון ואשר אינה יכולה לשמש
עילה למשפט חוזר לפי סעיף 9, רשאי שר המשפטים להעמיד את השאלה לבית המשפט
העליון.</p></content></subPoint><subPoint><num>ב</num><content><p> בית המשפט העליון יחליט אם לדון בשאלה שהועמדה לפניו לפי סעיף קטן (א);
החליט לדון, ידון בה כאילו הורה נשיא בית המשפט העליון על משפט חוזר לפי סעיף 9.</p></content></subPoint></list></point><chapter><num>פרק שני:</num><title><content><p>בתי משפט מחוזיים</p></content></title><point><heading><authorialNote placement="side"><p>מקום מושב ואזור שיפוט</p></authorialNote></heading><num>11</num><content><p>
שר המשפטים רשאי, בצו, להקים בתי משפט מחוזיים ולקבוע מקום מושבם ואזור
שיפוטם.</p></content></point><point><heading><authorialNote placement="side"><p>ישיבות בתי המשפט</p></authorialNote></heading><num>12</num><list><intro><p /></intro><subPoint><num>א</num><content><p> בית משפט מחוזי ישב במקום מושבו.</p></content></subPoint><subPoint><num>ב</num><content><p> בית משפט מחוזי רשאי לשבת לדין בענין מסויים, כולו או מקצתו, במקום
שאינו מקום מושבו, אם ראה לעשות כן למען הצדק או למען יעילות הדיון; ובלבד שלא
ישב במקום שמחוץ לאזור שיפוטו אלא בהסכמת נשיא בית המשפט המחוזי שהמקום האחר
נמצא באזור שיפוטו.</p></content></subPoint></list></point><point><heading><authorialNote placement="side"><p>השופטים</p></authorialNote></heading><num>13</num><list><intro><p /></intro><subPoint><num>א</num><content><p> בבית משפט מחוזי יהיו שופטים במספר שקבע שר המשפטים בהודעה ברשומות.</p></content></subPoint><subPoint><num>ב</num><content><p> בכל בית משפט מחוזי יהיה נשיא ויכול שיהיו בו נשיא תורן אחד או יותר;
ואולם יכול נשיא אחד לכהן כנשיא בשני בתי משפט מחוזיים.</p></content></subPoint></list></point><point><heading><authorialNote placement="side"><p>ישיבת שופט חוץ למקום מינויו</p></authorialNote></heading><num>14</num><content><p>
נתמנה שופט פלוני לבית משפט מחוזי אחד, אין בכך כדי לפסלו מלשבת בכית משפט
מחוזי אחר; ואולם לא ישב שופט בבית משפט מחוזי אחר אלא בהסכמת נשיאי שני בתי
המשפט המחוזיים הנוגעים בדבר.</p></content></point><point><heading><authorialNote placement="side"><p>ההרכב</p></authorialNote></heading><num>15</num><list><intro><p /></intro><subPoint><num>א</num><content><p> בענינים אלה ידון בית משפט מחוזי בשלושה -
(1) משפטים בשל עבירה שענשה מוות או מאסר עשר שנים או יותר;
(2) ערעורים, למעט כקשות לצווי ביניים, לצווים זמניים ולהחלטות ביניים
אחרות שבערעורים;
(3) כל ענין שנשיא או נשיא תורן של בית המשפט המחוזי הורה שידונו
בו שלושה.</p></content></subPoint><subPoint><num>ב</num><content><p> בכל ענין אחר ידון בית משפט מחוזי בשופט אחד.</p></content></subPoint></list></point><point><heading><authorialNote placement="side"><p>חלוקת תפקידים</p></authorialNote></heading><num>16</num><list><intro><p /></intro><subPoint><num>א</num><content><p> המועד אשר בו יתחיל בית משפט מחוזי לדון בענין פלוני ייקבע על ידי נשיאו
או נשיא תורן.</p></content></subPoint><subPoint><num>ב</num><content><p> השופט או השופטים אשר ידונו בענין פלוני ייקבעו על ידי נשיאו אר נשיא
תורן.</p></content></subPoint></list></point><point><heading><authorialNote placement="side"><p>אב-בית-דין</p></authorialNote></heading><num>17</num><list><intro><p /></intro><subPoint><num>א</num><content><p> בית משפט מחוזי הדן בשלושה והנשיא ביניהם - הנשיא הוא אב-בית-הדין;
אם נשיא תורן ביניהם ואין הנשיא ביניהם - הנשיא התורן הוא אב-בית-הדין; ואם שני
נשיאים תורניים ביניהם- הותיק שבהם; בהרכב אחר - הותיק שבשופטים הוא אב-בית-
הדין, ובין בעלי ותק שווה - הקשיש שבהם.</p></content></subPoint><subPoint><num>ב</num><content><p> לענין סעיף זה, רואים את הותק לפי תאריך מינויו של השופט לבית משפט
מחוזי.</p></content></subPoint></list></point><point><heading><authorialNote placement="side"><p>הסמכות</p></authorialNote></heading><num>18</num><content><p>
בית משפט מחוזי ידון באלה -
(0 כל ענין אזרחי או פלילי שאיננו בסמכותו של בית משפט שלום; בתביעה-
שכנגד אזרחית מוסמך לדון בית משפט מחוזי אף אם אותו ענין או אותה תביעה
הם בסמכותו של בית משפט שלום;
(2) כל ענין שאיננו בסמכותו הייחודית של בית דין אחר; בענין הנתון לסמ-
כותו המקבילה של בית דין אחר, יהיה בית המשפט המחוזי מוסמך לדון כל
עוד אין אותו בית הדין דן בו;
(3) ערעורים על פסקי דין ועל החלטות אחרות של בתי משפט השלום.</p></content></point><point><heading><authorialNote placement="side"><p>ערעור</p></authorialNote></heading><num>19</num><list><intro><p /></intro><subPoint><num>א</num><content><p> פסק דין של בית משפט מחוזי בערכאה ראשונה ביתן לערעור לפני בית
המשפט העליון.</p></content></subPoint><subPoint><num>ב</num><content><p> החלטה אחרת של בית משפט מחוזי בענין אזרחי' ופסק דין של בית משפט מחוזי
בערעור' ביתנים לערעור לפני בית המשפט העליון, אם נתקבלה רשות לכך בגוף ההחלטה
או פסק הדין או מאת ושיא בית המשפט העליון או שופט אחר של בית המשפט העליון
שנשיאו קבע לכך, או מאת בית המשפט העליון.</p></content></subPoint></list></point><point><heading><authorialNote placement="side"><p>סמכות שופטים</p></authorialNote></heading><num>20</num><content><p>
סמכות שיפוטית שנתייחדה בדין לנשיא או לנשיא תורן של בית משפט מחוזי' נתונה
לכל שופט של אותו בית משפט.</p></content></point></chapter><chapter><num>פרק שלישי:</num><title><content><p>בתי משפט השלום</p></content></title><point><heading><authorialNote placement="side"><p>מקום מושב ואזור שיפוט</p></authorialNote></heading><num>21</num><content><p>
שר המשפטים רשאי' בצו' להקים בתי משפט שלום ולקבוע מקום מושבם ואזור
שיפוטם.</p></content></point><point><heading><authorialNote placement="side"><p>ישיבות בתי המשפט</p></authorialNote></heading><num>22</num><list><intro><p /></intro><subPoint><num>א</num><content><p> בית משפט שלום ישב במקום מושבו.</p></content></subPoint><subPoint><num>ב</num><content><p> בית משפט שלום רשאי לשבת לדין בענין מסויים, כולו או מקצתו' במקום
שאינו מקום מושבו' אם ראה לעשות כן למען הצדק או למען יעילות הדיון; ובלבד שלא
ישב במקום שמחוץ לאזור שיפוטו אלא בהסכמת נשיא בית המשפט המחוזי שהמקום האחר
נמצא באזור שיפוטו.</p></content></subPoint></list></point><point><heading><authorialNote placement="side"><p>השופטים</p></authorialNote></heading><num>23</num><list><intro><p /></intro><subPoint><num>א</num><content><p> בבית משפט שלום יהיו שופטים במספר שקבע שר המשפטים בהודעה ברשומות.</p></content></subPoint><subPoint><num>ב</num><content><p> בבית משפט שלום שיש בו יותר משופט אחד' ובאזור שיפוט שיש בו יותר
מבית משפט שלום אחד' יהיה שופט שלום ראשי אחד או יותר; ואולם יכול שופט שלום
ראשי אחד לכהן כשופט שלום ראשי בבתי משפט שלום אחדים או באזורי שיפוט אחדים.</p></content></subPoint></list></point><point><heading><authorialNote placement="side"><p>ישיבת שופט מחוץ לטקומ מינויו</p></authorialNote></heading><num>24</num><content><p>
נתמנה שופט פלוני לבית משפט שלום אחד, אין בכך כדי לפסלו מלשבת בבית משפט
שלום אחר; ואולם לא ישב שופט בבית משפט שלום אחר אלא בהסכמת שופטי השלום
הראשיים הנוגעים בדבר.</p></content></point><point><heading><authorialNote placement="side"><p>ההרכב</p></authorialNote></heading><num>25</num><content><p>
בית משפט שלום ידון בשופט אחד' אולם רשאי השופט היושב לדין או שופט השלום
הראשי להורות שהדיון בענין פלוני יהיה לפני שלושה שופטים; השופטים שמהם מורכב
בית המשפט ייקבעו על ידי שופט השלום הראשי.</p></content></point><point><heading><authorialNote placement="side"><p>חלוקת התפקידים</p></authorialNote></heading><num>26</num><content><p>
חלוקת הענינים בין שופטי בית משפט שלום תיעשה לפי סדר שייקבע מזמן לזמן
על ידי שופט השלום הראשי בהתייעצות עם השופטים של אותו בית משפט,</p></content></point><point><heading><authorialNote placement="side"><p>אב-בית-הדין</p></authorialNote></heading><num>27</num><content><p>
בית משפט שלום הדן בשלושה, ושופט שלום ראשי ביניהם - שופט השלום הראשי
הוא אב-בית-הדין;.אם שני שופטי שלום ראשיים ביניהם, הותיק שבהם הוא אב-בית-הדין;
בהרכב אחר ~ הותיק בשופטים הוא אב-בית-הדין, ובין בעלי ותק שווה - הקשיש שבהם.</p></content></point><point><heading><authorialNote placement="side"><p>הסמכות</p></authorialNote></heading><num>28</num><content><p>
בית משפט שלום ידון באלה:
(1) חטאים ועוונות;
(2) תביעות אזרחיות - למעט תביעות הנוגעות למקרקעין - כשסכום
התביעה או שווי הנושא אינו עולה על אלף וחמש מאות לירות;
(3) תביעות בדבר חזקה או שימוש במקרקעין או בדבר חלוקתם או חלוקת
השימוש בהם, לרבות תביעות הכרוכות בהן שענינן חזקה או שימוש במטלטלין,
יהיה שוויו של נושא התביעה אשר יהיה; אך בית משפט שלום לא ידון בתביעות
אחרות הנוגעות במקרקעין;
(4) תביעה-שכנגד לתביעה אזרחית שנושאן אחד או שהן נובעות מאותן
הנסיבות, יהיה שוויו של נושא התביעה שכנגד אשר יהיה.</p></content></point><point><heading><authorialNote placement="side"><p>ערעור</p></authorialNote></heading><num>29</num><list><intro><p /></intro><subPoint><num>א</num><content><p> פסק-דין של בית משפט שלום ניתן לערעור לפני בית משפט מחוזי.</p></content></subPoint><subPoint><num>ב</num><content><p> החלטות של בית משפט שלום בבקשות לצווי ביניים, לצווים זמניים או להח-
לטות ביניים אחרות' בענינים אזרחיים, ניתנות לערעור לפני בית משפט מחוזי' אם נת-
קבלה רשות לכך מאת שופט של בית המשפט המחוזי' או מאת בית משפט השלום.</p></content></subPoint></list></point></chapter><chapter><num>פרק רביעי:</num><title><content><p>רשמים</p></content></title><point><heading><authorialNote placement="side"><p>בשירות ומינוי</p></authorialNote></heading><num>30</num><list><intro><p /></intro><subPoint><num>א</num><content><p> שר המשפטים רשאי למנות -
(1) שופט או אדם שהוא כשיר להתמנות שופט - להיות רשם או סגן רשם
של בית המשפט העליון;
(2) שופט שלום או אדם שהוא כשיר להתמנות שופט שלום - להיות רשם
או סגן רשם של בית משפט מחוזי או של בית משפט שלום.</p></content></subPoint><subPoint><num>ב</num><content><p> מינוי לפי סעיף זה ייעשה בהסכמת נשיא בית המשפט העליון.</p></content></subPoint><subPoint><num>ג</num><content><p> הודעה על המינוי תפורסם ברשומות' ומשפורסמה אין עוררין על המינוי.</p></content></subPoint></list></point><point><heading><authorialNote placement="side"><p>סמכות</p></authorialNote></heading><num>31</num><content><p>
סמכויותיו ותפקידיו של רשם והערעור על החלטותיו יהיו בהתאם לפקודת הרושמים,
1936 1.</p></content></point></chapter><chapter><num>פרק חמישי:</num><title><content><p>הוראות כלליות </p></content></title><point><heading><authorialNote placement="side"><p>בית משפטי שנחלקו בו הדעות</p></authorialNote></heading><num>32</num><content><p>
בית משפט הדן בשלושה או יותר' ונחלקו דעות השופטים, תכריע דעת הרוב; אין
רוב לדעה אמת - תכריע דעת אב-בית-הדין, ובענין פלילי - הדעה אשר לדעת אב-בית-
הדין מקילה עם הנאשם.</p></content></point><point><heading><authorialNote placement="side"><p>הלכה פסוקה</p></authorialNote></heading><num>33</num><list><intro><p /></intro><subPoint><num>א</num><content><p> בית משפט יונחה על ידי הלכה שנפסקה בבית משפט גבוה ממנו.</p></content></subPoint><subPoint><num>ב</num><content><p> הלכה שנפסקה בבית המשפט העליון מחייבת כל בית משפט' זולת בית המשפט
העליון.</p></content></subPoint></list></point><point><heading><authorialNote placement="side"><p>סמכות כללית לתת סעד</p></authorialNote></heading><num>34</num><content><p>
כל בית משפט הדן בענין אזרחי מוסמך לתת פסק דין הצהרתי' צו עשה' צו לא-תעשה'
צו ביצוע בעין וכל סעד אחר' ככל שיראה נכון בנסיבות שלפניו.</p></content></point><point><heading><authorialNote placement="side"><p>סמכות נגררת</p></authorialNote></heading><num>35</num><content><p>
הובא ענין כדין לפני בית משפט והתעוררה בו דרך אגב שאלה שהכרעתה דרושה לבי-
רור הענין, רשאי בית המשפט להכריע בה לצורך אותו ענין אף אם הענין שבשאלה
הוא בסמכותו הייחודית של בית משפט אחר או של בית דין אחר.</p></content></point><point><heading><authorialNote placement="side"><p>העברה ענין למקום אחר</p></authorialNote></heading><num>36</num><content><p>
ענין שהובא או שיש להביאו לפני בית משפט מחוזי או בית משפט שלום במקום
אחד, רשאי נשיא בית המשפט העליון או ממלא מקומו הקבוע להורות שיהיה נדון בבית
משפט של אותה דרגה במקום אחר; ובלבד שלא תינתן הוראה לפי סעיף זה לאחר התחלת
הדיון אלא בהסכמת השופט שהחל לדון בו.</p></content></point><point><heading><authorialNote placement="side"><p> סעד בשל חוסר סמכות</p></authorialNote></heading><num>37</num><list><intro><p /></intro><subPoint><num>א</num><content><p> מצא בית משפט שאין הוא יכול לדון בענין שלפניו מחמת שאינו בסמכותו
המקומית או הענינית, והוא בסמכותו של בית משפט או של בית דין אחר, רשאי הוא להע-
בירו לבית המשפט או לבית הדין האחר, והלה ידון בו' כאילו הובא לפניו מלכתחילה'
ורשאי הוא לדון בו מן השלב שאליו הגיע בית המשפט הקודם.</p></content></subPoint><subPoint><num>ב</num><content><p> בית המשפט או בית הדין שאליו הועבר ענין כאמור, לא יעבירנו עוד.</p></content></subPoint></list></point><point><heading><authorialNote placement="side"><p>פומביות הדיון</p></authorialNote></heading><num>38</num><list><intro><p /></intro><subPoint><num>א</num><content><p> בית משפט ידון בפומבי.</p></content></subPoint><subPoint><num>ב</num><content><p> רשאי בית משפט לדון בענין מסויים, כולו או מקצתו, בדלתיים סגורות, אם
ראה צורך בכך לשם שמירה על בטחון המדינה, לשם הגנה על המוסר או לשם הגנה על
שלומו של קטין.</p></content></subPoint><subPoint><num>ג</num><content><p> בבקשות לצווי ביניים, לצווים זמניים ולהחלטות ביניים אחרות, רשאי בית
המשפט לדון בדלתיים סגורות.</p></content></subPoint><subPoint><num>ד</num><content><p> החליט בית המשפט על עריכת דיון בדלתיים סגורות, רשאי הוא להרשות
לאדם או לסוגי בני אדם להיות נוכחים בשעת הדיון כולו או מקצתו.</p></content></subPoint></list></point><point><heading><authorialNote placement="side"><p>הדחקת קטינים מבית המשפט</p></authorialNote></heading><num>39</num><content><p>
רשאי בית המשפט לאסור על קטין להימצא בבית המשפט בשעת הדיון ולצוות על
הרחקתו.</p></content></point><point><heading><authorialNote placement="side"><p>איפור פרסומים</p></authorialNote></heading><num>40</num><list><intro><p /></intro><subPoint><num>א</num><content><p> לא יפרסם אדם דבר על דיון שהתנהל בבית משפט בדלתיים סגורות אלא
ברשות בית המשפט.</p></content></subPoint><subPoint><num>ב</num><content><p> לא יצלם אדם באולם בית המשפט ולא יפרסם תצלום כזה אלא ברשות בית
המשפט.</p></content></subPoint><subPoint><num>ג</num><content><p> לא יפרסם אדם, בלי רשות בית המשפט, שם קטין שלא מלאו לו שש עשרה
שנה והוא נאשם או עד במשפט פלילי, או מתלונן או ניזוק במשפט בשל עבירה לפי פרק 17
לפקודת החוק הפלילי, 1936 2, ולא תמונתו, מענו או פרטים אחרים העשויים להביא לזיהויו
של הקטין,</p></content></subPoint><subPoint><num>ד</num><content><p> בית משפט רשאי לאסור כל פרסום בקשר לדיוני בית המשפט, במידה שהוא
רואה צורך בכך לשם הגנה על בטחונו של בעל דין, עד או אדם אחר ששמו הוזכר בדיון.</p></content></subPoint><subPoint><num>ה</num><content><p> העובר על הוראה מהוראות סעיף זה, דינו - מאסר ששה חדשים או קנס אלף
לירות.</p></content></subPoint></list></point><point><heading><authorialNote placement="side"><p>פרסומים מיוחדים</p></authorialNote></heading><num>41</num><list><intro><p /></intro><subPoint><num>א</num><content><p> לא יפרסם אדם דבר על ענין התלוי ועומד בבית משפט, אם יש בפרסום כדי
להשפיע על מהלך המשפט או תוצאותיו; ואולם אין איסור זה חל על פרסום ידיעה בתום לב
על דבר שנאמר או שאירע בישיבה פומבית של בית המשפט,</p></content></subPoint><subPoint><num>ב</num><content><p> העובר על הוראות סעיף זה, דינו - מאסר שנה אחת או קנס אלפיים לירות.</p></content></subPoint></list></point><point><heading><authorialNote placement="side"><p>איסור הפרעה בבית המשפט</p></authorialNote></heading><num>42</num><list><intro><p /></intro><subPoint><num>א</num><content><p> המפריע לדיוני בית המשפט לעיני בית המשפט, רשאי בית המשפט לצוות
על הרחקתו או לכפותו' במאסר או בקנס' להתנהג כראוי.</p></content></subPoint><subPoint><num>ב</num><content><p> הוראות סעיף זה באות להוסיף על סמכויות בית המשפט לפי כל דין אחר;
אך לא ייענש אדם בשל התנהגות אשר בגינה הוטל עליו מאסר או קנס לפי סעיף זה.</p></content></subPoint><subPoint><num>ג</num><content><p> הודעה בכתב על צו מאסר או קנס לפי סעיף קטן (א), תינתן מיד לנשיא בית
המשפט העליון, ורשאי הנשיא לבטל את הצו או לשנותו לקולא.</p></content></subPoint></list></point><point><heading><authorialNote placement="side"><p>סופיותן של החלטות</p></authorialNote></heading><num>43</num><content><p>
החלטות בית משפט לפי הסעיפים 38' 39' 42 - אין אחריהן ולא כלום.</p></content></point></chapter><chapter><num>פרק ששי:</num><title><content><p>הוראות שונות</p></content></title><point><heading><authorialNote placement="side"><p>תחולת הוראות על רשם</p></authorialNote></heading><num>44</num><content><p>
הוראות הסעיפים 33 עד 37 ו-39 עד 43 יחולו על רשם ועל הדיונים לפניו; אך רשם
שאינו שופט לא יהא מוסמך לשפיטה פלילית ולשפיטה לפי סעיף 42 (א).</p></content></point><point><heading><authorialNote placement="side"><p>העברת סמכויות</p></authorialNote></heading><num>45</num><list><intro><p /></intro><subPoint><num>א</num><content><p> כל סמכות מינהלית וכל סמכות להתקין תקנות סדרי דין שהוענקו לזקן השופטים/
נתונות לשר המשפטים.</p></content></subPoint><subPoint><num>ב</num><content><p> כל סמכות שיפוטית שהוענקה לזקן השופטים, נתונה לנשיא בית המשפט העליון
ולממלא מקומו הקבוע.</p></content></subPoint></list></point><point><heading><authorialNote placement="side"><p>תקנות סדרי דין</p></authorialNote></heading><num>46</num><content><p>
שר המשפטים רשאי להסדיר' בתקנות סדרי דין, את סדרי הדין והנוהג לפני בתי
משפט ורשמים, במידה ולא נקבעו בחוק' ובהם -
(1) כל הנוגע לערעורים, לדיון נוסף ולמשפט חוזר לפי חוק זה;
(2) הארכת מועדים לעשיית דבר שבסדרי דין או בנוהג, אף אם נקבעו
בחיקוק;
(3) הערכת הוצאות המשפט וקביעת סולם לשכר טרחה של עורכי דין שבית
משפט או רשם רשאי להקציב להם בעד פעולותיהם לפניו.</p></content></point><point><heading><authorialNote placement="side"><p>ביצוע ותקנות</p></authorialNote></heading><num>47</num><content><p>
שר המשפטים ממונה על ביצוע חוק זה והוא רשאי להתקין תקנות לביצועו, ובין
השאר להסדיר בתקנות -
(1) ימי הישיבות והפגרות של בתי משפט והטיפול בענינים בימי פגרה;
(2) פרסום פסקי דין של בתי משפט;
(3) אגרות שיש לשלם בבתי משפט והפטור מהן?
(4) דמי נסיעה ולינה ושכר בטלה של עדים שהוזמנו להעיד בבתי משפט.</p></content></point><point><heading><authorialNote placement="side"><p>ביטול</p></authorialNote></heading><num>48</num><content><p>
בטלים -
(1) פקודת בתי המשפט, 1940 3, פרט לסעיפים 19,9 ו-24;
(2) פקודת בתי המשפט (הוראות מעבר), תש"ח-1948 4;
(3) סעיפים 2(2), 3, 4, 5, 7, 8, 9, 10, 11, 12(1) (4), 13, 24,14, 25 ו-28
לפקודת שיפוט בתי משפט השלום, 1947 5;
(4) סעיפים 3 ו-4 לפקודת בזיון בית המשפט 6;</p></content></point><point><heading><authorialNote placement="side"><p>שמירת חוקיים</p></authorialNote></heading><num>49</num><content><p>
? חוק זה אינו גורע מכל חוק אחר -
(1) הדן בבתי משפט אחרים או בבתי דין אחרים;
(2) המוציא ענינים מסויימים מסמכותם של בתי המשפט שחוק זה דן בהם,
או מוסר לסמכותם ענינים נוספים;
(3) הקובע לבית משפט הרכב מסויים או סדרי דין מסויימים לדיון בענינים
מסויימים;
(4) השולל זכות ערעור או מתנה לה תנאים.</p></content></point><point><heading><authorialNote placement="side"><p>הוראות מעבר</p></authorialNote></heading><num>50</num><list><intro><p /></intro><subPoint><num>א</num><content><p> בית משפט מחוזי ובית משפט שלום שהיה קיים ערב תחילתו של חוק זה' רואים
אותו כאילו הוקם על פי חוק זה, ואזור שיפוטו ומקום מושבו שנקבעו לפני תחילתו של
חוק זה - כאילו נקבעו על פי חוק זה.</p></content></subPoint><subPoint><num>ב</num><content><p> מספר השופטים שכיהנו ערב תחילתו של חוק זה באחד מכתי המשפט' רואים
אותו כאילו נקבע על פי חוק זה.</p></content></subPoint><subPoint><num>ג</num><content><p> רשם שכיהן ערב תחילתו של חוק זה' רואים אותו כאילו נתמנה על פי חוק זה.</p></content></subPoint><subPoint><num>ד</num><content><p> תקנות בית דין, תקנות וצווים בענינים הנדונים בחוק זה שהיו בני תוקף ערב
תחילתו של חוק זה' יוסיפו לעמוד בתקפם עד שיתוקנו או יבוטלו על ידי תקנות סדרי דין,
תקנות או צווים שניתנו על פי חוק זה.</p></content></subPoint><subPoint><num>ה</num><content><p> היה ענין תלוי ועומד בבית משפט לפני תחילתו של חוק זה' רשאי בית המשפט
להוסיף ולדון בו לפי הדין שהיה קיים ערב תחילתו של חוק זה' ולא תישמע טענה שלפי
הוראות חוק זה לא היתה סמכות לבית המשפט או היה פגם בדיוניו.</p></content></subPoint></list></point><point><heading><authorialNote placement="side"><p>תחילה הוראות מסויימות</p></authorialNote></heading><num>51</num><content><p>
סעיף 15(א10)' במידה שהוא קובע דיון בשלושה שופטים בעבירות שעונשן מאסר
שאינו מאסר עולם, וסעיף 28 (1)' במידה שהוא מרחיב סמכותו של בית משפט שלום -
תחילתם מהיום שייקבע לכך על ידי שר-המשפטים בהודעה שתפורסם ברשומות או ביום
י"א בניסן תשי"ח (1 באפריל 1958), הכל לפי התאריך המוקדם יותר,</p></content></point><point><heading><authorialNote placement="side"><p>תחילת החוק</p></authorialNote></heading><num>52</num><content><p>
תחילתו של חוק זה היא ביום א' באלול תשי"ז (28 באוגוסט 1957); ואולם סעיף 9
תחילתו מיום פרסום החוק ברשומות.</p></content></point></chapter><signature><name>יצחק בן-צבי</name><role>נשיא המדינה</role></signature><signature><name>דוד בן-גוריון</name><role>ראש הממשלה</role></signature><signature><name>פנחס רוזן</name><role>שר המשפטים</role></signature><dateOfAcceptance>01.08.1957</dateOfAcceptance></body>