<?xml version="1.0" encoding="UTF-8" ?>
<body><title><content><p>חוק הדיינים (תיקון מס' 2), תשכ"ד-1964 .</p></content></title><point><heading><authorialNote placement="side"><p>הוספת סעיף 3א</p></authorialNote></heading><num>1</num><content><p>
בחוק הדיינים/ תשט"ו-1955 1, אחרי סעיף 3 יבוא:</p></content></point><point><heading><authorialNote placement="side"><p>"אזרחות</p></authorialNote></heading><num>3</num><list><intro><p>
א. (א) לא יתמנה דיין מי שאינו אזרח ישראלי.</p></intro><subPoint><num>ב</num><content><p> היה המועמד למינוי גם כעל אזרחות אחרת ודיני המדינה
שהוא אזרח בה מאפשרים את שחרורו מאזרחות זו, לא יתמנה אלא לאחר
שעשה את כל הדרוש מצדו לשם שחרורו ממנה."</p></content></subPoint></list></point><signature><name>אבא אבן</name><role>סגן ראש הממשלה</role></signature><signature><name>זרח ורהפטיג</name><role>שר הדתות</role></signature><signature><name>שניאור זלמן שזר</name><role>נשיא המדינה</role></signature><dateOfAcceptance>09.07.1964</dateOfAcceptance></body>