<?xml version="1.0" encoding="UTF-8" ?>
<body><title><content><p>חוק הבזק (תיקון), התשמ"ג -1982</p></content></title><point><heading><authorialNote placement="side"><p>תיקון סעיף 15</p></authorialNote></heading><num>1</num><content><p>
בסעיף 15 לחוק הבזק, התשמ"ב-1982 י (להלן - החוק העיקרי), בסעיף קטן (א),
במקום "ועדת הכלכלה" יבוא "ועדת הכספים".</p></content></point><point><heading><authorialNote placement="side"><p>תיקון סעיף 16</p></authorialNote></heading><num>2</num><content><p>
בסעיף 16 לחוק העיקרי, במקום "ועדת הכלכלה" יבוא "ועדת הכספים".</p></content></point><point><heading><authorialNote placement="side"><p>תחילה</p></authorialNote></heading><num>3</num><content><p>
תחילתו של חוק זה ביום תחילת החוק העיקרי.</p></content></point><signature><name>יצחק נבון</name><role>נשיא המדינה</role></signature><signature><name>שמחה ארליך</name><role>סגן ראש הממשלה</role></signature><signature><name>מרדכי ציפורי</name><role>שר התקשורת</role></signature><dateOfAcceptance>16.11.1982</dateOfAcceptance></body>