<?xml version="1.0" encoding="UTF-8" ?>
<body><title><content><p>חוק בית הדין לעבודה (תיקון מס' 8), תש"ם-1980 *</p></content></title><point><heading><authorialNote placement="side"><p>תיקון  סעיף 18</p></authorialNote></heading><num>1</num><content><p>
בסעיף 18 לחוק בית הדין לעבודה, תשכ"ט-1969  1 (להלן - החוק העיקרי), כסעיף
קטן (ד), פסקה (5) תסומן (6) ולפניה יבוא:
"(5) ליתן צווים לעיקול נכסים או לעיכוב יציאה מהארץ;".</p></content></point><point><heading><authorialNote placement="side"><p>תיקון סעיף 27</p></authorialNote></heading><num>2</num><content><p>
בסעיף 27 לחוק העיקרי -
(1) בסעיף קטן (ב), במקום "שלושת אלפים לירות" יבוא "שלושת אלפים
שקלים":
(2) אחרי סעיף קטן (ב) יבוא:
"(ב1) שר המשפטים ושר העבודה והרווחה, בהתייעצות עם נשיא
בית הדין הארצי, עם ארגון העובדים המייצג את המספר הגדול ביותר של
עובדים במדינה ועם ארגונים ארציים של מעבידים שלדעת השרים הם
יציגים ונוגעים בדבר ובאישור ועדת העבודה והרווחה של הכנסת, רשאים
בצו להגדיל את הסכום הנקוב בסעיף קטן (ב); תובענה על שכר עבודה
שהגדלת הסכום כאמור הוסיפה לסמכותו של רשם, וערב תחילתו של הצו
היתה תלויה ועומדת לפני בית דין אזורי לעבודה, ולא החלו בשמיעת
עדים, רשאי שופט של בית הדין להעבירה לדיון לפני רשם.
(ב2) תובענה על שכר עבודה הכוללת פיצוי הלנת שכר כמש-
מעותו בסעיף 17 לחוק הגנת השכר' תשי"ח-21958, יראו לענין הסכום
הנקוב בסעיף קטן (ב) כאילו לא כלול בה פיצוי כאמור."</p></content></point><point><heading><authorialNote placement="side"><p>תיקון סעיף 44</p></authorialNote></heading><num>3</num><content><p>
בסעיף 42 לחוק העיקרי, בסופו יבוא "ובית הדין רשאי ליתן סעד נגד המדינה גם
בדרך צו מניעה או ביצוע בעין".</p></content></point><point><heading><authorialNote placement="side"><p>תיקון סעיף 43</p></authorialNote></heading><num>4</num><content><p>
כסעיף 43(כ) לחוק העיקרי, כסופו יבוא:
"(8) הארכת מועדים לעשיית דבר שבסדרי דין או שבנוהג,
אף אם נקבעו בחיקוק."</p></content></point><point><heading><authorialNote placement="side"><p>ייחוד סמכותו של בית הדין</p></authorialNote></heading><num>5</num><list><intro><p /></intro><subPoint><num>א</num><content><p> בסעיפים 5(ב) ו-17 לחוק פיצויי פיטורים, תשכ"ג-31963, במקום "בבית
המשפט" ו"בית המשפט" יבוא "בבית הדין האזורי לעבודה" ו"בית הדין האזורי לעבודה",
ובכותרת השוליים של סעיף 17 האמור, במקום "מכוח בית משפט" יבוא "מכוח פסק דין".</p></content></subPoint><subPoint><num>ב</num><content><p> בטלים -
(1) סעיף 11 לחוק איסור אפיית לילה, תשי"א-1951 4:
(2) סעיף 29 לחוק שעות עבודה ומנוחה, תשי"א-51951;
(3) סעיף 34 לחוק החניכות, תשי"ג-1953 6.
עמי 44 ו-89.</p></content></subPoint></list></point><point><heading><authorialNote placement="side"><p>הוראת מעבר</p></authorialNote></heading><num>6</num><content><p>
תובענה על שכר עבודה, שסעיף 2 לחוק זה מוסיף לסמכותו של רשם, וערב תחילת
חוק זה היתה תלויה ועומדת לפני בית דין אזורי לעבודה, ולא החלו בשמיעת עדים, רשאי
שופט של בית הדין להעבירה לדיון לפני רשם.</p></content></point><signature><name>מנחם בגין</name><role>ראש הממשלה</role></signature><signature><name>יצחק נבון</name><role>נשיא המדינה</role></signature><signature><name>שמואל תמיר</name><role>שר המשפטים</role></signature><signature><name>ישראל כץ</name><role>שר העבודה והרווחה</role></signature><dateOfAcceptance>05.06.1980</dateOfAcceptance></body>