<?xml version="1.0" encoding="UTF-8" ?>
<body><title><content><p>חוק קביעת גיל, תשכ"ד-1963 *</p></content></title><point><heading><authorialNote placement="side"><p>סמכות לקבוע גיל</p></authorialNote></heading><num>1</num><content><p>
הסמכות ליתן פסק דין הצהרתי בבקשה לקביעת גילו של אדם, תהיה בידי בית משפט
השלום.</p></content></point><point><heading><authorialNote placement="side"><p>שינוי קביעת גיל</p></authorialNote></heading><num>2</num><content><p>
נקבע גיל לפי חוק זה' רשאי אדם מעונין לבקש מבית משפט השלום שינוי הקביעה
על סמך ראיות שלא היו לפני בית המשפט; אולם אם הוגשה הבקשה לשינוי קביעת הגיל
על ידי אדם שלפי בקשתו נקבע הגיל, רשאי בית המשפט שלא להיזקק לראיות שהמבקש
יכול היה להביא לפני בית המשפט בשעת הדיון בבקשה הקודמת.</p></content></point><point><heading><authorialNote placement="side"><p>ערעור בשופט אחד</p></authorialNote></heading><num>3</num><content><p>
בערעור על פסק דין של בית משפט שלום לפי חוק זה ידון בית המשפט המחוזי
בשופט אחד.</p></content></point><point><heading><authorialNote placement="side"><p>סטיה מדיני הראיות</p></authorialNote></heading><num>4</num><content><p>
בדונו בקביעת גיל או בשינוי קביעת גיל לפי חוק זה רשאי בית המשפט לסטות מדיני
הראיות אם, מטעמים שירשום, ראה לעשות כן לשם גילוי האמת.</p></content></point><point><heading><authorialNote placement="side"><p>דין גיל שנקבע</p></authorialNote></heading><num>5</num><content><p>
נקבע גילו של אדם לפי חוק זה' יהא זה גילו לכל ענין,</p></content></point><point><heading><authorialNote placement="side"><p>הגדרות</p></authorialNote></heading><num>6</num><content><p>
לענין חוק זה' ''גיל" - לרבות גיל מינימלי' גיל מכסימלי ומתח גילים.</p></content></point><point><heading><authorialNote placement="side"><p>הזמנת פוקד</p></authorialNote></heading><num>7</num><content><p>
הוגשה בקשה לקביעת גיל' או לשינויה' והדבר עשוי להשפיע על חובתו של אדם
על פי חוק שירות בטחון, תשי"ט~1959 (נוסח משולב]1, ימציא-בית המשפט העתק מן
הבקשה לפוקד כמשמעותו באותו חוק (להלן - פוקד) ויזמינו להופיע כצד בבירור הבקשה.
שר המשפטים, בהתייעצות עם שר הבטחון, יקבע בתקנות את סוגי הבקשות שעליהן תחול
הוראה זו.</p></content></point><point><heading><authorialNote placement="side"><p>תיקון חוק שירות בטחון, תשי"ט- 1959 [נוסח משולב1</p></authorialNote></heading><num>8</num><content><p>
בתוספת לחוק שירות בטחון, תשי"ט--1959 ננוסח משולב] -
(1 בסעיף 3 לאחר פסקה (2) יבוא:
"(2א) נקבע לאדם מתח גילים רואים אותו לענין חובת
שירות בטחון לפי חוק זה כמי שנולד באמצע התקופה של
מתח הגילים.";
(2) בסעיף 4, במקום "מבית המשפט המחוזי" יבוא "מבית משפט השלום";
והמלים "לענין חוק זה" - יימחקו.
(3) לאחר סעיף 4 יבוא:</p></content></point><point><heading><authorialNote placement="side"><p>"שינוי קביעת גיל לפי בקשת הפוקד</p></authorialNote></heading><num>4</num><content><p>
א. נקבע גילו של אדם, או שונתה הקביעה' לפי חוק קביעת גיל'
תשכ"ד-1963' רשאי הפוקד' אם לא הוזמן להופיע בבירור הבקשה כאמור
בסעיף 7 לאותו חוק' לבקש מבית משפט השלום שינוי הקביעה' ורשאי
הפוקד לעשות כן אף אם אין בידו ראיות נוספות על אלו שהיו בפני בית
המשפט: בבירור בקשה זו רשאי הפוקד לחקור את האדם ועדים שהעידו
בבירור בקשה קודמת לקביעת גילו או לשינויה.";</p></content></point><point><heading><authorialNote placement="side"><p>בדיקות</p></authorialNote></heading><num>9</num><content><p>
הוגשה בקשה לקביעת גיל או לשינויה' ופוקד הוא צד לבירורה' חייב מי שמבקשים
את קביעת גילו להיבדק בל בדיקה רפואית על-ידי ועדה רפואית לפי חוק שירות בטחון,
תשי"ט-1959 [נוסח משולב]' או בדיקה אחרת' שבית המשפט ימצא לנכון שייעשו - לשם
קביעת הגיל; ורשאי בית המשפט לקבוע את הגיל אף על סמך מסקנות הבדיקה לבדן.</p></content></point><point><heading><authorialNote placement="side"><p>חוגת שירות סדיר</p></authorialNote></heading><num>10</num><content><p>
מי שגילו נקבע או שונה לפי חוק זה לאחר שנמצא בשר לשירות לפי חוק שירות
בטחון, תשי"ט-1959 ננוסח משולב]' ולא פוטר מחובת שירות סדיר או לא סיימו' ימשיך
להיות חייב בשירות סדיר אף אם לא היה חייב בו על פי הקביעה או שינויה.</p></content></point><point><heading><authorialNote placement="side"><p>תיקון חוק הביטוח הלאומי' תשי''ד- 1953</p></authorialNote></heading><num>11</num><content><p>
בסעיף 104 לחוק הביטוח הלאומי' תשי"ד-21953, בסופו יבוא:
"אולם לא תהיה לו סמכות לקבוע גילו של אדם, אלא לצורך סעיף 72
בתחום מתח גילים שנקבע לפי חוק קביעת גיל, תשכ"ד-1963".</p></content></point><point><heading><authorialNote placement="side"><p>הוראות מענר</p></authorialNote></heading><num>12</num><content><p>
ענין שהיה תלוי ועומד בבית משפט או בבית דין ערב תחילתו של חוק זה' ינהגו בו
כאילו לא היה חוק זה בתקפו.</p></content></point><point><heading><authorialNote placement="side"><p>תקנות</p></authorialNote></heading><num>13</num><content><p>
שר המשפטים רשאי להתקין תקנות בדבר סדרי דין בהליכים לפי חוק זה.</p></content></point><signature><name>שניאור זלמן שזר</name><role>נשיא המדינה</role></signature><signature><name>לוי אשכול</name><role>ראש הממשלה</role></signature><signature><name>דב יוסף</name><role>שר המשפטים</role></signature><dateOfAcceptance>18.11.1963</dateOfAcceptance></body>