<?xml version="1.0" encoding="UTF-8" ?>
<body><title><content><p>חוק גימלאות לחברי הכנסת (תיקון מס' 2), תשכ"ג-1963 *</p></content></title><point><heading><authorialNote placement="side"><p>תיקון סעיף 9</p></authorialNote></heading><num>1</num><content><p>
בסעיף 9 לחוק גימלאות לחברי הכנסת, תשי"ח-1958 1, בסופו, יבוא:
"היתה קיצבה זו 50% ממשכורת חברי הכנסת או עלתה עליה' ישולם
לשאירים גם מענק בסכום של פי שנים עשר מהמשכורת האחרונה
ששולמה לנפטר בניכוי 5% מהמענק בעד כל אחוז שבו עלתה הקיצבה
האמורה על 50% ממשכורת חברי הכנסת",</p></content></point><point><heading><authorialNote placement="side"><p>תחילה</p></authorialNote></heading><num>2</num><content><p>
תחילתו של חוק זה ביום כ"ו באדר ב' תשכ"ב (1 באפריל 1962).</p></content></point><signature><name>שביאור זלמן שזר</name><role>נשיא המדינה</role></signature><signature><name>לוי אשכול</name><role>ראש הממשלה</role></signature><dateOfAcceptance>15.08.1963</dateOfAcceptance></body>