<?xml version="1.0" encoding="UTF-8" ?>
<body><title><content><p>חוק גיל הנישואין, תש"י-1950 *</p></content></title><point><heading><authorialNote placement="side"><p>פיררשים</p></authorialNote></heading><num>1</num><content><p>
בחוק זה -
"נערה" פירושה אשה שלא מלאו לה שבע עשרה שנים תמימות :
"נישואין" - כוללים קידושין: והפועל "נשא", לכל בניניו, יתפרש לפי זה?
"פקיד סעד" פירושו - אדם שנתמנה על ידי שר הסעד להיות פקיד סעד
לצורך חוק זה.</p></content></point><point><heading><authorialNote placement="side"><p>עבירות</p></authorialNote></heading><num>2</num><list><intro><p>
אדם שעשה אחד מאלה -</p></intro><subPoint><num>א</num><content><p> נשא נערה :</p></content></subPoint><subPoint><num>ב</num><content><p> ערך נישואין, או סייע בכל תפקיד שהוא בעריכת נישואין, או בקשר
לעריכת נישואין, של נערה :</p></content></subPoint><subPoint><num>ג</num><content><p> השיא נערה שהיא בתו או שהיא נתונה לאפוטרופסותו -
דינו - מאסר עד שתי שנים או קנס עד שש מאות לירות או שני הענשים כאחר.</p></content></subPoint></list></point><point><heading><authorialNote placement="side"><p>עילת תביעה להתרת קשר נישואין</p></authorialNote></heading><num>3</num><list><intro><p /></intro><subPoint><num>א</num><content><p> נערכו נישואין בניגוד לסעיף 2, והם תופסים לפי החוק החל על עניני
המעמד האישי של הצדדים-תשמש העובדה שהנישואין נערכו בניגוד לסעיף 2 עילת
י תביעה להתרתם בדרך של גט, או בדרך של פירוק קשר הנישואין, או בדרך
אחרת, הכל לפי הוראות החוק החל על עניני המעמד האישי של הצדדים.</p></content></subPoint><subPoint><num>ב</num><content><p> תביעה להתרת קשר נישואין על יסוד העילה האמורה בסעיף קטן (א)
יכולה להיות מוגשת על ידי האשה, או על ידי אחד מהוריה או מאפוטרופסיה, או
על ידי פקיד סעד.</p></content></subPoint><subPoint><num>ג</num><content><p> הוגשה, שלא על ידי פקיד סעד, תביעה להתרת קשר נישואין על יסוד
העילה האמורה בסעיף קטן (א), ובשעת הגשת התביעה לא מלאו לאשה שמונה
עשרה שנים תמימות, ופקיד סעד סבור שהדיון בתביעה יש בו ענין לכלל - רשאי
הוא, לפי שיקול דעתו, להופיע בדיון ולהשמיע בו את טענותיה</p></content></subPoint><subPoint><num>ד</num><content><p> אין נזקקים לתביעה להתרת קשר נישואין על יסוד העילה האמורה
בסעיף קטן (א), אלא אם -
(1) הוגשה התביעה על ידי האשה לפני שמלאו לה תשע עשרה שנים
תמימות : או
(2) הוגשה התביעה על ידי אחד מהוריה או מאפוטרופסיה של האשה,
או על ידי פקיד סעד, לפני שמלאו לאשה שמונה עשרה שנים תמימות.</p></content></subPoint></list></point><point><heading><authorialNote placement="side"><p>נסיבות מקילות</p></authorialNote></heading><num>4</num><list><intro><p>
בקביעת ענשו של אדם שיצא חייב בדין על עבירה לפי פסקה (א) של סעיף
2, יביא בית המשפט בחשבון, כגורם להמתקת העונש, את העובדות הבאות:</p></intro><subPoint><num>א</num><content><p> אותו אדם התיר את קשר הנישואין, לפי דרישת האשה, בהתאם להוראות</p></content></subPoint></list></point><point><heading><authorialNote placement="side"><p>היתר נישואי נערה</p></authorialNote></heading><num>5</num><list><intro><p /></intro><subPoint><num>א</num><content><p> נערה שילדה לאיש או שהיא בהריונה ממנו - יכול בית המשפט המחוזי,
שמקום מגורי הנערה הוא בתחום שיפוטו, להרשות את נישואיה לאותו איש, לפי
בקשתה, או לפי בקשת אחד מהוריה או מאפוטרופסיה, או לפי בקשת האיש.</p></content></subPoint><subPoint><num>ב</num><content><p> נערכו נישואי נערה שהורשו לפי סעיף קטן (א) - לא יחולו- לגביהם
הוראות סעיף 2.</p></content></subPoint></list></point><point><heading><authorialNote placement="side"><p>תיקון פקודת החוק חפלילי, 1986</p></authorialNote></heading><num>6</num><list><intro><p>
פקודת החוק הפלילי, 1936 ,1 תתוקן כך:</p></intro><subPoint><num>א</num><content><p> בסעיף 182 -
(1) הנקודותיים והמקף אחרי המלים "כל אדם" - יימחקו ו
(2) הסימן "(א)" בראשית פסקה (א) - יימחק:
(3) במקום הנקודה-פסיק והמלה "או" בסוף פסקה (א) יבוא פסיק :
(4) פסקות (ב) ו-(ג) - בטלות :</p></content></subPoint><subPoint><num>ב</num><content><p> סעיף 183 - בטל.</p></content></subPoint></list></point><point><heading><authorialNote placement="side"><p>ביצוע</p></authorialNote></heading><num>7</num><content><p>
שר המשפטים ממונה על ביצוע חוק זה.</p></content></point><signature><name>דוד בן-גוריון</name><role>ראש הממשלה</role></signature><signature><name>פנחס רוזן</name><role>שר המשפטים</role></signature><signature><name>יוסף שפרינצק</name><role>יושב ראש הכנסת</role></signature><dateOfAcceptance>09.08.1950</dateOfAcceptance></body>