<?xml version="1.0" encoding="UTF-8" ?>
<body><title><content><p>חוק בית הדין לעבודה (תיקון מס' 6), תשל"ו-1976 *</p></content></title><point><heading><authorialNote placement="side"><p>תיקון סעיף 24</p></authorialNote></heading><num>1</num><content><p>
בסעיף 24 (א) לחוק בית הדין לעבודה, תשכ"ט-1969  1(להלן - החוק העיקרי),
במקום פסקה (2) יבוא:
"(2) בתובענה בין מי שיכולים להיות צדדים להסכם קיבוצי מיוחד
כמשמעותו בחוק ההסכמים הקיבוציים, תשי"ז-1957  2(להלן - חוק
הסכמים קיבוציים), בענין קיומו, תחולתו, פירושו, ביצועו או הפרתו
של הסכם קיבוצי, בין כמשמעותו כחוק הסכמים קיבוציים ובין כמש-
מעותו בסעיף 37א לחוק יישוב סכסוכי עבודה, תשי"ז-1957 3, או בכל
ענין אחר הנובע ממנו או בענין תחולתו, פירושו, ביצועו או הפרתו של
כל דין;".</p></content></point><point><heading><authorialNote placement="side"><p>תיקון סעיף 25</p></authorialNote></heading><num>2</num><content><p>
בסעיף 25 לחוק העיקרי, במקום פסקה (1) יבוא:
"(1) בתובענה בין מי שיכולים להיות צדדים להסכם קיבוצי כללי
כמשמעותו בחוק הסכמים קיבוציים בענין קיומו, תחולתו, פירושו,
ביצועו או הפרתו של הסכם קיבוצי, בין כמשמעותו בחוק הסכמים
קיבוציים ובין כמשמעותו בסעיף 37א לחוק יישוב סכסוכי עבודה,
תשי"ז-1957,או בכל ענין אחר הנובע ממנו, או בענין תחולתו, פירושו,
ביצועו או הפרתו של כל דין;".</p></content></point><signature><name>יצחק רבי ן</name><role>ראש הממשלה</role></signature><signature><name>משה כרעם</name><role>שר העבודה</role></signature><signature><name>אפרים קציר</name><role>נשיא המדינה</role></signature><chapter><num>ספר החוקים</num><title><content><p>811, כ"א באייר תשל"ו, 21.5.1976</p></content></title></chapter><dateOfAcceptance>21.05.1976</dateOfAcceptance></body>