<?xml version="1.0" encoding="UTF-8" ?>
<body><title><content><p>חוק לתיקון פקודת בתי המשפט העירוניים (מס' 6), תש"ם-1980 *</p></content></title><point><heading><authorialNote placement="side"><p>תיקון מעיף 4</p></authorialNote></heading><num>1</num><content><p>
בסעיף 4(1) לפקודת בתי המשפט העירוניים 1, במקום "שלושת אלפים לירות" יבוא
"עשרת אלפים לירות".</p></content></point><signature><name>יצחק נבון</name><role>נשיא המדינה</role></signature><signature><name>מנחם בגין</name><role>ראש הממשלה</role></signature><signature><name>שמואל תמיר</name><role>שר המשפטים</role></signature><dateOfAcceptance>29.05.1980</dateOfAcceptance></body>