<?xml version="1.0" encoding="UTF-8" ?>
<body><title><content><p>חוק בתים משותפים (תיקון), תשי"ד-1954*</p></content></title><point><heading><authorialNote placement="side"><p>תיקוי סעיף 1</p></authorialNote></heading><num>1</num><content><p>
בסעיף 1 לחוק בתים משותפים, תשי"ג-1952 י (להלן - החוק העיקרי)' בהגדרת
"עסקה'/ יימחקו המלים "לרבות רישום בפנקס הבתים המשותפים כאמור בפרק השני".</p></content></point><point><heading><authorialNote placement="side"><p>תיקו; סעיף.:</p></authorialNote></heading><num>2</num><content><p>
בסעיף 5 (ב) לחוק העיקרי, בסופו של פרט (2), יווספו המלים: "או תשריט אחר
הנותן, להנחת דעתו של הפקיד המוסמך, תמונה נאמנה של הבית ושל דירותיו".</p></content></point><point><heading><authorialNote placement="side"><p>הוספת סעיף 17א</p></authorialNote></heading><num>3</num><list><intro><p>
אחרי סעיף 17 לחוק העיקרי יווסף סעיף זה:
"תיקון 17א. (א) פקיד מוסמך רשאי' על פי בקשת מעונין, לתקן צו רישום
צו רישום שניתן לגבי בית משותף.</p></intro><subPoint><num>ב</num><content><p> ההוראות בדבר זכות ההתנגדות לבקשת רישום בית, סדרי
הדין בבקשה ובהתנגדות, סמכויות הפקיד המוסמך והערעור לבית
המשפט, יחולו' בשינויים המחוייבים על פי הענין, על בקשה לתיקון
צו רישום.</p></content></subPoint><subPoint><num>ג</num><content><p> החלטת הפקיד המוסמך המתקנת צו רישום, דינה לכל דבר
כדין צו רישום,"</p></content></subPoint></list></point><point><heading><authorialNote placement="side"><p>תיקו! סעיף 20</p></authorialNote></heading><num>4</num><content><p>
בסעיף 20 (ב) לחוק העיקרי/ יסומן הקטע מהמלים "סעיפים 1008 - 1044 למגילה"
ואילך כפסקה (1)' ואחריו יווספו פסקאות אלה:
"(2) ההוראה שבסעיף 12 לפקודת המסים (גביה) 2, האוסרת רישום עסקה
בפנקסי הממשלה אלא אם כן הוברר כי שולמו המסים, והוראות כיוצא באלה
של דינים אחרים הקובעים מסים, ארנונות, היטלים או תשלומי חובה אחרים
לטובת המדינה או רשות מקומית, לא יחולו על רישום בית בפנקס וכן על
העברת דירה שסעיף 40 או 40א חל עליה;
(3) הוראת דין האוסרת הורשת מקרקעים מסוג מסויים בדרך צוואה לא תחול
על דירה מאותו סוג."</p></content></point><point><heading><authorialNote placement="side"><p>תיקון סעיף 21</p></authorialNote></heading><num>5</num><content><p>
בסעיף 21 (ד) לחוק העיקרי, אחרי "במידה שאין הוראות ההסכם שנרשם"' המופיעות
בסופו, יווספו המלים ,,או תקנות האגודה השיתופית".</p></content></point><point><heading><authorialNote placement="side"><p>תיקון סעי ף 40 (א)</p></authorialNote></heading><num>6</num><content><p>
בסעיף 40(א) לחוק העיקרי -
(1) ברישא, במקום "תוך שנה מיום תחילת תקפו של חוק זה" יבוא "לפני
יום י"ז בטבת תשט"ז (1 בינואר 1956)" $
(2) במקום פסקה (3) תבוא פסקה זו:
"(3) היה הבית ערב הרישום מוחכר לגוף מואגד, לתקופה ארוכה, וכל
דירות הבית היו מוחכרות לחברי אותו גוף מואגד בחכירת משנה לתקופה
ארוכה או שהיו מוחזקות בידיהם - יהיה רישום חכירת דירה לתקופה
ארוכה לטובת החבר, שהיה חוכר או מחזיק בה' פטור מכל אגרה, ובלבד</p></content></point><point><heading><authorialNote placement="side"><p>תיקון סעיף40(ב)</p></authorialNote></heading><num>7</num><content><p>
בסעיף 40(ב) לחוק העיקרי, בפסקה (2), יימחקו המלים "או של שותף".</p></content></point><point><heading><authorialNote placement="side"><p>הוספת סעיף40א</p></authorialNote></heading><num>8</num><content><p>
אחרי סעיף 40 יווסף סעיף זה:</p></content></point><point><heading><authorialNote placement="side"><p>"הקלות לבתים בבעלות משותפת</p></authorialNote></heading><num>40</num><list><intro><p>
א. (א) נרשם בית בפנקס וערב הרישום היה הבית בבעלות משו-
תפת של מספר בני אדם (ולכל אחד מהם ייקרא בסעיף זה - שותף),
תהא העברת חלקים בדירה משותף לשותף פטורה מכל אגרה ובלבד שנת-
קיימו בדירה אחד התנאים האלה:
(1) שטח הרצפה של הדירה לעומת שטח הרצפה של כל
הדירות שווה ביסודו ליחס שבין החלק שהיה למקבל ההעברה
ערב הרישום לבין הבית כולו;
(2) מספר החדרים בדירה לעומת מספר החדרים של כל
ערב הרישום לבין הבית כולו ;
(3) שווי הדירה לעומת שווי הבית כולו שווה ביסודו ליחס
שבין החלק שהיה למקבל ההעברה ערב הרישום לבין הבית
כולו;
(4) המנהל נוכח שמקבל ההעברה שילם, בעת שחלקו
בבעלות המשותפת של הבית' נרשם בספרי האחוזה, אגרה
השווה לפחות לאגרה שהיתה מגיעה אילו היה נרשם בשמו
חלק המייצג לעומת הבית כולו, את היחס שבין שווי הדירה
לבין שווי הבי ת כולה. </p></intro><subPoint><num>ב</num><content><p> (1) על אף האמור בסעיף קטן (א) לא תהיה העברת דירה
פטורה מאגרה, אלא אם הוגשה הבקשה לרישום ההעברה תוך
שלושה חדשים מיום רישום הבית בפנקס והמבוקש לא התרשל
בהשלמת ההעברה ;
(2) הפטור הקבוע בסעיף קטן (א) יחול גם על העברת מחצית
של דירה לבן-זוג או לבת-זוג של שותף, ובלבד שההעברה
נעשתה אגב ביצוע העברה כאמור בסעיף קטן (א)."</p></content></subPoint></list></point><point><heading><authorialNote placement="side"><p>תיקון סעיף 41</p></authorialNote></heading><num>9</num><content><p>
בסעיף 41 לחוק העיקרי, בסופו, במקום הנקודה יבואו נקודה ופסיק, ואחריהם
יבואו מלים אלה: "והוא הדין אם הועברה דירה לאדם היושב בה ישיבת קבע והוכיח
להנחת דעתו של המנהל, כי הזכות לקבלת הבעלות בדירה לא הועברה לאדם אחר לפניו,
ולא ישב בה אדם לפניו, וההעברה בוצעה תוך שנה מהיום שהוא התיישב בדירה כאמור,
או מיום כ"ח באייר תשי"ד (1 ביוני 1954), הכל לפי התאריך המאוחר יותר'/</p></content></point><point><heading><authorialNote placement="side"><p>הוספת סעיף 42א</p></authorialNote></heading><num>10</num><content><p>
אחרי סעיף 42 יווסף סעיף זה:</p></content></point><point><heading><authorialNote placement="side"><p>"סמכות לשר המשפטים</p></authorialNote></heading><num>42</num><content><p>
א. כל מקום שהוראת חוק זה פוטרת, או נותנת הנחה, מתשלום אגרה
בעד פעולה מסויימת בתנאי שתבוצע תוך תקופה שנקבעה בהוראה,
והפעולה לא בוצעה תוך אותה תקופה אלא לאחריה, רשאי שר המשפטים
לפטור או ליתן הנחה מתשלום האגרה לאותה פעולה, אם הוכח להנחת
דעתו שהאיחור חל מסיבות שלא היו תלויות במבצעים."</p></content></point><point><heading><authorialNote placement="side"><p>הוספת סע יף 46א</p></authorialNote></heading><num>11</num><content><p>
בפרק התשיעי, בתחילתו, יבוא סעיף זה :</p></content></point><point><heading><authorialNote placement="side"><p>"העברת דירה בצו רישום</p></authorialNote></heading><num>46</num><list><intro><p>
א. (א) נוכה הפקיד המוסמך הנותן צו רישום על בית של גוף מואגד,
שהעברת דירה בבית מן הגוף לאחד מחבריו תהיה פטורה מאגרה לפי
סעיף 40 (א) (2), רשאי הוא, בצו הרישום, לצוות גם על העברת הדירה
כאמור.</p></intro><subPoint><num>ב</num><content><p> נוכח הפקיד המוסמך הנותן צו רישום על בית מוחכר לגוף
מואגד בחכירה לתקופה ארוכה, שרישום חכירה לתקופה ארוכה בדירה
מדירותיו לטובת חבר הגוף יהיה פטור מאגרה לפי סעיף 40 (א) (3), רשאי
הוא, בצו הרישום, לצוות גם על רישום חכירה כאמור.</p></content></subPoint><subPoint><num>ג</num><content><p> נוכה הפקיד המוסמך הנותן צו רישום על בית שאינו של
גוף מואגד, שהעברת דירה מן הבעל הרשום לאדם אחר המחזיק בה תהיה
פטורה מאגרה לפי סעיף 40 (א) (4) או 40 (א) (5), רשאי הוא בצו הרישום,
לצוות גם על העברת הדירה כאמור.</p></content></subPoint><subPoint><num>ד</num><content><p> נוכח הפקיד המוסמך הנותן צו רישום על בית הנמצא בבעלות
משותפת של מספר בני אדם, שהעברת חלקים בדירה משותף לשותף
פטורה מאגרה לפי סעיף 40א, רשאי הוא, בצו הרישום, לצוות על העברת
חלקים כאמור.</p></content></subPoint><subPoint><num>ה</num><content><p> לא ישתמש הפקיד המוסמך בסמכויותיו לפי סעיף זה, אלא
אם נתבקש לעשות, זאת, בין בגוף הבקשה לרישום הבית בפנקס ובין
בבקשה מיוחדת החתומה כדרך שחותמים על בקשה לרישום, והיה משוכנע
שהדבר לא יגרע מכל זכות שהיתה לאדם מעונין לולא נעשה הרישום.</p></content></subPoint><subPoint><num>ו</num><content><p> הבקשה לפקיד המוסמך שישתמש בסמכויותיו לפי סעיף זה,
דינה בכל הנוגע לזכות ההצטרפות, זכות ההתנגדות' סמכויות הפקיד
המוסמך והערעור לבית המשפט כדין בקשה לרישום בית בפנקס."</p></content></subPoint></list></point><point><heading><authorialNote placement="side"><p>הוראת מעבר</p></authorialNote></heading><num>12</num><content><p>
כל מקום שנתן הפקיד המוסמך, לפני שחוק זה פורסם ברשומות, צו רישום על בית,
רשאי הוא' על פי בקשה לפי סעיף 46א לחוק העיקרי' לצוות בתוספת לצו הרישום על
העברת דירות באותו בית בהתאם להוראות הסעיף האמור.</p></content></point><point><heading><authorialNote placement="side"><p>תחילת החוק</p></authorialNote></heading><num>13</num><content><p>
תחילתו של חוק זה הוא מיום י"ד באדר ב' תשי"ד (19 במרס 1954).</p></content></point><signature><name>משה שרת</name><role>ראש הממשלה</role></signature><signature><name>פנחס רוזן</name><role>שר המשפטים</role></signature><signature><name>יצחק ב ן- צ בי</name><role>נשיא המדינה</role></signature><dateOfAcceptance>01.07.1954</dateOfAcceptance></body>