<?xml version="1.0" encoding="UTF-8" ?>
<body><title><content><p>חוק לתיקון פקודת הבטיחות בעבודה, תשל"ד-1974*</p></content></title><point><heading><authorialNote placement="side"><p>תיקון סעיף 1</p></authorialNote></heading><num>1</num><content><p>
בסעיף 1 לפקודת הבטיחות בעבודה [נוסח חדש], תש"ל-1970  1 (להלן -
הפקודה) -
(1) האמור בהגדרת "בניה" יסומן (1) ואחריו יבוא;
"(2) עבודות להתקנת מערכות למים, לביוב, לחשמל, להסקה
או לתקשורת ועבודות כיוצא באלה, ובלבד שמבצעים אותן
אגב הקמת בנין או אגב הקמתו של מבנה שהקמתו הוגדרה
כבניה הנדסית ;"
(2) הגדרת "חצרים לשכירות כוח" - תימחק;
(3) אחרי הגדרה "עבודה רצופה" יבוא:
" "עובד" - לרבות עובד עצמאי ;"
(4) בהגדרת "קיים", בסופה יבוא "ובמקום המיועד למדרך אדם - במצב
המונע החלקה".</p></content></point><point><heading><authorialNote placement="side"><p>תיקון סעיף 2</p></authorialNote></heading><num>2</num><content><p>
בסעיף 2 לפקודה -
(1) במקום "מועבדים" יבוא "עובדים";
(2) במקום פסקה (2) יבוא:
"(2) אם מועבדים שם עובדים שכירים - יש למעבידם זכות
גישה או זכות שליטה."</p></content></point><point><heading><authorialNote placement="side"><p>תיקון סעיף 3</p></authorialNote></heading><num>3</num><content><p>
בסעיף 3 לפקודה -
(1) ברישה, במקום "מועבדים" יבוא "עובדים";
(2) בפסקה (11) (א), בסופה יבוא: "או בכרוך למוסד ציבורי או לשירות
ציבורי";
(3) בפסקה (11)(ה), המלים "תוך שימוש בכוח מיכאני" - יימחקו, ובסופה
יבוא "או בברוך למוסד ציבורי או לשירות ציבורי";
(4) בפסקה (11) (ז), בסופה יבוא "או שירות ציבורי";
(5) לאחר פסקה (12) יבוא;
"(13) חדר אוכל, חדר מנוחה או הצרים אחרים המיועדים
לרווחת העובדים במפעל, ובלבד שהם בחצרי המפעל או
בגידרתם או מסביב להם;
(14) חצרים שבהם עושים פעולות תכנון, עיצוב, שרטוט,
ניסוי חמרים, מוצרים ותהליכים, ניהול ומסחר וכיוצא באלה
בברוך למטרותיו של מפעל, ובלבד שהם בחצרי המפעל או
(15) חצרים שבהם מבצעים מבחנים במצרכים, שלא למטרות
מחקר בלבד;
(16) בית מטבחיים או משחטת עופות;</p></content></point><point><heading><authorialNote placement="side"><p>ביטול סעיף 10</p></authorialNote></heading><num>5</num><content><p>
סעיף 10 לפקודה - בטל.</p></content></point><point><heading><authorialNote placement="side"><p>תיקון סעיף 22</p></authorialNote></heading><num>6</num><content><p>
בסעיף 22 לפקודה, בסופו יבוא "ובמפעל או בחלק ממנו שלא היה קיים ביום תחילתו
של חוק לתיקון פקודת הבטיחות בעבודה, תשל"ד-1974 - מאחד עשר וחצי מטרים
מעוקבים".</p></content></point><point><heading><authorialNote placement="side"><p>תיקון סעיף 25</p></authorialNote></heading><num>7</num><content><p>
בסעיף 25 לפקודה, אחרי "מעל הרצפה" יבוא "ובמפעל או בחלק ממנו שלא היה
קיים ביום תחילתו של חוק לתיקון פקודת הבטיחות בעבודה, תשל"ד--1974 - משלושה
מטרים מעל הרצפה".</p></content></point><point><heading><authorialNote placement="side"><p>תיקון סעיף 28</p></authorialNote></heading><num>8</num><content><p>
בסעיף 28 לפקודה, במקום "עסוקים" יבוא "עובדים".</p></content></point><point><heading><authorialNote placement="side"><p>תיקון סעיף 37</p></authorialNote></heading><num>9</num><content><p>
בסעיף 37 לפקודה -
(1) אחרי פסקה (6) יבוא:
"(7) בכל מנוע, מיתקן או ציוד אחר האמורים בפסקאות (1)
עד (6) שהם מוצרי המפעל, בין שהם מיועדים לשיווק ובין שהם
מיועדים לשימוש במפעל, כשהם מופעלים לשם התאמה, הרצה,
ניסוי או הצגה - כל חלק שלהם הטעון גידור בהתאם לפסקאות
(1) עד (6), לפי העניו ;"
(2) בסיפה, במקום "או (5)" יבוא "(5) או (7)", והמלים "או העסוק" -
יימחקו.</p></content></point><point><heading><authorialNote placement="side"><p>תיקון סעיף 38</p></authorialNote></heading><num>10</num><content><p>
בסעיף 38(א) לפקודה, המלים "או העסוק" - יימחקו.</p></content></point><point><heading><authorialNote placement="side"><p>החלפת סעיף 49</p></authorialNote></heading><num>11</num><content><p>
במקום סעיף 49 לפקודה יבוא:</p></content></point><point><heading><authorialNote placement="side"><p>"גישה למקום עבודה</p></authorialNote></heading><num>49</num><content><p>
אמצעי גישה בטוחים לכל מקום שאדם צריך לעבוד בו אי-פעם
יותקנו ויקויימו ככל שהדבר מעשי במידה סבירה; בלי לגרוע מכלליות
הוראה זו -
(1) בחדר עבודה יותקנו ויקויימו מעברים נאותים;</p></content></point><point><heading><authorialNote placement="side"><p>הוספת סעיף 59א</p></authorialNote></heading><num>12</num><content><p>
אחרי סעיף 59 לפקודה יבוא:</p></content></point><point><heading><authorialNote placement="side"><p>"הפעלה ראשונה</p></authorialNote></heading><num>59</num><content><p>
א. לא תוכנס לשימוש מעלית חדשה אלא אם נוסתה ונבדקה ביסודיות
בידי בודק מוסמך ונתקבל תסקיר ובו מפורש עומס העבודה הבטוח שלה."</p></content></point><point><heading><authorialNote placement="side"><p>החלפת סעיף 60</p></authorialNote></heading><num>13</num><content><p>
במקום סעיף 60 לפקודה יבוא:</p></content></point><point><heading><authorialNote placement="side"><p>''בדיקה תקופתית</p></authorialNote></heading><num>60</num><content><p>
לא ישתמשו במעלית אלא אם נבדקה בדיקה יסודית בידי בודק
מוסמך תוך ששת החדשים שקדמו לשימוש ונתקבל תסקיר על תוצאות
הבדיקה."</p></content></point><point><heading><authorialNote placement="side"><p>הוספת סעיף 60א</p></authorialNote></heading><num>14</num><content><p>
אחרי סעיף 60 לפקודה יבוא:</p></content></point><point><heading><authorialNote placement="side"><p>"איסור הפעלה</p></authorialNote></heading><num>60</num><content><p>
א. נמצא על פי תסקיר כאמור בסעיפים 59א או 60 פגם שבגללו אין
המעלית ראויה לשימוש, לא תופעל המעלית עד לתיקונו,"</p></content></point><point><heading><authorialNote placement="side"><p>ביטול סעיף 78</p></authorialNote></heading><num>15</num><content><p>
סעיף 78 לפקודה - בטל.</p></content></point><point><heading><authorialNote placement="side"><p>תיקון סעיף 79</p></authorialNote></heading><num>16</num><content><p>
בסעיף 79 לפקודה, בהגדרת "מכונת הרמה", אחרי "עגורן" יבוא "מלגזה".</p></content></point><point><heading><authorialNote placement="side"><p>ביטול סעיף 82</p></authorialNote></heading><num>17</num><content><p>
סעיף 82 לפקודה בטל.</p></content></point><point><heading><authorialNote placement="side"><p>תיקון סעיף 99</p></authorialNote></heading><num>18</num><content><p>
בסעיף 99(א) לפקודה, אחרי "או דליק" יבוא "או חומצה, או בחפץ הנתמר במכל
כאמור או מונח עליו".</p></content></point><point><heading><authorialNote placement="side"><p>הוספת סעיף 100א</p></authorialNote></heading><num>19</num><content><p>
לפני סעיף 101 לפקודה יבוא:</p></content></point><point><heading><authorialNote placement="side"><p>"אישור להתקנה</p></authorialNote></heading><num>100</num><content><p>
א. לא יותקן דוד קיטור אלא במקום שניתן לגביו היתר מאת המפקח
האזורי, ובכפוף לתנאי ההיתר."</p></content></point><point><heading><authorialNote placement="side"><p>תיקון סעיף 101</p></authorialNote></heading><num>20</num><content><p>
בסעיף 101 (א) לפקודה, בסופו יבוא "הכל בהתאם לכללים המקובלים במקצוע".</p></content></point><point><heading><authorialNote placement="side"><p>תיקון סעיף 104</p></authorialNote></heading><num>21</num><content><p>
בסעיף 104 לפקודה, סעיפים קטנים (ד) ו-(ה) - בטלים.</p></content></point><point><heading><authorialNote placement="side"><p>תיקון סעיף 105</p></authorialNote></heading><num>22</num><content><p>
בסעיף 105 (ב) לפקודה -
. (1) אחרי "נבדק" יבוא "לפי סעיף 104";
(2) במקום "לסעיף 104" יבוא "לסעיף 119א".</p></content></point><point><heading><authorialNote placement="side"><p>תיקון סעיף 110</p></authorialNote></heading><num>23</num><content><p>
בסעיף 110 לפקודה, סעיף קטן (ב) - בטל, והסימן "(א)" יימחק.</p></content></point><point><heading><authorialNote placement="side"><p>תיקון סעיף 111</p></authorialNote></heading><num>24</num><content><p>
בסעיף 111 (ב) לפקודה -
(1) אחרי "נבדק" יבוא "לפי סעיף 110";
(2) במקום "לסעיף 110" יבוא "לסעיף 119א".</p></content></point><point><heading><authorialNote placement="side"><p>תיקון סעיף 115</p></authorialNote></heading><num>25</num><content><p>
בסעיף 115 (ג) לפקודה, הסיפה המתחילה במלים "ולפנקס המפעל" - תימחק.
26. בסעיף 116 (ב) לפקודה, אחרי "סימן זה" יבוא "וסעיף 119א".</p></content></point><point><heading><authorialNote placement="side"><p>הוספת סעיף 119א</p></authorialNote></heading><num>27</num><content><p>
אחרי סעיף 119 לפקודה יבוא:</p></content></point><section><num>"סימל י"ד</num><title><content><p>- 1: הוראות כלליות לענין תסקירים</p></content></title><point><heading><authorialNote placement="side"><p>תסקירים</p></authorialNote></heading><num>119</num><list><intro><p>
א. (א) בודק מוסמך או בודק דוודים מוסמך שעשה בדיקה לענין
הוראות סימנים ה' עד ז' או י' עד י"ג לפרק זה ימסור, תוך 14 יום
מעשיית הבדיקה, תסקיר על תוצאות בדיקתו לתופש המפעל, והעתקו
למפקח העבודה האזורי, ואולם לגבי מפעלים של מערכת הבטחון יועבר
העתק התסקיר למפקח עבודה אזורי שאישר לכך שר הבטחון.</p></intro><subPoint><num>ב</num><content><p> התסקיר יהיה ערוך בטופס שנקבע לסוג הבדיקה ובו יהיו
הפרטים שנקבעו, והוא ייחתם בידי מי שעשה את הבדיקה; לענין תסקירים
לפי סימנים ו' ו-ז' יכול שייקבע טופס לתסקיר מאוחד.</p></content></subPoint><subPoint><num>ג</num><content><p> התסקיר יצורף לפנקס המפעל תוך 20 ימים אחרי עשיית
הבדיקה."</p></content></subPoint></list></point><point><heading><authorialNote placement="side"><p>תיקון סעיף 126</p></authorialNote></heading><num>28</num><content><p>
בסעיף 126 לפקודה, אחרי "צעדים יעילים" יבוא "לרבות תרגילי הימלטות, הבאים'/</p></content></point><point><heading><authorialNote placement="side"><p>החלפת סעיפים</p></authorialNote></heading><num>29</num><content><p>
במקום סעיפים 128 עד 135 לפקודה יבוא:</p></content></point><point><heading><authorialNote placement="side"><p>"התקנת מימלטים וקיומם</p></authorialNote></heading><num>128</num><content><p>
יותקנו ויקויימו בכל מפעל מימלטים מדליקה נאותים ומספיקים
בהתחשב במספר העובדים, בתמרים ובתהליכי העבודה.</p></content></point><point><heading><authorialNote placement="side"><p>תיקון סעיף 154</p></authorialNote></heading><num>30</num><content><p>
בסעיף 154 לפקודה, במקום "המעשיים" יבוא "הדרושים".</p></content></point><point><heading><authorialNote placement="side"><p>החלפת סעיף 156</p></authorialNote></heading><num>31</num><content><p>
במקום סעיף 156 לפקודה יבוא:</p></content></point><point><heading><authorialNote placement="side"><p>"הגדרה</p></authorialNote></heading><num>156</num><content><p>
"תהליך מסוכן לבריאות", לענין סימן זה -
(1) שימוש בעופרת, בזרניך או בחומר רעיל אחר;
(2) תהליך או עבודה שבהם נפלטים אבק או אדים העלולים
לפגוע באדם."</p></content></point><point><heading><authorialNote placement="side"><p>תיקון סעיף 157</p></authorialNote></heading><num>32</num><content><p>
בסעיף 157 לפקודה, במקום סעיף קטן (ב) יבוא:
"(ב) חדר שמבוצע בו תהליך מסוכן לבריאות, לא יורשה אדם
לאכול, לשתות או לעשן בו."</p></content></point><point><heading><authorialNote placement="side"><p>החלפת סעיף 158</p></authorialNote></heading><num>33</num><content><p>
במקום סעיף 158 לפקודה יבוא:</p></content></point><point><heading><authorialNote placement="side"><p>"מקום לאכילה</p></authorialNote></heading><num>158</num><content><p>
בכל מפעל שמבוצע בו תהליך מסוכן לבריאות יועמד לרשות
העובדים מקום מתאים לאכילת ארוחותיהם, ובו שולחנות וכסאות במספר
מספיק."</p></content></point><point><heading><authorialNote placement="side"><p>תיקון סעיף 168</p></authorialNote></heading><num>34</num><content><p>
בסעיף 168 לפקודה -
(1) בסעיף קטן (א), במקום הסיפה החל במלים "לבית משפט שלום" יבוא
"בדרך תובענה לפני בית הדין האזורי לעבודה; כל עוד לא ניתן פסק-דין סופי
לא יראו כאילו הופרה הוראה של סימן זה לגבי החדר הנדון בתובענה";
(2) סעיף קטן (ב) - בטל, והסימון "(א)" - יימחק.</p></content></point><point><heading><authorialNote placement="side"><p>ביטול סעיף 171</p></authorialNote></heading><num>35</num><content><p>
סעיף 171 לפקודה - בטל.</p></content></point><point><heading><authorialNote placement="side"><p>ביטול סעיפים 176 עד 178</p></authorialNote></heading><num>36</num><content><p>
בפרק ו' לפקודה סימן בי - בטל.</p></content></point><point><heading><authorialNote placement="side"><p>הוספת סעיף 183 א</p></authorialNote></heading><num>37</num><content><p>
אחרי סעיף 183 לפקודה יבוא:</p></content></point></section><section><num>"סימן ג'-1:</num><title><content><p>סדנאות במוסדות חינוך</p></content></title><point><heading><authorialNote placement="side"><p>תחולת הפקודה על סדנאות במוסדות חינוך</p></authorialNote></heading><num>183</num><content><p>
א. (א) הוראות פקודה זו המפורטות להלן יחולו, בתיאומים הדרושים
לפי הענין, על סדנאות בבתי ספר ובמוסדות לחינוך או להכשרה חקלאיים,</p></content></point><point><heading><authorialNote placement="side"><p>תיקון סעיף 211</p></authorialNote></heading><num>39</num><list><intro><p /></intro><subPoint><num>א</num><content><p> בסעיף 211 לפקודה -
(1) במקום סעיף קטן (ג) יבוא:
"(ג) אנליזה לפי סעיף זה תיעשה בידי מי ששר העבודה הסמיך
אותו לכך, אולם לגבי מפעל שבמערכת הבטחון היא תיעשה בידי אדם
שאישר לכך שר הבטחון או בידי מי שאותו אדם הסמיכו לכך";
(2) בסעיף קטן (ד), במקום "כימאי ממשלתי" יבוא "מי שהוסמך או אושר
לפי סעיף קטן (ג)";
(3) במקום סעיף קטן (ה) יבוא:
"(ה) לא יפרסם אדם את תוצאותיה של אנליזה שנעשתה לפי
סעיף זה, ולא יגלה אותן לאדם שאינו מוסמך לקבלן.";
(4) אחרי סעיף קטן (ה) יבוא:
"(ו) מפקח רשאי ליטול דוגמה של חומר גלמי, או של חומר
או חפץ מעובדים, לאחר שהודיע על כך לתופש או לשולחו, וכן רשאי
הוא לצלם כל חומר, מיתקן, מכונה או תהליך עבודה -, אולם שר הבטחון
או אדם שאישר לכך רשאי לאסור נטילת דוגמה או צילום כאמור אם
ראו מניעה לכך מטעמי בטחון."</p></content></subPoint></list></point><point><heading><authorialNote placement="side"><p>תיקון סעיף 224</p></authorialNote></heading><num>40</num><content><p>
בסעיף 224 לפקודה, במקום "הועבדו" יבוא "עבדו";</p></content></point><point><heading><authorialNote placement="side"><p>תיקון סעיף 225</p></authorialNote></heading><num>41</num><content><p>
בסעיף 225 לפקודה -
(1) במקום "מאסר חודש או קנס 1000 לירות" יבוא "מאסר שלושה חדשים
או קנס 5000 לירות";
(2) במקום "100 לירות", פעמיים, יבוא "300 לירות";
(3) במקום "מאסר שלושה חדשים או קנס 3000 לירות" יבוא "מאסר ששה
חדשים או קנס 10,000 לירות";
(4) המלים "למותו של אדם או לחבלה בגופו" - יימחקו.</p></content></point><point><heading><authorialNote placement="side"><p>תיקון סעיף 226</p></authorialNote></heading><num>42</num><content><p>
בסעיף 226 (ג) לפקודה, במקום "150 לירות" יבוא "500 לירות".</p></content></point><point><heading><authorialNote placement="side"><p>תיקון סעיף 227</p></authorialNote></heading><num>43</num><content><p>
בסעיף 227 לפקודה, במקום "קנס 3,000 לירות או מאסר שלושה חדשים" יבוא
"קנס 10,000 לירות או מאסר ששה חדשים".</p></content></point><point><heading><authorialNote placement="side"><p>תיקון סעיף 228</p></authorialNote></heading><num>44</num><content><p>
בסעיף 228 לפקודה, אחרי "בודק דוודים מוסמך" יבוא "או בודק מוסמך" ובמקום
"לפי סעיף 104 (ה)" יבוא "לפי סעיף 119א".</p></content></point><point><heading><authorialNote placement="side"><p>החלפת סעיף 229</p></authorialNote></heading><num>45</num><content><p>
במקום סעיף 229 לפקודה יבוא:</p></content></point><point><heading><authorialNote placement="side"><p>''עריכת בדיקה או תסקיר שלא כראוי</p></authorialNote></heading><num>229</num><content><p>
בודק דוודים מוסמך או בודק מוסמך שעשה בדיקה שלא ביסודיות
הנדרשת לפי הוראות פרק ג' או שערך תסקיר לקוי בפרט חיוני, דינו -
קנס 2,000 לירות או מאסר שלושה חדשים, ואם ערך תסקיר כוזב ביודעין,
דינו - קנס 10,000 לירות או מאסר שנה."</p></content></point><point><heading><authorialNote placement="side"><p>החלפת סעיף 230</p></authorialNote></heading><num>46</num><content><p>
במקום סעיף 230 לפקודה יבוא:
,</p></content></point><point><heading><authorialNote placement="side"><p>''שימוש במפעל ללא מימלטים מדליקה או בניגוד לצו מימלטים</p></authorialNote></heading><num>230</num><content><p>
השתמשו במפעל שאין לו מימלטים נאותים ומספיקים מדליקה, או
השתמשו במפעל או בחלק ממפעל בניגוד לצו מימלטים, דין התופש -
קנס 5,000 לירות או מאסר שלושה חדשים, וקנס נוסף 300 לירות או
מאסר נוסף שבעה ימים לכל יום שבו נמשכת העבירה."</p></content></point><point><heading><authorialNote placement="side"><p>תיקון סעיף 231</p></authorialNote></heading><num>47</num><content><p>
בסעיף 231 לפקודה, במקום "500 לירות" יבוא "1,500 לירות" ובמקום "20 לירות"
יבוא "150 לירות".</p></content></point><point><heading><authorialNote placement="side"><p>תיקון סעיף 232</p></authorialNote></heading><num>48</num><content><p>
בסעיף 232 לפקודה, במקום "150 לירות" יבוא "500 לירות".</p></content></point><point><heading><authorialNote placement="side"><p>תיקון סעיף 234</p></authorialNote></heading><num>49</num><content><p>
בסעיף 234 לפקודה, במקום "1,500 לירות" יבוא "5,000 לירות." . </p></content></point><point><heading><authorialNote placement="side"><p>תיקון סעיף 235</p></authorialNote></heading><num>50</num><content><p>
בסעיף 235 לפקודה -
(1) בסעיף קטן (א), במקום "300 לירות" יבוא "1,500 לירות" ובמקום "600
לירות" יבוא "3,000 לירות";
(2) בסעיף קטן (ב), בסופו יבוא "אלא אם הוכיח שלא ידע על העבירה או
שנקט בכל האמצעים הסבירים כדי למנעה".</p></content></point><point><heading><authorialNote placement="side"><p>תיקון סעיף 235</p></authorialNote></heading><num>51</num><content><p>
סעיף 236 לפקודה יסומן (א) ובו במקום "3,000 לירות או מאסר שלושה חדשים"
יבוא "10,000 לירות או מאסר שישה חדשים", ואחריו יבוא:
"(ב) בסעיף זה, "תעודה" - לרבות תסקיר."</p></content></point><point><heading><authorialNote placement="side"><p>ביטול סעיף 244</p></authorialNote></heading><num>52</num><content><p>
סעיף 244 לפקודה - בטל.</p></content></point><point><heading><authorialNote placement="side"><p>החלפת מונח</p></authorialNote></heading><num>53</num><content><p>
בסעיפים 115,111,105,86,76(ב), 116 ו-119 לפקודה, בכל מקום שנאמר "תעודה"
או "תעודת ניסוי ובדיקה" יבוא "תסקיר" והצורות הדקדוקיות שבעקבות המלה ישונו
לפי זה.</p></content></point></section><signature><name>אפרים קציר</name><role>נשיא המדינה</role></signature><signature><name>יצחק רבין</name><role>ראש הממשלה</role></signature><signature><name>משה ברעם</name><role>שר העבודה</role></signature><dateOfAcceptance>23.08.1974</dateOfAcceptance></body>