<?xml version="1.0" encoding="UTF-8" ?>
<body><title><content><p>חוק לתיקון פקודת בתי הדואר (מס' 3), תשכ"ב-1962 *.</p></content></title><point><heading><authorialNote placement="side"><p>הוספת סעיפים 3א-3ה</p></authorialNote></heading><num>1</num><content><p>
אחרי סעיף 3 לפקודת בתי הדואר 1 יבוא:</p></content></point><point><heading><authorialNote placement="side"><p>"השתתפות בהוצאות שירותי טלגרף</p></authorialNote></heading><num>3</num><content><p>
א. ביקש אדם שירות טלגרף וההוצאות הכרוכות במתן השירות עולות
על כפל התשלומים הקבועים לפי סעיף 3' רשאי שר הדואר לחייב'
לפי חשבונו, את המבקש בתשלום ההוצאות הכרוכות במתן השירות,
כולן או מקצתן, בניכוי התשלום הקבוע לגבי אותו שירות לפי סעיף 3.</p></content></point><point><heading><authorialNote placement="side"><p>חיוג מבקשים נוספים</p></authorialNote></heading><num>3</num><content><p>
ב. אם תוך חמש שנים לאחר שניתן שירות טלגרף לאדם שחוייב
בתשלום ההוצאות כאמור בסעיף 3א מנוצל הטלגרף למתן שירות למבק-
שים נוספים, יהיה שר הדואר רשאי, בתנאים ובנסיבות שיקבע בתקנות,
לחלק את סכום כל ההוצאות לפי סעיף 3א שהוצאו למתן השירות בין
מספר האנשים שיקבע בתקנות, ולהחליט על חלקו של כל אחד בהן,
כאילו היו כולם כאחד מבקשים את שירות הטלגרף אותה שעה; הוחלט
על חלקו של מבקש כאמור יזוכה בסכום שנתחייב בו עודף על חלקו זה'
ובלבד שחיובו של מבקש לא יפחת מן התשלום הקבוע לאותו שירות לפי
סעיף 3.</p></content></point><point><heading><authorialNote placement="side"><p>דין תשלומים שלפני תחילת החוק</p></authorialNote></heading><num>3</num><content><p>
ג. כל סכום שנגבה לפני תחילתו של החוק לתיקון פקודת בתי הדואר
(מס' 3)' תשכ"ב-1962, בעד מתן שירות טלגרף ולא הוגשה לגביו תובענה
לבית המשפט לפני י"א בסיון תשכ"ב (13 ביוני 1962) רואים אותו כתשלום
שנגבה כדין, ובלבד שלא עלה על ההוצאות שנגרמו כמתן השירות.</p></content></point><point><heading><authorialNote placement="side"><p>הנחות מתשלומי טלגרף</p></authorialNote></heading><num>3</num><content><p>
ד. הנחות מתשלומים בעד שירותי טלגרף לפי הסעיפים 3 ו-3א והתנ-
אים למתן הנחות אלה ייקבעו על ידי שר הדואר בתקנות.</p></content></point><point><heading><authorialNote placement="side"><p>השירות הבולאי</p></authorialNote></heading><num>3</num><content><p>
ה. רשאי שר הדואר לקבוע בתקנות דרכי השירות הבולאי ואת התש-
לומים בעד שירותיו."</p></content></point><signature><name>יצחק בן-צבי</name><role>נשיא המדינה</role></signature><signature><name>דוד בן-גוריון</name><role>ראש הממשלה</role></signature><signature><name>אליהו ששון</name><role>שר הדואר</role></signature><dateOfAcceptance>19.07.1962</dateOfAcceptance></body>