<?xml version="1.0" encoding="UTF-8" ?>
<body><title><content><p>חוק לתיקון פקודת בתי הסוהר (מס' 2), תשל"ג-1972 *</p></content></title><point><heading><authorialNote placement="side"><p>"העברת אסיר לקוי בנפשו</p></authorialNote></heading><num>15</num><list><intro><p /></intro><subPoint><num>א</num><content><p> אסיר שמצבו הבפשי מצריך בדיקה, טיפול או אשפוז, רשאי
הנציב באישור פסיכיאטר מחוזי כמשמעותו בחוק לטיפול בחולי נפש,
תשט"ו-21955, או באישור פסיכיאטר אחר ששר הבריאות הסמיכו לכך,
להורות על העברתו לבית חולים לחולי נפש שמחוץ לבית הסוהר, וכל
זמן שהוא נשאר שם ותקופת מאסרו טרם תמה ייחשב כאילו הוא במש-
מורת כדין, </p></content></subPoint><subPoint><num>ב</num><content><p> נזקק האסיר לבדיקה או להסתכלות לשם אבחון המחלה,
והפעולות ניתנות לביצוע באגף הפסיכיאטרי בבית הסוהר, רשאי ראש
האגף הפסיכיאטרי בבית הסוהר להורות על העברת האסיר לאותו אגף. </p></content></subPoint><subPoint><num>ג</num><content><p> על הוראה כאמור בסעיף קטן (א) ביתן לערור בפני ועדה 
פסיכיאטרית לפי חוק לטיפול בחולי נפש, תשט"ו- 1955.
עמ' 432.
2 ס"ח תשט"ו, עמי .121
(ר) אסיר שהועבר לפי סעיף קטן (א) לצורך אשפוז לבית חולים
שמחוץ לבית הסוהר, יוחזר לבית הסוהר, - אם הוא חייב עוד להיות
כלוא בו - על פי הודעה בכתב של ועדה פסיכיאטרית לנציב, שאין עוד
צורך באשפוזו של האסיר בבית החולים.</p></content></subPoint><subPoint><num>ה</num><content><p> אסיר שהועבר לפי סעיף קטן (ב) לאגף הפסיכיאטרי בבית
הסוהר יוחזר משם על פי הוראת ראש האגף הפסיכיאטרי בבית הסוהר."</p></content></subPoint></list></point><point><heading><authorialNote placement="side"><p>ביטול סעיף 46</p></authorialNote></heading><num>2</num><content><p>
סעיף 46 לפקודה - בטל.</p></content></point><point><heading><authorialNote placement="side"><p>תיקון סעיף 77</p></authorialNote></heading><num>3</num><content><p>
בסעיף 77 לפקודה, במקום "במספר שיורה עליו" יבוא "במספר ובדרגות שיורה
עליהם".</p></content></point><point><heading><authorialNote placement="side"><p>ביטול סעיף 78</p></authorialNote></heading><num>4</num><content><p>
סעיף 78 לפקודה - בטל.</p></content></point><point><heading><authorialNote placement="side"><p>תיקון סעיף 108</p></authorialNote></heading><num>5</num><content><p>
בסעיף 108 לפקודה, בכותרת השוליים, במקום "מאסר" יבוא "מעצר".</p></content></point><point><heading><authorialNote placement="side"><p>ביטול התוסמת</p></authorialNote></heading><num>6</num><content><p>
התוספת לפקודה - בטלה.</p></content></point><signature><name>שביאור זלמן שזר</name><role>נשיא המדינה</role></signature><signature><name>גולדה מאיר</name><role>ראש הממשלה</role></signature><signature><name>שלמה הלל</name><role>שר המשטרה</role></signature><dateOfAcceptance>28.12.1972</dateOfAcceptance></body>