<?xml version="1.0" encoding="UTF-8" ?>
<body><title><content><p>חוק הבזק (העברת עובדים ל"בזק", החברה הישראלית לתקשורת בע"מ),</p></content></title><point><heading><authorialNote placement="side"><p>הסכם להעברת עובדים</p></authorialNote></heading><num>1</num><content><p>
נחתם בין המדינה לבין "בזק", החברה הישראלית לתקשורת בע"מ (להלן -
החברה), לבין ארגון עובדים יציג, הסכם בדבר העברת עובדים משירות המדינה לשירות
החברה (להלן - הסכם ההעברה), יחולו הוראות אלה מיום תחילתו של הסכם ההעברה:
(1) עובד המדינה שייקבע בהסכם ההעברה יהיה עובד החברה החל מן
היום שקבע שר התקשורת;
, (2) על אף האמור בכל דין, עובד המדינה שהפך להיות עובד החברה
כאמור בפסקה (1) לא יהיה זכאי להטבות פרישה כל שהן בשל ההעברה;
(3) עובד שהפך להיות עובד החברה כאמור בפסקה (1), ובתנאים ובתקופה
שנקבעו בהסכם ההעברה לא הסתגל לעבודה בחברה - הוראות פסקה (2)
לא יחולו עליו וזכויותיו יהיו כפי שנקבע בהסכם ההעברה;
(4) זכויותיו של עובד שהועבר כאמור כלפי המדינה מכוח יחסי עובד
ומעביד שהיו ביניהם, בשל תקופת היותו עובד המדינה, שהחברה קיבלה
על עצמה לקיימן בהסכם ההעברה - לא יהיה העובד רשאי לתבוע קיומן
מן המדינה.</p></content></point><point><heading><authorialNote placement="side"><p>הסכם עבודה</p></authorialNote></heading><num>2</num><content><p>
תנאי הסכם עבודה בין החברה לבין ארגון יציג של עובדיה, שענינם תנאי עבודה,
שינויי תקן, שכר והטבות אחרות, טעונים אישור שר האוצר, וזאת לתקופה של שנה
מיום העברת רוב עובדי משרד התקשורת לחברה.</p></content></point><point><heading><authorialNote placement="side"><p>אי תחולת הוראות חוק שירות הציבור (הגבלות לאחר טרישה)</p></authorialNote></heading><num>3</num><content><p>
הוראות חוק שירות הציבור (הגבלות לאחר פרישה), התשכ"ט-1969 1, לא יחולו
על מי שהיה עובד משרד התקשורת ביום כ"ה בטבת התשמ"א (1 בינואר 1981) והיה
לעובד החברה עד תום שנה מיום תחילתו של חוק הבזק, התשמ"ב-21982.</p></content></point><point><heading><authorialNote placement="side"><p>פרסום</p></authorialNote></heading><num>4</num><content><p>
חוק זה יפורסם ברשומות תוך 30 ימים מיום קבלתו בכנסת.</p></content></point><signature><name>יצחק נבון</name><role>נשיא המדינה</role></signature><signature><name>מנחם בגין</name><role>ראש הממשלה</role></signature><dateOfAcceptance>22.08.1982</dateOfAcceptance></body>