<?xml version="1.0" encoding="UTF-8" ?>
<body><title><content><p>חוק שירות בתי הסוהר (נכים ונספים), התשמ"א-1981*</p></content></title><point><heading><authorialNote placement="side"><p>הגדרות</p></authorialNote></heading><num>1</num><content><p>
בחוק זה -
''סוהר" - אדם הנמנה עם שירות בתי הסוהר;
"חוק הנכים" - חוק הנכים (תגמולים ושיקום), התשי"ט-1959 [נוסח משולב]1,
והתקנות לפיו;
-"חוק משפחות החיילים" - חוק משפחות חיילים שנספו במערכה (תגמולים ושיקום),
התש"י-1950 2, והתקנות לפיו;
"חוק הגמלאות" - חוק שירות המדינה (גמלאות) [נוסח משולב], התש"ל-1970 3;
"שירות בשירות בתי הסוהר" - שירותו של סוהר בשירות בתי הסוהר.</p></content></point><point><heading><authorialNote placement="side"><p>דין סוהר נכה</p></authorialNote></heading><num>2</num><content><p>
חוק הנכים יחול על סוהר, ולענין זה - כל מקום בחוק הנכים שמדובר בו בחייל,
בחייל המשרת בצבא -הגנה לישראל על פי התחייבות לשירות קבע, בשירות או בשירות
צבאי, ייקרא כאילו מדובר בסוהר או בשירות בתי הסוהר, הכל לפי הענין.</p></content></point><point><heading><authorialNote placement="side"><p>דין משפחת סוהר שנספה</p></authorialNote></heading><num>3</num><content><p>
חוק משפחות החיילים יחול על סוהר שנפטר ועל בני משפחתו של סוהר שנפטר,
ולענין זה - כל מקום בחוק משפחות החיילים שמדובר בו בחייל, בשירות או בשירות
צבאי ייקרא כאילו מדובר בסוהר או בשירות בשירות בתי הסוהר, הכל לפי הענין.</p></content></point><point><heading><authorialNote placement="side"><p>ברירה </p></authorialNote></heading><num>4</num><list><intro><p /></intro><subPoint><num>א</num><content><p> נפטר סוהר כתוצאה ממחלה או החמרת מחלה, בנסיבות שהיו מזכות את בני
משפחתו לתגמולים לפי חוק משפחות החיילים לולא הוראות סעיף זה, רשאים בני המשפחה
שהם גם שאירים לפי חוק הגמלאות לבחור באחד מאלה:
(1) קצבה כאמור בסעיף 77(ד)(1) לחוק הגמלאות;
(2) קצבה כאמור בסעיף 77(ד)(2) לחוק הגמלאות;
(3) תגמולים לפי חוק משפחות החיילים, בתוספת קצבה כאמור בסעיף
78(ג) לחוק הגמלאות;
(4) תגמולים לפי חוק משפחות החיילים בתוספת המענק המשתלם לפי
סעיפים 27 או 40 לחוק הגמלאות במקום הקצבה המשתלמת לפי סעיף 78(ג)
לחוק הגמלאות.</p></content></subPoint><subPoint><num>ב</num><content><p> בני משפחה כאמור שנתקיימו בהם התנאים לזכאות לפי סעיף 77(ה) לחוק
הגמלאות, רשאים לבחור, במקום זכויותיהם לפי סעיף קטן (א), בתגמולים לפי חוק משפחות
החיילים וכגמלאות לפי סעיף 77(ה) האמור.</p></content></subPoint><subPoint><num>ג</num><content><p> סעיף 77(ו) לחוק הגמלאות יחול, בשינויים המחריבים, גם על גמלאות לפי
חוק הגמלאות המשתלמות לפי סעיף זה.</p></content></subPoint></list></point><point><heading><authorialNote placement="side"><p>אזכורים</p></authorialNote></heading><num>5</num><content><p>
כל חיקוק שבו מדובר בחוק הנכים או בחוק משפחות החיילים ייקרא כאילו מדובר
בו גם בחוק זה.</p></content></point><point><heading><authorialNote placement="side"><p>זכויות יתר</p></authorialNote></heading><num>6</num><content><p>
כל חיקוק המעניק או נותן סמכות להעניק זכות יתר, פטול, שחרור מלא או חלקי
מחובה המוטלת על פי דין או עדיפות או זכות אחרת, הניתנים לחייל נכה כמשמעותו
בחוק הנכים או לבן משפחה של חייל שנספה כמשמעותו בחוק משפחות החיילים, רואים
אותו כמעניק או נותן סמכות להעניק אותם גם לסוהר נכה או לבן משפחה של סוהר
שנספה.</p></content></point><point><heading><authorialNote placement="side"><p>סוהר שנעדר</p></authorialNote></heading><num>7</num><content><p>
לענין סעיף 3 לחוק משפחות החיילים, במקום רשות צבאית מוסמכת יבוא, לגבי
סוהר שנעדר, סוהר בכיר ששר הפנים מינהו לענין סעיף זה.</p></content></point><point><heading><authorialNote placement="side"><p>ביטול</p></authorialNote></heading><num>8</num><content><p>
חוק שירות בתי הסוהר (נכים ונספים), התש"ך-1960 4- בטל.</p></content></point><point><heading><authorialNote placement="side"><p>הוראת מעבר</p></authorialNote></heading><num>9</num><content><p>
חוק זה יחול, לגבי התקופה שלאחר פרסומו, גם על מי שפרש מהשירות בשירות בתי
הסוהר לפני הפרסום ועל בני משפחתו של סוהר שנפטר לפני הפרסום, למעט -
(1) מי שהגיש בקשה לפי סעיף 4 לחוק שירות בתי הסוהר (נכים ונספים),
התש"ר-1960, והיא נדחתה;
(2) מי שהגיש בקשה כאמור, או בקשה לקצין התגמולים, אחרי שעברה-
תקופת ההתיישנות החלה לגביו לפי סעיף 8 לחוק האמור.</p></content></point><signature><name>יצחק נבון</name><role>נשיא המדינה</role></signature><signature><name>מנחם בגין</name><role>ראש הממשלה</role></signature><signature><name>יוסף בורג</name><role>שר הפנים</role></signature><dateOfAcceptance>03.04.1981</dateOfAcceptance></body>