<?xml version="1.0" encoding="UTF-8" ?>
<body><title><content><p>חוק בנק הדואר (תיקון), תשט"ז-1956 *</p></content></title><point><heading><authorialNote placement="side"><p>תיקון סעיף 2</p></authorialNote></heading><num>1</num><content><p>
בסעיף 2 לחוק בנק הדואר' תשי"א-1951  1 (להלן - החוק העיקרי)' במקום סעיף
קטן (ב) יבוא סעיף קטן זה:
"(ב) השירותים שבנק הדואר יקיים הם:
(1) קבלת פקדונות נושאי ריבית' בין לחשבון חסכון ובין כבגד תעודות חסכון,
החזקתם וסילוקם;
(2) קבלת כספים לחשבון סילוקים, החזקתם, העברתם וסילוקם;
(3) העברת כספים באמצעות המחאות כסף;
(4) העברת כספים באמצעות המחאות דואר."</p></content></point><point><heading><authorialNote placement="side"><p>תיקון סעיף 5</p></authorialNote></heading><num>2</num><content><p>
בסעיף 5 (ב) לחוק העיקרי -
(1) במקום פסקה (4) תבוא פסקה זו:
"(4) שני נציגים של שני משרדי הממשלה שימונו על ידי שר הדואר לאחר
התייעצות עם השרים הממונים על אותם משרדים;"
(2) בפסקה (5), במקום "חמישה" יבוא "ששה".</p></content></point><point><heading><authorialNote placement="side"><p>תיקון סעיף 6</p></authorialNote></heading><num>3</num><content><p>
בסעיף 6 לחוק העיקרי -
(1) במקום סעיף קטן (ב) יבוא סעיף קטן זה:
"(ב) על פקדונות לחשבון חסכון תשולם ריבית של שני אחוזים לשנה או
בשיעור גבוה יותר שקבע שר הדואר בתקנות לאחר התייעצות עם המועצה
ובהסכמת ועדת הכספים של הכנסת."
(2) לאחר סעיף קטן (ב) יבוא סעיף קטן זה:
"(ג) על פקדונות כנגד תעודות חסכון, תשולם ריבית בשיעור ובתנאים
שקבע שר הדואר בתקנות לאחר התייעצות עם שר האוצר ועם המועצה
ובהסכמת ועדת הכספים של הכנסת; שיעורי הריבית ותנאי תשלומה יכולים
להיות שונים לסוגי תעודות שונים."</p></content></point><point><heading><authorialNote placement="side"><p>הוספת סעיף 6א</p></authorialNote></heading><num>4</num><content><p>
לאחר סעיף 6 יווסף סעיף זה:</p></content></point><point><heading><authorialNote placement="side"><p>"תעודות חסכון</p></authorialNote></heading><num>6</num><list><intro><p>
א. (א) תעודות חסכון ייערכו לזכות בעלים רשומים.</p></intro><subPoint><num>ב</num><content><p> תעודות חסכון יכולות להיות מסוגים שונים, ולהקנות זכויות שו-
נות, הכל כפי שייקבע בתקנות,</p></content></subPoint><subPoint><num>ג</num><content><p> תעודות חסכון ייערכו בנוסח שייקבע בתקנות, וישאו את חותם
חתימותיהם של שר הדואר והיושב ראש."</p></content></subPoint></list></point><point><heading><authorialNote placement="side"><p>תיקון סעיף 7</p></authorialNote></heading><num>5</num><content><p>
במקום סעיף 7 לחוק העיקרי יבוא סעיף זה:</p></content></point><point><heading><authorialNote placement="side"><p>,,הגבלה על העברה</p></authorialNote></heading><num>7</num><content><p>
מסמך המשמש להעברת כספים או להוצאת כספים מבנק הדואר לא יהיה
עביר אלא לשם גביה על ידי בנקאי כמשמעותו בפקודת שטרי החליפין 2
(להלן-בנקאי); אולם רשאי שר הדואר להורות ברשומות שסוג מסויים
של מסמכים כאמור יהא סחיר, ומשהורה כן יהא דין מסמכים אלה כדין
שיקים כמשמעותם בפקודה האמורה."</p></content></point><point><heading><authorialNote placement="side"><p>תיקון סעיף   9</p></authorialNote></heading><num>6</num><content><p>
בסעיף 9 לחוק העיקרי יימחקו המלים "כלפי לקוחותיו".</p></content></point><point><heading><authorialNote placement="side"><p>תיקון סעיף 19</p></authorialNote></heading><num>7</num><content><p>
בסעיף 19(א) לחוק העיקרי, בפסקה (2), במקום "המחאת דואר" יבוא "המחאת כסף
או המחאת דואר'/</p></content></point><point><heading><authorialNote placement="side"><p>תיקו! סעיף   20</p></authorialNote></heading><num>8</num><content><p>
במקום סעיף 20 לחוק העיקרי יבוא סעיף זה:
"תקנות וביצוע 20. (א) שר הדואר ממונה על ביצוע חוק זה והוא רשאי להתקין תקנות
בכל הנוגע לביצועו, לרבות תקנות כדבר -
(1) הנהלת חשבון חסכון על שמו של קטין או של נאמן*,
(2) מינוי מורשה לבעל חשבון;</p></content></point><point><heading><authorialNote placement="side"><p>תיקון סעיף 22</p></authorialNote></heading><num>9</num><content><p>
בסעיף 22 (ב) לחוק העיקרי' במקום "השירות הנזכר בסעיף 2 (ב) (3)" יבוא "שירות הע-
ברת כספים באמצעות המחאות כסף".</p></content></point><point><heading><authorialNote placement="side"><p>הוראת מעבר</p></authorialNote></heading><num>10</num><content><p>
תחילתו של סעיף 9 ביום תחילת החוק העיקרי' ורואים את פקודת בתי הדואר 3,
כאילו לא תוקנה עם פרסום ההודעה לפי סעיף 17 ביום י"ג בשבט תשט"ז (26 בינואר 1956) 4.</p></content></point><signature><name>יצחק בן-צבי</name><role>נשיא המדינה</role></signature><signature><name>דוד בן-גוריון</name><role>ראש הממשלה</role></signature><signature><name>יוסף בורג</name><role>שר הדואר</role></signature><dateOfAcceptance>27.07.1956</dateOfAcceptance></body>