<?xml version="1.0" encoding="UTF-8" ?>
<body><title><content><p>חוק בית הספר החקלאי מקרה ישראל, תשל"ו-1976 *</p></content></title><point><heading><authorialNote placement="side"><p>כך פעולת הספר</p></authorialNote></heading><num>1</num><content><p>
בית הספר החקלאי מקוה ישראל, מייסודה של חברת "כל ישראל חברים" ביום י"ד
באדר א' תר"ל, שהוא המוסד החינוכי החקלאי הראשון בארץ-ישראל, יוסיף לפעול כבית
ספר חקלאי לקידום מטרותיו.</p></content></point><point><heading><authorialNote placement="side"><p>מטרות בית הספר</p></authorialNote></heading><num>2</num><content><p>
מטרותיו של בית הספר הן לחנך נוער בישראל לחיי חקלאות ולהתיישבות, ולהקנות
לו השכלה כללית, וכן תרבות יהודית וחינוך עברי בהתאם למורשת ישראל, כמקובל
במוסדות החינוך במדינה.</p></content></point><point><heading><authorialNote placement="side"><p>שינויים בתזכיר ובתקנות</p></authorialNote></heading><num>3</num><content><p>
שינויים בתזכיר ההתאגדות ובתקנות ההתאגדות של החברה "מקוה ישראל - כל
ישראל חברים" המנהלת את בית הספר, טעונים אישור הממשלה וועדה משותפת של ועדת
החינוך והתרבות וועדת הפנים ואיכות הסביבה של הכנסת.</p></content></point><point><heading><authorialNote placement="side"><p>איסור -שינוי יעוד</p></authorialNote></heading><num>4</num><list><intro><p /></intro><subPoint><num>א</num><content><p> המקרקעין המפורטים בתוספת מיועדים לשימוש בית הספר ואין לשנות את
יעודם זה אלא לפי יזמת שר ובאישור שרי החינוך והתרבות, החקלאות והפנים. וועדה
משותפת של ועדת החינוך והתרבות וועדת הפנים ואיכות הסביבה של הכנסת.</p></content></subPoint><subPoint><num>ב</num><content><p> הועמדו לשימוש בית הספר מקרקעין בנוסף על המפורטים בתוספת, רשאים
השרים והועדה המשותפת כאמור בסעיף קטן (א) לקבוע שדינם יהיה כדין המקרקעין
שבתוספת.</p></content></subPoint><subPoint><num>ג</num><content><p> לא יהיה תוקף לכל עסקה במקרקעין האמורים הטעונה רישום, לא יינתן צו
אכיפה בשל התחייבות לעשות בהם עסקה כזאת ולא תירשם הערה כיחס להתחייבות כזאת,
אלא אם שר הפנים ושר החינוך והתרבות אישרו את העסקה או ההתחייבות.</p></content></subPoint></list></point><point><heading><authorialNote placement="side"><p>היתרים לבניה</p></authorialNote></heading><num>5</num><content><p>
מותר לתת היתר לבניה או לשימוש במקרקעין המפורטים כתוססת לכל מטרה שנועדה
לקדם את מטרותיו של בית הספר, והוא על אף ההגבלות האמורות בסעיף 11 לתוספת
הראשונה של חוק התכנון והבניה, תשכ"ה-1965 .1</p></content></point><point><heading><authorialNote placement="side"><p>ביצוע ותקנות</p></authorialNote></heading><num>6</num><content><p>
שר הפנים ושר החינוך והתרבות ממונים על ביצוע חוק זה ורשאים, בהסכמת שר
החקלאות, להתקין תקנות לשם ביצועו.</p></content></point><chapter><num>ספר החוקים</num><title><content><p>816, ג' בתמוז תשל''ו, 1.7.1976</p></content></title><point><heading><authorialNote placement="side"><p>חלקי חלקה 1 כמסומן במפה. חלקי חלקות 1 ו-4 כמסומן כמפה. חלקי חלקה 2 כמסומן כמפה.</p></authorialNote></heading><num>6012</num><content><p>

6013
6014</p></content></point><point><heading><authorialNote placement="side"><p>חלקי חלקות 20-1 ו-26-22 כמסומן במפה. חלקי חלקות 21-19 כמסומן במפה. 37-18 ו-54-41 - בשלמות, וכן חלקי חלקות 16-12 כמסומן במפה. 40-1 - כשלמות, וכן חלקי חלקה 46 כמסומן במפה. חלקי חלקה 1 כמסומן כמפה.</p></authorialNote></heading><num>6033</num><content><p>

6034
6035
6046
6047</p></content></point></chapter><signature><name>יצחק רבין</name><role>ראש הממשלה</role></signature><signature><name>יוסף בורג</name><role>שר הפנים</role></signature><signature><name>אהרון ידלין</name><role>שר החינוך והתרבות</role></signature><signature><name>אפרים קציר</name><role>נשיא המדינה</role></signature><dateOfAcceptance>01.07.1976</dateOfAcceptance></body>