<?xml version="1.0" encoding="UTF-8" ?>
<body><title><content><p>חוק לתיקון פקודת בתי הדואר (מס' 7), תשכ"ח-1967 *</p></content></title><point><heading><authorialNote placement="side"><p>החלפת סעיף 3</p></authorialNote></heading><num>1</num><content><p>
במקום סעיף לפקודת בתי הדואר 1 (להלן - הפקודה) יבוא:</p></content></point><point><heading><authorialNote placement="side"><p>''סמכות לקבוע אגרות</p></authorialNote></heading><num>3</num><content><p>
(1) שר הדואר' באישור ועדת הכספים של הכנסת, רשאי לקבוע
את האגרות בעד שירותי הדואר ושירותים אחרים שבהנהלתו ואת הנסיבות
שבהן יוטלו, ובלבד שקביעת אגרות לשירותים המפורטים בתוספת
החמישית אינה טעונה אישור כאמור.
(2) שר הדואר' באישור ועדת הכספים של הכנסת' רשאי לשנות
את התוספת החמישית."</p></content></point><point><heading><authorialNote placement="side"><p>חוטפת תוספת חמישית</p></authorialNote></heading><num>2</num><content><p>
אחרי התוספת הרביעית לפקודה יבוא:</p></content></point><part><num>חלק מהאגרה</num><title><content><p>המשתלם למוביל' למינהל דואר או למפעיל אחר בחו"ל".</p></content></title></part><signature><name>לוי אשכול</name><role>ראש הממשלה</role></signature><signature><name>שניאור זלמן שזר</name><role>נשיא המדינה</role></signature><signature><name>ישראל ישעיהו-שרעבי</name><role>שר הדואר</role></signature><dateOfAcceptance>27.12.1967</dateOfAcceptance></body>