<?xml version="1.0" encoding="UTF-8" ?>
<body><title><content><p>חוק לתיקון פקודת בתי הסוהר, תשט"ז-1956 *</p></content></title><point><heading><authorialNote placement="side"><p>תיקון סעיף 73</p></authorialNote></heading><num>1</num><content><p>
סעיף 73 לפקודת בתי הסוהר, 11946-, יסומן "73(1)" ואחריו יבוא סעיף קטן זה:
"(2) ועדת שחרורים, כמשמעותה בחוק לתיקון דיני העובשין (דרכי עבישה),
תשי"ד-21954, שהעביקה לאסיר את הרשיון להתהלך חפשי, רשאית לפטרו
מלמלא אחרי תבאי מהתנאים הבקובים בסעיף קטן (1) ומן החובה לחתום על
התחייבות למלא אחר התבאים האמורים, כולם או מקצתם."</p></content></point><signature><name>דוד בן-גוריון</name><role>ראש הממשלה</role></signature><signature><name>יצחק בן-צבי</name><role>בשיא המדיבה</role></signature><signature><name>בכור שלום שיטריט</name><role>שר המשטרה</role></signature><dateOfAcceptance>18.01.1956</dateOfAcceptance></body>