<?xml version="1.0" encoding="UTF-8" ?>
<body><title><content><p>חוק גנים לאומיים ושמורות טבע (תיקון), תשכ"ד-1964 *</p></content></title><point><heading><authorialNote placement="side"><p>הוספת סעיף 41א</p></authorialNote></heading><num>1</num><content><p>
אחרי סעיף 41 לחוק גנים לאומיים ושמורות טבע, תשכ"ג-11963 (להלן - החוק
העיקרי), יבואן</p></content></point><point><heading><authorialNote placement="side"><p>"איסור מגירת ערך טבע מוגן</p></authorialNote></heading><num>41</num><content><p>
א. לא יימכר ערך טבע מוגן אלא אם הותרה מכירתו על-ידי שר
החקלאות או מי שהוסמך על ידיו."</p></content></point><point><heading><authorialNote placement="side"><p>הוספת סעיף 42א</p></authorialNote></heading><num>2</num><content><p>
אחרי סעיף 42 לחוק העיקרי, כפרק החמישי, יבוא:</p></content></point><point><heading><authorialNote placement="side"><p>"הטלת תפקידים</p></authorialNote></heading><num>42</num><content><p>
א. שר החקלאות רשאי, בצו, להטיל על רשות שמורות הטבע או על
רשות הגנים תפקידים לביצוע הוראות סרק זה והתקנות על פיהן; ביצוע
תפקידים אלה יכול שיהיה אף מחוץ לשמורות טבע או גנים לאומיים."</p></content></point><point><heading><authorialNote placement="side"><p>תיקון סעיף 43</p></authorialNote></heading><num>3</num><content><p>
בסעיף 43 לחוק העיקרי, במקום "העובר על חוק עזר" יבוא "העובר על הוראת סעיף
41א, על חוק עזר".</p></content></point><point><heading><authorialNote placement="side"><p> תיקון סעיף  45</p></authorialNote></heading><num>4</num><content><p>
בסעיף 45 לחוק העיקרי, במקום "לגבי עבירות על חוקי עזר" יבוא "לגבי עבירות
על סעיף 41א, על חוקי עזר".</p></content></point><signature><name>לוי אשכול</name><role>ראש הממשלה</role></signature><signature><name>שניאור זלמן שזר</name><role>נשיא המדינה</role></signature><signature><name>משה דיין</name><role>שר החקלאות</role></signature><signature><name>חיים משה שפירא</name><role>שר הפנים</role></signature><dateOfAcceptance>05.08.1964</dateOfAcceptance></body>