<?xml version="1.0" encoding="UTF-8" ?>
<body><title><content><p>חוק הבטיחות במקומות ציבוריים, תשכ"ג-1962*</p></content></title><point><heading><authorialNote placement="side"><p>הגדרות</p></authorialNote></heading><num>1</num><list><intro><p>
בחוק זה -
"אסיפה" - התקהלות מאורגנת של בני אדם, בין שהגישה אליה בתמורה ובין ללא תמורה'
הכל בסייגים כמפורט להלן:
(1) התקהלות של מוזמנים שאין לכלל הציבור גישה אליה - איננה אסיפה:
(2) התקהלות במהלך עסקו של המארגן, כשתנאי הבטיחות לניהול העסק
במקום ההתקהלות נקבעו ברשיון או בהיתר לפי כל חיקוק - איננה אסיפה;
(3) על אף האמור בפסקה (2) - גם עינוג ציבורי - כמשמעותו של שעשוע
ציבורי בפקודת השעשועים הציבוריים, 1935   1 - הוא אסיפה.
"עצרת עם" - אחד מאלה:
(1) אסיפה שמספר המשתתפים בה 500 או יותר, למעט -</p></intro><subPoint><num>א</num><content><p> עינוג ציבורי;</p></content></subPoint><subPoint><num>ב</num><content><p> אסיפה שלעריכתה ניתן רשיון או היתר לפי חיקוק אחר;</p></content></subPoint><subPoint><num>ג</num><content><p> אסיפה המתקיימת במקום אסיפות קבוע;
(2) אירוע ספורטיבי שמספר הצופים בו הוא 7000 או יותר.
"מקום אסיפות קבוע" - מקום המשמש דרך קבע לאסיפות.</p></content></subPoint></list></point><point><heading><authorialNote placement="side"><p>תקנות בטיחות</p></authorialNote></heading><num>2</num><list><intro><p /></intro><subPoint><num>א</num><content><p> שר הפנים, בהתייעצות עם שר המשטרה, רשאי לקבוע לאסיפות במקומות
אסיפות קבועים או במקומות אחרים/ בתקנות, הוראות בענינים אלה:
(1) עזרה ראשונה;
(2) כיבוי ומניעת דליקות:
(3) סדרני בטיחות שיתמנו על ידי האחראי לבטיחות באסיפה ושיעמדו לרשו-
תו, וסימני ההיכר של סדרנים אלה:
(4) המספר המקסימלי של הרשאים להיכנס למקום האסיפה בשים לב לשטחו
והצגת מודעה בדבר המספר המקסימלי וכן מודעות אחרות הנוגעות לבטיחות
הקהל:
(5) סידורים כיוצא באלה לשם הגנת המשתתפים באסיפה והנמצאים בשכנותה.</p></content></subPoint><subPoint><num>ב</num><content><p> התקנות לאסיפות שלא במקומות אסיפות קבועים יכול שיחולו לגבי שטח המדינה
כולה או כל חלק ממנה, לגבי כל האסיפות או סוגים מיוחדים שלהן,</p></content></subPoint><subPoint><num>ג</num><content><p> תקנות בדבר סדרני בטיחות יותקנו לאחר התייעצות עם ועדת הפנים של   הכנסת.</p></content></subPoint></list></point><point><heading><authorialNote placement="side"><p>תנאי מכללא ברשיונות</p></authorialNote></heading><num>3</num><content><p>
רשיון על-פי פקודת בנין ערים, 1936  2, פקודת המלאכות והתעשיות (הסדרתן)3,
פקודת השעשועים הציבוריים, 1935, וכל רשיון אחר הנדרש על-פי חיקוק לגבי השימוש
במקום אסיפות קבוע, יראו אותם כאילו הותנו גם בקיום הוראותיהן של התקנות לפי חוק זה.</p></content></point><point><heading><authorialNote placement="side"><p>אחראי לבטיחות במקום אסיפות קבוע</p></authorialNote></heading><num>4</num><content><p>
ניתן רשיון לפי כל חיקוק לגבי השימוש במקום אסיפות קבוע, יהיה בעל הרשיון
אחראי לבטיחות לענין חוק זה; באין רשיון, יהיה המחזיק בפועל במקום אחראי לבטיחות
כאמור.</p></content></point><point><heading><authorialNote placement="side"><p>הוד'עה  מוקדמת</p></authorialNote></heading><num>5</num><content><p>
לא יאוחר מ-5 ימים לפני עריכת עצרת עם ימסור מארגן עצרת העם למי ששר הפנים
ימנה אותו לכך, הודעה בכתב על מקומה' מועדה וכן על תכניתה אם יש בה חשיבות לענין
בטיחות המשתתפים בעצרת והנמצאים בשכנותה (להלן - הודעה מוקדמת).</p></content></point><point><heading><authorialNote placement="side"><p>אחראי לבטיחות בעצרת עם</p></authorialNote></heading><num>6</num><content><p>
ההודעה המוקדמת תפרט את שמו ומענו של האחראי לבטיחות בעצרת העם ותכלול
בגוף ההודעה ובכתב את הסכמתו לקבל על עצמו את האחריות לביצוע חוק זה והתקנות
על-פיו; האחראי לבטיחות בעצרת עם יהיה תושב ישראל ובגיר.</p></content></point><point><heading><authorialNote placement="side"><p>קיום עצרת עם לפי היתר</p></authorialNote></heading><num>7</num><content><p>
עריכת עצרת עם שלא ניתנה עליה הודעה מוקדמת לפי סעיף 5 טעונה היתר מראש
ממי ששר הפנים ימנה אותו לכך.</p></content></point><point><heading><authorialNote placement="side"><p>צו לאי-קיום אפיפה או לפיזורה</p></authorialNote></heading><num>8</num><content><p>
נוכח קצין משטרה בדרגת פקד או מעלה במקום של אסיפה' בסמוך לפני התחלתה או
במהלך האסיפה' ולא נתקיימו לגביה הוראות של תקנות לפי חוק זה' יתן הקצין לאחראי
לבטיחות, ובהעדרו - למארגן האסיפה שבמקום, התראה לתקן את הליקויים תוך הזמן
שיקבע: לא תוקנו הליקויים תוך אותו זמן או לא היה האחראי לבטיחות או המארגן במקום
אותה שעה' רשאי הקצין כשהוא נוכח במקום האסיפה -
(1) אם טרם התחילה - לצוות על אי-קיומה;
(2) אחרי שהתחילה - לצוות על פיזורה' אם היה לו חשש סביר שעקב אי-
קיום התקנות קיימת סכנת נפשות של ממש.</p></content></point><point><heading><authorialNote placement="side"><p>הפסקת הכניסה למקום האטימה</p></authorialNote></heading><num>9</num><content><p>
נוכח קצין משטרה בדרגת פקד או מעלה במקום שבו מתקיימת אסיפה ויש לו יסוד
סביר להניח כי המספר המקסימלי של בני-אדם שמותר להם להיות במקום לפי כל חיקוק
כבר נמצאים בו' רשאי הוא לצוות על הפסקת הכניסה לאותו מקום.</p></content></point><point><heading><authorialNote placement="side"><p>ביצוע הצו</p></authorialNote></heading><num>10</num><content><p>
לשם ביצוע הצווים לפי סעיף 8 או 9 רשאי הקצין להורות לאחראי לבטיחות ולכל
שוטר לאחוז באמצעים הדרושים כדי למנוע את קיום האסיפה או כדי לפזרה' או כדי למנוע
כניסת אנשים נוספים, הכל לפי הענין, ואם תהא התנגדות לאמצעים אלה' רשאי השוטר
להשתמש בכוח באופן סביר כדי להתגבר על התנגדות זו' מבלי להיות אחראי אחריות פלי-
לית או אזרחית על פעולה זו.</p></content></point><point><heading><authorialNote placement="side"><p>זכות כניסה</p></authorialNote></heading><num>11</num><content><p>
שוטר במדים רשאי להיכנס בכל עת סבירה למקום שיש לו יסוד סביר להניח שמת-
קיימת או עומדת להתקיים בו אסיפה כדי להיווכח אם קויימו בו התקנות לפי חוק זה.</p></content></point><point><heading><authorialNote placement="side"><p>אחריות טלילית של האחראי לבטיחות</p></authorialNote></heading><num>12</num><content><p>
לא קויימו באסיפה תקנות לפי חוק זה' יהיה האחראי לבטיחות, כאמור בסעיפים 4 או
6, הכל לפי הענין, ובאין אחראי, מארגן האסיפה, אשם בעוון, ודינו - מאסר שנתיים או
קנס 3000 ל"י, זולת אם הוכיח שנקט באמצעים סבירים לקיום התקנות לפי חוק זה.</p></content></point><point><heading><authorialNote placement="side"><p>הפרעה במילוי תפקיד</p></authorialNote></heading><num>13</num><content><p>
מי שמפריע לאחראי לבטיחות או לסדרן בטיחות במילוי תפקידם לפי חוק זה או מי
שאינו מקיים את הוראותיהם, דינו - מאסר שנה אחת או קנס 1000 לירות.</p></content></point><point><heading><authorialNote placement="side"><p>הפרת תקנות הבטיחות</p></authorialNote></heading><num>14</num><content><p>
כל אדם, זולת האחראי לבטיחות' המפר ביודעין הוראות תקנות לפי חוק זה החלות
עליו - דינו מאסר שלושה חדשים או קנס 500 לירות.</p></content></point><point><heading><authorialNote placement="side"><p>אי-מתן הודעה מוקדמת</p></authorialNote></heading><num>15</num><content><p>
המארגן עצרת עם שלא ניתנה עליה הודעה מוקדמת לפי סעיף 5 או היתר לפי סעיף 7,
דינו - קנס 500 לירות.</p></content></point><point><heading><authorialNote placement="side"><p>אחריות המנהלים של חבר בני אדם</p></authorialNote></heading><num>16</num><content><p>
נעברה עבירה לפי סעיף 12 על-ידי אחראי לבטיחות שהוא חבר בני-אדם, יהא אשם
בעבירה גם כל מי שבעת ביצוע העבירה היה מנהל או מזכיר של אותו חבר, זולת אם הוכיח
אחד משני אלה:
(1) העבירה נעברה שלא בידיעתו;
(2) הוא נקט באמצעים סבירים למניעת ביצוע העבירה.</p></content></point><point><heading><authorialNote placement="side"><p>חובת הראיה</p></authorialNote></heading><num>17</num><content><p>
הטוען שלהתקהלות פלונית אין לכלל הציבור גישה אליה - עליו הראיה.</p></content></point><point><heading><authorialNote placement="side"><p>שמירת סמכויות</p></authorialNote></heading><num>18</num><content><p>
סמכויות וחיובים לפי חוק זה אינם גורעים מסמכויות וחיובים לפי חיקוק אחר.</p></content></point><point><heading><authorialNote placement="side"><p>ביטולים</p></authorialNote></heading><num>19</num><content><p>
בטלים -
(1) החוק העותומני על האסיפות הפומביות מיום 20 בג'ימאד אל אואל, 1327
(27 במאי 1909);
(2) ההודעה מס' 56 מיום 3 בדצמבר 1920     4בדבר אסיפות פומביות.</p></content></point><point><heading><authorialNote placement="side"><p>ביצוע</p></authorialNote></heading><num>20</num><content><p>
שר הפנים ממונה על ביצוע חוק זה.</p></content></point><signature><name>יצחק בן-צבי</name><role>נשיא המדינה</role></signature><signature><name>דוד בן-גוריון</name><role>ראש הממשלה</role></signature><signature><name>חיים משה שפירא</name><role>שר הפנים</role></signature><dateOfAcceptance>26.12.1962</dateOfAcceptance></body>