<?xml version="1.0" encoding="UTF-8" ?>
<body><title><content><p>חוק דוד בן-גוריון, תשל"ז-1976 *</p></content></title><point><heading><authorialNote placement="side"><p>החוק</p></authorialNote></heading><num>1</num><content><p>
לזכרו ולפעלו של דוד בן-גוריון ולהנהלת מורשתו לדורות' מחוקקת הכנסת את חוק
דוד בן-גוריון.</p></content></point><chapter><num>פרק א':</num><title><content><p>המוסדות</p></content></title><point><heading><authorialNote placement="side"><p>שלושה מוסדות</p></authorialNote></heading><num>2</num><content><p>
המוסדות להנצחת זכרו של דוד בן-גוריון יהיו בית דוד בן-גוריון, המכון למורשת
דוד בן-גוריון והמכון לחקר המדבר.</p></content></point><section><num>סימן אי:</num><title><content><p>בית דוד בן-גוריון</p></content></title><point><heading><authorialNote placement="side"><p>הקמה</p></authorialNote></heading><num>3</num><content><p>
מוקם בזה מוסד בשם בית דוד בן-גוריון.</p></content></point><point><heading><authorialNote placement="side"><p>המקום</p></authorialNote></heading><num>4</num><content><p>
בית דוד בן-גוריון יהיה בשדרות בן-גוריון בתל-אביב בבית שציווה למדינה. -</p></content></point><point><heading><authorialNote placement="side"><p>המטרות</p></authorialNote></heading><num>5</num><content><p>
בית דוד בן-גוריון יהא פתוח לציבור וישמש -
(1) מוזיאון לזכרו;
(2) מרכז לקריאה, לעיון, למחקר ולפרסום בנושאים שתקבע מועצת המוסד.</p></content></point><point><heading><authorialNote placement="side"><p>הרשויות</p></authorialNote></heading><num>6</num><list><intro><p /></intro><subPoint><num>א</num><content><p> לבית דוד בן-גוריון יהיו מועצה וועד מנהל.</p></content></subPoint><subPoint><num>ב</num><content><p> המועצה תהיה של שלושה עשר חברים שהם -
(1) שבעה שקבע דוד בן-גוריון בצוואתו' ואם אחד מהם לא יוכל או לא
ירצה למלא תפקידו - ימנו הנותרים אחר במקומו;
(2) ששה שתמנה הממשלה.</p></content></subPoint><subPoint><num>ג</num><content><p> המועצה תבחר מבין חבריה את הועד המנהל' מחציתו מבין חברי המועצה
האמורים בסעיף קטן (ב) (1) ומחציתו מבין האמורים בסעיף קטן (ב) (2); עליהם יווסף
יושב ראש שתבחר המועצה מבין חבריה.</p></content></subPoint></list></point></section><section><num>סימן ב':</num><title><content><p>המכון למורשת דוד בן - גוריון</p></content></title><point><heading><authorialNote placement="side"><p>הקמה</p></authorialNote></heading><num>7</num><content><p>
מוקם בזה מוסד בשם המכון למורשת דוד בן-גוריון.</p></content></point><point><heading><authorialNote placement="side"><p>מקומו ותכולתו</p></authorialNote></heading><num>8</num><list><intro><p /></intro><subPoint><num>א</num><content><p> המכון יהיה בשדה בוקר ויכיל את הצריף ששימש למגוריו של דוד בן-גוריון
בקיבוץ שדה בוקר ואת ספרייתו במקום שהיתה בעת פטירתו.</p></content></subPoint><subPoint><num>ב</num><content><p> המכון יכיל גם ארכיון ומרכז למחקר' להוראה ולכינוסים.</p></content></subPoint></list></point><point><heading><authorialNote placement="side"><p>תמטרות</p></authorialNote></heading><num>9</num><content><p>
המכון יחזיק בחצרים המנויים בסעיף 8 וישמש -
(1) לכינוס החומר הספרותי' המדעי והתיעודי הקשור באישיותו של דוד
בן-גוריון, בפעלו ובתקופתו;
(2) ללימוד ולמחקר של תקומת ישראל בארץ ישראל ולפרסום תוצאותיהם.
)</p></content></point></section></chapter><chapter><num>ספר החוקים</num><title><content><p>831, י' בכסלו תשל"ז, 2.12.1976 </p></content></title><point><heading><authorialNote placement="side"><p>רשויות</p></authorialNote></heading><num>10</num><list><intro><p /></intro><subPoint><num>א</num><content><p> למכון יהיו מועצה' ועד מנהל ומינהלת צריף המגורים של דוד בן-גוריון.</p></content></subPoint><subPoint><num>ב</num><content><p> המועצה תהיה של שבעה עשר חברים שמהם ימנו -
(1) שר החינוך והתרבות - שבעה' ובלבד שלא יהיו ביניהם יותר מארבעה
עובדי המדינה;
(2) אוניברסיטת בן-גוריון בנגב - ארבעה;
(3) יד בן-גוריון, עד יום הי בטבת תשס"א (31 בדצמבר 2000) - שלושה;
(4) החברה להפצת משנתו של דוד בן-גוריון (כינוס, הוצאה לאור והפצת
כתביו) - שניים;
(5) קיבוץ שדה בוקר-אחד.</p></content></subPoint><subPoint><num>ג</num><content><p> המועצה תמנה את הועד המנהל' ובהתייעצות עם רקטור אוניברסיטת בן-גוריון
בנגב - את מנהל המכון. </p></content></subPoint><subPoint><num>ד</num><content><p> מינהלת צריף המגורים תהיה של חמישה; מהם ימנו -
(1) יד בן-גוריון, עד יום ה' בטבת תשס"א (31 בדצמבר 2000) - שניים;
(2) קיבוץ שדה בוקר - שניים;
(3) שר החינוך והתרבות - אחד.</p></content></subPoint><subPoint><num>ה</num><content><p> באין מינוי מצד הגופים האמורים בסעיף זה' רשאי שר החינוך והתרבות למנות
את החברים החסרים.</p></content></subPoint></list></point><point><heading><authorialNote placement="side"><p>העברת תפקידים</p></authorialNote></heading><num>11</num><content><p>
המכון רשאי להעביר לאוניברסיטת בן-גוריון בנגב מתפקידיו הכרוכים בלימוד
ובמחקר' למעט תפקידיו הכרוכים בהחזקת החומר הארכיוני; פרטי ההעברה ייקבעו באמנה.</p></content></point><section><num>סימן ג':</num><title><content><p>הוראות כלליות</p></content></title><point><heading><authorialNote placement="side"><p>מעמד</p></authorialNote></heading><num>12</num><list><intro><p /></intro><subPoint><num>א</num><content><p> בית דוד בן-גוריון והמכון למורשת דוד בן-גוריון (בסימן זה - המוסדות) יהיו
תאגידים.</p></content></subPoint><subPoint><num>ב</num><content><p> המכון לחקר המדבר יהיה חלק מאוניברסיטת בן-גוריון בנגב.</p></content></subPoint></list></point><point><heading><authorialNote placement="side"><p>הוצאות וביקורת</p></authorialNote></heading><num>13</num><content><p>
המדינה תשלים את הכנסותיהם של המוסדות כדי הדרוש להוצאות קיומם, החזקתם
ופיתוחם, והם יעמדו לביקורת מבקר המדינה.</p></content></point><point><heading><authorialNote placement="side"><p>תקציב</p></authorialNote></heading><num>14</num><content><p>
הועד המנהל של כל מוסד יכין הצעת תקציב שנתי לשנת תקציב כשנת תקציב המדינה
ויגישה לשר החינוך והתרבות? התקציב טעון אישור הממשלה ושאר דרכי קביעתו ייקבעו
בתקנות.</p></content></point><point><heading><authorialNote placement="side"><p>תקנון</p></authorialNote></heading><num>15</num><content><p>
דמועצות של המוסדות יתקינו' בהתייעצות עם ועדת החינוך והתרבות של הכנסת'
כל אחת תוך שנה לאחר הרכבתה' תקנון שיכיל בין השאר. הוראות בדבר תקופת כהונתם של
החברים ובדבר שינויים בתקנון</p></content></point><point><heading><authorialNote placement="side"><p>עובדים</p></authorialNote></heading><num>13</num><content><p>
תנאי העסקתם של עובדי המוסדות יהיו כשל עובדי המדינה בתפקידים מקבילים/
בשינויים ובתיאומים שיקבע שר החינוך והתרבות לאחר התייעצות בשר האוצר לפי המלצת
המועצה של כל מוסד.</p></content></point><point><heading><authorialNote placement="side"><p>פטור ממסים</p></authorialNote></heading><num>17</num><content><p>
לענין פקודת מס הכנסה 1 יראו את המוסדות כמוסדות ציבוריים למטרת חינוך ותרבות
ונכסי המקרקעין שלהם ועסקאותיהם בנכסים כאלה יהיו פטורים מכל מס, אגרה ותשלום
חובה אחר המשתלמים למדינה ולרשויות מקומיות.</p></content></point><point><heading><authorialNote placement="side"><p>תפקידה של יד בן-גוריון</p></authorialNote></heading><num>18</num><content><p>
עד יום ה' בטבת תשס"א (31 בדצמבר 2000) תשמש יד בן-גוריון גוף מייעץ ומסייע
למוסדות.</p></content></point></section></chapter><chapter><num>פרק ב':</num><title><content><p>חומר ארכיוני</p></content></title><point><heading><authorialNote placement="side"><p>החומר שהניח דוד בן-גוריון</p></authorialNote></heading><num>19</num><content><p>
הבעלות בחומר שהניח אחריו דוד בן-גוריון ושזכות היוצרים בו הוריש בצוואתו
לחברה להפצת משנתו של דוד בן-גוריון (כינוס' הוצאה לאור והפצת כתביו), מוקנית בזה
לחברה האמורה למשך עשרים שנים מתחילת חוק זה, ולאחר מכן תעבור למדינה.</p></content></point><point><heading><authorialNote placement="side"><p>ארכיון המכון למורשת דוד בן- גוריון</p></authorialNote></heading><num>20</num><list><intro><p /></intro><subPoint><num>א</num><content><p> ארכיון המכון למורשת דוד בן-גוריון יהיה חלק מגנזך המדינה, ויחולו עליו
הוראות חוק הארכיונים, תשט"ו-1955 2, ואולם הפעלת סמכויותיו של גנז המדינה תהיה
בתיאום עם מועצת המכון.</p></content></subPoint><subPoint><num>ב</num><content><p> מנהל הארכיון יתמנה בידי הגנז בהתייעצות עם מועצת המכון, וגם עליו יחולו
הוראות סעיף 16.</p></content></subPoint></list></point><point><heading><authorialNote placement="side"><p>חמר ארכיוני</p></authorialNote></heading><num>21</num><content><p>
החומר הארכיוני הקשור באישיותו של דוד בן-גוריון, בפועלו וביצירתו יוחזק באר-
כיון המכון, וחומר כאמור הנמצא בגנזך המדינה או בידי מוסדות, גופים או אנשים אחרים,
למעט חומר שברשות הפרט-יועבר לארכיון המכון, במקור או בהעתק, כפי שיורה הגנז.</p></content></point></chapter><chapter><num>פרק ג':</num><title><content><p>יום הזכרון</p></content></title><point><heading><authorialNote placement="side"><p>יוט הזכרון</p></authorialNote></heading><num>22</num><list><intro><p /></intro><subPoint><num>א</num><content><p> ו' בכסלו, יום פטירתו של דוד בן-גוריון, יהיה יום זכרון ממלכתי; יום זה
יצויין במוסדות המדינה, במחנות צה"ל ובבתי הספר.</p></content></subPoint><subPoint><num>ב</num><content><p> חל ו' בכסלו בערב שבת או בשבת, יקויים יום הזכרון ביום א' שלאחריו.</p></content></subPoint></list></point></chapter><chapter><num>פרק ד':</num><title><content><p>אחוזת הקבר</p></content></title><point><heading><authorialNote placement="side"><p>אחוזת הקבר</p></authorialNote></heading><num>23</num><content><p>
אחוזת הקבר של דוד ופולה בן-גוריון בשדה בוקר תוחזק בידי המדינה או בידי גוף
שהממשלה תסמיך לכך.</p></content></point></chapter><chapter><num>פרק ה':</num><title><content><p>הוראות שונות</p></content></title><point><heading><authorialNote placement="side"><p>הוראות מענר</p></authorialNote></heading><num>24</num><content><p>
הזכויות והחובות של המוסד לקריאה, לעיון ולמחקר ע"ש דוד בן-גוריון יעברו עם
תחילת חוק זה לבית דוד בן-גוריון.</p></content></point><point><heading><authorialNote placement="side"><p>ביצוע</p></authorialNote></heading><num>25</num><content><p>
שר החינוך והתרבות ממונה על ביצוע חוק זה' והוא רשאי להתקין תקנות בכל הקשור
לביצועו, וכן תקנות בדבר ההחזקה של החצרים לפי סעיף .9</p></content></point></chapter><signature><name>אפרים קציר</name><role>בשיא המדינה</role></signature><signature><name>יצחק רבין</name><role>ראש הממשלה</role></signature><signature><name>אהרון ידלין</name><role>שר החינוך והתרבות</role></signature><dateOfAcceptance>02.12.1976</dateOfAcceptance></body>