<?xml version="1.0" encoding="UTF-8" ?>
<body><title><content><p>חוק גמלאות לנושאי-משרה ברשויות השלטון, תשכ"ט-1969 *</p></content></title><point><heading><authorialNote placement="side"><p>גמלאות ותשלומים אחרים</p></authorialNote></heading><num>1</num><content><p>
לנושאי המשרה המפורטים בתוספת ולשאיריהם ישולמו, מאוצר המדינה, גמלאות
ותשלומים אחרים נוספים כפי שייקבע בהחלטות הכנסת והיא רשאית להסמיך לכך ועדה
מועדותיה.</p></content></point><point><heading><authorialNote placement="side"><p>טובות הנאה אחרות והיוון</p></authorialNote></heading><num>2</num><content><p>
בהחלטה לפי סעיף 1 מותר לקבוע כי -
(1) לנושאי המשרה או לשאירים יינתנו, בנוסף לגמלאות ולתשלומים האחרים
המשתלמים לאחר תקופת הכהונה, גם טובת הנאה או שירות שייקבעו:
(2) הזכות לגמלאות, לתשלומים אחרים, לטובת הנאה או לשירות ושיעוריהם
ייקבעו בהתחשב בתפקיד שמילא נושא המשרה, בדרגתו, בתקופת שירותו, או
בכל גורם אחר שייקבע;
(3) מותר, בתנאים שייקבעו, להוון אותו חלק מהגמלאות, כפי שייקבע,
המגיעות לזכאי;
(4) לצורך חישוב הזכות לגמלה ושיעורה מותר לצרף לתקופת הכהונה באותה
שעה תקופת כהונה קודמת אחרת, כולה או מקצתה, במדינה או באחד ממוס-
דותיה או מפעליה, או במוסדות ציבור אחרים שייקבעו, והכל בתנאים שייקבעו;
(5) מגמלה המשתלמת ינוכו סכומים שהזכאי לגמלה מקבל כמשכורת או
כגמלה מקופה ציבורית כמשמעותה בסעיף 28 לחוק שירות המדינה (גמלאות),
תשט"ו-11955;
(6) הגמלה המשתלמת לשאירים שאינם סמוכים על שולחן אחד תחולק בדרך
שתיקבע;
(7) התשלומים, טובת ההנאה או השירות יהיו פטורים כולם או מקצתם ממס
המוטל על ההכנסה.</p></content></point><point><heading><authorialNote placement="side"><p>שיגוי התוספת</p></authorialNote></heading><num>3</num><content><p>
הכנסת רשאית בהחלטה להוסיף על נושאי המשרות המפורטים בתוספת או לגרוע
ממנה.</p></content></point><point><heading><authorialNote placement="side"><p>פרסום החלטות</p></authorialNote></heading><num>4</num><content><p>
החלטות לפי סעיפים 1 ו-3 יפורסמו ברשומות.</p></content></point><point><heading><authorialNote placement="side"><p>ביטולים</p></authorialNote></heading><num>5</num><content><p>
בטלים -
(1) חוק  גמלאות לשרים, תשי"ז-1957 2:
(2) חוק גמלאות לחברי הכנסת, תשי"ח-31958.</p></content></point><point><heading><authorialNote placement="side"><p>תיקון חוקים שוגים</p></authorialNote></heading><num>6</num><list><intro><p /></intro><subPoint><num>א</num><content><p> כסעיף 16 לחוק-יסוד: נשיא המדינה 4 יימחקו המלים "או אחריה, לרבות אלה
שישולמו לשאיריו".</p></content></subPoint><subPoint><num>ב</num><content><p> בסעיף 4א לחוק מבקר המדינה, תשי"ח-1958 ננוסח משולב]5, יימחקו המלים
"או אחריה, לרבות אלה שישולמו לשאיריו לאחר מותו".</p></content></subPoint><subPoint><num>ג</num><content><p> בסעיף 18 לחוק השופטים, תשי"ג-1953, 6 יימחקו המלים "או אחריה/ לרבות
אלה שישולמו לתלויים לאחר מותו".
עמ' 152.
3 ס"ח תשי"ח, עמ' ,116
6 ס"ח תשי"ג, עמ' ,149</p></content></subPoint><subPoint><num>ד</num><content><p> בסעיף 17 לחוק הדיינים, תשט"ו-1955 7,  יימחקו המלים "או אחריה, לרבות
אלה שישולמו לתלויים בו לאחר מותו".</p></content></subPoint><subPoint><num>ה</num><content><p> בסעיף 14 לחוק הקאדים, תשכ"א-81961, יימחקו המלים "או אחריה, לרבות
(0 בסעיף 20 לחוק בתי הדין הדרוזיים, תשכ"ג-91963, יימחקו המלים "או אחריה,
לרבות אלה שישולמו לתלויים בו לאחר מותו".</p></content></subPoint><subPoint><num>ז</num><content><p> בסעיף 14 לחוק בנק ישראל, תשי"ד-1954 10, יימחקו המלים "ועדת  הכספים
של הכנסת תקבע את הגמלאות שישולמו לנגיד ולמשנה עם פרישה מהתפקיד ולשאיריהם
לאחר פטירה".</p></content></subPoint><subPoint><num>ח</num><content><p> החוק לקביעת משכורתם של נשיא המדינה, חברי הממשלה והרבנים הראשיים
לישראל, תשי"א-1950 11, לא יחול עוד על גמלתו של רב ראשי ושאיריו.</p></content></subPoint></list></point><point><heading><authorialNote placement="side"><p>שמירת זכויות</p></authorialNote></heading><num>7</num><list><intro><p /></intro><subPoint><num>א</num><content><p> אין בחוק זה ובהחלטות שיתקבלו על פיו כדי לגרוע מזכות שנרכשה או שנולדה
לפי החוקים המפורטים בסעיפים 5 ו-.6</p></content></subPoint><subPoint><num>ב</num><content><p> כל עוד לא ייקבע אחרת בהחלטה על פי סעיף 1 ישולמו גמלאות לזכאים להם
על פי החוקים המפורטים בסעיפים 5 ו-6.</p></content></subPoint></list></point><point><heading><authorialNote placement="side"><p>ביצוע ותקנות</p></authorialNote></heading><num>8</num><list><intro><p /></intro><subPoint><num>א</num><content><p> הממשלה ממונה על ביצוע חוק זה,</p></content></subPoint><subPoint><num>ב</num><content><p> שר האוצר יהיה רשאי, באישור ועדת הכספים של הכנסת, להתקין תקנות בכל
עבין הנוגע לביצועו של חוק זה, ובין היתר -
(1) סדרי הגשת תביעות לגמלאות;
(2) סדרי תשלום ומועדם:
(3) שיטת ההיוון של קצבאות;
(4) תשלום גמלה שלא לידי הזכאי לה.</p></content></subPoint></list></point><point><heading><authorialNote placement="side"><p>תחילה</p></authorialNote></heading><num>9</num><content><p>
תחילתו של חוק זה ביום קבלתו בכנסת.</p></content></point><signature><name>(סעיף 1)</name><role>נשיא המדינה</role></signature><signature><name>חבר הכנסת</name><role>שר</role></signature><signature><name>גולדה מאיר</name><role>ראש הממשלה</role></signature><dateOfAcceptance>04.04.1969</dateOfAcceptance></body>