<?xml version="1.0" encoding="UTF-8" ?>
<body><title><content><p>חוק לתיקון פקודת בתי המשפט העירוניים, תשט"ו-1954*</p></content></title><point><heading><authorialNote placement="side"><p>הרו?פת סעיף 2 (3)</p></authorialNote></heading><num>1</num><content><p>
בסעיף 2 לפקודת בתי המשפט העירוניים 1 (להלן - הפקודה), במקום סעיף קטן (3)
יבוא סעיף קטן זה:
,,(3) שר המשפטים רשאי להורות שיושב ראש בבית משפט עירוני פלוני
יהיה שופט של בית משפט שלום (בפקודה - שופט בשכר)."</p></content></point><point><heading><authorialNote placement="side"><p>תיקון סעיף 4</p></authorialNote></heading><num>2</num><content><p>
בסעיף 4 לפקודה, בסעיף קטן (1) -
(1) במקום המלים "בכל פקודה מן הפקודות המפורטות בתוספת" יבואו
המלים ,,בכל חיקוק מן החיקוקים המפורטים בתוספת" %
(2) במקום "מאה לירות"' בתנאי המגביל, יבוא "שבע מאות וחמישים לירות".</p></content></point><point><heading><authorialNote placement="side"><p>החלפת סעיף  6</p></authorialNote></heading><num>3</num><content><p>
במקום סעיף 6 לפקודה יבוא סעיף זה :</p></content></point><chapter><num>פסק דין</num><title><content><p>של בית משפט שלום בפלילים."</p></content></title><point><heading><authorialNote placement="side"><p>הוספת סעיף 8א</p></authorialNote></heading><num>4</num><content><p>
אחרי סעיף 8 לפקודה יבוא סעיף זה :</p></content></point><point><heading><authorialNote placement="side"><p>"ביית משפט עירוני למועצה מקומית</p></authorialNote></heading><num>8</num><content><p>
א. (1) שר המשפטים רשאי, בצו, להקים בית משפט עירוני שאזור
שיפוטו יהיה התחום של מועצה מקומית כמשמעותה בפקודת המועצות
המקומיות, 31941, או התחום של מועצות מקומיות אחדות כאמור, הכל
כפי שנקבע בצו.
(2) הוראות פקודה זו יחולו על בית משפט עירוני שהוקם לפי
סעיף זה, ובלבד שכל מקום בפקודה שמדובר בעיר, בעיריה, או באזור
העיריה, יראוהו כמדובר גם באזור שיפוטה של מועצה מקומית, וכל מקום
בה שמדובר בתקנות העיריה וחוקי העזר שלה יראוהו כמדובר גם בחוקי
העזר של מועצה מקומית."</p></content></point><point><heading><authorialNote placement="side"><p>תחילת החוק</p></authorialNote></heading><num>5</num><content><p>
תחילתו של חוק זה היא מהיום התשעים שלאחר יום פרסומו ברשומות.</p></content></point></chapter><signature><name>יצחק בן- צ ב י</name><role>נשיא המדינה</role></signature><signature><name>משה שרת</name><role>ראש הממשלה</role></signature><signature><name>פנחס רוזן</name><role>שר המשפטים</role></signature><dateOfAcceptance>09.12.1954</dateOfAcceptance></body>