<?xml version="1.0" encoding="UTF-8" ?>
<body><title><content><p>חוק בתי קברות צבאיים, תש"י-1950*</p></content></title><point><heading><authorialNote placement="side"><p>פירושים</p></authorialNote></heading><num>1</num><list><intro><p>
בחוק זה -
"שירות צבאי" פירושו -</p></intro><subPoint><num>א</num><content><p> שירות בצבא-הגנה לישראל ;</p></content></subPoint><subPoint><num>ב</num><content><p> לגבי התקופה מיום י"ז בכסלו תש"ח (30 בנובמבר 1947) עד יום כ"ט
בכסלו תש"ט (21 בדצמבר 1948)-כל שירות אחר ששר הבטחון הכריז עליו, באכרזה
שפורסמה ברשומות, כשירות צבאי לצורך חוק זה.
"חייל" פירושו - אדם בשירות צבאי ;
"בית קברות אזרחי" פירושו - שטח קרקע שקבורת מתים מותרת בו בתוקף
סעיף 8 (4) לפקודת בריאות העם, 1940 :
"קבר צבאי" פירושו - קבר של חייל שנפטר ;
"קרוב'/ לגבי חייל שנפטר' פירושו - אדם ששמו רשום בכרטיס הרישום האישי
הנהוג בצבא-הגנה לישראל כאדם הקרוב ביותר לנפטר; ובאין רישום כזה -
הקרוב לו ביותר לפי האמור בתוספת לחוק זה.
"רופא צבאי" פירושו - רופא מוסמך המשרת בצבא-הגנה לישראל.</p></content></subPoint></list></point><point><heading><authorialNote placement="side"><p>קצינים מוסמכים</p></authorialNote></heading><num>2</num><list><intro><p /></intro><subPoint><num>א</num><content><p> שר הבטחון רשאי למנות קצינים מוסמכים לצורך חוק זה.</p></content></subPoint><subPoint><num>ב</num><content><p> הודעה על מינויו של קצין מוסמך תפורסם ברשומות.</p></content></subPoint></list></point><point><heading><authorialNote placement="side"><p>נו/י קברות צבאיים</p></authorialNote></heading><num>3</num><content><p>
שר הבטחון רשאי להכריז, באכרזה שתפורסם ברשומות, ששטח קרקע המתואר
באכרזה יהיה בית קברות צבאי.</p></content></point><point><heading><authorialNote placement="side"><p>מקום קבורתו של חייל</p></authorialNote></heading><num>4</num><list><intro><p /></intro><subPoint><num>א</num><content><p> חייל שנפטר יובא לקבורה בבית קברות צבאי, אשר בו בחר קרובו של
הנפטר, אלא אם כן בחר קרובו להביאו לקבורה בבית קברות אזרחי.</p></content></subPoint><subPoint><num>ב</num><content><p> בתקנות בדבי קבורת חייל נפטר בבית קברות אזרחי ייקבעו -
(1) דרכי השתתפותו של צבא-הגנה לישראל בקבורה;
(2) תנאים להבטחת קבורתו הסדירה של הנפטר, שקרובו חייב למלאם.</p></content></subPoint><subPoint><num>ג</num><content><p> לא בחר קרובו של הנפטר, תוך 12 שעות לאחר שהודע לו על פטירת
החייל, את בית הקברות כאמור או לא מילא אחרי התנאים שנקבעו בתקנות האמו-
רות - יובא הנפטר לקבורה באחד מבתי הקברות הצבאיים.</p></content></subPoint><subPoint><num>ד</num><content><p> חייל נפטר, שאין אחריו קרוב או שקרוביו אינם ידועים או שהם נמצאים
מחוץ למדינה - ייבא לקבורה באחד מבתי הקברות הצבאיים.</p></content></subPoint></list></point><point><heading><authorialNote placement="side"><p>מצבות</p></authorialNote></heading><num>5</num><list><intro><p /></intro><subPoint><num>א</num><content><p> על כל קבר צבאי תוקם מצבה צבאית על חשבון המדינה, אולם קצין מוסמך
רשאי להתיר לקרובו של חייל נפטר שהובא לקבורה בבית קברות אזרחי, להקים על
קברו מצבה אחרת.</p></content></subPoint><subPoint><num>ב</num><content><p> צורתה וממדיה של מצבה צבאית ייקבעו על ידי קצין מוסמך.</p></content></subPoint></list></point><point><heading><authorialNote placement="side"><p>העברת נוטות</p></authorialNote></heading><num>6</num><list><intro><p /></intro><subPoint><num>א</num><content><p> קצין מוסמך רשאי, בהסכמת מנהל השירותים הרפואיים או בא כוחו המוסמך
ובהתיעצות עם הרב הצבאי הראשי, לצוות על העברת גופה -
(1) מקבר צבאי הנמצא מחוץ לבית קברות צבאי - לבית קברות צבאי;
(2) מבית קברות צבאי אחד למשנהו.</p></content></subPoint><subPoint><num>ב</num><content><p> לגבי העברת גופה כאמור בפסקה (א) של חייל לא יהודי, תבוא במקום
ההתיעצות עם הרב הצבאי הראשי התיעצות עם כוהן-הדת הצבאי של אותו חייל.</p></content></subPoint><subPoint><num>ג</num><content><p> לא יעביר קצין מוסמך גופה מבית קברות צבאי אחד למשנהו, אלא אם
הוא סבור שיש סיבה מיוחדת לכך.</p></content></subPoint><subPoint><num>ד</num><content><p> קצין מוסמך לא יעביר לפי סעיף קטן (א) גופה של חייל נפטר שיש אחריו
קרוב הנמצא במדינה, אלא בהסכמת אותו קרוב.</p></content></subPoint><subPoint><num>ה</num><content><p> לפני העברת גופה לפי סעיף קטן (א), ישלח הקצין המוסמך הודעה על
כך לשר הבריאות, ושר הבריאות רשאי לשלוח את בא-כוחו להיות נוכח בשעת
ההעברה.</p></content></subPoint><subPoint><num>ו</num><content><p> בהעברת גופה לפי סעיף קטן (א) יש לקיים את הוראת תקנה 6 (2) לתקנות
בריאות העם (קבורה מחדש)' 1941 י ,י אלא שהמונח "רופא ממשלתי" באותה תקנה
יפורש ככולל "רופא צבאי".</p></content></subPoint></list></point><point><heading><authorialNote placement="side"><p>הוצאת גופה מקבר צבאי</p></authorialNote></heading><num>7</num><list><intro><p /></intro><subPoint><num>א</num><content><p> לא יוציא אדם גופה מקבר צבאי או מבית קברות צבאי, אלא על פי רשיון
מאת קצין מוסמך, ובהתאם לתנאי הרשיון.</p></content></subPoint><subPoint><num>ב</num><content><p> סעיף זה בא להוסיף על הוראות תקנות בריאות העם (קבורה מחדש).
1941, ולא לגרוע מהן.</p></content></subPoint></list></point><point><heading><authorialNote placement="side"><p>הסדרים בבתי קברות צבאיים</p></authorialNote></heading><num>8</num><list><intro><p /></intro><subPoint><num>א</num><content><p> שר הבטחון רשאי להתקין תקנות בדבר הסדרים בבתי קברות צבאיים.</p></content></subPoint><subPoint><num>ב</num><content><p> בהתחשב עם התקנות האמורות, רשאי קצין מוסמך ליתן הוראות בדבר
הסדרים המקומיים של בית קברות צבאי מסויים.</p></content></subPoint><subPoint><num>ג</num><content><p> ההוראות של קצין מוסמך אינן טעונות פרסום ברשומות ויוצגו במקום
הנראה לעין בכניסה לבית הקברות הצבאי שלגביו הן חלות.</p></content></subPoint></list></point><point><heading><authorialNote placement="side"><p>תחולת פקודת בריאות העם, 1040</p></authorialNote></heading><num>9</num><content><p>
הוראות הסעיפים 7(2), (3) ו-(5), 8(2) ו-(3) ו-20 (3) לסקודת בריאות העם,
1940, יחולו על בתי קברות צבאיים וקבורת חיילים בהם בשינויים המחוייבים לסי
הענין; אלא שבמקום המונחים "רופא ממשלתי". "מושל המחוז" ו"מפקח על
הבריאות". שבסעיפים 8 (2) ו-(3) ו-20(3) יבוא המונח "ריפא צבאי".</p></content></point><point><heading><authorialNote placement="side"><p>עבירות</p></authorialNote></heading><num>10</num><list><intro><p /></intro><subPoint><num>א</num><content><p> המחלל או גורם לחילולו של קבר צבאי או של בית קברות צבאי או העובר
על סעיף 7(א), דינו - מאסר עד שנה אחת או קנס עד שלוש מאות לירות או שני
הענשים כאחד.</p></content></subPoint><subPoint><num>ב</num><content><p> המקים מצבה על קבר צבאי או המוריד מצבה מקבר צבאי' שלא על סי
היתר מאת קצין מוסמך, דינו - מאסר עד שלושה חדשים או קנס עד שבעים וחמש
לירות או שני הענשים כאחד.</p></content></subPoint><subPoint><num>ג</num><content><p> העובר על הוראה מההוראות שניתנו על פי סעיף 8(2), דינו - קנס עד
עשרים לירות.</p></content></subPoint></list></point><point><heading><authorialNote placement="side"><p>ראיות</p></authorialNote></heading><num>11</num><list><intro><p /></intro><subPoint><num>א</num><content><p> לצורך חוק זה -
(0 תעודה חתומה בידי קצין מוסמך, המאשרת שאדם מסויים היה חייל,
תשמש ראיה חותכת לכך;
(2) תעודה חתומה בידי קצין מוסמך, המאשרת שקבר. מסויים הוא קבר
צבאי, תשמש ראיה חותכת לכך.</p></content></subPoint><subPoint><num>ב</num><content><p> תעודה שנראה מתוכה כי היא חתומה בידי קצין מוסמך, יראו אותה כתעודה
כזאת, כל עוד לא הוכח היפוכו של דבר.</p></content></subPoint></list></point><point><heading><authorialNote placement="side"><p>מועצה ציבורית מייעצת</p></authorialNote></heading><num>12</num><content><p>
שר הבטחון ימנה, לצורך חוק זה, מועצה ציבורית מייעצת, שתפקידיה ייקבעו
בתקנות.</p></content></point><point><heading><authorialNote placement="side"><p>ביצוע ותקנות</p></authorialNote></heading><num>13</num><list><intro><p /></intro><subPoint><num>א</num><content><p> שר הבטחון ממונה על ביצוע חוק זה.</p></content></subPoint><subPoint><num>ב</num><content><p> שר הבטחון רשאי, בהתיעצות עם שר הדתות ושר הבריאות, להתקין תקנות
בכל ענין הנוגע לביצועו של חוק זה.
תוספת
(סעיף 1)
א. הקרוב ביותר לנפטר הוא האדם שנשאר בחיים וקודם בתור המפורט בזה:
(1) בן זוגו ;
(2) בניו ובנותיו;
(3) הוריו ;
(4) אחיו ואחיותיו ;
(5) אחי הוריו ואחיותיהם.
ב. היה הנפטר חבר קבוצה, קיבוץ או מושב ולא השאיר אחריו את הנזכרים
בפסקות א (1), (2), (3) ו-(4), רואים את הקבוצה, הקיבוץ או המושב, כמי שקרוב
לו ביותר.</p></content></subPoint></list></point><signature><name>יוסף שפרינצק</name><role>יושב ראש הכנסת</role></signature><signature><name>דוד בן-גוריון</name><role>ראש הממשלה</role></signature><signature><name>261                                          ספר החוקים 55                      י"ח באב התש"י 01.08.1950</name><role>שר הבטחון</role></signature><dateOfAcceptance>01.08.1950</dateOfAcceptance></body>