<?xml version="1.0" encoding="UTF-8" ?>
<body><title><content><p>חוק גנים לאומיים ושמורות טבע, תשכ"ג-1963 .</p></content></title><chapter><num>פרק ראשון:</num><title><content><p>פרשנות</p></content></title><point><heading><authorialNote placement="side"><p>הגדרות</p></authorialNote></heading><num>1</num><content><p>
בחוק זה -
"גן לאומי" - שטח ששר הפנים הכריז עליו ברשומות שהוא גן לאומי;
"שמורת טבע" - שטח שבו נשמרים חי, צומח' קרקע' מערות או מים, שיש בהם ענין של
מדע או של חינוך, מפני שינויים בלתי רצויים במראם, בהרכבם הביאולוגי או במהלך
התפתחותם, וששר הפנים, לפי הצעת שר החקלאות' או לאחר התייעצות אתו' הכריז
עליו ברשומות שהוא שמורת טבע.</p></content></point><point><heading><authorialNote placement="side"><p>מועצת גנים לאומיים ושמורות טבע</p></authorialNote></heading><num>2</num><content><p>
הממשלה' לפי הצעת שר הפנים, תקים מועצת גנים לאומיים ושמורות טבע (להלן -
המועצה)' וזה הרכבה:
(1) שבעה נציגי ממשלה;
(2) נציג מינהל מקרקעי ישראל;
(3) נציג הקרן הקיימת לישראל;
(4) חמישה נציגי רשויות מקומיות' וביניהם נציגי מועצות אזוריות' שיתמנו
על ידי שר הפנים;
(5) שבעה נציגים של מוסדות מדעיים ושל גופים ציבוריים שיש להם ענין
במדעי הטבע' בהגנה על הטבע או בשימור נוף הארץ ושיפורו' שייקבעו על
ידי הממשלה;
(6) ארבעה אנשים שהם, לדעת הממשלה' נציגי ציבור;</p></content></point><point><heading><authorialNote placement="side"><p>תסקירי המועצה</p></authorialNote></heading><num>3</num><content><p>
המועצה רשאית לייעץ לשר הפנים ולשר החקלאות - לכל אחד בתחום סמכותו'
למוסדות התכנון ולרשויות המקומיות בדבר ייעוד שטחים לגנים לאומיים ולשמורות טבע'
לייעץ לרשות הגנים הלאומיים ולרשות שמורות הטבע בענינים שבתחום תפקידיהן ולאשר
ייסוד חברות' אגודות שיתופיות וגופים אחרים על ידיהן, לאשר הטלת אגרות כניסה לשטח
גן לאומי או שמורת טבע ולשירותים הניתנים בהם, לאשר הכרזה על ערך טבע מוגן,
ולייעץ לראש הממשלה ולשר החקלאות בכל הנוגע לביצועו חוק זה.</p></content></point></chapter><chapter><num>פרק שלישי:</num><title><content><p>גנים לאומיים</p></content></title><point><heading><authorialNote placement="side"><p>תנאים מוקדמים לגבי שטחים מסויימים</p></authorialNote></heading><num>4</num><content><p>
לא יכריז שר הפנים על שטח כגן לאומי אלא אחרי שנתקיימו אלה בתנאי המפורש
בצדו:
(1) מקום קדוש כמשמעותו בדבר-המלך-במועצה על ארץ ישראל (המקומות
הקדושים)' 1924 1- אחרי שהובטח מילוי דרישותיו של שר הדתות להגבת
המקום מפני פגיעה בו;</p></content></point><point><heading><authorialNote placement="side"><p>הכרזה על גן לאומי ו</p></authorialNote></heading><num>6</num><content><p>
שר הפנים, לאחר שניתנה הזדמנות למועצה ולכל רשות מקומית שבתחומה נמצא שטח
המיועד להיכלל בגן הלאומי לחוות את דעתם בדבר יעודו של השטת כגן לאומי, ולאו
שנתקיימו הוראות הסעיפים 1' ו-5, רשאי להכריז על שטח כגן לאומי*.</p></content></point><point><heading><authorialNote placement="side"><p>ביטול הכרזה ושינויה</p></authorialNote></heading><num>7</num><content><p>
לא יבוטל יעודו של שטח כגן לאומי או כשמורת טבע אלא אם ביטל שר הפנים את
הכרזתו לאחר התייעצות כמועצה וככל רשות מקומית שבתחומה נמצא שטח שנכלל ב
הלאומי; על שינוי בהכרזה הבא להגדיל שטחו של גן לאומי יחולו הוראות הסעיפים 4 ו-
בשינויים המחוייבים לפי הענין.</p></content></point><point><heading><authorialNote placement="side"><p>רישום הערר! בפנקסי מקרקעין</p></authorialNote></heading><num>8</num><content><p>
תוך 15 יום מיום פרסום הכרזה על גן לאומי ברשומות, ירשום רשם הקרקעות לי
כל קרקע מקרקעות הגן הרשומה בפנקסי מקרקעין הערה שהיא נמצאת בתחומו של גן לאומ
וכן אם הוצאה קרקע מתחומו של גן לאומי מחמת ביטולה של הכרזה או שינויה' ירשו
תוך מועד כאמור הערה על כך.</p></content></point><point><heading><authorialNote placement="side"><p>הקמת רשות הגנים הלאומיים</p></authorialNote></heading><num>9</num><content><p>
מוקמת בזה רשות הגנים הלאומיים (להלן - רשות הגנים).</p></content></point><point><heading><authorialNote placement="side"><p>הרכבה של רשות הגנים</p></authorialNote></heading><num>10</num><content><p>
רשות הגנים היא של אחד עשר חברים לכל היותר, וביניהם יושב ראש רשות שמורו
הטבע, שיתמנו על ידי ראש הממשלה, באישור הממשלה, מקרב העובדים של משח
הממשלה, מוסדות המדינה, הרשויות המקומיות וגופים שיש להם ענין בהובבות טבע.</p></content></point><point><heading><authorialNote placement="side"><p>רשות הגנים - תאגיד</p></authorialNote></heading><num>11</num><content><p>
רשות הגנים היא תאגיד, כשר לכל חיוב, זכות ופעולה משפטית.</p></content></point><point><heading><authorialNote placement="side"><p>רשות הגנים - גוף מבוקר</p></authorialNote></heading><num>12</num><content><p>
רשות הגנים היא גוף מבוקר כמשמעותו בסעיף 9(2) לחוק מבקר המדונה, תשי"ח-
1958 נברסח משולב] 3.</p></content></point><point><heading><authorialNote placement="side"><p>מנהל רשות הגנים</p></authorialNote></heading><num>13</num><content><p>
הממשלה, לפי הצעת ראש הממשלה, תמנה אחד מבין חברי רשות הגנים להיות מנה
רשות הגנים (להלן - המנהל).</p></content></point><point><heading><authorialNote placement="side"><p>תפקידה של רשות הגנים</p></authorialNote></heading><num>14</num><content><p>
תפקידה של רשות הגנים הוא לנהל את עניני הגנים הלאומיים.</p></content></point><point><heading><authorialNote placement="side"><p>סמכויותיה של רשות הגנים</p></authorialNote></heading><num>15</num><content><p>
רשות הגנים רשאית לעשות בגנים כל פעולה הנחוצה לשם מילוי תפקידה, ובכלל זו
בכפוף לכל חיקוק -
(1) לבנות ולהסדיר דרכים, שבילים וגדרות, לשנותם ולתקנם;
(2) להקים מבנים ושירותים לצרכיה ולצרכי המבקרים בהם;
(3) לבצע עבודות לעצירת סחף קרקע;</p></content></point><point><heading><authorialNote placement="side"><p>תפקירי המנהל</p></authorialNote></heading><num>17</num><content><p>
רשות הגנים תקבע את תפקידי המנהל ורשאית היא להעביר למנהל מסמכויותיה לפי
הפסקאות (1) עד (5) לסעיף .15</p></content></point><point><heading><authorialNote placement="side"><p>אצילת סמכויות</p></authorialNote></heading><num>18</num><content><p>
רשות הגנים רשאית לאצול מסמכויותיה לרשות מקומית או לאיגוד ערים, בין דרך
קבע' בין לזמן פלוני ובין לפעולה פלונית' לגבי שטחו של גן לאומי הנמצא בתחומה של
הרשות המקומית.</p></content></point><point><heading><authorialNote placement="side"><p>רשיונות</p></authorialNote></heading><num>19</num><content><p>
לא יינתן רשיון לעסק' למלאכה או לתעשיה בתחומו של גן לאומי, זולת אם היו
קיימים בו לפני היותו לגן לאומי' אלא בהסכמת רשות הגנים ובהתאם לתנאים שתקבע וכל
רשיון כאמור יראו ככולל תנאי שבעל הרשיון ישמור על הוראות התקנות וחוקי העזר
שהותקנו על פי חוק זה; אין הוראה זו באה לגרוע מהוראותיה של פקודת המלאכות והתע-
שיות (הסדרתן) 4.</p></content></point><point><heading><authorialNote placement="side"><p>חוקי עזר</p></authorialNote></heading><num>20</num><content><p>
רשות הגנים רשאית, אחרי התייעצות עם. הרשויות המקומיות שהגן הלאומי נמצא
בשטחן, באישור שר הפנים, ובכפוף לכל חיקוק' להתקין חוקי עזר לגן לאוכלי לשם ביצוע
תפקידה לפי חוק זה' לרבות חוקי עזר בדבר התנהגותם של מבקרים בגן הלאומי, ובלבד
שחוק עזר לא יפגע בזכויות קנין.</p></content></point><point><heading><authorialNote placement="side"><p>אגרות</p></authorialNote></heading><num>21</num><content><p>
בחוק עזר לפי סעיף 20 מותר, באישור המועצה' להטיל אגרות כניסה לשטח גן לאומי
ולשירותים הניתנים בו' ומותר לקבוע בחוק עזר שיעורים שונים של אגרות ולפטור סוגים
של מבקרים מאגרות; ההכנסות מהאגרות ישמשו בהכנסתה או כחלק מהכנסתה של רשות
הגנים.</p></content></point><point><heading><authorialNote placement="side"><p>עדיפות חוקי העזר</p></authorialNote></heading><num>22</num><content><p>
נמצא גן לאומי בתחומה של רשות מקומית יהיה כוחו של חוק עזר שהותקן על ידי
רשות הגנים יפה מכוחו של חוק עזר שהותקן על ידי הרשות המקומית.</p></content></point><point><heading><authorialNote placement="side"><p>הצעת תקציב</p></authorialNote></heading><num>23</num><content><p>
רשות הגנים תערוך לכל שנת כספים תקציב המראה אומדן הכנסותיה והוצאותיה;
הצעת התקציב תוגש לממשלה לאישור.</p></content></point><point><heading><authorialNote placement="side"><p>שינוי בהצעת תקצינ רשות הגנים</p></authorialNote></heading><num>24</num><content><p>
הממשלה רשאית' לאחר שניתנה לרשות הגנים הזדמנות להשמיע דברה, לשנות או
לבטל פרט בהצעת תקציב רשות הגנים, וכן להוסיף בה פרט, אם ראתה נסיבות מיוחדות
המחייבות זאת.</p></content></point><point><heading><authorialNote placement="side"><p>תקציב רשות הגנים שאושר</p></authorialNote></heading><num>25</num><content><p>
התקציב שאושר על ידי הממשלה יהיה תקציב רשות הגנים לאותה שנת כספים ולא
ישולם סכום מכספי הרשות אלא על פי התקציב הזה ולא תתחייב הרשות בשום התחייבות
אלא לפיו.</p></content></point><point><heading><authorialNote placement="side"><p>דו"ח לראש הממשלה</p></authorialNote></heading><num>26</num><content><p>
רשות הגנים הלאומיים תגיש לראש הממשלה אחת לשנה דין וחשבון על פעולותיה,
וכן חייבת היא למסור לראש הממשלה או למי שראש הממשלה הורה, ידיעות על פעולותיה
 כל אימת שתידרש לעשות כן.</p></content></point><point><heading><authorialNote placement="side"><p>פרק רביעי: שמורות טבע</p></authorialNote></heading><num>4</num><content><p>
חוקי א"י, כרך ב', טרק קמ"ג, עמ' 1427.
151                                          ספר החוקים 404                    כ"ו באב התשכ"ג 16.08.1963</p></content></point><point><heading><authorialNote placement="side"><p>תחולת הוראות הסעיפים 4-8</p></authorialNote></heading><num>27</num><content><p>
הוראות הסעיפים 8-4 יחולו על שמורות טבע' בשינויים המחוייבים לפי הענין.</p></content></point><point><heading><authorialNote placement="side"><p>הקמת רשות שמורות הטבע</p></authorialNote></heading><num>28</num><content><p>
מוקמת בזה רשות שמורות הטבע.</p></content></point><point><heading><authorialNote placement="side"><p>הרכבה של רשות שמורות הטבע</p></authorialNote></heading><num>29</num><content><p>
רשות שמורות הטבע היא של אחד עשר חברים לכל היותר* וביניהם יושב ראש רשות
הגנים הלאומיים, שיתמנו על ידי שר החקלאות, כאישור הממשלה* מקרב העובדים של
משרדי הממשלה* מוסדות המדינה וגופים מדעיים וציבוריים שיש להם ענין בשמורות טבע.</p></content></point><point><heading><authorialNote placement="side"><p>רשות שמורות הטבע - תאגיד</p></authorialNote></heading><num>30</num><content><p>
רשות שמורות הטבע היא תאגיד' כשר לכל חיוב, זכות ופעולה משפטית.</p></content></point><point><heading><authorialNote placement="side"><p>מנהל שמורות הטבע</p></authorialNote></heading><num>31</num><content><p>
הממשלה* לפי הצעת שר החקלאות' תמנה אחד מבין חברי רשות שמורות הטבע
להיות מנהל שמורות הטבע.</p></content></point><point><heading><authorialNote placement="side"><p>תפקידה של רשות שמורות הטבע</p></authorialNote></heading><num>32</num><content><p>
תפקידה של רשות שמורות הטבע הוא לנהל את עניני שמורות הטבע.</p></content></point><point><heading><authorialNote placement="side"><p>סמכויותיה של רשות שמורות הטבע</p></authorialNote></heading><num>33</num><content><p>
רשות שמורות הטבע רשאית לעשות בשמורות הטבע כל פעולה הנחוצה לשם מילוי
תפקידה' ובכלל זה' בכפוף לכל חיקוק -
(1) לבנות ולהסדיר דרכים, שבילים וגדרות* לשנותם ולתקנם;
(2) להקים מבנים ושירותים לצרכיה ולצרכי המבקרים בהן;
(3) לבצע עבודות לעצירת סחף קרקע;
(4) להעסיק סוכנים ועובדים;
(5) באישור המועצה - לייסד חברות* אגודות שיתופיות וגופים אחרים*
ולהיות חבר בהם;
(6) ללוות ולהלוות כספים ולערוב לחובות;
(7) לקבל עזבונות' מתנות ומענקים.</p></content></point><point><heading><authorialNote placement="side"><p>תפקידי מנהל שמורות הטבע</p></authorialNote></heading><num>34</num><content><p>
רשות שמורות הטבע תקבע את תפקידי מנהל שמורות הטבע ורשאית היא להעכיר לו
מסמכויותיה לסי הפסקאות (1) עד (4) לסעיף .33</p></content></point><point><heading><authorialNote placement="side"><p>חלות סעיפים על רשות שמורות הטבע</p></authorialNote></heading><num>35</num><content><p>
הוראות הסעיפים 12' 16' 25-18 חלות על רשות שמורות הטבע* בשינויים המחוייבים
לפי הענין.</p></content></point><point><heading><authorialNote placement="side"><p>דו"ח לשר החקלאות</p></authorialNote></heading><num>36</num><content><p>
רשות שמורות הטבע תגיש לשר החקלאות אחת לשנה דין וחשבון על פעולותיה, וכן
חייבת היא למסור לשר החקלאות' או למי ששר החקלאות הורה' ידיעות על פעולותיה כל
אימת שתידרש לעשות כן.</p></content></point><point><heading><authorialNote placement="side"><p>תקנות לשמורות טבע</p></authorialNote></heading><num>37</num><content><p>
שר החקלאות, בהתייעצות עם שר הפנים, רשאי להתקין תקנות בכל ענין הנוגע לשמו-
רות טבע' לרבות הטלת איסור כל פעולה בשטחה' מעליו ומתחתיו, ואיסור או הגבלה על
כניסת בני אדם לשטחה* וכהסכמת שר התחבורה - בדבר איסור או הגבלה על הבאת כלי
רכב' כלי שיט וכלי טיס לשטחה.</p></content></point><point><heading><authorialNote placement="side"><p>מינוי פקחים</p></authorialNote></heading><num>38</num><content><p>
שר החקלאות* או מי שהוסמך לכך על ידיו* רשאי למנות פקחים לשמורות טבע
ולערכי טבע מוגנים לסי הפרק החמישי של חוק זה ולקבוע את תפקידיהם וסמכויותיהם.</p></content></point><point><heading><authorialNote placement="side"><p>סייגים לגבי שמורות טבע בגן לאומי</p></authorialNote></heading><num>39</num><content><p>
נמצאה שמורת טבע בתחומו של גן לאומי' לא תבצע בה רשות הגנים עבודות אלא
בהסכמת רשות שמורות הטבע.</p></content></point></chapter><chapter><num>פרק חמישי:</num><title><content><p>ערכי טבע מוגנים</p></content></title><point><heading><authorialNote placement="side"><p>הגדרות</p></authorialNote></heading><num>40</num><content><p>
בפרק זה -
"ערך טבע" - כל דבר או סוג דברים שבטבע' בין חי' כין צומח ובין דומם' שיש' לדעת
שר החקלאות' ערך לשמירתו;
"פגיעה" - לרבות השמדה' הריסה' שבירה' חבלה' קטיפה' נטילה' שינויה של צורה או
של תנוחה טבעית' או הפרעה מלאכותית למהלך התפתחות טבעית.</p></content></point><point><heading><authorialNote placement="side"><p>הכרזה על ערך טבע מוגן</p></authorialNote></heading><num>41</num><content><p>
ראה שר החקלאות שמן הראוי לשמור על ערך טבע' שמחוץ לשמורת טבע' מפני
פגיעה בו, ניוונו או הדלדלותו' רשאי הוא להפריז עליו ברשומות שהוא ערך טבע מוגן,
בין בכל הארץ ובין באזור פלוני או במקום פלוני; הכריז כאמור - יבקש שר החקלאות
את אישורה של המועצה להכרזה; לא אישרה המועצה את ההכרזה תוך שלושים יום מיום
פרסומה - ההכרזה בטלה.</p></content></point><point><heading><authorialNote placement="side"><p>תקנות לערכי טבע מוגנים</p></authorialNote></heading><num>42</num><content><p>
שר החקלאות רשאי' לאחר התייעצות במועצה' להתקין תקנות לאיסור הפגיעה בערך
טבע מוגן ולהסדרת השמירה עליו' עידוד רבייתו' החזקתו וההגנה עליו מפני פורענויות
טבע' בין דרך כלל ובין לאזור' מקום ועונת שנה פלונים.</p></content></point></chapter><chapter><num>פרק ששי:</num><title><content><p>הוראות כלליות</p></content></title><point><heading><authorialNote placement="side"><p>עונשין</p></authorialNote></heading><num>43</num><content><p>
העובר על חוק עזר או על תקנה שהותקנו לפי חוק זה' דינו - מאסר שלושה חדשים.</p></content></point><point><heading><authorialNote placement="side"><p>עבירות קנס</p></authorialNote></heading><num>44</num><content><p>
שר הפנים, בהסכמת שר המשפטים, רשאי' בצו ברשומות' להודיע כי עבירה על הוראה
פלונית בחוק עזר או בתקנה לפי חוק זה היא עבירת קנס ומשהודיע כאמור יחולו על עבירה
זו הוראות סעיף 99א לפקודת העיריות' 1934 5, בשינויים המחוייבים לפי הענין' והסמכויות
הנתונות לפי אוחו סעיף לשוטר ולפקיד עיריה יהיו נתונות גם לפקח שנתמנה לפי
הוראות חוק זה.</p></content></point><point><heading><authorialNote placement="side"><p>הענקת סמכויות שוטר לפקחים</p></authorialNote></heading><num>45</num><content><p>
שר המשטרה יעניק בצו את הסמכויות המסורות לשוטר לפי סעיף 3 לפקודת הפרו-
צידורה הפלילית (מאסר וחיפושים) 6-לפקחי גנים לאומיים ושל שמורות טבע וערכי טבע
מוגנים לגבי עבירות על חוקי עזר שהותקנו לפי סעיף 20 ולגבי תקנות שהותקנו לפי סעיף
42' הכל לפי הענין.</p></content></point><point><heading><authorialNote placement="side"><p>דין מקרקעי המדינה</p></authorialNote></heading><num>46</num><content><p>
לענין חוק זה' דין מקרקעי המדינה כדין כל מקרקעין אחרים.</p></content></point><point><heading><authorialNote placement="side"><p>שמירת חוקים</p></authorialNote></heading><num>47</num><content><p>
חוק זה אינו בא לפגוע בהוראות פקודת העתיקות ל' פקודת העתיקות (חצרים)'
1935 8, ופקודת בנין ערים, 1936 9,</p></content></point><point><heading><authorialNote placement="side"><p>אין הכרזה אלא סל שטח מיוסד</p></authorialNote></heading><num>48</num><content><p>
לא יכריז שר הפנים על שטח כגן לאומי או כשמורת טבע אלא אם השטח נועד לכך
כתכנית בנץ עיר.</p></content></point><point><heading><authorialNote placement="side"><p>ביצוע</p></authorialNote></heading><num>49</num><content><p>
ראש הממשלה ממתה על ביצוע חוק זה בכל הנוגע לגנים לאומיים, שר החקלאות
ממונה.על ביצוע חוק זה בכל הנוגע לעגיני שמורות טבע וערכי טבע ושר הפנים ממונה על
ביצוע חוק זה בכל הנוגע ליעוד שטחים ולהוראות חוק זה שבתחום סמכותו כמפורט בחוק.</p></content></point><point><heading><authorialNote placement="side"><p>תקנות</p></authorialNote></heading><num>50</num><content><p>
ראש הממשלה. שר הפנים ושר החקלאות. כל אחד בתחום סמכותו. רשאי להתקין
תקנות לביצוע חוק זה.</p></content></point></chapter><signature><name>לוי אשכול</name><role>ראש הממשלה</role></signature><signature><name>משה דיין</name><role>שר החקלאות</role></signature><signature><name>חיים משה שפירא</name><role>שר הפנים</role></signature><signature><name>שניאור זלמן שזר</name><role>נשיא המדינה</role></signature><dateOfAcceptance>16.08.1963</dateOfAcceptance></body>