<?xml version="1.0" encoding="UTF-8" ?>
<body><title><content><p>חוק לתיקון פקודת בתי חרושת, תשכ"ג-1962 *</p></content></title><point><heading><authorialNote placement="side"><p>החלפת סעיף 1</p></authorialNote></heading><num>1</num><content><p>
בפקודת בתי-חרושת' 1946 (להלן - הפקודה) 1, במקום סעיף 1 יבוא:</p></content></point><point><heading><authorialNote placement="side"><p>''השם</p></authorialNote></heading><num>1</num><content><p>
פקודה זו תיקרא "פקודת הבטיחות בעבודה' 1946"."</p></content></point><point><heading><authorialNote placement="side"><p>שינוי מונח</p></authorialNote></heading><num>2</num><content><p>
בהוראות הפקודה ובתקנות לפיה, במקום "בית חרושת" יבוא "מפעל".</p></content></point><point><heading><authorialNote placement="side"><p>תיקון סעיף 2</p></authorialNote></heading><num>3</num><content><p>
בסעיף 2 לפקודה -
(1) בסעיף קטן (1), אחרי פסקה (17) יבואו
"(18) מברה;
(19) מקום שבו מבוצעת פעולה לשם מטרת נפט כמשמעותה
בסעיף 44 לחוק הנפט' תשי"ב-1952 2;
(20) מקום בו מבוצע קידוח מים.";
(2) סעיף קטן (5) - בטל.</p></content></point><point><heading><authorialNote placement="side"><p>תיקון סעיף 6</p></authorialNote></heading><num>4</num><content><p>
בסעיף 6 לפקודה' בפסקה (ג), במקום פסקת משנה (11) יבוא:
"(11) מקום שמקיימים אותם צבועים בצבע שמן או
בחומר אחר שאושר לכך בתקנות. או מחופים לכה' יש
לחזור ולצבעם או לחפותם לכה לפחות אחת לשבע
שנים, או לתקופות קצרות יותר שקבע שר העבודה,
ובלבד שלא יהיו קצרות מ-14 חודש; כן יש לנקותם
אחת ל-14 חודש לפחות' במים חמים ובסבון או בחומר
ניקוי מתאים אחר' או בדרך ניקוי אחרת שתאושר
על-ידי מפקח אזורי."</p></content></point><point><heading><authorialNote placement="side"><p>תיקון סעיף 15</p></authorialNote></heading><num>5</num><content><p>
בסעיף 15 לפקודה' במקום פסקה (א) יבוא:
"(א) קרו או שיש השש סביר שיקרו מקרי מחלה שיש ליחסם
לעבודה' לחמרים או לתהליך שבמפעל; או".</p></content></point><point><heading><authorialNote placement="side"><p>תיקון סעיף 24</p></authorialNote></heading><num>6</num><content><p>
בסעיף 24 לפקודה' במקום מעיף קטן (12) יבוא:
"(12) היה המפקח הראשי סבור' כי לגבי מיתקן פלוני, או לגבי
סוג של המיתקנים האמורים בסעיף זה' אין זה מעשי או סביר לקיים
הוראה מהוראות סעיף זה, רשאי הוא לפטור ממנה בתנאים שייראו לוז
פטור לפי סעיף קטן זה לגבי מיתקן פלוני יהיה בתעודה' ולגבי סוג של
מיתקנים יפורסם ברשומות,"</p></content></point><point><heading><authorialNote placement="side"><p>תיקון סעיף 28</p></authorialNote></heading><num>7</num><content><p>
בסעיף 28 לפקודה' בסעיף קטן (2)' במקום "שלושה מטרים" יבוא "שני מטרים".</p></content></point><point><heading><authorialNote placement="side"><p>תיקון סעיף 31</p></authorialNote></heading><num>8</num><content><p>
בסעיף 31 לפקודה -
(1) בסעיף קטן (13)' במקום "למפקח הראשי" יבוא' בכל מקום, "למפקח
אזורי";</p></content></point><point><heading><authorialNote placement="side"><p>תיקון סעיף 32</p></authorialNote></heading><num>9</num><content><p>
בסעיף 32 לפקודה/ בסעיף קטן (8), במקום "למפקח הראשי" יבוא, במל מקום,
"למפקח אזורי'/</p></content></point><point><heading><authorialNote placement="side"><p>תיקון מעיף 33</p></authorialNote></heading><num>10</num><content><p>
בסעיף 33 לפקודה -
(1) בסעיף קטן (7), במקום "למפקח הראשי" יבוא, בכל מקום, "למפקח
אזורי";
(2) בסעיף קטן (8), בהגדרת "לחץ עבודה מכסימלי מורשה", במקום
"קולט קיטור" יבוא "קולט אויר".</p></content></point><point><heading><authorialNote placement="side"><p>החלפת סעיף 44</p></authorialNote></heading><num>11</num><content><p>
במקום סעיף 44 לפקודה יבוא:</p></content></point><point><heading><authorialNote placement="side"><p>''מקומות ישיבה</p></authorialNote></heading><num>44</num><content><p>
(1) במפעל יהיו כסאות או ספסלים מתאימים, בעלי משענת גב'
במספר מספיק ובמצב תקין כדי לאפשר לעובדים לשבת כשיש להם
במשך העבודה הזדמנות סבירה לכך בלי שתופרע העבודה.
(2) ניתן באופן סביר לבצע חלק מהעבודה תוך ישיבה' יותקן
ויקויים בשביל העובד באותה עבודה מושב בעל משענת גב' מותאם
בצורתו, במבנהו ובממדיו לעובד ולעבודה המבוצעת' וכן הדום שעליו
יוכל להשעץ רגליו בנוחות, אם אין הוא יכול לעשות כן בלי הדום.
(3) מפקח אזורי רשאי לפטור מהתקנת משענת גב' במקום שאין
זה מעשי לדעתו לעשות זאת."</p></content></point><point><heading><authorialNote placement="side"><p>תיקון סעיף 52</p></authorialNote></heading><num>12</num><content><p>
בסעיף 52 לפקודה -
(1) אחרי סעיף קטן (1) יבוא:
"(1א) לא תיעשה עבודה בחדר שבקומת מרתף', שבנייתו הושלמה
אחרי יום ד' בטבת תשכ"ג (31 בדצמבר 1962), אלא אם אישר מפקח
אזורי בכתב שהחדר מתאים לתעודתו מבחינת הבטיחות והגיהות בעבודה.";
(2) במקום סעיף קטן (4) יבוא:
"(4) רשאי מפקח אזורי לבטל הודעה לפי סעיף קטן (1) או אישור
לפי סעיף קטן (1א) אם לדעתו הלו בחדר שינויים העושים את החדר
מתאים לתעודתו, או לא מתאים לתעודתו, הכל לפי הענין."</p></content></point><point><heading><authorialNote placement="side"><p>תיקון סעיף 54</p></authorialNote></heading><num>13</num><content><p>
בסעיף 54 לפקודה, בכל מקום אחרי המלים "במפעלים" ו-"מפעל" יבוא "או כל
מקום עבודה אחר'/</p></content></point><point><heading><authorialNote placement="side"><p>תיקון סעיף 55</p></authorialNote></heading><num>14</num><content><p>
בסעיף 55 לפקודה -
(1) במקום סעיף קטן (1) יבוא:
"(1) סבור שר העבודה כי ייצור, מכונות, מיתקן, ציוד, חומר,
תהליך, מעשה או מחדל הנהוגים במפעל וכן במקום עבודה פלוני אף אם
אינו מפעל כמשמעותו בסעיף 2, עלולים לגרום חבלת גוף - רשאי הוא
להתקין תקנות בדבר בטיחות וגיהות בעבודה כפי שייראה לו למניעת
הסכנה כאמור, אלא שבדבר השימוש בחומר הדברה בחקלאות לא יתקין
תקנות בלי הסכמת שר החקלאות ושר הבריאות.";</p></content></point><point><heading><authorialNote placement="side"><p>תיקון סעיף 61</p></authorialNote></heading><num>15</num><content><p>
בסעיף 61 לפקודה' אחרי המלים "דוד-קיטור" או "דוד" יבוא, בכל מקום, "קולט
קיטור או קולט אויר".</p></content></point><point><heading><authorialNote placement="side"><p>תיקון סעיף 65</p></authorialNote></heading><num>16</num><content><p>
בסעיף 65 לפקודה, בסעיף קטן(1), אחרי המלים "דלק בספינה" יבוא "או בניקוי
מיכלים או מחסנים בספינה שהשתמשו בהם לאחרונה להובלת נפט גלמי או דלק נוזל אחר
מכל סוג שהוא או כל חומר ששר העבודה קבע בתקנות כחומר מסוכן".</p></content></point><point><heading><authorialNote placement="side"><p>תיקון סעיף 66</p></authorialNote></heading><num>17</num><content><p>
בסעיף 66 לפקודה, בסעיף קטן (1), אחרי המלים "ולצורך זה" יבוא "וכן על פעולות
בניה שאינן תיקון או החזקה בלבד אף אם אינן בדרך מסחר או עסק".</p></content></point><point><heading><authorialNote placement="side"><p>החלפת סעיף 60</p></authorialNote></heading><num>18</num><content><p>
במקום סעיף 69 לפקודה יבוא:</p></content></point><point><heading><authorialNote placement="side"><p>"הודעה על החזקת מפעל</p></authorialNote></heading><num>69</num><content><p>
(1) לא יתחיל אדם להחזיק במקום כמפעל ולא יתחיל להשתמש
במקום כמפעל אלא אם נמסרה, לפחות עשרה ימים מראש, הודעה בכתב
למפקח אזורי ובה שם המחזיק ומען המפעל, מהות המפעל וכל פרט נוסף
שקבע שר העבודה בתקנות, או אם התיר המפקח בכתב להחזיק או להש-
תמש כאמור לפני תום עשרת הימים.
(2) הועבר המפעל אל האדם מידי אחר ולא חל שינוי במהות
העבודה בו, רשאי האדם להתחיל להחזיק בו לפני תום עשרה ימים למסירת
ההודעה או אף לפני מסירת הודעה, ובלבד שתימסר תוך חודש לאחר
ההעברה.
(3) העובר על הוראות סעיף זה, דינו - קנס 500 לירות וקנס
נוסף 20 לירות לכל יום בו נמשכת העבירה."</p></content></point><point><heading><authorialNote placement="side"><p>תיקון סעיף 82</p></authorialNote></heading><num>19</num><content><p>
בסעיף 82 לפקודה, במקום סעיף קטן (5) יבוא:</p></content></point><point><heading><authorialNote placement="side"><p>החלפת סעיף 84</p></authorialNote></heading><num>20</num><content><p>
במקום סעיף 84 לפקודה יבוא:</p></content></point><point><heading><authorialNote placement="side"><p>"עונש על עבירות שלא נקבע להן עובש מפורש</p></authorialNote></heading><num>84</num><content><p>
בכפוף לנאמר להלן בפקודה זו, העובר עבירה לפי פקודה זו שלא
נקבע לה עונש אחר, דינו - מאסר חודש או קנס 1000 לירות, ומאסר
נוסף שבעה ימים או קנס נוסף 100 לירות לכל יום שבו נמשכת העבירה,
ובעבירה שהיתה עשויה לגרום מוות או חבלת גוף, דינו - מאסר שלושה</p></content></point><point><heading><authorialNote placement="side"><p>ביטול</p></authorialNote></heading><num>21</num><content><p>
סעיף 86 לפקודה - בטל.</p></content></point><point><heading><authorialNote placement="side"><p>הגדלת ענשים</p></authorialNote></heading><num>22</num><content><p>
סעיף 5 לחוק לתיקון דיני העונשין (דרכי ענישה), תשי"ד-1954 3, לא יחול על הקנסות
הקבועים בסעיפים 21(2), 31(12), 35(1) למעט הקנס הנוסף, 57(4), 70(3), 85(1), 87 ו-92
לפקודה, ובמקום סכומי הקנסות הקבועים בהם יבואו סכומים הגדולים פי שלושים.</p></content></point><signature><name>יצחק בן- צבי</name><role>נשיא המדינה</role></signature><signature><name>דוד בן-גוריון</name><role>ראש הממשלה</role></signature><signature><name>יגאל אלון</name><role>שר העבודה</role></signature><dateOfAcceptance>01.01.1963</dateOfAcceptance></body>