<?xml version="1.0" encoding="UTF-8" ?>
<body><title><content><p>חוק הדיינים (תיקון מס' 3), תשכ"ו-1966 *</p></content></title><point><heading><authorialNote placement="side"><p>תיקון מעיף 7</p></authorialNote></heading><num>1</num><content><p>
בסעיף 7 (ב) לחוק הדיינים, תשט"ו-11955 (להלן - החוק העיקרי), כמקום "שני
הרבנים הראשיים לישראל" יבוא "כל אחד משני הרבנים הראשיים לישראל".</p></content></point><point><heading><authorialNote placement="side"><p>החלפת סעיף 8</p></authorialNote></heading><num>2</num><content><p>
במקום סעיף 8 לחוק העיקרי יבוא-. .</p></content></point><point><heading><authorialNote placement="side"><p>''נשיאים, אבות בתי-דין והרכב בתי הדין</p></authorialNote></heading><num>8</num><list><intro><p /></intro><subPoint><num>א</num><content><p> שני הרבנים הראשיים לישראל ישמשו בתוקף תפקידם נשיאי
בית הדין הרבני הגדול;
חדל אחד הרבנים הראשיים לכהן כדיין או שנבצר ממנו למלא
תפקידיו, ישמש השני לבדו נשיא בית הדין הרבני הגדול; חדלו שני
הרבנים הראשיים לישראל לכהן כדיינים או שנבצר מהם למלא תפקי-
דיהם, יהיו סמכויות נשיא בית הדין הרבני הגדול נתונות לוותיק שבדייני
בית הדין הרבני הגדול, ובין בעלי ותק שווה - לקשיש שבהם.</p></content></subPoint><subPoint><num>כ</num><content><p> בית הדין הרבני הגדול ידון כלא פחות משלושה: החל הדיון
בענין מסויים לפני שלושה דיינים, רשאים הם להורות שהמשך הדיון
יהיה לפני מספר בלתי זוגי גדול יותר של דיינים, ובהם הדיינים שהחלו
בדיון.</p></content></subPoint><subPoint><num>ג</num><content><p> יושב בדין נשיא בית הדין הרבני הגדול, ישב הוא בראש בית
הדין: בהרכב אחר ישב בראש הוותיק שבדייני אותו ההרכב, ובין בעלי
ותק שווה - הקשיש שבהם.</p></content></subPoint><subPoint><num>ד</num><content><p> שר הדתות, בהסכמת הרבנים הראשיים לישראל, ימנה בכל
בית דין רבני אזורי אב בית דין או אבות בית דין מקרב הדיינים של אותו
בית דין; נתמנו בבית דין רבני אזורי שני אבות בית דין או יותר, ימנה
שר הדתות בהסכמת הרבנים הראשיים לישראל, אחד מאבות בית הדין
לשמש ראש אבות בית הדין.</p></content></subPoint><subPoint><num>ה</num><content><p> בית דין רבני אזורי ידון בשלושה.
(0 יושב בדין ראש אבות בית הדין או אב בית דין, ישב הוא
בראש בית הדין; בהרכב אחר ישב בראש הוותיק שבדייני אותו ההרכב,
ובין בעלי ותק שווה - הקשיש שבהם.</p></content></subPoint><subPoint><num>ז</num><content><p> לענין סעיף זה רואים את הוותק לפי תאריך מינויו של הדיין
לבית הדין הרבני הגדול או לבית דין רבני אזורי, הכל לפי הענין."</p></content></subPoint></list></point><point><heading><authorialNote placement="side"><p>תיקון סעיף 27</p></authorialNote></heading><num>3</num><content><p>
בסעיף 27 לחוק העיקרי, במקום הסיפה החל מן המילים "שר הדתות רשאי" יבוא
"שר הדתות רשאי, בהתייעצות עם הרבנים הראשיים לישראל ועם שר המשפטים, לקבוע
בתקנות -
(0 את סדרי הדיון בבית הדין המשמעתי;
(2) את סדרי ייצוגם של בעלי דין לפני בתי דין רבניים על ידי מי שאינו
עורך דין."</p></content></point><point><heading><authorialNote placement="side"><p>הוספת סעיף 29</p></authorialNote></heading><num>4</num><content><p>
אחרי סעיף 28 לחוק העיקרי יבוא:</p></content></point><signature><name>קדיש לוז</name><role>יושב ראש הכנסת</role></signature><signature><name>לוי אשכול</name><role>ראש הממשלה</role></signature><signature><name>זרח ורהפטיג</name><role>שר הדתות</role></signature><dateOfAcceptance>18.03.1966</dateOfAcceptance></body>