<?xml version="1.0" encoding="UTF-8" ?>
<body><title><content><p>חוק בתי המשפט (תיקון מס' 14), התשמ"א-1981 *</p></content></title><point><heading><authorialNote placement="side"><p>תיקון סעיף 26</p></authorialNote></heading><num>1</num><content><p>
בסעיף 26 לחוק בתי המשפט, התשי"ז-1957  1(להלן - החוק העיקרי), הסיטה
המתחילה במלה "בהתייעצות" - תימחק.</p></content></point><point><heading><authorialNote placement="side"><p>הוספת סעיף 26א</p></authorialNote></heading><num>2</num><content><p>
אחרי סעיף 26 לחוק העיקרי יבוא:</p></content></point><point><heading><authorialNote placement="side"><p>''העברת ענין מבית משפט שלום לבית משפט שלום אחר</p></authorialNote></heading><num>26</num><list><intro><p>
א. (א) שופט ראשי של בית משפט שלום רשאי להורות שענין
שהובא או שיש להביאו לפני בית משפט שלום במקום פלוני וטרם החל
הדיון בו יהיה נדון בבית משפט שלום במקום אחר באותו אזור שיפוט.</p></intro><subPoint><num>ב</num><content><p> החלטה כאמור בסעיף קטן (א) ניתנת לערעור לפני נשיא
בית משפט מחוזי.</p></content></subPoint><subPoint><num>ג</num><content><p> בית המשפט שאליו הועבר ענין כאמור, לא יעבירנו עוד."</p></content></subPoint></list></point><point><heading><authorialNote placement="side"><p>תיקון סעיף 46</p></authorialNote></heading><num>3</num><content><p>
בסעיף 46 לחוק העיקרי, ברישה, במקום "ומשרדי הוצאה לפועל" יבוא "ולשכות
ההוצאה לפועל".</p></content></point><point><heading><authorialNote placement="side"><p>תיקון סעיף 47</p></authorialNote></heading><num>4</num><content><p>
בסעיף 47 לחוק העיקרי -
(1) בפסקה (1), אחרי "בתי המשפט" יבוא "ולשכות ההוצאה לפועל";
(2) בפסקה (3), במקום "ובמשרדי ההוצאה לפועל" יבוא "ובלשכות ההוצאה
לפועל".</p></content></point><signature><name>יצחק נבון</name><role>נשיא המדינה</role></signature><signature><name>מנחם בגין</name><role>ראש הממשלה</role></signature><signature><name>משה נסים</name><role>שר המשפטים</role></signature><dateOfAcceptance>26.05.1981</dateOfAcceptance></body>