<?xml version="1.0" encoding="UTF-8" ?>
<body><title><content><p>חוק בתי המשפט (תיקון מס' 4), תשל"א-1971 *</p></content></title><point><heading><authorialNote placement="side"><p>תיקון סעיף 28</p></authorialNote></heading><num>1</num><content><p>
בסעיף 28 לחוק בתי המשפט, תשי"ז-1957 1, בפסקה (2), במקום "שלושת אלפים
לירות" יבוא "עשרת אלפים לירות".</p></content></point><point><heading><authorialNote placement="side"><p>תחילה</p></authorialNote></heading><num>2</num><content><p>
תחילתו של חוק זה מיום ח' בתמוז תשל"א (1 ביולי 1971).</p></content></point><point><heading><authorialNote placement="side"><p>הוראת מעבר</p></authorialNote></heading><num>3</num><content><p>
ענין שחוק זה מוסיף לסמכותו של בית משפט השלום וערב תחילת חוק זה הייה תלוי
ועומד בבית משפט מחוזי והוחל בו בשמיעת עדים, יוסיף בית המשפט המחוזי, על אף
האמור בסעיף 1, לדון בן; לא הוחל בשמיעת עדים, יועבר הענין לבית משפט שלום לפי
תקנות שיתקין שר המשפטים.</p></content></point><signature><name>יעקב שי שפירא</name><role>שר המשפטים</role></signature><signature><name>שניאור זלמן שזר</name><role>נשיא המדינה</role></signature><dateOfAcceptance>03.06.1971</dateOfAcceptance></body>