<?xml version="1.0" encoding="UTF-8" ?>
<body><title><content><p>חוק גני רמת הנדיב, תשי"ח-1958*</p></content></title><point><heading><authorialNote placement="side"><p>סמכות לאשר חברת "גני רמת הנדיב"</p></authorialNote></heading><num>1</num><content><p>
שר המשפטים רשאי לאשר תזכיר התאגדות ותקנות של חברה בשם "גני רמת הנדיב"
ואשר -
(1) תהיה מיועדת למטרות צדקה כמפורש בתזכירה;
(2) תקבל לבעלותה מאת החברה להתישבות היהודים בארץ-ישראל (מיסודו
של אדמונד דה-רוטשילד) מקרקעי "רמת הנדיב" הנמצאים באדמות זכרוך
יעקב ובנימינה כפי שיתוארו בתזכיר;
(3) תחזיק במקרקעין אלה ותנהלם כגן ציבורי ופארק המוקדש לצמיתות
להנצחת זכרו של בנימין דה-רוטשילד ז"ל.</p></content></point><point><heading><authorialNote placement="side"><p>הקמת החברה אי-תחולת סעיף 112 לפקודת החברות</p></authorialNote></heading><num>2</num><content><p>
משאושרו התזכיר והתקנות - 
(1) יפורסמו ברשומות הודעה על האישור (להלן - ההודעה) והתזכיר
המאושר;
(2) יועברו לרשם החברות העתק תזכיר ההתאגדות והתקנות כפי שאושרו;
(3) מיום פרסום ההודעה יהיה דין החברה "גני רמת הנדיב" (להלן - החברה)
לרבות תזכירה ותקנותיה' כדין חברה שנרשמה לפי פקודת החברות וניתן לה
רשיון לפי סעיף 23 (1) לפקודה.
3. סעיף 112 לפקודת החברות 1, לא יחול על החברה.</p></content></point><point><heading><authorialNote placement="side"><p>פטור ממסים ואגרות</p></authorialNote></heading><num>4</num><content><p>
כל העברת רכוש או התחייבות, כל תיקון של רישום וכל פעולה אחרת שתיעשה עקב
העברה או החכרה של מקרקעין לחברה' פטורים מכל מס, אגרה או תשלום אחר המשתלמים
למדינה או לרשות מקומית; וכן תהיה החברה פטורה מכל מס, אגרה, ארנונה או תשלום
אחר המשתלמים למדינה או לרשות מקומית בגין מקרקעין.</p></content></point><point><heading><authorialNote placement="side"><p>שינויים בתזכיר ובתקנות</p></authorialNote></heading><num>5</num><content><p>
לא יוכנסו שינויים בתזכיר ההתאגדות או בתקנותיה אלא באישור שר המשפטים.</p></content></point><point><heading><authorialNote placement="side"><p>ביצוע ותקנות</p></authorialNote></heading><num>6</num><content><p>
שר המשפטים ממונה על ביצוע חוק זה והוא רשאי להתקין תקנות לביצועו.</p></content></point><signature><name>דוד בן-גוריון</name><role>ראש הממשלה</role></signature><signature><name>פנחס רוזן</name><role>שר המשפטים</role></signature><signature><name>יצחק בן-צבי</name><role>נשיא המדינה</role></signature><dateOfAcceptance>10.04.1958</dateOfAcceptance></body>