<?xml version="1.0" encoding="UTF-8" ?>
<body><title><content><p>חוק בית המשפט לימאות, תשי"ב-1952 **</p></content></title><point><heading><authorialNote placement="side"><p>החלטת שם</p></authorialNote></heading><num>1</num><content><p>
בכל חוק ובכל מסמך שכתוב בהם "בית משפט לאדמירליות" קרי : "בית משפט
לימאות".</p></content></point><point><heading><authorialNote placement="side"><p>העברת סמכויות</p></authorialNote></heading><num>2</num><content><p>
כל הסמכויות שהיו נתונות לבית המשפט העליון כבית משפט לאדמירליות ערב
תחילת תקפו של חוק זה, יהיו מסורות מיום תחילת תקפו של חוק זה לבית המשפט המחוזי
בחיפה. ששימש מאותו יום כבית המשפט לימאות.</p></content></point><point><heading><authorialNote placement="side"><p>מקום מושבו של בית המשפט לימאות והרכבו</p></authorialNote></heading><num>3</num><list><intro><p /></intro><subPoint><num>א</num><content><p> בית המשפט לימאות ישב בדין בחיפה, או בכל מקום אחר שייקבע על ידי בית
המשפט לצורך משפט מסויים, או לצורך שלב משלבי הדין במשפט מסויים.</p></content></subPoint><subPoint><num>ב</num><content><p> בית המשפט לימאות ידון בשופט אחה שיהיה רשאי להזמין יועץ או יועצים
מתוך חבר אנשים שיתמנו על ידי שר המשפטים. יועצים אלה ישתתפו בדיון אך לא במתן
פסק הדין,</p></content></subPoint></list></point><point><heading><authorialNote placement="side"><p>סדרי הדין</p></authorialNote></heading><num>4</num><content><p>
סדרי הדין שחלו בבית המשפט העליון כבית משפט לאדמירליות ערב תחילת תקפו
של חוק זה' יחולו בשינויים המחוייבים לפי הענין בבית המשפט לימאות, במידה שלא ישונו
בתקנות שיתקין שר המשפטים לפי סעיף 8.</p></content></point><point><heading><authorialNote placement="side"><p>רשמים</p></authorialNote></heading><num>5</num><content><p>
כל רשם של בית משפט מחוזי ישמש רשם של בית המשפט לימאות.</p></content></point><point><heading><authorialNote placement="side"><p>ערעור</p></authorialNote></heading><num>6</num><list><intro><p /></intro><subPoint><num>א</num><content><p> החלטה של בית המשפט לימאות ניתנת לערעור לפני בית המשפט העליתי</p></content></subPoint><subPoint><num>ב</num><content><p> בית המשפט העליון הדן בערעור לפי סעיף זה, יהיו לו נוסף על סמכויותיו
כבית משפט לערעורים כל הסמכויות הנתונות לבית המשפט לימאות.</p></content></subPoint></list></point><point><heading><authorialNote placement="side"><p>הוראות מעבר</p></authorialNote></heading><num>7</num><content><p>
היה ענין תלוי ועומד' ערב תחילת תקפו של חוק זה, בבית המשפט העליון כבית
משפט לאדמירליות' ימשיך בית המשפט העליון לדון בו כאילו חוק זה לא נכנס לתקפו.</p></content></point><point><heading><authorialNote placement="side"><p>ביצוע ותקנות</p></authorialNote></heading><num>8</num><content><p>
שר המשפטים ממונה על ביצוע חוק זה והוא רשאי להתקין תקנות בכל ענין הנוגע
לביצועו' ובכלל זה תקנות הקובעות את סדרי הדין בבית המשפט לימאות ובערעור על
החלטותיו ואת אגרות בית המשפט.</p></content></point><signature><name>דוד בן-גוריון</name><role>ראש הממשלה</role></signature><signature><name>יוסף שפרינצק</name><role>יושב ראש הכנסת</role></signature><dateOfAcceptance>22.05.1952</dateOfAcceptance></body>