<?xml version="1.0" encoding="UTF-8" ?>
<body><title><content><p>חוק לתיקון פקודת בתי המשפט, תשי"ד-1954 *</p></content></title><point><heading><authorialNote placement="side"><p>תיקון הפקודה</p></authorialNote></heading><num>1</num><content><p>
פקודת בתי המשפט, 1940 1. תתוקן כך:
בסעיף 22, סעיף קטן (1), אחר פסקה (ד) תבוא פסקה זו:
"(ה) לקביעת דמי הנסיעה והלינה ושכר הבטלה של עדים שהוזמנו להעיד
בבית המשפט."</p></content></point><signature><name>יצחק ב ן- צ ב י</name><role>נשיא המדינה</role></signature><signature><name>משה שרת</name><role>ראש הממשלה</role></signature><signature><name>פנחס רוזן</name><role>שר המשפטים</role></signature><dateOfAcceptance>16.02.1954</dateOfAcceptance></body>