<?xml version="1.0" encoding="UTF-8" ?>
<body><title><content><p>חוק גימלאות לחברי הכנסת (תיקון מס' 3), תשכ"ה-1965 *</p></content></title><point><heading><authorialNote placement="side"><p>תיקון סעיף 1</p></authorialNote></heading><num>1</num><content><p>
בסעיף 1 לחוק גימלאות לחברי הכנסת, תשי"ח-1958 1, בסוף ההגדרה "משכורת
חברי הכנסת" יווסף:
"אולם לגבי חבר הכנסת שהיה סגן יושב ראש הכנסת או סגן שר (להלן -
טגן) תבוא במקום המשכורת האמורה משכורת ממוצעת, והיא סכום
המשכורת האמורה כפול במספר החדשים שבהם לא היה סגן, בצירוף
סכום המשכורת החדשית המשתלמת מזמן לזמן לסגן על תוספותיה כאמור
כפול במספר החדשים שבהם היה סגן, והכל מחולק לסך-כל חדשי כהונתו
בכנסת".</p></content></point><point><heading><authorialNote placement="side"><p>תחילה</p></authorialNote></heading><num>2</num><content><p>
תחילתו של חוק זה כיום כ"ח באדר ב' תשכ"ה (1 באפריל 1965) וכוחו יפה גם לגבי
חבר הכנסת שחדל לכהן או נפטר לפני תחילתו.</p></content></point><signature><name>שניאור זלמן שזר</name><role>נשיא המדינה</role></signature><signature><name>לוי אשכול</name><role>ראש הממשלה</role></signature><dateOfAcceptance>15.04.1965</dateOfAcceptance></body>