<?xml version="1.0" encoding="UTF-8" ?>
<body><title><content><p>חוק לתיקון פקודת בזיון בית המשפט (מס' 2), תשכ"ג-1962</p></content></title><point><heading><authorialNote placement="side"><p>תיקון סעיף 6</p></authorialNote></heading><num>1</num><content><p>
בסעיף 6 לפקודת בזיון בית המשפט 1, לאחר סעיף קטן (2) יבוא:
"(3) הטיל בית משפט מאסר לפי סעיף קטן (1), יודיע על כך
ליועץ המשפטי לממשלה.
(4) היועץ המשפטי לממשלה או בא כוחו יביא את ענינו של אסיר
לפי סעיף קטן (1) לפני בית המשפט שהטיל עליו את המאסר, לשיקול
נוסף, כשראה צורך בכך ולא פחות מאחת לששה חדשים מיום תחילת
המאסר.
(5) בשיקול הנוסף רשאי בית המשפט, לאחר שנתן לאסיר ולכל
בעל דין אחר בהליך שבו הוטל המאסר הזדמנות להשמיע טענותיהם,
לקיים את הצו, לשנותו, להתנותו בתנאים או לבטלו או ליתן כל הוראה
אחרת שימצא לנכון.
(6) שר המשפטים רשאי לקבוע בתקנות סדרי דין בשיקול נוסף
לפי סעיף זה."</p></content></point><signature><name>יצחק בן-צבי</name><role>נשיא המדינה</role></signature><signature><name>דוד בן-גוריון</name><role>ראש הממשלה</role></signature><signature><name>דב יוסף</name><role>שר המשפטים</role></signature><dateOfAcceptance>01.01.1963</dateOfAcceptance></body>