<?xml version="1.0" encoding="UTF-8" ?>
<body><title><content><p>חוק בתי המשפט (תיקון מסי 10), תשל"ח-1978 *</p></content></title><point><heading><authorialNote placement="side"><p>תיקון סעיף 38</p></authorialNote></heading><num>1</num><content><p>
בסעיף 38 )ב( לחוק בתי המשפט, תשי"ז-1957 1, כסופו יבוא: "או  כשהוא דן בעניני
אישות".</p></content></point><signature><name>אפרים קציר</name><role>בשיא המדיגה</role></signature><signature><name>מנחם בגין</name><role>ראש הממשלה</role></signature><signature><name>שמואל תמיר</name><role>שר המשפטים</role></signature><dateOfAcceptance>10.03.1978</dateOfAcceptance></body>