<?xml version="1.0" encoding="UTF-8" ?>
<body><title><content><p>חוק בתי המשפט (תיקון מס' 12), תש"ם-1980*</p></content></title><point><heading><authorialNote placement="side"><p>תיקון סעיף 28</p></authorialNote></heading><num>1</num><content><p>
בסעיף 28 לחוק בתי המשפט' תשי"ז-1957  1-
(1) בסעיף קטן (א) (2)' כמקום "מאה וחמישים אלף לירות" יבוא "שבעים
וחמישה אלף שקלים";
(2) אחרי סעיף קטן (ב) יבוא:
"(ג) שר המשפטים, בהתייעצות עם נשיא בית המשפט העליון
ובאישור ועדת החוקה חוק ומשפט של הכנסת. רשאי בצו להגדיל את
הסכום הנקוב בסעיף קטן (א) (2); ענין שהגדלת סמכות כאמור הוסיפה
לבית משפט השלום ושהוגש לפני תחילתו של הצו לבית משפט מחוזי
יידון בבית משפט השלום, ובלבד שטרם הוחל בו בשמיעת עדים."</p></content></point><point><heading><authorialNote placement="side"><p>הוראת מעבר</p></authorialNote></heading><num>2</num><content><p>
ענין שחוק זה מוסיף לסמכותו של בית משפט השלום ולפני תחילתו של חוק זה הוגש
לבית משפט מחוזי' יידון בבית משפט השלום, ובלבד שטרם הוחל בו בשמיעת עדים.</p></content></point><point><heading><authorialNote placement="side"><p>פרסום</p></authorialNote></heading><num>3</num><content><p>
חוק זה יפורסם ברשומות ביום כ"ט בניסן תש"ם (15 באפריל 1980).</p></content></point><signature><name>יצחק נבון</name><role>נשיא המדינה</role></signature><signature><name>מנחם בגין</name><role>ראש הממשלה</role></signature><signature><name>שמואל תמיר</name><role>שר המשפטים</role></signature><dateOfAcceptance>15.04.1980</dateOfAcceptance></body>