<?xml version="1.0" encoding="UTF-8" ?>
<body><title><content><p>חוק בתי קברות צבאיים (הוראת שעה), תשל"ד-1974*</p></content></title><point><heading><authorialNote placement="side"><p>פרשנות</p></authorialNote></heading><num>1</num><content><p>
בחוק זה יהא לכל מונח המשמעות שיש לו בחוק בתי קברות צבאיים, תש"י-1950 1
(להלן - החוק העיקרי), והוא כשאין כוונה אחרת משתמעת.</p></content></point><point><heading><authorialNote placement="side"><p>תחולה</p></authorialNote></heading><num>2</num><content><p>
חוק זה חל על העברת גופות נפטרים שהובאו לקבורה בבתי-קברות צבאיים ארעיים
מיום י' בתשרי תשל"ד (6 באוקטובר 1973) עד יום פרסומו של חוק זה.</p></content></point><point><heading><authorialNote placement="side"><p>חילוקי דעות בדבר מקום קבורתו של הנפטר</p></authorialNote></heading><num>3</num><list><intro><p /></intro><subPoint><num>א</num><content><p> על אף האמור בחוק העיקרי, רשאי בן-זוגו, בנו, בתו או הוריו של נפטר לבקש
מהממונה, תוך חמישה עשר יום מיום פרסומו של חוק זה, שהנפטר יובא לקבורה בכית
קברות שאיננו בית הקברות שקרוב זכאי לכך הודיע עליו לפי סעיף 4ב(2) לחוק העיקרי.</p></content></subPoint><subPoint><num>ב</num><content><p> בקשה שהוגשה לפי סעיף קטן (א) תובא להכרעת ועדה שימנה שר הבטחון
(להלן - הועדה).</p></content></subPoint></list></point><point><heading><authorialNote placement="side"><p>הועדה</p></authorialNote></heading><num>4</num><content><p>
הועדה תהא של שלושה; יושב ראש הועדה יהיה נציג שר הבטחון, חבר אחד יתמנה
על פי המלצת הרב הצבאי הראשי והחבר השלישי יהא נציג ארגון יד לבנים; מען הועדה
יהיה במשרד הבטחון, תל-אביב.</p></content></point><point><heading><authorialNote placement="side"><p>סדרי דיון</p></authorialNote></heading><num>5</num><content><p>
הועדה תקבע בעצמה את סדרי הדיונים שלה ותתן לכל הנוגעים בדבר הזדמנות
נאותה להביא לפניה את טענותיהם, בכתב או בעל-פה, כפי שתחליט הועדה.</p></content></point><point><heading><authorialNote placement="side"><p>סופיות</p></authorialNote></heading><num>6</num><content><p>
אין אחרי החלטת הועדה ולא כלום.</p></content></point><point><heading><authorialNote placement="side"><p>הקדמת העברה</p></authorialNote></heading><num>7</num><content><p>
בסעיף 4ב(3) לחוק העיקרי, במקום "אחד עשר חודש" קרי "תשעה חדשים".</p></content></point><point><heading><authorialNote placement="side"><p>ביצוע</p></authorialNote></heading><num>8</num><content><p>
שר הבטחון ממונה על ביצוע חוק זה.</p></content></point><signature><name>אפרים קציר</name><role>נשיא המדינה</role></signature><signature><name>יצחק רבין</name><role>ראש הממשלה</role></signature><signature><name>שמעון פרס</name><role>שר הבטחון</role></signature><dateOfAcceptance>18.07.1974</dateOfAcceptance></body>