<?xml version="1.0" encoding="UTF-8" ?>
<body><title><content><p>חוק בית הדין לעבודה (תיקון מס' 5), תשל"ה-1975 *</p></content></title><point><heading><authorialNote placement="side"><p>תיקון סעיף 24</p></authorialNote></heading><num>1</num><content><p>
בסעיף 24 (א) (5) לחוק בית הדין לעבודה, תשכ"ט-1969 1(להלן - החוק העיקרי),
בסופו יבוא "או בכל חוק אחר".</p></content></point><point><heading><authorialNote placement="side"><p>תיקון סעיף 27</p></authorialNote></heading><num>2</num><content><p>
בסעיף 27 לחוק העיקרי -
(1) בסעיף קטן (ב), במקום "שכר מולן" יבוא "שכר עבודה" ובמקום "השכר
המולך יבוא "שכר העבודה";
(2) אחרי סעיף קטן (ב) יבוא:
"(ג) שר המשפטים רשאי, לאחר התייעצות עם שר העבודה,
לקבוע בתקנות סמכויות ששופט בית דין אזורי יהיה רשאי להעכיר
לרשם."</p></content></point><point><heading><authorialNote placement="side"><p>ו תיקון חוק החיילים המשוחררים (החזרה לעבודה)</p></authorialNote></heading><num>3</num><content><p>
בחוק החיילים המשוחררים (החזרה לעבודה), תש"ט-1949 2, בסעיף 27 (כ), במקום
"בדרך תביעה אזרחית רגילה" יבוא "בבית דין אזורי".</p></content></point><signature><name>אפרים קציר</name><role>נשיא המדינה</role></signature><signature><name>יצחק רבין</name><role>ראש הממשלה</role></signature><signature><name>חיים י' צדוק</name><role>שר המשפטים</role></signature><dateOfAcceptance>06.02.1975</dateOfAcceptance></body>