<?xml version="1.0" encoding="UTF-8" ?>
<body><title><content><p>חוק בתי המשפט (תיקון מס' 3), תשכ"ז-1967 *</p></content></title><point><heading><authorialNote placement="side"><p>תיקון סעיף 30</p></authorialNote></heading><num>1</num><content><p>
בסעיף 30 לחוק בתי המשפט, תשי"ז-1957  -1
(0 במקום סעיף קטן (א) יבוא:
"(א) נשיא בית המשפט העליון רשאי, באישור שר המשפטים,
למנות שופט בית משפט שלום או אדם הכשיר להתמנות שופט בית משפט
שלום, להיות רשם או סגן רשם של בית המשפט העליון, של בית משפט
מחוזי או של בית משפט שלום;"
(2) סעיף קטן (ב) בטל;
(3) סעיף קטן (ג) יסומן (ב).</p></content></point><signature><name>שניאור זלמן שזר</name><role>נשיא המדינה</role></signature><signature><name>לוי אשכול</name><role>ראש הממשלה</role></signature><signature><name>יעקב ש' שפירא</name><role>שר המשפטים</role></signature><dateOfAcceptance>14.08.1967</dateOfAcceptance></body>