<?xml version="1.0" encoding="UTF-8" ?>
<body><title><content><p>חוק בתי המשפט (תיקון מס' 8), תשל"ח-1977 *</p></content></title><point><heading><authorialNote placement="side"><p>תיקון סעיף 28</p></authorialNote></heading><num>1</num><content><p>
האמור בסעיף 28 לחוק בתי המשפט, תשי"ז-1957 1, יסומן (א) ואחריו יבואן
"(ב) מותר להעמיד אדם לדין לסבי בית משפט שלום בשל עבירה
לפי סעיפים 295 עד 299 לפקודת החוק הפלילי, 1936 2, שנסיבותיה
אינן גוררות כפל העונש, ובלבד שלא יוטל עליו עונש מאסר של יותר
משלוש שנים,"</p></content></point><point><heading><authorialNote placement="side"><p>הוראת תיאום</p></authorialNote></heading><num>2</num><content><p>
מתחילת חוק העונשין, תשל"ז-1977 3, יבואו סעיפים 406, 407 ו-410 לאותו חוק
במקום הסעיפים המנויים בסעיף 1.</p></content></point><signature><name>אפרים קציר</name><role>נשיא המדינה</role></signature><signature><name>מנחם בגין</name><role>ראש הממשלה</role></signature><signature><name>שמואל תמיר</name><role>שר המשפטים</role></signature><dateOfAcceptance>04.11.1977</dateOfAcceptance></body>