<?xml version="1.0" encoding="UTF-8" ?>
<body><title><content><p>חוק גנים לאומיים ושמורות טבע (תיקון מס' 2), תשכ"ח-1968*</p></content></title><point><heading><authorialNote placement="side"><p>החלטי/ מעיף 5</p></authorialNote></heading><num>1</num><content><p>
בחוק גנים לאומיים ושמורות טבע, תשכ"ג-11963, במקום סעיף 5 יבוא:</p></content></point><point><heading><authorialNote placement="side"><p>''שטחים בעלי חשיבות בטחונית 1</p></authorialNote></heading><num>5</num><list><intro><p /></intro><subPoint><num>א</num><content><p> בכלל בשטח המיועד להיות גן לאומי שטח צבאי או שטח
אחר שהוא, לדעת שר הבטחון, בעל חשיבות בטחונית, או הודיע שר
הבטחון לשר הפנים כי בקרבתו של השטח המיועד כאמור נמצא שטח
צבאי, לא יכריז שר הפנים על השטח כגן לאומי אלא אחרי שהובטח
לגביו מילוי דרישותיו של שר הבטחון.</p></content></subPoint><subPoint><num>ב</num><content><p> בשטח צבאי, האיסורים וההגבלות לפי חוק זה או התקנות
שעל פיו לא יחולו על צבא-הגנה לישראל או על שלוחה אחרת של
מערכת הבטחון שאישר אותה שר הבטחון.</p></content></subPoint><subPoint><num>ג</num><content><p> הוראות על התנהגות חיילים במקומות קדושים שבשטח
צבאי, שהוא כולו או חלק ממנו גן לאומי, יתן שר הבטחון בהתייעצות עם
שר הדתות, והוראות על התנהגות חיילים באתרים הסטוריים שבשטח
כאמור - בהתייעצות עם שר החינוך והתרבות; הוראות אלה לא יהיו
טעונות פרסום ברשומות.</p></content></subPoint><subPoint><num>ד</num><content><p> "שטח צבאי'/ לענין סעיף זה - מקרקעין שבידי צבא-הגנה
לישראל או בידי שלוחה אחרת של מערכת הבטחון שאישר אותה שר
הבטחון, וכן שטח המשמש אותם כשטח אימונים."</p></content></subPoint></list></point><signature><name>לוי אשכול</name><role>ראש הממשלה</role></signature><signature><name>חיים גבתי</name><role>שר החקלאות</role></signature><signature><name>חיים משה שפירא</name><role>שר הפנים</role></signature><signature><name>שביאור זלמן שזר</name><role>נשיא המדינה</role></signature><dateOfAcceptance>04.04.1968</dateOfAcceptance></body>