<?xml version="1.0" encoding="UTF-8" ?>
<body><title><content><p>חוק הדיינים (תיקון מס' 4), תשכ"ט-1969 *</p></content></title><point><heading><authorialNote placement="side"><p>תיקון סעיף 8</p></authorialNote></heading><num>1</num><content><p>
בסוף סעיף 8 (ד) לחוק הדיינים, תשט"ו-1955 1, יווסף "במקום שיש שני רבני העיר'
ושניהם כשירים לדיינות, ישמשו שניהם כראשי אבות-בית-דין; היה אחד מהם כשיר,
ישמש הוא כראש אבות-בית-דין; לא היה אף אחד מהם כשיר לדיינות, ימונה אחד הדיינים
כראש אבות-בית-דין".</p></content></point><signature><name>שניאור זלמן שזר</name><role>נשיא המדינה</role></signature><signature><name>לוי אשכול</name><role>ראש הממשלה</role></signature><signature><name>זרח ורהפטיג</name><role>שר הדתות</role></signature><dateOfAcceptance>16.01.1969</dateOfAcceptance></body>