<?xml version="1.0" encoding="UTF-8" ?>
<body><title><content><p>חוק גנים לאומיים ושמורות טבע (תיקון מס' 5), התשמ"ב-1982 *</p></content></title><point><heading><authorialNote placement="side"><p>שינוי שם החוק</p></authorialNote></heading><num>1</num><content><p>
חוק גנים לאומיים ושמורות טבע, התשכ"ג-1963  1 (להלן - החוק העיקרי), 
ייקרא "חוק גנים לאומיים, שמורות טבע ואתרי הלאום, התשכ"ג-1963",</p></content></point><point><heading><authorialNote placement="side"><p>הוספת פרק</p></authorialNote></heading><num>2</num><content><p>
הפרק השביעי לחוק העיקרי יסומן פרק שמיני ולפניו יבוא:
"פרי, שביעי: אתרי הנצחה</p></content></point><point><heading><authorialNote placement="side"><p>הגדרות</p></authorialNote></heading><num>42</num><content><p>
ז. בפרק זה -
"אתר הנצחה" - אתר שהוכרז לפי חוק זה להנצחת לוחמי צבא הגנה
לישראל שנתנו נפשם על הבטחת קיומה של מדינת ישראל, להנצחת
לוחמי מערכות ישראל שנפלו למען תקומת ישראל ולהנצחת חללי
פגיעות איבה;
"פגיעת איבה" - כהגדרתה בחוק התגמולים לנפגעי פעולות איבה,
התש"ל-21970.</p></content></point><point><heading><authorialNote placement="side"><p>מועצת אתרי הנצחה</p></authorialNote></heading><num>42</num><list><intro><p>
ח. (א) הממשלה תמנה, על פי הצעת שר הפנים, שר הבטחון ושר
העבודה והרווחה, מועצת אתרי הנצחה (להלן - מועצת ההנצחה), ואלה
חבריה:
(1) תשעה נציגי הממשלה;
(2) ארבעה נציגי רשויות מקומיות שיקבע שר הפנים;
(3) ארבעה שיקבע שר הבטחון והם:</p></intro><subPoint><num>א</num><content><p> שני נציגים של ארגון המשפחות השכולות -
יד לבנים;</p></content></subPoint><subPoint><num>ב</num><content><p> נציג אחד של המועצה הציבורית להנצחת החייל;</p></content></subPoint><subPoint><num>ג</num><content><p> נציג ציבור אחה
(4) שלושה נציגים של מועצת גנים לאומיים ושמורות
טבע ;
(5) נציג אחד שימנה שר העבודה והרווחה מביו משפחות
חללי פגיעות איבה.</p></content></subPoint><subPoint><num>ב</num><content><p> שר הפנים בהתייעצות עם שר הבטחון 'ועם שר העבודה
והרווחה רשאי להתקין תקנות בדבר  תקופת כהונתם של חברי מועצת
ההנצחה, פקיעת כהונתם, וסדרי עבודתה של מועצת ההנצחה.</p></content></subPoint><subPoint><num>ג</num><content><p> מועצת ההנצחה תקבע בעצמה כללים לפעולותיה ולסדרי
י עבודתה ככל שלא נקבעו בתקנות.</p></content></subPoint></list></point><chapter><num>ספר החוקים</num><title><content><p>1041, כ"ה בשבט התשמ"ב, 18.2.1982</p></content></title><point><heading><authorialNote placement="side"><p>הכרזה עי אתר הנצחה</p></authorialNote></heading><num>42</num><list><intro><p>
ט. (א) שר הפנים רשאי, לאחר התייעצות במועצת ההנצחה או על
פי הצעתה, ולאחר התייעצות ברשות המקומית הנוגעת בדבר, להכריז
ברשומות על שטח כאתר הנצחה.</p></intro><subPoint><num>ב</num><content><p> שר הבטחון רשאי, לאחר התייעצות במועצת ההנצחה או
על פי הצעתה, להכריז ברשומות על שטח או על אתר הנצחה כאתר
הנצחה ממלכתי,</p></content></subPoint></list></point><point><heading><authorialNote placement="side"><p>תפקיד המועצה</p></authorialNote></heading><num>42</num><content><p>
י. המועצה רשאית לייעץ לשר הפנים ולשר הבטחון בכל הנוגע
לאתרי הנצחה, לרבות בענין ריכוז מפעלי זכרון שהוקמו לפני ט"ו
בשבט התשמ"ב (8 בפברואר 1982), לאתר הנצחה אחד, לאחר התייעצות
עם יוזמיהם או עם האחראים להם.</p></content></point><point><heading><authorialNote placement="side"><p>אחריות לאחזקה</p></authorialNote></heading><num>42</num><list><intro><p>
יא. (א) אתר הנצחה ששר הפנים הכריז עליו, האחריות לאחזקתו
היא על הרשות המקומית שבתחומה הוא נמצא.</p></intro><subPoint><num>ב</num><content><p> אתר הנצחה ממלכתי האחריות לאחזקתו היא על המדינה
באמצעות משרד הבטחון.</p></content></subPoint><subPoint><num>ג</num><content><p> שר הפנים רשאי, לאחר התייעצות במועצת ההנצחה או על
פי הצעתה, להתקין תקנות בדבר אחזקת אתרי הנצחה שהכריז עליהם;
שר הבטחון רשאי כאמור להתקין תקנות בדבר אחזקת אתרי הנצחה
ממלכתיים; התקנות יכול שיהיו לכל אתרי ההנצחה או לאתר פלוני.</p></content></subPoint><subPoint><num>ד</num><content><p> על אתר הנצחה יחולו רק התקנות שהתקין שר הפנים ועל
אתר הנצחה ממלכתי יחולו רק התקנות שהתקין שר הבטחון.</p></content></subPoint></list></point><point><heading><authorialNote placement="side"><p>הוצאות ניאוצר המדינה</p></authorialNote></heading><num>42</num><list><intro><p>
יב. (א) ההוצאות להקמת אתר הנצחה ולאחזקתו ישולמו מאוצר
המדינה.</p></intro><subPoint><num>ב</num><content><p> אוצר המדינה ישפה רשות מקומית, על פי דרישתה, על כל
הוצאה שהוציאה להקמת אתר הנצחה ולהחזקתו.</p></content></subPoint></list></point><point><heading><authorialNote placement="side"><p>תחולת הוראות</p></authorialNote></heading><num>42</num><content><p>
יג. הוראות סעיפים 4 עד 8 יחולו, בשינויים המחוייבים, לענין הכרזה
על אתרי הנצחה, ובכל מקום בסעיפים האמורים שבהם מדובר ב"מו-
עצה" - קרי "מועצת ההנצחה".</p></content></point><point><heading><authorialNote placement="side"><p>איסורים</p></authorialNote></heading><num>42</num><list><intro><p>
יד. (א) לא יקים אדם אנדרטה אלא בשטח שהוכרז כאתר הנצחה
על פי חוק זה.</p></intro><subPoint><num>ב</num><content><p> לא יעשה אדם מעשה של פגיעה באתר הנצחה; לענין זה,
"פגיעה" - כמשמעותה בסעיף 42ב."</p></content></subPoint></list></point><point><heading><authorialNote placement="side"><p>תיקון סעיף 43</p></authorialNote></heading><num>3</num><content><p>
בסעיף 43 לחוק העיקרי, אחרי "41א" יבוא "42יד" ובמקום "מאסר שלושה חדשים"
יבוא "מאסר ששה חדשים".</p></content></point><point><heading><authorialNote placement="side"><p>החלמת סעיף 48</p></authorialNote></heading><num>4</num><content><p>
במקום סעיף 48 לחוק העיקרי יבוא:</p></content></point><point><heading><authorialNote placement="side"><p>"אין הכרזה אלא על שטח מיועד</p></authorialNote></heading><num>48</num><content><p>
לא יכריז שר הפנים על שטח כגן לאומי, כשמורת טבע, כאתר
לאומי או כאתר הנצחה, ולא יכריז שר הבטחון על שטח כאתר הנצחה</p></content></point><point><heading><authorialNote placement="side"><p>תיקון סעיף 50</p></authorialNote></heading><num>5</num><content><p>
בסעיף 50 לחוק העיקרי, אחרי ''שר הפנים" יבוא "שר הבטחון".</p></content></point></chapter><signature><name>מנחם בגין</name><role>ראש הממשלה</role></signature><signature><name>שמחה ארליך</name><role>שר החקלאות</role></signature><signature><name>יוסף בורג</name><role>שר הפנים</role></signature><signature><name>יצחק נבון</name><role>נשיא המדינה</role></signature><dateOfAcceptance>18.02.1982</dateOfAcceptance></body>