<?xml version="1.0" encoding="UTF-8" ?>
<body><title><content><p>חוק לתיקון פקודת בתי הסוהר (מס' 3), תשל"ד-1974 *</p></content></title><point><heading><authorialNote placement="side"><p>תיקון סעיף 1 ו</p></authorialNote></heading><num>1</num><content><p>
בפקודת בתי הסוהר (נוסח חדש), תשל"ב-1971 1 (להלן - הפקודה), בסעיף 1 -
(1) בהגדרת "הנציב", המלה "שירות" - תימחק;
(2) אחרי הגדרת "לחם צר" יבוא:
""מישר" - לרבות סוהר שהמלה "מישר" היא חלק מתואר דרגתו,
ולרבות ממלא מקום קצין?"
(3) אחרי הגדרת "מנהל בית סוהר" יבוא:
""סמל" - לרבות סוהר שהמלה "סמל" היא חלק מתואר דרגתו;"
(4) אחרי הגדרת "סוהר" יבוא:
""סוהר בכיר" - סוהר מדרגת כלאי ומעלה;
"סוהר זוטר" - סוהר שאיננו סוהר בכיר;".</p></content></point><point><heading><authorialNote placement="side"><p>תיקון סעיף 13</p></authorialNote></heading><num>2</num><content><p>
בסעיף 13(ב) לפקודה, אחרי "בידי השר" יבוא "או בידי הנציב", והמלים "או אחד
מהמבקרים הרשמיים של בית הסוהר" - יימחקו.</p></content></point><point><heading><authorialNote placement="side"><p>תיקון סעיף 57</p></authorialNote></heading><num>3</num><content><p>
בסעיף 57 לפקודה, פסקה (4) - תימחק.</p></content></point><point><heading><authorialNote placement="side"><p>החלפת סימן ב' בפרק ג'</p></authorialNote></heading><num>4</num><content><p>
במקום סימן ב' בפרק ג' לפקודה יבוא:</p></content></point><section><num>"סימן ב':</num><title><content><p>מבקרים רשמיים</p></content></title><point><heading><authorialNote placement="side"><p>מינוי מבקרים רשמיים</p></authorialNote></heading><num>71</num><list><intro><p /></intro><subPoint><num>א</num><content><p> שר המשטרה ימנה מבקרים רשמיים לבתי סוהר.</p></content></subPoint><subPoint><num>ב</num><content><p> מינוי כאמור יכול שיהיה לבית סוהר מסויים או לחלק ממנו
או לסוגי בתי סוהר ויכול שיהיה כללי,</p></content></subPoint></list></point><point><heading><authorialNote placement="side"><p>מבקרים רשמיים מכוח כהונתם</p></authorialNote></heading><num>72</num><content><p>
לשופט של בית המשפט העליון וליועץ המשפטי לממשלה יהיו
סמכויות של מבקר רשמי לגבי כל בית סוהר בישראל; לשופט של בית
משפט מחוזי ולשופט של בית משפט שלום יהיו סמכויות של מבקר רשמי
לגבי כל בית סוהר שבאזור שיפוטו.</p></content></point><point><heading><authorialNote placement="side"><p>סמכויות מבקר רשמי</p></authorialNote></heading><num>72</num><list><intro><p>
א. (א) מבקר רשמי רשאי בכל עת להיכנס לבית סוהר שהוסמך לבקר
בו ולבדוק את התנאים שבו, את דרכי הטיפול באסירים, את ניהולו התקין
של בית הסוהר והתאמתם של כל אלה להוראות הדין ולהוראות אחרות.</p></intro><subPoint><num>ב</num><content><p> לשם ביצוע תפקידיו רשאי מבקר רשמי להיכנס לכל מקום
בבית סוהר ולשוחח עם כל אסיר.</p></content></subPoint></list></point><point><heading><authorialNote placement="side"><p>ריאיון אסירים</p></authorialNote></heading><num>72</num><content><p>
ב. אסיר רשאי לפנות אל מנהל בית הסוהר ולבקש ראיון עם מבקר
רשמי; מנהל בית הסוהר יעביר את הבקשה למבקר הרשמי בצירוף
הערותיו; אין מבקר רשמי חייב להיענות לבקשות ראיון. </p></content></point><point><heading><authorialNote placement="side"><p>דרגי הראיון</p></authorialNote></heading><num>72</num><content><p>
ג. מבקר רשמי רשאי להיפגש עם אסיר ולשוחח אתו, אף שלא בנוכ-
חות מנהל בית הסוהר או אדם אחר.</p></content></point><point><heading><authorialNote placement="side"><p>מסירת מידע</p></authorialNote></heading><num>72</num><content><p>
ד. מנהל בית סוהר וכל עובד בו ימסור למבקר רשמי, לפי דרישתו,
כל מידע, מסמך או דבר שידרוש לצורך מילוי תפקידו, אולם תיקים
בטחוניים יימסרו לפי דרישה רק למבקרים שהם שופטים של בית המשפט
העליון.</p></content></point><point><heading><authorialNote placement="side"><p>דו'"ח על ביקור</p></authorialNote></heading><num>72</num><content><p>
ה. בתום הביקור ירשום המבקר הרשמי בפנקס המוחזק לשם כך דין
וחשבון על ביקורו.</p></content></point><point><heading><authorialNote placement="side"><p>איסור ביקור לשעה</p></authorialNote></heading><num>72</num><content><p>
ו. שר המשטרה או מי שהוא הסמיך רשאי לפי שיקול דעתו לא להרשות
ביקור של מבקר רשמי בזמן פלוני, אם הוא סבור שמטעמים של בטחון
בית הסוהר והמשמורת הבטוחה של האסירים באותה שעה יש למנוע את
הביקור; לפי בקשתו של מבקר רשמי שנמנע ממנו ביקור, יסביר שר
המשטרה בכתב מדוע נמנע הביקור."</p></content></point><point><heading><authorialNote placement="side"><p>תיקון סעיף 80</p></authorialNote></heading><num>5</num><content><p>
בסעיף 80(ג) לפקודה, במקום פסקה (2) יבוא:
"(2) להשעות, לשחרר או לפטר סוהר, אם הוכח להנחת דעתו
שהסוהר מתרשל או בלתי יעיל במילוי תפקידו או אינו
מתאים לתפקידיו מסיבה אחרת, וכן להשעות סוהר שהואשם
בהתנהגות שלא כשורה, ובלבד שסוהר בכיר לא יושעה,
וסוהר מדרגת מישר ומעלה לא יפוטר, אלא באישור השר."</p></content></point><point><heading><authorialNote placement="side"><p>תיקון סעיף 64</p></authorialNote></heading><num>6</num><content><p>
בסעיף 84 לפקודה, במקום "בדרגת עוזר כלאי ומעלה" יבוא "בדרגת מישר ומעלה".</p></content></point><point><heading><authorialNote placement="side"><p>ביטול סעיף 101</p></authorialNote></heading><num>7</num><content><p>
סעיף 101 לפקודה - בטל.</p></content></point><point><heading><authorialNote placement="side"><p>תיקון סעיף 102</p></authorialNote></heading><num>8</num><content><p>
בסעיף 102 לפקודה, ברישה, המלה "זוטר" - תימחק, ובמקום כותרת השוליים יבוא
"רשימת העבירות".</p></content></point><point><heading><authorialNote placement="side"><p>החלפת סעיף 103</p></authorialNote></heading><num>9</num><content><p>
במקום סעיף 103 לפקודה יבוא:</p></content></point><point><heading><authorialNote placement="side"><p>''חקירה של סוהר למטה מדרגת מישר</p></authorialNote></heading><num>103</num><content><p>
הואשם סוהר שלמטה מדרגת מישר בעבירה מן המפורשות
בסעיף-102, רשאי הנציב, או מנהל בית סוהר או סוהר בכיר אחר שהנציב
הסמיכם לכך, לחקור באישום ולהעניש את העבריין בהתאם לאמור
בסעיף 104."</p></content></point><point><heading><authorialNote placement="side"><p>תיקון סעיף 104</p></authorialNote></heading><num>10</num><content><p>
בסעיף 104 לפקודה -
(1) בסעיף קטן (א), ברישה, במקום "להטיל על העבריין" יבוא "לאחר
שניתנה ל1אשם הזדמנות להשמיע את טענותיו, להרשיעו ולהטיל עליו";
(2) בסעיף קטן (ב), במקום "ולהטיל על העבריין" יבוא "לאחר שניתנה
לנאשם הזדמנות להשמיע את טענותיו, להרשיעו ולהטיל עליו".</p></content></point><point><heading><authorialNote placement="side"><p>תיקון סעיף 105</p></authorialNote></heading><num>11</num><content><p>
בסעיף 105 לפקודה -
(1) כותרת השוליים תהיה "חקירה של מישר וסוהר בכיר"?</p></content></point></section><signature><name>אפרים קציר</name><role>נשיא המדינה</role></signature><signature><name>גולדה מאיר</name><role>ראש הממשלה</role></signature><signature><name>שלמה הלל</name><role>שר המשטרה</role></signature><dateOfAcceptance>05.04.1974</dateOfAcceptance></body>