<?xml version="1.0" encoding="UTF-8" ?>
<body><title><content><p>חוק בינוי ופינוי של אזורי שיקום (תיקון), התשמ"ב-1981 *</p></content></title><point><heading><authorialNote placement="side"><p>תיקון סעיף 1</p></authorialNote></heading><num>1</num><content><p>
בסעיף 1 לחוק בינוי ופינוי של אזורי שיקום, התשכ"ה-1965 1 (להלן - החוק
העיקרי) -
(1) במקום הגדרת "חוק התכנון" יבוא:
""חוק התכנון" - חוק התכנון והבניה, התשכ"ה-1965 2 ;"
(2) במקום הגדרת "דירה", "בית עסק" ו"דייר יוצא" יבוא:
""דירה", "בית עסק" ו"דייר יוצא" - כמשמעותם בחוק הגנת הדייר [נוסח
משולב], התשל"ב-1972 8."</p></content></point><point><heading><authorialNote placement="side"><p>תיקון סעיף 4</p></authorialNote></heading><num>2</num><content><p>
בסעיף 4 לחוק העיקרי, במקום סעיף קטן (ג) יבוא:
"(ג) הרשות רשאית להקים גופים נפרדים, בין לבדה ובין יחד עם אחרים, ולהצטרף
לגופים קיימים, ולאצול לכל גוף כאמור מסמכויותיה, למעט הסמכויות האמורות
בסעיף 17 ו-20, הכל באישור שר הבינוי והשיכון."</p></content></point><point><heading><authorialNote placement="side"><p>תיקון סעיף 6</p></authorialNote></heading><num>3</num><content><p>
בסעיף 6 לחוק העיקרי, במקום סעיף קטן (א) יבוא:
"(א) חברי הרשות יהיו:
(1) שר הבינוי והשיכון או מי שהשר מינהו לכך - יושב ראש הרשות;
(2) נציג שר הבינוי והשיכון;
(3) נציג שר האוצר;
(4) נציג שר הבטחון;
. (5) נציג שר הבריאות;
(6) נציג שר החינוך והתרבות;
(7) נציג שר העבודה והרווחה;
(8) נציג שר הפנים;
(9) נציג שר התחבורה;
(10) נציג שר הבינוי והשיכון שהוא מומחה לעניני שיכון ותכנון;
(11) מנהל מינהל מקרקעי ישראל או נציגו;
(12) ראשי העיריות בירושלים, חיפה ותל-אביב-יפו או מי שהם מינו
כנציגיהם;
(13) יושב ראש מרכז השלטון המקומי בישראל או נציגו;
(14) שני ראשי רשויות מקומיות שתמנה הממשלה;
(15) נציג "עמידר" החברה לשיכון עולים בע"מ;
(16) שני נציגי ציבור שתמנה הממשלה על פי המלצת שר הבינוי והשיכון."</p></content></point><chapter><num>ספר החוקים</num><title><content><p>1035, כ''ו בכסלו התשמ''ב, 22.12.1981</p></content></title><point><heading><authorialNote placement="side"><p>תיקון סעיף 8</p></authorialNote></heading><num>4</num><content><p>
בסעיף 8 לחוק העיקרי -</p></content></point><point><heading><authorialNote placement="side"><p>תיקון סעיף 17</p></authorialNote></heading><num>5</num><content><p>
(1) בסעיף 17 לחוק העיקרי, במקום סעיף קטן (ב) יבוא:</p></content></point><point><heading><authorialNote placement="side"><p>תיקון סעיף 22</p></authorialNote></heading><num>6</num><content><p>
בסעיף 22 לחוק העיקרי, במקום סעיף קטן (ג) יבוא:</p></content></point><point><heading><authorialNote placement="side"><p>הוספת סעיף 24א</p></authorialNote></heading><num>7</num><content><p>
אחרי סעיף 24 לחוק העיקרי יבוא:</p></content></point></chapter><chapter><num>ופרק ג'</num><title><content><p>לא יחולו על ההכרזה.</p></content></title><point><heading><authorialNote placement="side"><p>תיקון סעיף 37</p></authorialNote></heading><num>8</num><content><p>
בסעיף 37 לחוק העיקרי, במקום סעיף קטן (ב) יבוא: .</p></content></point><point><heading><authorialNote placement="side"><p>החלפת סעיף 43</p></authorialNote></heading><num>9</num><content><p>
במקום סעיף 43 לחוק העיקרי יבוא:</p></content></point><point><heading><authorialNote placement="side"><p>"אי תחולת חוק הגנת הדייר</p></authorialNote></heading><num>43</num><content><p>
חוק הגנת הדייר [נוסח משולב], "התשל"ב-1972, לא יחול על
דיור ארעי." </p></content></point></chapter><signature><name>יצחק נבון</name><role>נשיא המדינה</role></signature><signature><name>מנחם בגין</name><role>ראש הממשלה</role></signature><signature><name>דוד לוי</name><role>שר הבינוי והשיכון</role></signature><dateOfAcceptance>22.12.1981</dateOfAcceptance></body>