<?xml version="1.0" encoding="UTF-8" ?>
<body><title><content><p>חוק הגנת הדייר [נוסח משולב] (תיקון מס' 2), התשמ"ג-1982*</p></content></title><point><heading><authorialNote placement="side"><p>תיקון סעיף 52</p></authorialNote></heading><num>1</num><content><p>
בסעיף 52 לחוק הגנת הדייר [נוסח משולב], התשל"ב-1972 1 (להלן - החוק
העיקרי -
(1) בסעיף קטן (ב), במקום הסיטה המתחילה במלה "ובלבדי' יבוא:
"ובלבד שלגבי בתי עסק שעליהם חלים סעיף 52 א או תקנות לסי סעיף 61
לא ייקבעו דמי שכירות העולים על השיעורים המרביים או המופחתים,
לפי העניו."
(2) סעיפים קטנים (ג), (ד) ו-(ה) - יימחקו.</p></content></point><point><heading><authorialNote placement="side"><p>הוספת סעיף 52א</p></authorialNote></heading><num>2</num><content><p>
אחרי סעיף 52 לחוק העיקרי יבוא:</p></content></point><point><heading><authorialNote placement="side"><p>תיקון סעיף 53</p></authorialNote></heading><num>3</num><content><p>
בסעיף 53 לחוק העיקרי, אחרי "52" יבוא "52א".</p></content></point><point><heading><authorialNote placement="side"><p>תיקון סעיף 55</p></authorialNote></heading><num>4</num><content><p>
בסעיף 55 לחוק העיקרי, במקום "קבעה הממשלה, בתקנות בתי עסק, מקסימום
לדמי שכירות" יבוא "חלים דמי שכירות מרביים לפי סעיף 52א", ובמקום "על המקסימום
לפי תקנות בתי עסק וסעיף 54" יבוא "על דמי השכירות המרביים לפי סעיפים 52א ו-54".</p></content></point><point><heading><authorialNote placement="side"><p>תיקון סעיף 61</p></authorialNote></heading><num>5</num><content><p>
בסעיף 61 לחוק העיקרי, במקום "בתקנות בתי עסק תקבע הממשלה" יבוא "הממשלה
תקבע בתקנות'/</p></content></point><point><heading><authorialNote placement="side"><p>בישול סעיף 148</p></authorialNote></heading><num>6</num><content><p>
סעיף 148 לחוק העיקרי - בטל.</p></content></point><point><heading><authorialNote placement="side"><p>הוראת מעבר</p></authorialNote></heading><num>7</num><content><p>
סעיף 6 יחול על עניינים התלויים ועומדים ביום תחילת חוק זה לפני בית דין
לשכירות.</p></content></point><point><heading><authorialNote placement="side"><p>תחייה</p></authorialNote></heading><num>8</num><content><p>
תחילתו של חוק זה ביום ט"ז בטבת התשמ"ג (1 בינואר 1983).</p></content></point><signature><name>יצחק נבון</name><role>נשיא המדינה</role></signature><signature><name>מנחם בגין</name><role>ראש הממשלה</role></signature><signature><name>דוד לוי</name><role>שר הבינוי והשיכון</role></signature><dateOfAcceptance>31.12.1982</dateOfAcceptance></body>