<?xml version="1.0" encoding="UTF-8" ?>
<body><title><content><p>חוק להשקעות משותפות בנאמנות (תיקון מס' 3), תש"ם-1980*</p></content></title><point><heading><authorialNote placement="side"><p>תיקון סעיף 8</p></authorialNote></heading><num>1</num><content><p>
בסעיף 5 לחוק להשקעות משותפות כנאמנות, תשכ"א-1961  1(להלן - החוק העיקרי)'
במקום "ממיליון לירות" יבוא "ממיליון שקלים" ובסופו יבוא:
"(4) חברה שמטרתה העיקרית לעסוק בנאמנויות' והיא
אושרה לצורך זה בידי שר האוצר."</p></content></point><point><heading><authorialNote placement="side"><p>תיקון סעיף 6</p></authorialNote></heading><num>2</num><content><p>
בסעיף 6 לחוק העיקרי, במקום "ממאה אלף לירות" יבוא "מחמישים אלף שקלים".</p></content></point><point><heading><authorialNote placement="side"><p>תיקון סעיף 8</p></authorialNote></heading><num>3</num><list><intro><p>
האמור בסעיף 8 לחוק העיקרי יסומן (א) ואחריו יבוא:
"(ב) לא יאשר שר האוצר הסכם נאמנות אם מנהל הקרן והנאמן
הן חברות קשורות או כאשר לא מובטחת לדעתו ההפרדה כין מנהל הקרן
לבין הנאמן.</p></intro><subPoint><num>ג</num><content><p> לענין סעיף זה -
"חברות קשורות" - חברות שמרבית מנהליה של החברה האחת מכהנים
כמנהלים גם בחברה השניה או בחברת בת שלה או בחברה שלובה שלה
(לכל אלה ייקרא להלן - החכרה האחרת) או שלחברה האחת כוח
השפעה על החברה האחרת' וכן חברות שלחברה שלישית כוח השפעה
על כל אחת מהן?
"כוח השפעה"' על חברה - החזקה כעשרה אחוזים או יותר מן הערך
הנקוב של הון המניות המוצא שלה או מכוח ההצבעה שבה' או בסמכות
למנות עשרה אחוזים לפחות ממנהליה של החברה או את מנהלה הכללי;
"חברה בת"' "חברה שלובה" ו"החזקה" - כהגדרתן כחוק ניירות ערך,
תשכ"ח-1968 2".</p></content></subPoint></list></point><point><heading><authorialNote placement="side"><p>הוספת סעיף 14א</p></authorialNote></heading><num>4</num><content><p>
אחרי סעיף 14 לחוק העיקרי יבוא:</p></content></point><point><heading><authorialNote placement="side"><p>"הגבלת החזקת מטבע חוץ</p></authorialNote></heading><num>14</num><content><p>
א. שר האוצר' כאישור ועדת הכספים של הכנסת' רשאי לקבוע -
דרך כלל' לסוגי קרנות או בהתחשב בהרכב השקעותיהן ערב תחילתו של
חוק להשקעות משותפות בנאמנות (תיקון מס' 3)' תש"ם-1930 - את
אחוז המזומנים שרשאי מנהל הקרן להחזיק במטבע חוץ כמשמעותו בחוק
הפיקוח על המטבע' תשל"ח-31978".</p></content></point><point><heading><authorialNote placement="side"><p>הוספת סעיף 50א</p></authorialNote></heading><num>5</num><content><p>
אחרי סעיף 50 לחוק העיקרי יבוא:</p></content></point><point><heading><authorialNote placement="side"><p>''כללים בדבר חובותיהם של הנאמן ומנחל הקרן</p></authorialNote></heading><num>50</num><list><intro><p>
א. (א) שר האוצר' כאישור ועדת הכספים של הכנסת' רשאי לקבוע
כללים בדבר חובותיהם של הנאמן ושל מנהל הקרן.</p></intro><subPoint><num>ב</num><content><p> לא מילאו הנאמן או מנהל הקרן את חובותיהם על פי חוק זה
או התקנות לפיו' רשאי שר האוצר להורות על הפסקת המכירה של יחידות
הקרן."
סמי 81.</p></content></subPoint></list></point><chapter><num>ספר החוקים</num><title><content><p>976, ה' באב תש"ם, 18.7.1980</p></content></title><point><heading><authorialNote placement="side"><p>הוראת מעני</p></authorialNote></heading><num>6</num><content><p>
מיום כ' באלול תש"ם (1 בספטמבר 1980) לא יותר פרסום תשקיף בידי קרן הפועלת
על פי הסכם נאמנות שאישר שר האוצר לפני יום פרסומו של חוק זה' אלא אם מנהל הקרן
והנאמן אינם חברות קשורות ומובטחת לדעת שר האוצר ההפרדה ביניהם. או שיש לקרן
שני נאמנים החייבים לפעול יחד ואחד מהם לפחות הוא חברה שאינה קשורה למנהל'
ונפרדת ממנו.</p></content></point><point><heading><authorialNote placement="side"><p>פרסום</p></authorialNote></heading><num>7</num><content><p>
חוק זה יפורסם ברשומות תוך שלושים יום מיום קבלתו.</p></content></point></chapter><signature><name>יצחק נבון</name><role>נשיא המדינה</role></signature><signature><name>יגאל ידין</name><role>סגן ראש הממשלה</role></signature><signature><name>יגאל הורביץ</name><role>שר האוצר</role></signature><dateOfAcceptance>18.07.1980</dateOfAcceptance></body>