<?xml version="1.0" encoding="UTF-8" ?>
<body><title><content><p>חוק החזרת תשלומים (התקנת טלפון וטלקס), תשכ"ח-1968 .</p></content></title><point><heading><authorialNote placement="side"><p>החזרת עודף תשלוט</p></authorialNote></heading><num>1</num><content><p>
מי ששילם בעד שירות מהשירותם המפורטים בתוספת סכום העולה על התעריף
הקיים בעד אותו שירות בעת היכנס חוק זה לתקפו, זכאי להחזרת הסכום העודף; ומי שהת-
חייב לשלם סכום העולה כאמור יהא פטור מלשלם את הסכום העודף.</p></content></point><point><heading><authorialNote placement="side"><p>ביצוע ותקנות</p></authorialNote></heading><num>2</num><content><p>
שר הדואר ממונה על ביצוע חוק זה והוא יקבע בתקנות, באישור ועדת הכספים של
הכנסת, את צורת ההחזרה ומועדיה.</p></content></point><signature><name>שביאור זלמן שזר</name><role>נשיא המדינה</role></signature><signature><name>לוי אשכול</name><role>ראש הממשלה</role></signature><signature><name>ישראל ישעיהו-שרעבי</name><role>שר הדואר</role></signature><dateOfAcceptance>03.07.1968</dateOfAcceptance></body>