<?xml version="1.0" encoding="UTF-8" ?>
<body><title><content><p>חוק הדרכים (שילוט), תשכ"ו-1966*</p></content></title><point><heading><authorialNote placement="side"><p>הגדרות</p></authorialNote></heading><num>1</num><content><p>
בחוק זה -
"שלט" - כל דבר שיש בו הודעה לרבים בדרך של כתב, דפוס, הדבקה, הצגה, הארה,
צביעה, חריטה וכיוצא באלה;
"דרך", "דרך עירונית", ו-"תמרור" - כמשמעותם בפקודת התעבורה1 והתקנות לפיה;
"ועדה מחוזית" - כמשמעותה בחוק התכנון והבניה, תשכ"ה-21965.</p></content></point><point><heading><authorialNote placement="side"><p>איסור התקנת שלטים</p></authorialNote></heading><num>2</num><content><p>
לא יתקין אדם שלט בתוך מאה מטרים מצירה של דרך, שלא בהיתר לפי חוק זה
(להלן - היתר), למעט דרך עירונית.</p></content></point><point><heading><authorialNote placement="side"><p>הסמכות לתת היתרים</p></authorialNote></heading><num>3</num><content><p>
הסמכות ליתן היתר היא, בתחום רשות מקומית - אותה רשות באישור הועדה המחר-
זית, ומחוץ לתחום רשות מקומית - הועדה המחוזית.</p></content></point><point><heading><authorialNote placement="side"><p>ועדת משבה</p></authorialNote></heading><num>4</num><content><p>
הועדה המחוזית תשתמש להפעלת סמכויותיה לפי חוק זה בועדת משנה שחבריה
יהיו:
(1) נציג שר העבודה, יושב ראש;
(2) נציג שר התחבורה;
(3) נציג שר הפנים;
(4) נציג שר המשטרה;
(5) נציג שר החקלאות.</p></content></point><point><heading><authorialNote placement="side"><p>תנאי להיתר</p></authorialNote></heading><num>5</num><content><p>
לא יינתן היתר אלא אם -
(1) השלט נועד למניעת תאונות דרכים או למניעת שריפות;
(2) השלט מורה על מציאותו של מפעל פלוני והוא מותקן בחצרי המפעל
או בסמוך לו;
(3) השלט מורה על מציאותו של אתר היסטורי, מקום קדוש או מקום מקודש;
(4) המקום המיועד להתקנת השלט הוא בית אירוח, תחנת דלק או תחנת
אוטובוסים, ואין בו כדי להסיח את דעתו של הנוהג ברכב.</p></content></point><point><heading><authorialNote placement="side"><p>סייג להיתר</p></authorialNote></heading><num>6</num><content><p>
לא תתיר ולא תאשר ועדת משנה התקנת שלט המורה -
(1) על אתר היסטורי - אלא לאחר התייעצות עם שר החינוך והתרבות או
מי שהשר הסמיכו לכך;
(2) מקום קדוש או מקודש - אלא לאחר התייעצות עם שר הדתות או מי
שהשר הסמיכו לכך;
(3) בענינים הנוגעים לבטיחות ותנועה בדרכים - אלא לאחר התייעצות עם
שר התחבורה או מי שהשר הסמיכו לכך.</p></content></point><point><heading><authorialNote placement="side"><p>ביטול היתר</p></authorialNote></heading><num>7</num><content><p>
היתר יכול שיהיה מותנה/ ומי שבתן אותו רשאי לבטלו בדרך שבה ניתן, אם פסקו או
נשתנו התנאים שהצדיקו נתינתו, או שנוצרו תנאים הנוגדים התקנתו.</p></content></point><point><heading><authorialNote placement="side"><p>סילוק שלט שהותקן ללא היתר</p></authorialNote></heading><num>8</num><list><intro><p /></intro><subPoint><num>א</num><content><p> הותקן שלט ללא היתר' או שהופר תנאי שבהיתר, רשאי מי ששר העבודה
הסמיכו לכך בהודעה ברשומות (להלן - הרשות), להרוס את השלט או להסירו, ובלבד
שנתן התראה לבעל השלט והוא לא הסירו תוך המועד שנקבע בהתראה.</p></content></subPoint><subPoint><num>ב</num><content><p> הוסר שלט או נהרס כאמור בסעיף קטן (א), יחזיר בעל השלט לאוצר המדינה
את ההוצאות שהוצאו להריסתו או הסרתו (להלן - הוצאות הסילוק); תעודה בכתב מאת
הרשות המעידה על סכום הוצאות הסילוק, תשמש ראיה לכאורה לתכנה.</p></content></subPoint><subPoint><num>ג</num><content><p> פקודת המסים (גביה) 3 - למעט סעיף 12 שבה - תחול על גביית הוצאות הסי-
לוק; שר העבודה רשאי למנות אדם שיהיו לו הסמכויות של ממונה על המחוז ושל קצין
מחוז לענין הפקודה האמורה, והוא ימלא לענין סעיף זה את התפקידים המוטלים על ממונה
על המחוז וקצין מחוז לפי הפקודה האמורה.</p></content></subPoint></list></point><point><heading><authorialNote placement="side"><p>סמכויות עזר לרשות</p></authorialNote></heading><num>9</num><content><p>
הרשות, או מי שהוסמך לכך על ידיה, רשאים להיכנס בכל עת סבירה לכל חצרים
ולהשתמש כמידה סבירה של כוח לשם ביצוע סמכויותיה של הרשות לפי חוק זה.</p></content></point><point><heading><authorialNote placement="side"><p>שלטים מיוחדים</p></authorialNote></heading><num>10</num><content><p>
חוק זה לא יחול על שלט שנועד להזהיר מפני סכנה המצויה בחצרים שבהם מותקן
השלט, או שחובה להתקינו על פי חיקוק, ובלבד שאין בו, לפי דעת הרשות, כדי להסיח
דעתו של הנוהג ברכב.</p></content></point><point><heading><authorialNote placement="side"><p>דין המדינה</p></authorialNote></heading><num>11</num><content><p>
חוק זה יחול על שלטי המדינה, למעט שלטים שהתקינו צבא-הגנה לישראל או משטרת
ישראל, ולמעט תמרורים.</p></content></point><point><heading><authorialNote placement="side"><p>אי תחולת פקודת המודעות</p></authorialNote></heading><num>12</num><content><p>
פקודת המודעות 4 לא תחול על שלטים שהתקנתם טעונה היתר על פי חוק זה.</p></content></point><point><heading><authorialNote placement="side"><p>שמירת תוקף</p></authorialNote></heading><num>13</num><content><p>
אין באמור בחוק זה כדי לגרוע מהוראות סעיף 70 לפקודת התעבורה או מהוראות חוק
התכנון והבניה, תשכ"ה-1965, והוא בא להוסיף על חיובים שהוטלו וסמכויות שהוענקו
בחיקוקים אחרים ולא לגרוע מהם.</p></content></point><point><heading><authorialNote placement="side"><p>הוראת מעבר</p></authorialNote></heading><num>14</num><content><p>
חוק זה לא יחול על שלטים שהיו מותקנים ערב תחילתו/ אלא כתום ששה חדשים
מיום פרסומו ברשומות.</p></content></point><point><heading><authorialNote placement="side"><p>ביצוע ותקנות</p></authorialNote></heading><num>15</num><content><p>
שר העבודה ושר הפנים ממונים על ביצוע חוק זה, והם רשאים להתקין יחדיו תקנות
לביצועו.</p></content></point><signature><name>לוי אשכול</name><role>ראש הממשלה</role></signature><signature><name>יגאל אלון</name><role>שר העבודה</role></signature><signature><name>חיים משה שפירא</name><role>שר הפנים</role></signature><signature><name>שניאור זלמן שזר</name><role>נשיא המדינה</role></signature><dateOfAcceptance>09.02.1966</dateOfAcceptance></body>