<?xml version="1.0" encoding="UTF-8" ?>
<body><title><content><p>חוק היטל על הזמנת יתר בהנפקת מניות, התשמ"ג-1962 *</p></content></title><point><heading><authorialNote placement="side"><p>הגדרות</p></authorialNote></heading><num>1</num><content><p>
בחוק זה -
''בורסה" - הבורסה לניירות ערך בתל-אביב בע''מ;
"מניה" - מניה או תעודה המקנה זכות לרכישת מניה או להמרה למניה, אשר בתשקיף
בו היא מוצעת לציבור צויין שהבורסה הסכימה עקרונית לרשמה למסחר בה או
שהמנפיק עומד לפנות לבורסה בבקשה לרשמה למסחר בה;
-"מציע" - מי שמציע מניות לציבור;
"מזמין" - מי שמבקש לרכוש מניה מן המציע שעה שהמניה מונפקת לראשונה (להלן -
רכישה במקור);
"הזמנת יתר" - ההפרש בין המחיר של כל המניות שהמזמין ביקש לרכוש במקור לבין
המחיר שעל המזמין לשלם בעד כל המניות שהוקצו לו על פי אותה בקשה.</p></content></point><point><heading><authorialNote placement="side"><p>היטל על הזמנת יתר</p></authorialNote></heading><num>2</num><content><p>
מזמין חייב בהיטל בשיעור של 2% מהזמנת היתר.</p></content></point><point><heading><authorialNote placement="side"><p>סמכות לקונות שיעור ההיטל</p></authorialNote></heading><num>3</num><list><intro><p /></intro><subPoint><num>א</num><content><p> שר האוצר רשאי בצו, באישור ועדת הכספים של הכנסת, לשנות את השיעור
הקבוע בסעיף 2 ולקבעו בין 0% לבין 4%	, ולקבוע שיעורים שונים בהתחשב בשיעור
הזמנת היתר.</p></content></subPoint><subPoint><num>ב</num><content><p> צו לפי סעיף זה יחול לגבי הזמנת מניות שהוצעו על פי תשקיף שפורסם
אחרי יום אישור הצו בועדת הכספים של הכנסת.</p></content></subPoint></list></point><point><heading><authorialNote placement="side"><p>אי תחולת 6טור מכוח דין אחר</p></authorialNote></heading><num>4</num><content><p>
הוראת כל דין הפוטר ממס, היטל או תשלום חובה אחר (להלן - מסים), לרבות
הוראה הקובעת כי דינו של אדם, לענין מסים, כדין המדינה - לא תחול על ההיטל לפי
חוק זה.</p></content></point><point><heading><authorialNote placement="side"><p>אי התרת ההיטל כניכוי</p></authorialNote></heading><num>5</num><content><p>
על אף האמור בכל דין לא יותר ניכוי ההיטל כהוצאה לענין חישוב ההכנסה
החייבת במס הכנסה.</p></content></point><point><heading><authorialNote placement="side"><p>ניכוי במקור</p></authorialNote></heading><num>6</num><content><p>
היתה הזמנת יתר, ינכה המציע את ההיטל מן הסכום שהופקד אצלו בשל הזמנת
המניות שחלקה הושב ריקם, ביום שנקבעה חלוקת המניות בין המזמינים, ויעביר את
ההיטל לפקיד השומה לא יאוחר מיום העסקים שלאחר היום האמור; לענין זה, "יום
עסקים" - יום שאינו יום מנוחה כמשמעותו בסעיף 18א לפקודת סדרי השלטון והמשפט,
התש''ח-1948 1, ואינו יום העצמאות,</p></content></point><point><heading><authorialNote placement="side"><p>החלת הוראות פקודת טס הכנסה</p></authorialNote></heading><num>7</num><list><intro><p /></intro><subPoint><num>א</num><content><p> לענין גביית ההיטל, לרמת חובת הניכוי במקור, יחולו הוראות פקודת מס
הכנסה 2, לרבות הוראות העונשין החלות על אי מילוי הוראותיה, כאילו היה ההיטל מס
הכנסה.
* נתקגל בכנסת ביום ט''ו בכסלו התשמ"ג (1 בדצמבר 1982) ; הצעת החוק ודברי הסבר פורסמו בה''ח 1607,</p></content></subPoint><subPoint><num>ב</num><content><p> החייב בניכר ההיטל ובהעברתו לפקיד השומה, ולא עשה כן במועד הקבוע
בסעיף 6, יהא חייב בקנס פיגורים לסי חוק המסים (קנס פיגורים), התשמ"א-1981 ,
אולם הקנס יחול החל מן היום שלמחרת המועד להעברת ההיטל.</p></content></subPoint></list></point><point><heading><authorialNote placement="side"><p>תחולה</p></authorialNote></heading><num>8</num><content><p>
חוק זה יחול לגבי הזמנת מניות שהוצעו על פי תשקיף שהתקופה להגשת הזמנות
על פיו מתחילה ביום י"ט בכסלו התשמ"ג (5 בדצמבר 1982) אוי אחריו.</p></content></point><point><heading><authorialNote placement="side"><p>ב יצוע ותקנות</p></authorialNote></heading><num>9</num><content><p>
שר האוצר ממונה על ביצוע חוק זה ורשאי להתקק תקנות בכל הנוגע לביצועו.</p></content></point><signature><name>יצחק נבון</name><role>נשיא המדינה</role></signature><signature><name>מנחם בגין</name><role>ראש הממשלה</role></signature><signature><name>יורם ארידור</name><role>שר האוצר</role></signature><dateOfAcceptance>07.12.1982</dateOfAcceptance></body>