<?xml version="1.0" encoding="UTF-8" ?>
<body><title><content><p>חוק לתיקון פקודת הגבלת שכר דירה (דירות), תשי"ב-1951*</p></content></title><point><heading><authorialNote placement="side"><p>הוראות מעבר</p></authorialNote></heading><num>2</num><content><p>
היה ענין תלוי ועומד, ערב תחילת תקפו של חוק זה, לפני בית דין לשכר דירה,
יימשך הדיון באותו ענין כאילו חוק זה לא נכנס לתקפו.</p></content></point><signature><name>יוסף שפרינצק</name><role>יושב ראש הכנסת</role></signature><signature><name>דוד בן-גוריון</name><role>ראש הממשלה</role></signature><signature><name>דב יוסף</name><role>שר המשפטים</role></signature><dateOfAcceptance>26.12.1951</dateOfAcceptance></body>