<?xml version="1.0" encoding="UTF-8" ?>
<body><title><content><p>חוק להשקעות משותפות בנאמנות (תיקון), תשכ"ה-1965*</p></content></title><point><heading><authorialNote placement="side"><p>החלמת סעיף 35</p></authorialNote></heading><num>1</num><content><p>
במקום סעיף 35 לחוק להשקעות משותפות בנאמנות, תשכ"א-1961 1(להלן - החוק
העיקרי), יבוא:</p></content></point><point><heading><authorialNote placement="side"><p>ימס הכנסה בכל קרן</p></authorialNote></heading><num>35</num><list><intro><p /></intro><subPoint><num>א</num><content><p> הכנסתה של קרן, למעט הכנסה הנובעת ממימוש ניירות ערך
שלה-
(1) תהיה פטורה ממס חברות;
(2) תהיה פטורה ממס הכנסה חוץ מן המס שנוכה ממנה לפי
סעיף 161 לפקודה; לא נוכה ממנה מס כאמור, תהא חייבת
במס של 25%, זולת אם היתה פטורה ממס לפי כל דין.
עמ' 162.</p></content></subPoint><subPoint><num>ב</num><content><p> הכנסתה של קרן הנובעת ממימוש ניירות ערך שלה, יחולו
עליה הוראות חלק ה' לפקודה,"</p></content></subPoint></list></point><point><heading><authorialNote placement="side"><p>תיקון סעיף 36</p></authorialNote></heading><num>2</num><content><p>
בסעיף 36 לחוק העיקרי, בסופו, יבוא "למעט הכנסה הנובעת ממימוש ניירות הערך
של הקרן".</p></content></point><point><heading><authorialNote placement="side"><p>הוספת סעיף 39א</p></authorialNote></heading><num>3</num><content><p>
אחרי סעיף 39 לחוק העיקרי יבוא:</p></content></point><point><heading><authorialNote placement="side"><p>'ריווח הון מפדיון או מגירה של יחידות או תעודות השתתפות</p></authorialNote></heading><num>39</num><content><p>
א. ריווח הון מפדיון או מכירה של יחידה או תעודת השתתפות שנבע
לבעליה, פטור ממס".</p></content></point><signature><name>לוי אשכול</name><role>ראש הממשלה</role></signature><signature><name>פנחס ספיר</name><role>שר האוצר</role></signature><signature><name>שניאור זלמן שזר</name><role>נשיא המדינה</role></signature><dateOfAcceptance>10.01.1965</dateOfAcceptance></body>