<?xml version="1.0" encoding="UTF-8" ?>
<body><title><content><p>חוק הסכמים קיבוציים (הוראת שעה), תשל"ו-1976 *</p></content></title><point><heading><authorialNote placement="side"><p>הסכם קיבוצי עדיף</p></authorialNote></heading><num>1</num><content><p>
הוראות ההסכם הקיבוצי האמור בתוספת עדיפות -- לגבי הצדדים להסכם ולגבי
העובדים הנזכרים בו וחליפיהם - על כל הוראה בהסכם קיבוצי, חוזה עבודה או הסדר
אחר, או בפסק דין או בפסק בוררות, שנעשו או ניתנו לפני תחילתו של חוק זה, וכוחן
יפה - על אף האמור בכל דין - לכל דבר וענין.</p></content></point><point><heading><authorialNote placement="side"><p>תחילה</p></authorialNote></heading><num>2</num><content><p>
תחילתו של חוק זה מיום א' בניסן תשל"ו (1 באפריל 1976).</p></content></point><chapter><num>ספר החוקים</num><title><content><p>809, י"א באייר תשל"ו, 11.5.1976</p></content></title></chapter><signature><name>אפרים קציר</name><role>נשיא. המדינה</role></signature><signature><name>יצחק רבין</name><role>ראש הממשלה</role></signature><signature><name>משה ברעם</name><role>שר העבודה</role></signature><dateOfAcceptance>11.05.1976</dateOfAcceptance></body>