<?xml version="1.0" encoding="UTF-8" ?>
<body><title><content><p>חוק ההוצאה לפועל (תיקון), תשכ"ט-1968 *</p></content></title><point><heading><authorialNote placement="side"><p>הוספת סעיפים 81א ו-81ב</p></authorialNote></heading><num>1</num><content><p>
בחוק ההוצאה לפועל, תשכ"ז-1967 1(להלן - החוק העיקרי), אחרי סעיף 81 יבוא:</p></content></point><point><heading><authorialNote placement="side"><p>"הוצאה לפועל של שטרות</p></authorialNote></heading><num>81</num><list><intro><p>
א. (א) שטר חליפין, שטר חוב ושיק, כמשמעותם בפקודת השטרות 2
(בחוק זה - שטר), ניתן לביצוע כמו פסק דין של בית-משפט, והסכום
הנקוב בשטר ייגבה בתוספת ריבית כפי שנקבע בו - ואם לא נקבע בו,
בתוספת ריבית בשיעור שנקבע בחוק פסיקת ריבית, תשכ"א-31961 -
החל ממועד פרעונו של השטר, ואם לא נקבע בו מועד - החל מיום הצגת
השטר לפרעון.</p></intro><subPoint><num>ב</num><content><p> המבקש ביצועו של שטר יגיש ללשכת ההוצאה לפועל בקשה
על כך שתהא נתמכת בתצהיר לאימות העובדות הכלולות בה.</p></content></subPoint><subPoint><num>ג</num><content><p> החייב רשאי להגיש התנגדות לביצוע הבקשה, שתהא נתמכת
בתצהיר ובו יפורטו העובדות ונימוקי ההתנגדות, ומשהוגשה ההתנגדות
יעכב ראש ההוצאה לפועל את הביצוע ויעביר את הענין לבית המשפט;
לענין הדיון בבית המשפט רואים את ההתנגדות כבקשת רשות להתגונן
בדיון מקוצר לפי תקנות סדר הדין האזרחי, תשכ"ג-1963*.</p></content></subPoint></list></point><point><heading><authorialNote placement="side"><p>שמירת דינים וזכויות</p></authorialNote></heading><num>81</num><content><p>
נ. אין בסעיף 81א כדי לגרוע מזכויותיהם וחובותיהם של הצדדים על
פי פקודת השטרות, ואין בו כדי למנוע אוחז שטר מלהגיש לבית המשפט
תובענה לתשלום השטר."</p></content></point><point><heading><authorialNote placement="side"><p>תיקון סעיף 88</p></authorialNote></heading><num>2</num><content><p>
בסעיף 88 לחוק העיקרי, אחרי פסקה (5) יבואן
"(5א) דרכי הבקשה להוצאה לפועל של שטר, הגשת הת-
נגדות להוצאה לפועל ומועדי ההגשה, העברת הענין לבית
המשפט עקב ההתנגדות, דרכי ההוצאה לפועל, וסמכותן
המקומית של לשכות ההוצאה לפועל לענין ביצוע השטר."</p></content></point><point><heading><authorialNote placement="side"><p>תחילה</p></authorialNote></heading><num>3</num><content><p>
תחילתו של חוק זה ביום י"ג בניסן תשכ"ט (1 באפריל 1969),</p></content></point><signature><name>שניאור זלמן שזר</name><role>נשיא המדינה</role></signature><signature><name>לוי אשכול</name><role>ראש הממשלה</role></signature><signature><name>יעקב ש' שפירא</name><role>שר המשפטים</role></signature><dateOfAcceptance>26.12.1968</dateOfAcceptance></body>