<?xml version="1.0" encoding="UTF-8" ?>
<body><point><heading><authorialNote placement="side"><p>חוק הדגל והסמל, תש"ט-1949* 1* פירושים. (א) "דגל המדינה" - פירושו הדגל שמועצת-המדינה הזמנית הכריזה עליו ביום כ"ה בתשרי תש"ט (28 באוקטובר 1948) 1 כעל דגל מדינת ישראל, או דגל, בכל גודל שהוא, שדמותו כדמות הדגל האמור, וכולל כל דבר שיש בו דמות דגל המדינה. (ב) "סמל המדינה" - פירושו הסמל שמועצת-המדינה הזמנית הכריזה עליו ביום י"א בשבט תש"ט (10 בפברואר 1949) 2 כעל סמל מדינת ישראל. 2* שימוש בדגל המדינה לשם מסחר וכוי, (א) לא ישתמש אדם שימוש כל שהוא בדגל המדינה לשם מסחר, עסק או משלח-יד, אלא על פי רשיון או כתב-היתר מאת שר הפנים : אך הנפת דגל המדינה, ייצור דגלי המדינה ומסחר בהם אינם בגדר שימוש בדגל המדינה כאמור בסעיף קטן זה. (ב) העובר על סעיף זה דינו - מאסר עד ששה חדשים או קנס עד מאה וחמשים לירות או שני העבשים כאחד. 3 .שימוש בסמל המדינה. (א) לא ייצר אדם דבר ובו סמל המדינה, אלא על פי רשיון או כתב-היתר מאת שר הפנים. (ב) לא ישתמש אדם שימוש כל שהוא בסמל המדינה, אלא על פי רשיון או כתב-היתר מאת שר הפנים. (ג) העובר על סעיף זה דינו - מאסר עד ששה חדשים או קנס עד מאה וחמשים לירות או שני הענשים כאחד. 4. תנאי רשיון או כתב-היתר. (א) רשיון או כתב-היתר הניתן על פי חוק זה יכול להיות כללי או לאדם מסויים או לסוג מסויים של בני אדם, ושר הפנים רשאי לקבוע בו תנאים והגבלות כטוב בעיניו. (ב) שר הפנים רשאי לבטל בכל עת רשיון או כתב-היתר שניתן על פי חוק זה. 5. פגיעה בכבוד דגל המדינה או סמלה. הפוגע בכבוד דגל המדינה או בכבוד סמל המדינה, או גורם לפגיעה בכבודו, או משתמש בו באופן שיש בו כדי לפגוע בכבודו, דינו - מאסר עד שנה אחת או קנס עד שלוש מאות לירות או שני הענשים כאחד. * נתקבל בכנסת ביום י"ט באייר תש"ט (18 בטאי 1040). הצעת החוק ודברי ה0בר נתפרסמו בהצעות חוק 5 מיום כ"ב בניסן תש"ט (21.4.40), עטי 25. 1 ע"ר מיום י' בחשון תש"ט (12.11.48), עמ' 62. 1 ע"ר מיום י''ב בשבט תש"ט (11.2.49), עמ' .404 37                                            ספר החוקים 8                    כ"ה באייר התש"ט 24.05.1949</p></authorialNote></heading><num>6</num><list><intro><p>
ביצוע ותקנות.
שר הפגים ממונה על ביצוע חוק זה והוא רשאי להתקין תקנות בכל ענין הנוגע
לביצועו, ובכלל זה תקנות -</p></intro><subPoint><num>א</num><content><p> הקובעות את דרכי השימוש בדגל המדינה ובסמל המדינה על ידי מוסדות
המדינה ועל ידי בני אדם בשירות המדינה :</p></content></subPoint><subPoint><num>ב</num><content><p> הקובעות תנאים, הגבלות ואיסורים על השימוש בפומבי בדגל המדינה :</p></content></subPoint><subPoint><num>ג</num><content><p> הקובעות את דרכי חלוקת כבוד לדגל המדינה.
7 .העברת סמכויות.</p></content></subPoint><subPoint><num>א</num><content><p> שר הפנים רשאי להעביר לאדם אחר את הסמכויות הנתונות בידיו על
פי חוק זה, כולן או מקצתן, חוץ מן הסמכויות הנתונות בידיו על פי סעיף 6.</p></content></subPoint><subPoint><num>ב</num><content><p> הודעה על כל העברת סמכויות על פי סעיף זה תפורסם ברשומות.
8 .דגלים וסמלים דומים.</p></content></subPoint><subPoint><num>א</num><content><p> דגל, או דבר שיש בו דמות של דגל, הדומה לדגל המדינה עד כדי
שאפשר לטעות בו ולראותו כדגל המדינה - דינו כדין דגל המדינה לצורך
סעיפים 2 ו-6.</p></content></subPoint><subPoint><num>ב</num><content><p> סמל, הדומה לסמל המדינה עד כדי שאפשר לטעות בו ולראותו כסמל
המדינה - דינו כדין סמל המדינה לצורך הסעיפים 3 ו-6.
38                                            ספר החוקים 8                    כ"ה באייר התש"ט 24.05.1949</p></content></subPoint></list></point><dateOfAcceptance>18.12.1980</dateOfAcceptance></body>