<?xml version="1.0" encoding="UTF-8" ?>
<body><title><content><p>חוק הדרכונים (תיקון מס' 2), תשכ"ו-1966 *</p></content></title><point><heading><authorialNote placement="side"><p>הוספת סעיפים</p></authorialNote></heading><num>1</num><content><p>
אחרי סעיף 6 לחוק הדרכונים/ תשי"ב-11952 (להלן - החוק העיקרי), יבוא:</p></content></point><point><heading><authorialNote placement="side"><p>סמכות ליטול דרכון ותעודת מעבר</p></authorialNote></heading><num>6</num><content><p>
ב. השר רשאי לדרוש מבעל דרכון או תעודת מעבר שימציא את
הדרכון או את תעודת המעבר לידיו, או למי שצויין בדרישה, למטרות
אלה, כולן או מקצתן:
(1) גניזת הדרכון או תעודת המעבר אם פקע תקפם;
(2) חידושם אם נתבלו;
(3) שינוי הרשום בהם;
(4) בדיקתם;
ובלבד שלא ייעשה שינוי ברשום בדרכון או בתעודת מעבר אלא לאחר
שניתנה לנוגע בדבר הזדמנות נאותה להשמיע את דבריו."</p></content></point><point><heading><authorialNote placement="side"><p>תיקון סעיף 8</p></authorialNote></heading><num>2</num><list><intro><p>
בסעיף 8 לחוק העיקרי -
(1) בסעיף קטן (א) -</p></intro><subPoint><num>א</num><content><p> במקום פסקה (1) יבוא:
"(1) זייף דרכון או תעודת מעבר, הוסיף, שינה או מחק, ללא
רשות, רישום בהם, תלש חלק מהם או עשה פעולה המכוונת
לזיוף, להוספה, לשינוי, למחיקה או לתלישה כאלה;"</p></content></subPoint><subPoint><num>ב</num><content><p> במקום פסקה (2) יבוא:
"(2) השתמש או החזיק בדרכון או בתעודת מעבר שזויפו או
שנעשו בהם ללא רשות הוספת רישום, מחיקתו או שינוי בו,
ולא הוכיח כי השימוש או ההחזקה היו בתום לב?"
(2) בסעיף קטן (ב), אחרי פסקה (2) יבוא:
"(3) למלא אחר דרישה להמציא דרכון או תעודת מעבר
כאמור בסעיף 6ב".</p></content></subPoint></list></point><point><heading><authorialNote placement="side"><p>תיקון סעיף 10</p></authorialNote></heading><num>3</num><content><p>
בסעיף 10 לחוק העיקרי, במקום "הפרטים שיפורטו בדרכון ובתעודת מעבר" יבוא
"צורתם של דרכון ושל תעודת מעבר, הפרטים שיפורטו בהם".</p></content></point><signature><name>שניאור זלמן שזר</name><role>נשיא המדינה</role></signature><signature><name>לוי אשכול</name><role>ראש הממשלה</role></signature><signature><name>זרח ורהפטיג</name><role>שר הדתות</role></signature><dateOfAcceptance>11.08.1966</dateOfAcceptance></body>