<?xml version="1.0" encoding="UTF-8" ?>
<body><title><content><p>חוק החזרת תשלומים (אגרות טלוויזיה), תשל"א-1971*</p></content></title><point><heading><authorialNote placement="side"><p>הגדרות</p></authorialNote></heading><num>1</num><content><p>
בחוק זה -
"המועד הקובע* - יום י"א בטבת תשכ"ט (1 בינואר 1969);
"השר" - כמשמעותו בחוק רשות השידור, תשכ"ה-1965 1.</p></content></point><point><heading><authorialNote placement="side"><p>החורת תשלום</p></authorialNote></heading><num>2</num><content><p>
מי ששילם לפני המועד הקובע, אגרה בעד רשיון להתקנת מקלט טלוויזיה או
להחזקתו, או בעד חידוש רשיון כאמור, זכאי להחזרתה.</p></content></point><point><heading><authorialNote placement="side"><p>דין בול בטחון</p></authorialNote></heading><num>3</num><content><p>
בול בטחון ששולם, לפני המועד הקובע, בעד החזקת מקלט טלוויזיה, דינו, לענין
החזרה כאמור בסעיף 2, כדין האגרה,</p></content></point><point><heading><authorialNote placement="side"><p>ביצוע ותקנות</p></authorialNote></heading><num>4</num><content><p>
השר ממונה על ביצוע חוק זה והוא יקבע בתקנות, באישור ועדת הכספים של הכנסת,
את צורת ההחזרה ומועדיה.</p></content></point><signature><name>גולדה מאיר</name><role>ראש הממשלה</role></signature><signature><name>שגיאור זלמן שזר</name><role>נשיא המדינה</role></signature><chapter><num>ספר החוקים</num><title><content><p>616, ט' בשבט תשל"א, 4.2.1971</p></content></title></chapter><dateOfAcceptance>04.02.1971</dateOfAcceptance></body>