<?xml version="1.0" encoding="UTF-8" ?>
<body><title><content><p>חוק הגנת הדייר (תיקון מס' 2), תשי"ז-1956 *</p></content></title><point><heading><authorialNote placement="side"><p>תיקון סעיף 6</p></authorialNote></heading><num>1</num><content><p>
בסעיף 6 לחוק הגנת הדייר, תשי"ד-1954 1(להלן - החוק), בסעיף קטן (א), במקום
המלים "בתוספת ששיעוריה ייקבעו" יבואו המלים "בתוספת שלא תעלה על השיעורים
שייקבעו".</p></content></point><point><heading><authorialNote placement="side"><p>תיקון סעיף 15</p></authorialNote></heading><num>2</num><content><p>
בסעיף 15 לחוק, בסעיף קטן (ב), תיווסף פסקה זו:
"(4) חל בדירה הנדונה שינוי בנתונים העלולים להשפיע על גובה דמי השכירות,
ובלבד שבקשה לפי פסקה זו לא תוגש יותר מאחת לשנים עשר חודש."</p></content></point><point><heading><authorialNote placement="side"><p>החלפת סעיף 10</p></authorialNote></heading><num>3</num><content><p>
במקום סעיף 16 לחוק יבוא סעיף זה:</p></content></point><point><heading><authorialNote placement="side"><p>,,חזקות</p></authorialNote></heading><num>16</num><list><intro><p /></intro><subPoint><num>א</num><content><p> דירה כאמור בסעיף 4, שבנייתה הושלמה ביום הקובע או לפניו
ונתעלמו דמי השכירות שהשתלמו בעדה אותו יום, או שלא היתה מושכרת
אותו יום, רואים את דמי השכירות שהשתלמו אותו יום בעד דירה דומה
לה באותה סביבה כדמי השכירות שהשתלמו אותו יום בעדה.</p></content></subPoint><subPoint><num>ב</num><content><p> דירה כאמור בסעיף 5, שנתעלמו דמי השכירות שנפסקו לה, או
שבנייתה הושלמה לאחר היום הקובע ולא נפסקו לה דמי שכירות, רואים
את דמי השכירות שהשתלמו בעד דירה דומה לנדונה באותה סביבה
סמוך ליום שנפסקו דמי השכירות לדירה הנדונה, או סמוך ליום שבו
הושכרה לראשונה הדירה הנדונה, הכל לפי הענין, כדמי השכירות שהש-
תלמו אותה שעה בעד הדירה הנדונה.</p></content></subPoint><subPoint><num>ג</num><content><p> דירה כאמור בסעיף 9 , שנתעלמו דמי השכירות שהשתלמו
בעדה ביום ט"ז בניסן תשי"ג (1 באפריל 1953)' או שלא היתה מושכרת
אותו יום, רואים את דמי השכירות שהשתלמו אותו יום בעד דירה דומה
לה באותה סביבה כדמי השכירות שהשתלמו אותו יום בעדה."</p></content></subPoint></list></point><point><heading><authorialNote placement="side"><p>תיקון סעיף 20</p></authorialNote></heading><num>4</num><content><p>
בסעיף 29 לחוק יהא סעיף קטן (ב) נקרא סעיף קטן (ג), ולפניו יבוא סעיף קטן זה:
"(ב) נפסקו דמי השכירות על-ידי בית דין והוגש ערעור, רשאי בית
המשפט לערעורים להעריך ולקבוע מחדש את דמי השכירות ואין הוא
קשור בממצאיו של בית הדין."</p></content></point><point><heading><authorialNote placement="side"><p>תיקון סעיף 33</p></authorialNote></heading><num>5</num><content><p>
בסעיף 33 לחוק, במקום סעיף קטן (א), יבוא סעיף קטן זה;
"(א) בעל הבית חייב -
(1) בניקוי החצר, הגינה והשטח המשמשים את דיירי הבית;
(2) בניקוי הכניסה לבית וחדר המדרגות;
(3) בהחזקת בור השופכין הקיים במצב תקין ובדאגה להרקתו
הסדירה."</p></content></point><point><heading><authorialNote placement="side"><p>ביטול סעיף 34</p></authorialNote></heading><num>6</num><content><p>
סעיף 34 - בטל.</p></content></point><point><heading><authorialNote placement="side"><p>תיקון סעיף 47</p></authorialNote></heading><num>7</num><content><p>
בסעיף 47 לחוק -
(1) במקום סעיף קטן (ב) יבוא סעיף קטן זה:
"(ב) נציגי הציבור יהיו: אחד מתוך רשימת נציגי בעלי בתים ואחד מתוך
רשימת נציגי דיירים; רשימות אלה ייקבעו על-ידי שר המשפטים, בצו,
מאנשים המייצגים, לדעת השר, בעלי בתים או דיירים; הוצעו לשר
המשפטים מועמדים על-ידי ארגוני בעלי בתים וארגוני דיירים, שהם
לדעת השר ארגונים יציגים, יכלול השר מועמדים אלה ברשימות
האמורות."
(2) אחרי סעיף קטן (ב) יווסף סעיף קטן זה:
''(ג) בהסכמת הצדדים, רשאי אב בית הדין, כדן יחידי, לשמוע את
את הצדדים, להחליט החלטות ביניים ולתת תוקף של פסק להסכם פשרה
שביניהם."</p></content></point><point><heading><authorialNote placement="side"><p>תיקון סעיפים 51 ו-54</p></authorialNote></heading><num>8</num><list><intro><p /></intro><subPoint><num>א</num><content><p> הכתוב בסעיף 51 לחוק יהיה סעיף קטן (א) ואחריו יבוא סעיף קטן זה:
"(ב) לא דרש בעל הבית לשלם דמי השכירות החדשים עד יום כ"ט באדר
ב' תשי"ז (1 באפריל 1957) יחולו דמי השכירות החדשים מיום הדרישה
אחרי התאריך האמור; אולם רשאי בית הדין לקבוע כי דמי השכירות
יחולו מתאריך מוקדם יותר' אם ראה לפי הנסיבות שמן הצדק הוא לעשות
כן, ובלבד שלא יקדים תאריך זה ליותר משנה אחת לפני יום הדרישה
האמור."</p></content></subPoint><subPoint><num>ב</num><content><p> בסעיף 54 לחוק, בסופו' במקום המלים "לענין סעיף 53(1)" יבואו המלים "לענין
סעיפים 51(ב) ו-53(1)".</p></content></subPoint></list></point><point><heading><authorialNote placement="side"><p>תיקון סעיף 52</p></authorialNote></heading><num>9</num><content><p>
בסעיף 52 לחוק' בסופו ולפני הנקודה יבואו מלים אלה:
"אם נפסקו במעמדו' או מיום שנמסר לו העתק הפסק כחוק' אם ניתן שלא במעמדו".</p></content></point><point><heading><authorialNote placement="side"><p>תיקון סעיף 53 </p></authorialNote></heading><num>10</num><content><p>
בסעיף 53 לחוק, בפסקה (3) , אחרי המלים "מיום הפסק" יבואו המלים "אם ניתן
במעמדו' או מיום שנמסר לו העתק כחוק' אם ביתן שלא במעמדו".</p></content></point><point><heading><authorialNote placement="side"><p>תיקו! סעיף  64</p></authorialNote></heading><num>11</num><content><p>
בסעיף 64 לחוק תיווסף פסקה זו:
"(3) בדבר האגרות המשתלמות בעד מתן תעודה לפי סעיף 39 (ב)."</p></content></point><point><heading><authorialNote placement="side"><p>הוספת סעיף 05</p></authorialNote></heading><num>12</num><content><p>
אחרי סעיף 64 לחוק יבוא סעיף זה:</p></content></point><point><heading><authorialNote placement="side"><p>למי תשולם האגרה</p></authorialNote></heading><num>65</num><content><p>
תעודה שניתנה לצורך סעיף 39 (ב) על-ידי מהנדס או רופא של רשות
מקומית-האגרה בעדה תשולם לאותה רשות מקומית; ניתנה התעודה
על ידי מהנדס או רופא שבשירות המדינה - תשולם האגרה לאוצר
המדינה."</p></content></point><point><heading><authorialNote placement="side"><p>תיקוז התוספת הראשונה</p></authorialNote></heading><num>13</num><content><p>
בתוספת הראשונה לחוק, בקטע (ג), תבוא בכל פרט ופרט אחרי המקף, המלה "עד".</p></content></point><point><heading><authorialNote placement="side"><p>תקפו של מינוי</p></authorialNote></heading><num>14</num><content><p>
מינויו של נציג ציבור לפני תחילתו של חוק זה' שהיה מינוי כדין אילו היה חוק
זה בר-תוקף אותה שעה' רואים אותו כמינוי כדין משעת המינוי.</p></content></point><point><heading><authorialNote placement="side"><p>הוראות מעבר</p></authorialNote></heading><num>15</num><list><intro><p /></intro><subPoint><num>א</num><content><p> כל ענין שביום תחילתו של חוק זה היה תלוי ועומד לפני בית דין או בית משפט
לערעורים יימשך הדיון בו על פי חוק זה.</p></content></subPoint><subPoint><num>ב</num><content><p> בית דין שפסק דמי שכירות למושכר לפני תחילתו של חוק זה, רשאי, על פי
בקשת כל צד' לבטל או לשנות את הפסק על מנת להגשים הוראות חוק זה לגבי דמי
השכירות שמועד תשלומם לא הגיע, אם נראה לבית הדין כי הפסק לא היה ניתן אילו
היה חוק זה בר-תוקף בשעה שהפסק ביתן.</p></content></subPoint></list></point><signature><name>יצחק בן-צבי</name><role>נשיא המדינה</role></signature><signature><name>דוד בן-גוריון</name><role>ראש הממשלה</role></signature><signature><name>פנחס רוזן</name><role>שר המשפטים</role></signature><dateOfAcceptance>03.01.1957</dateOfAcceptance></body>