<?xml version="1.0" encoding="UTF-8" ?>
<body><title><content><p>חוק המועצה להשכלה גבוהה (תיקון מס' 3), תשל"ב-1972*</p></content></title><point><heading><authorialNote placement="side"><p>החלפת סעיף 11</p></authorialNote></heading><num>1</num><content><p>
במקום סעיף 11 לחוק המועצה להשכלה גבוהה, תשי"ח~11958 (להלן-החוק העיקרי),
יבוא:</p></content></point><point><heading><authorialNote placement="side"><p>"סירוב להכיר</p></authorialNote></heading><num>11</num><content><p>
ביקש מוסד להכיר בו כמוסד; להשכלה גבוהה והמועצה סירבה
לעשות כן, רשאי שר החינוך והתרבות, או המוסד באמצעות שר החינוך
והתרבות, להביא את בקשת ההכרה והחלטת המועצה לפני הממשלה,
והיא רשאית להחזירה למועצה לדיון חוזר: החלטת המועצה בדיון החוזר
תהא סופית."</p></content></point><point><heading><authorialNote placement="side"><p>הוספת סעיפים 21א עד 21ח</p></authorialNote></heading><num>2</num><content><p>
לאחר סעיף 21 לחוק העיקרי יבוא:</p></content></point><point><heading><authorialNote placement="side"><p>"תעודת היתר</p></authorialNote></heading><num>21</num><list><intro><p>
א. (א) לא יפתח אדם ולא יקיים מוסד, ולא יפרסם פתיחתו או קיומו,
אם המוסד לא הוכר לפי סעיף 9 והוא מעניק, או מבטיח להעניק, תואר
אקדמי או נקודות זכות לקראת תואר אקדמי, אלא אם ניתנה למוסד
תעודת היתר מאת המועצה (להלן - היתר).</p></intro><subPoint><num>ב</num><content><p> לענין סעיף זה, אין נפקא מינה אם המוסד נפתח או קויים
על ידי מוסד להשכלה גבוהה, אם כשלוחה או סניף או בדרך אחרת.</p></content></subPoint></list></point><point><heading><authorialNote placement="side"><p>כללים ותנאים להיתר</p></authorialNote></heading><num>21</num><list><intro><p>
ב. (א) המועצה,' לאחר התייעצות עם ועדת החינוך והתרבות של
הכנסת, תקבע כללים למתן היתר? הכללים יפורסמו ברשומות.</p></intro><subPoint><num>ב</num><content><p> המועצה רשאית להתנות מתן היתר בתנאים שהמוסד חייב
למלאם בין קודם למתן ההיתר ובין לאחר שניתן לו ההיתר.</p></content></subPoint><subPoint><num>ג</num><content><p> כללים ותנאים כאמור לא יגבילו חופש הדעה והמצפון.</p></content></subPoint></list></point><point><heading><authorialNote placement="side"><p>תקפו של היתר</p></authorialNote></heading><num>21</num><content><p>
ג. תקפו של היתר הוא לארבע שנים; לא נפתח המוסד תוך ארבע
שנים מיום מתן ההיתר, או לא הוכר לפי סעיף 9, הכרה מלאה, חלקית
זמנית או מותנית, רשאית המועצה להאריך את תוקף ההיתר לתקופות
נוספות שלא יעלו בסך הכל על ארבע שנים.</p></content></point><point><heading><authorialNote placement="side"><p>אישור הממשלה</p></authorialNote></heading><num>21</num><list><intro><p>
ד. (א) החליטה המועצה לתת היתר, תהיה החלטתה טעונה אישור
הממשלה, והחלטת הממשלה בדבר ההיתר תהיה סופית.</p></intro><subPoint><num>ב</num><content><p> המועצה תודיע למבקש על החלטה כאמור בסעיף קטן (א)
תוך שנה מיום הגשת הבקשה.</p></content></subPoint></list></point><point><heading><authorialNote placement="side"><p>ביטול היתר</p></authorialNote></heading><num>21</num><content><p>
ה. חדל להתקיים או הופר אחד הכללים או התנאים שעל יסודם ביתן
ההיתר, רשאית המועצה, לאחר שנתנה למוסד הזדמנות להשמיע דברו,
לבטל את ההיתר או להתלותו לתקופה שתקבע המועצה.</p></content></point><point><heading><authorialNote placement="side"><p>קרר</p></authorialNote></heading><num>21</num><list><intro><p>
ו. (א) מוסד שהמועצה סירבה לתת לו היתר או להאריך את תקפו
של ההיתר, או ביטלה או התלתה אותו, רשאי שר החינוך והתרבות, או
המוסד באמצעות שר החינוך והתרבות, לערור לפני הממשלה.</p></intro><subPoint><num>ב</num><content><p> הממשלה רשאית לאשר את החלטת המועצה או להחזיר את
הענין למועצה לדיון חוזר: החזירה הממשלה את הענין למועצה, תחזור
המועצה ותדון בו מחדש, והחלטתה בדיון החוזר טעונה אישור הממשלה;
החלטת הממשלה בדבר תהיה סופית.
עמ' 255.
נ2ז. מוסד שנפתח או מתקיים ללא היתר כאמור בסעיף 21א, רשאי בית
המשפט המחוזי, על פי בקשת היועץ המשפטי לממשלה, לצוות על סגירתו
:מועד ובדרך שבית המשפט יקבע, ובלבד שצו הסגירה לא ייכנס לתקפו
לפני תום שלושים יום מתאריך הצו.
צו סגירה מאת 
בית-המשפט 
[
?</p></content></subPoint></list></point><point><heading><authorialNote placement="side"><p>כינויים הטעונים אישור  . 1 !</p></authorialNote></heading><num>21</num><list><intro><p>
ח. (א) לא ישתמש מוסד חינוך באחד הכינויים האלה-אוניברסיטה,
טכניון, מכון טכנולוגי, פקולטה, אקדמיה, מכללה, השכלה גבוהה או
חינוך גבוה - בין בנפרד ובין בסמיכות, ובין בצירופו, כשם או כתואר,
לכינוי אחר, בין בעברית ובין בלועזית, אלא אם המוסד הוכר לפי סעיף 9,
או שהכינוי ניתן לו בחוק או שקיבל עליו אישור מאת המועצה להשכלה
גבוהה.</p></intro><subPoint><num>ב</num><content><p> הכינוי "מכללה" לא ישמש אלא למוסד על-תיכון המעניק
תואר אקדמי בוגר בלבד, או מקנה לימודים שמוסד מוסמך לפי חוק זה
להעניק תארים אקדמיים הכיר בהם לצרכי נקודות זכות.</p></content></subPoint><subPoint><num>ג</num><content><p> המועצה רשאית לאחר התייעצות עם ועדת החינוך והתרבות
של הכנסת, לקבוע כללים לאישור כינויים."</p></content></subPoint></list></point><point><heading><authorialNote placement="side"><p>תיקון סעיף 26</p></authorialNote></heading><num>3</num><content><p>
בסעיף 26 לחוק העיקרי -
(1) אחרי "מאסר שנה אחת" יבוא "או קנס עשרת אלפים לירות";
(2) אחרי פסקה (3) יבוא:
"(4) המפר הוראה מהוראות סעיף 21א או תקנה לפיו;
(5) המפר הוראה מההוראות האמורות בסעיף 21ח."</p></content></point><point><heading><authorialNote placement="side"><p>תיקון סעיף 28</p></authorialNote></heading><num>4</num><content><p>
בסעיף 28 לחוק העיקרי, אחרי "על מוסד שהוכר" יבוא "ועל מוסד שניתן לו היתר'/</p></content></point><point><heading><authorialNote placement="side"><p>תיקון חוק פיקוח על בתי ספר, תשכ"ט-1969</p></authorialNote></heading><num>5</num><content><p>
בחוק פיקוח על בתי ספר, תשכ"ט-1969 2, בסעיף 2(א)(2), בסופו יבוא "ועל מוסד
הטעון היתר לפי סעיף 21א לאותו חוק".</p></content></point><point><heading><authorialNote placement="side"><p>הוראות מעבר</p></authorialNote></heading><num>6</num><list><intro><p /></intro><subPoint><num>א</num><content><p> מי שלפני תחילתו של חוק זה פתח או קיים מוסד כאמור בסעיף 21א לחוק
העיקרי, רשאי להמשיך ולקיים את המוסד גם לאחר תחילתו של חוק זה, ובלבד שיגיש
למועצה בקשה להיתר לפי החוק העיקרי תוך תשעים יום מיום תחילתו של חוק זה, ואם
עשה כן יהא רשאי לקיים את המוסד עד להחלטה הסופית בדבר בקשתו.</p></content></subPoint><subPoint><num>ב</num><content><p> על אף האמור בסעיף 21ח לחוק העיקרי, רשאי מוסד להמשיך ולהשתמש באחד
הכינויים הנזכרים באותו סעיף עד תום 24 חדשים מיום תחילתו של חוק זה, או עד להחלטה
הסופית בדבר בקשתו לשאת את הכינוי, הכל לפי המועד המאוחר, ובלבד שהגיש את הבקשה
תוך תשעים יום מיום תחילתו של חוק זה.</p></content></subPoint></list></point><signature><name>שניאור זלמן שזר</name><role>נשיא המדינה</role></signature><signature><name>גולדה מאיר</name><role>ראש הממשלה</role></signature><signature><name>יגאל אלון</name><role>שר החינוך והתרבות</role></signature><dateOfAcceptance>28.01.1972</dateOfAcceptance></body>