<?xml version="1.0" encoding="UTF-8" ?>
<body><title><content><p>חוק היטל בטחון, תשכ"ז-1967 *</p></content></title><point><heading><authorialNote placement="side"><p>הגדרות</p></authorialNote></heading><num>1</num><list><intro><p>
בחוק זה -
(1) תהא לכל מונח המשמעות שיש לו בפקודת מס הכנסה1 (להלן - הפקודה) ;
(2) "המס הקובע" - המס שיחיד חייב בו לשנת המס 1967, למעט -</p></intro><subPoint><num>א</num><content><p> מס על הכנסה שלגביה ניתנה הנחה ממס לפי סעיפים 11 ו-13 לחוק לעי-
דוד השקעות הון, תש"י-1950 2, וסעיפים 47,46 ו-50 לחוק לעידוד השקעות
הון, תשי"ט-1959 3;</p></content></subPoint><subPoint><num>ב</num><content><p> מס על הכנסה מריבית או מדיבדנד שלגביה ניתנה הנחה לפי כל דין ;</p></content></subPoint><subPoint><num>ג</num><content><p> מס שתושב-חוץ חייב בו על הכנסתו ממקורות המפורטים בפסקאות (4)
ו-(5) לסעיף 2 לפקודה;
(3) "הכנסה חייבת" - למעט הכנסה כמפורט בפסקאות (א) עד (ג) להגדרת המס
הקובע.
תשכ"ז, עט' 148.
1 דיני מדינת ישראל, נוסח חדש 6, תשכ"א, עמ' 120; ס"ח 466, תשכ"ח, עטי 200.
2 ס"ח 41, תש"י, עט' .120
8 ס"ח 293, תשי"ט, עט' 234 ; ס"ח 442, תשכ"ח, עט' .30</p></content></subPoint></list></point><point><heading><authorialNote placement="side"><p>היטל בטחון</p></authorialNote></heading><num>2</num><content><p>
כל אדם ישלם בשנת המס 1967 היטל שיוקדש לבטחון המדינה (להלן - היטל בטחון).</p></content></point><point><heading><authorialNote placement="side"><p>שיעור ההיטל ליחיד</p></authorialNote></heading><num>3</num><content><p>
היטל בטחון ליחיד יהא -1/3% 8 מהמס הקובע.</p></content></point><point><heading><authorialNote placement="side"><p>שיעור ההיטל לחבר-בני- ארם</p></authorialNote></heading><num>4</num><content><p>
היטל בטחון לחבר-בני-אדם שהמס מוטל עליו לפי סעיפים 126 ו-128 לפקודה, יהא -
2 אגורות לכל לירה מהכנסתו החייבת, ולענין חישוב מס הכנסה יראו היטל בטחון כמס
חברות.</p></content></point><point><heading><authorialNote placement="side"><p>שיעור ההיטל ע? ריווח הון</p></authorialNote></heading><num>5</num><content><p>
היטל בטחון על ריווח הון, בכפוף לאמור בסעיף 91 (ב) לפקודה, יהא - 5 אגורות
לכל לירה מן הרווח.</p></content></point><point><heading><authorialNote placement="side"><p>מקדמות על חשבון ההיטל</p></authorialNote></heading><num>6</num><content><p>
יחיד או חבר-בני-אדם החייבים בתשלום מקדמות לפי סעיפים 175 או 176 לפקודה,
ישלמו על חשבון היטל הבטחון מקדמה ששיעורה הוא אחוז כאמור להלן מסך כל המקדמות
שהם חייבים בהן על חשבון המס לשנת המס 1967:
(1) ליחיד-1/3% 8 ;
(2) לחבר-בני-אדם - 5%.
תשלום המקדמה ייעשה באופן, במועדים ובשיעורים שייקבעו בתקנות.</p></content></point><point><heading><authorialNote placement="side"><p>ניכוי במקור</p></authorialNote></heading><num>7</num><content><p>
כל אדם האחראי בשנת המס 1967 לתשלום הכנסת עבודה או הכנסה לפי סעיף 2(4)
או (5) לפקודה, או הכנסה אחרת שנקבעה בצו לענין סעיף 164 לפקודה, ינכה ממנה, יחד עם
המס שהוא חייב לנכות, סכום נוסף על חשבון היטל בטחון, באופן, במועדים ובשיעורים
שייקבעו בתקנות.</p></content></point><point><heading><authorialNote placement="side"><p>דין ההיטל</p></authorialNote></heading><num>8</num><content><p>
דין היטל בטחון לכל ענין ודבר כדין המס.</p></content></point><point><heading><authorialNote placement="side"><p>ביצוע ותקנות</p></authorialNote></heading><num>9</num><content><p>
שר האוצר ממונה על ביצוע חוק זה והוא רשאי להתקין תקנות בכל דבר הנוגע
לביצועו.</p></content></point><signature><name>לוי אשכול</name><role>ראש הממשלה</role></signature><signature><name>שניאור זלמן שזר</name><role>נשיא המדינה</role></signature><signature><name>זאב שרף</name><role>שר המסחר והתעשיה</role></signature><dateOfAcceptance>13.06.1967</dateOfAcceptance></body>