<?xml version="1.0" encoding="UTF-8" ?>
<body><title><content><p>חוק לתיקון פקודת הדרכים ומסילות הברזל (הגנה ופיתוח) (מס' 3),</p></content></title><point><heading><authorialNote placement="side"><p>תיקון סעיף 2</p></authorialNote></heading><num>1</num><content><p>
בסעיף 2 לפקודת הדרכים ומסילות הברזל (הגנה ופיתוח), 1943  (להלן - הפקודה),
בהגדרת "דרך", אחרי "או של מסילת ברזל" יבוא "או צומת דרכים,".</p></content></point><point><heading><authorialNote placement="side"><p>תיקון סעיף 4</p></authorialNote></heading><num>2</num><content><p>
בסעיף 4 לפקודה, בסעיף קטן (2), במקום הסיפה המתחילה במלים "ואם היו" יבוא
"ואם היתה מסילת ברזל או תוואי של מסילת ברזל שנועדו לתחנה, או אם היתה צומת
דרכים - כל שטח קרקע הדרוש לתחנה או לצומת בשיעור שתקבע הרשות."</p></content></point><point><heading><authorialNote placement="side"><p>תיקון סעיף 10</p></authorialNote></heading><num>3</num><content><p>
בסעיף 10 (1) לפקודה, אחרי המלים "עבודת שיפור של קבע" יבוא "בשטח קרקע
הדרוש לצומת בשיעור כאמור בסעיף 4 (2) או".</p></content></point><signature><name>לוי אשכול</name><role>ראש הממשלה</role></signature><signature><name>יגאל אלון</name><role>שר העבודה</role></signature><signature><name>משה כרמל</name><role>שר התחבורה</role></signature><signature><name>שניאור זלמן שזר</name><role>נשיא המדינה</role></signature><dateOfAcceptance>02.02.1966</dateOfAcceptance></body>