<?xml version="1.0" encoding="UTF-8" ?>
<body><title><content><p>חוק לתיקון פקודת הדרכים (רחבן והתווייתן) (מס' 2), תשכ"ג-1963 *</p></content></title><point><heading><authorialNote placement="side"><p>תיקון סעיף 4</p></authorialNote></heading><num>1</num><content><p>
בסעיף 4(I) לפקודת הדרכים (רחבן והווייתן) 1 (להלן - הפקודה). במקום "במרחק
של עשרים מטרים" יבוא "כמרחק של עשרים וחמישה מסר".</p></content></point><point><heading><authorialNote placement="side"><p>תיקון סעיף 5</p></authorialNote></heading><num>2</num><content><p>
בסעיף 5 (1) לפקודה' במקום "רוחב של לא יותר מארבעים מטר" יבוא "רוחב של
לא יותר מחמישים מטר".</p></content></point><signature><name>לוי אשכול</name><role>ראש הממשלה</role></signature><signature><name>שניאור זלמן שזר</name><role>נשיא המדינה</role></signature><signature><name>יגאל אלון</name><role>שר העבודה</role></signature><dateOfAcceptance>16.08.1963</dateOfAcceptance></body>