<?xml version="1.0" encoding="UTF-8" ?>
<body><title><content><p>חוק לתיקון דיני הרכישה לצרכי ציבור (תיקון מסי 4), התשמ"א-1981 *</p></content></title><point><heading><authorialNote placement="side"><p>תיקון סעיף 8</p></authorialNote></heading><num>1</num><content><p>
בסעיף 8(ג) לחוק לתיקון דיני הרכישה לצרכי ציבור, התשכ"ד--1964 1 (להלן -
החוק העיקרי), פסקה (3) - תימחק.</p></content></point><point><heading><authorialNote placement="side"><p>תיקון סעיף 9</p></authorialNote></heading><num>2</num><content><p>
בסעיף 9 לחוק העיקרי, במקום י"א בניסן התש"ם (31 במרס 1980)" יבוא
"י"ז בניסן התשמ"ג (31 במרס 1983)".</p></content></point><point><heading><authorialNote placement="side"><p>תיקון סעיף 11</p></authorialNote></heading><num>3</num><content><p>
בסעיף 11 (א) לחוק העיקרי, אחרי ''תשלום הפיצויים" יבוא "או הפקדתם אצל
האפוטרופוס הכללי".</p></content></point><point><heading><authorialNote placement="side"><p>הוספת סעיף 13א</p></authorialNote></heading><num>4</num><content><p>
אחרי סעיף 13 לחוק העיקרי יבוא:</p></content></point><point><heading><authorialNote placement="side"><p>"דרכי הפקדה</p></authorialNote></heading><num>13</num><content><p>
א. שר המשפטים רשאי לקבוע בתקנות את דרכי הפקדת הפיצויים
אצל האפוטרופוס הכללי, לרבות פרטים שיש למסור לאפוטרופוס
הכללי בעת ההפקדה."</p></content></point><signature><name>י.צ ח ק נבון</name><role>נשיא המדינה</role></signature><signature><name>מנחם בגין</name><role>ראש הממשלה</role></signature><signature><name>יורם ארידור</name><role>שר האוצר</role></signature><dateOfAcceptance>06.03.1981</dateOfAcceptance></body>