<?xml version="1.0" encoding="UTF-8" ?>
<body><title><content><p>חוק להשקעות משותפות בנאמנות (תיקון מס' 2), תשל"ו-1975 *</p></content></title><point><heading><authorialNote placement="side"><p>תיקון סעיף 35</p></authorialNote></heading><num>1</num><content><p>
בסעיף 35(א) (2) לחוק להשקעות משותפות בנאמנות, תשכ"א-1961 1 (להלן -
החוק העיקרי), במקום "25%" יבוא "35%".</p></content></point><point><heading><authorialNote placement="side"><p>תיקון סעיף 36</p></authorialNote></heading><num>2</num><content><p>
בסעיף 36 לחוק העיקרי, במקום "21%" יבוא "26%".</p></content></point><point><heading><authorialNote placement="side"><p>תיקון סעיף 41</p></authorialNote></heading><num>3</num><content><p>
בסעיף 41 לחוק העיקרי, במקום "21%" יבוא "26%".</p></content></point><point><heading><authorialNote placement="side"><p>תחולה</p></authorialNote></heading><num>4</num><content><p>
תחולתו של חוק זה משנת המס 1976 ואילך.</p></content></point><signature><name>אפרים קציר</name><role>נשיא המדינה</role></signature><signature><name>יצחק רבין</name><role>ראש הממשלה</role></signature><signature><name>יהושע רבינוביץ</name><role>שר האוצר</role></signature><dateOfAcceptance>06.01.1976</dateOfAcceptance></body>