<?xml version="1.0" encoding="UTF-8" ?>
<body><title><content><p>חוק הסכמים קיבוציים (תיקון מס' 4), התשמ"ג-1983 ?</p></content></title><point><heading><authorialNote placement="side"><p>החלפת סעיף 28</p></authorialNote></heading><num>3</num><content><p>
במקום סעיף 28 לחוק הסכמים קיבוציים, התשי"ז-1957 1, יבוא:</p></content></point><point><heading><authorialNote placement="side"><p>"צו הרחבה</p></authorialNote></heading><num>28</num><list><intro><p /></intro><subPoint><num>א</num><content><p> צו הרחבה יפורסם ברשומות ויפורטו בו ההוראות שהורחבו
וסוגי העובדים והמעבידים שעליהם חל הצו.</p></content></subPoint><subPoint><num>ב</num><content><p> בצו הרחבה אפשר לקבוע כי תחילתו - לגבי הוראות כמפורט
להלן - תקדם לתאריך פרסומו עד שלושה חדשים או עד ליום תחילתן
של הוראות ההסכם שהורחבו בו, לפי המאוחר:
(1) הוראה של הסכם קיבוצי כללי שענינה אחד מאלה:</p></content></subPoint><subPoint><num>א</num><content><p> תוספת יוקר;</p></content></subPoint><subPoint><num>ב</num><content><p> פיצוי בעד התייקרות;</p></content></subPoint><subPoint><num>ג</num><content><p> שכר מינימום.
(2) הוראה של הסכם קיבוצי כללי החל על כמה ענפים,
שלדעת שר העבודה והרווחה יש הצדקה לקבוע שתחילתה
תהיה למפרע, בשים לב למספר בעלי ההסכם ולאופיה של
ההוראה.</p></content></subPoint><subPoint><num>ג</num><content><p> פורסם צו הרחבה עם תחילה למפרע כאמור בסעיף קטן (ב),
רשאי המעביד לשלם את ההפרשים הנובעים מהתהילה למפרע של הצו,
* נתקגי בכנסת ביום ס' בניסן התשמ''ג (23 במרס 1983); הצעת החוק ודברי הסבר פורסמו בה''ח 1605, התשמ''ג,
עמ' 32.
בשיעורים חדשיים שווים ורצופים שמספרם כמספר החדשים שחלפו מיום
תחילת הצו ועד יום פרסומו, ולענין זה יראו חלק מחודש כחודש שלם."</p></content></subPoint></list></point><signature><name>יצחק נבון</name><role>נשיא המדינה</role></signature><signature><name>מנחם בגין</name><role>ראש הממשלה</role></signature><signature><name>אהרן אוזן</name><role>שר העבודה והרווחה</role></signature><dateOfAcceptance>30.03.1983</dateOfAcceptance></body>