<?xml version="1.0" encoding="UTF-8" ?>
<body><title><content><p>חוק לתיקון פקודת הדרכים (רחבן והתווייתן), תשי"א-1951 *</p></content></title><point><heading><authorialNote placement="side"><p>תיקון פקודת הדרכים (רחבן והתווייתן)</p></authorialNote></heading><num>1</num><list><intro><p>
פקודת הדרכים (רחבן והתווייתן) 1, תתוקן כך:</p></intro><subPoint><num>א</num><content><p> בסעיף 2, בהגדרת הביטוי "עבודת שיפור של קבע'/ אחרי המלים "כל עבודת
השקאה'/ יבואו המלים "אספקת מים, ביוב, ניקוז".</p></content></subPoint><subPoint><num>ב</num><content><p> בסעיף 4 (1), במקום המלים "עשרה מטרים" יבואו המלים "עשרים מטר".</p></content></subPoint><subPoint><num>ג</num><content><p> בסעיף 5(1), במקום המלים "עשרים מטר" יבואו המלים "ארבעים מטר".</p></content></subPoint></list></point><signature><name>דוד בן-גוריון</name><role>ראש הממשלה</role></signature><signature><name>חיים ווייצמן</name><role>נשיא המדינה</role></signature><dateOfAcceptance>15.02.1951</dateOfAcceptance></body>