<?xml version="1.0" encoding="UTF-8" ?>
<body><title><content><p>חוק הדרכונים (תיקון מס' 3), תשכ"ט-1969 *</p></content></title><point><heading><authorialNote placement="side"><p>תיקון סעיף 4</p></authorialNote></heading><num>1</num><content><p>
בסעיף 4 לחוק הדרכונים, תשי"ב-1952 1, בסעיף קטן (א) ובסעיף קטן (ב), במקום
"שנתיים" יבוא "חמש שנים".</p></content></point><point><heading><authorialNote placement="side"><p>תחולה</p></authorialNote></heading><num>2</num><content><p>
דרכון שניתן או שתקפו הוארך לפני תחילתו של חוק זה, אין חוק זה בא לשנות את
תקופת תקפו.</p></content></point><signature><name>שביאור זלמן שזר</name><role>בשיא המדיבה</role></signature><signature><name>לוי אשכול</name><role>ראש הממשלה</role></signature><signature><name>חיים משה שפירא</name><role>שר הפנים</role></signature><dateOfAcceptance>16.01.1969</dateOfAcceptance></body>