<?xml version="1.0" encoding="UTF-8" ?>
<body><title><content><p>חוק המועצה להשכלה גבוהה (תיקון מס' 7), תשל"ט-1978*</p></content></title><point><heading><authorialNote placement="side"><p>החלפת סעיף 27</p></authorialNote></heading><num>1</num><content><p>
במקום סעיף 27 לחוק המועצה להשכלה גבוהה, תשי"ח~-1958 1, יבוא:</p></content></point><point><heading><authorialNote placement="side"><p>"דין המדינה</p></authorialNote></heading><num>27</num><list><intro><p /></intro><subPoint><num>א</num><content><p> הוראות חוק זה יחולו גם על המדינה, אולם סעיפים 14, 15
ו-17 לא יחולו על מוסד להכשרת עובדי חינוך שהיא מקיימת.</p></content></subPoint><subPoint><num>ב</num><content><p> שר החינוך והתרבות רשאי, על פי הצעת המועצה או מיזמתו
ובהסכמת המועצה, וכאישור ועדת החינוך והתרבות של הכנסת, להתקין
תקנות בדבר חופש פעולה של מוסד כאמור בסעיף קטן (א), כענינים
המנויים בסעיף 15, כולם או מקצתם."</p></content></subPoint></list></point><signature><name>יצחק בבון</name><role>נשיא המדינה</role></signature><signature><name>מנחם בגין</name><role>ראש הממשלה</role></signature><signature><name>זבולון המר</name><role>שר החינוך והתרבות</role></signature><dateOfAcceptance>15.12.1978</dateOfAcceptance></body>