<?xml version="1.0" encoding="UTF-8" ?>
<body><title><content><p>חוק המועצה להשכלה גבוהה (תיקון מס' 5), תשל"ו-1975*</p></content></title><point><heading><authorialNote placement="side"><p>תיקון סעיף 5</p></authorialNote></heading><num>1</num><content><p>
האמור בסעיף 5 לחוק המועצה להשכלה גבוהה. תשי"ח-1958 1, יסומן (א) ואחריו
יבוא:
"(ב) נבצר מחבר המועצה לשמש בתפקידו בפועל תקופה קצובה'
רשאי שר החינוך והתרבות להציע לנשיא המדינה למנות ממלא מקום
לאותו חכר לתקופה כאמור."</p></content></point><signature><name>יצחק רבין</name><role>ראש הממשלה</role></signature><signature><name>אהרן ידלין</name><role>שר החינוך והתרבות</role></signature><signature><name>אפרים קציר</name><role>נשיא המדינה</role></signature><dateOfAcceptance>06.11.1975</dateOfAcceptance></body>