<?xml version="1.0" encoding="UTF-8" ?>
<body><title><content><p>חוק להשקעות משותפות בנאמנות, תשכ"א-1961 *</p></content></title><chapter><num>פרק ראשון:</num><title><content><p>פרשנות</p></content></title><point><heading><authorialNote placement="side"><p>הגדרות</p></authorialNote></heading><num>1</num><content><p>
בחוק זה -
"נייר ערך" - נייר ערך הרשום בבורסה או שהוצא על ידי המדינה וכן נייר ערך שרכישתו
מותרת כאמור בסעיפים 16 ו-19:
"בורסה" - בורסה לניירות ערך שהוכרה לענין חוק זה על ידי שר האוצר.</p></content></point></chapter><chapter><num>פרק שני:</num><title><content><p>ייסוד קרן</p></content></title><point><heading><authorialNote placement="side"><p>קרן השקעות בנאמנות</p></authorialNote></heading><num>2</num><content><p>
הסדר שמטרתו השקעה משותפת בניירות ערך והפקת רווחים משותפת מהחזקתם
ומכל עסקה בהם, לא ייעשה אלא על ידי קרן להשקעות בנאמנות (להלן -הקרן) שתיווסד
בהסכם נאמנות לפי חוק זה.</p></content></point><point><heading><authorialNote placement="side"><p>יחידות הקרן</p></authorialNote></heading><num>3</num><content><p>
קרן תהיה מורכבת מיחידות המקנות כל אחת זכות שווה להשתתף בקרן (להלן -
יחידות).</p></content></point><point><heading><authorialNote placement="side"><p>הסכם הנאמנות</p></authorialNote></heading><num>4</num><content><p>
הסכם הנאמנות ייעשה בין חברה שתחזיק בנכסי הקרן (להלן - הנאמן) ובין חברה
שתעסוק במקח וממכר של ניירות ערך ועשיית פעולות אחרות בשביל הקרן (להלן -
מנהל הקרן).</p></content></point><point><heading><authorialNote placement="side"><p>הנאמן</p></authorialNote></heading><num>5</num><content><p>
הנאמן יהיה חברה או אגודה שיתופית רשומה בישראל שהונה הנפרע אינו פחות
ממיליון לירות וסך כל נכסיה אינו פחות מסך כל התחייבויותיה, לרבות ההתחייבות להחזרת
הונה הנפרע, והיא אחד מאלה:
(1) מוסד בנקאי כמשמעותו בחוק בנק ישראל, תשי"ד-1954   1;
(2) חברה הרשאית לעסוק בעסקי ביטוח על פי חוק הפיקוח על עסקי ביטוח.
תשי"א-1951   2;
(3) חברה שמטרתה העיקרית להשקיע את נכסיה בניירות ערך, והיא אושרה
לצורך זה על ידי שר האוצר.</p></content></point><point><heading><authorialNote placement="side"><p>מנהל הקרן</p></authorialNote></heading><num>6</num><content><p>
מנהל הקרן יהיה חברה רשומה בישראל שהונה הנפרע אינו פחות ממאה אלף לירות
וסך כל נכסיה אינו פחות מסך כל התחייבויותיה' לרבות ההתחייבות להחזרת הונה הנפרע.</p></content></point><point><heading><authorialNote placement="side"><p>פרטי הסכם נאמוות</p></authorialNote></heading><num>7</num><content><p>
ואלה הפרטים שחובה לקבעם בהסכם הנאמנות:
(1) השם בו תכונה הקרן:
(2) שם הנאמן ושם מנהל הקרן ומען משרדיהם הרשומים?
(3) אם הקרן תהיה מסוייגת לפי הוראות סעיף 34;
(4) אם היחידות יהיו על שם או למוכ"ז או משני הסוגים:
(5) דרכי ההעברה של תעודת השתתפות;
(6) שכרם של הנאמן ושל מנהל הקרן;
(7) שיעור ההוספה על המחיר היסודי של יחידה, כמשמעותו בסעיף 10, וכן
שיעור ההפרשה מרווחי הקרן המיועדת לכיסוי שכר הנאמן ומנהל הקרן והוצאות
ניהול הקרן?</p></content></point><point><heading><authorialNote placement="side"><p>רישום הסכם נאמנות</p></authorialNote></heading><num>9</num><content><p>
מנהל הקרן חייב לרשום את הסכם הנאמנות אצל רשם החברות לפני מכירת היחידה
הראשונה בקרן, וכל שינוי שחל בו לאחר שנרשם כאמור - תוך שבעה ימים מהיום שאושר
על ידי שר האוצר' ולהמציא העתק מן ההסכם או מן השינוי לכל בעל יחידה לפי דרישתו
בתשלום שקבע הנאמן: ההסכם שנרשם אצל רשם החברות יהיה פתוח לעיון הקהל.</p></content></point><point><heading><authorialNote placement="side"><p>רכישה ופדיון של יחידות</p></authorialNote></heading><num>10</num><list><intro><p /></intro><subPoint><num>א</num><content><p> המחיר שבו ימכור מנהל הקרן יחידה (להלן - מחיר יחידה) יהיה שווה למחיר
הקניה של נכסי הקרן מחולק לכלל מספר יחידותיה (להלן - מחיר יסודי) בתוספת ההוספה
המיועדת לכיסוי שכר הנאמן ומנהל הקרן והוצאות ניהול הקרן.</p></content></subPoint><subPoint><num>ב</num><content><p> מנהל הקרן חייב לפדות בכל עת כל יחידה בקרן, לפי דרישת בעל היחידה'
במחיר השווה למחיר המכירה של נכסי הקרן מחולק לכלל מספר יחידותיה (להלן - מחיר
פדיון).</p></content></subPoint><subPoint><num>ג</num><content><p> מחירי מכירה וקניה של נכסי הקרן ייקבעו לפחות אחת לשלושה ימי חול'
ובסיס לחישוב מחיר יסודי ומחיר פדיון תשמש בכל עת הקביעה התכופה לפניו או התכופה
לאחריו' הכל כפי שנקבע בהסכם הנאמנות.</p></content></subPoint><subPoint><num>ד</num><content><p> "מחיר קניה'/ "מחיר מכירה" - לגבי ניירות ערך הרשומים בבורסה - מחיר
הקניה בבורסה כולל ההוצאות או מחיר המכירה בבורסה פחות ההוצאות' ולגבי ניירות
ערך אחרים - מחיר הקניה או מחיר המכירה הגבוה ביותר שבין מוכר מרצון לקונה מרצון.</p></content></subPoint></list></point><point><heading><authorialNote placement="side"><p>דחיית פדיון</p></authorialNote></heading><num>11</num><list><intro><p /></intro><subPoint><num>א</num><content><p> על אף האמור בסעיף 10 (כ) רשאי מנהל הקרן באישור הנאמן והנהלת הבורסה
לדחות פדיונה של יחידה לתקופה שלא תעלה על שלושה ימי חול' ובאישור הנהלת הבורסה
ושר האוצר - לתקופה ארוכה מזו.</p></content></subPoint><subPoint><num>ב</num><content><p> הנהלת הבורסה ושר האוצר לא יתנו את האישור האמור אלא אם ראו כי הדחיה
היא לטובת בעלי היחידות.</p></content></subPoint></list></point><point><heading><authorialNote placement="side"><p>תעודת השתתפות</p></authorialNote></heading><num>12</num><content><p>
לכל בעל יחידה תוצא תעודה (בחוק זה - תעודת השתתפות) המעידה על מספר
היחידות של בעל התעודה: כל תעודת השתתפות תהיה חתומה בידי מנהל הקרן והנאמן
ותכלול -
(1) העתק מהוראות הסכם הנאמנות בענינים המפורשים בסעיף 7 פסקאות
(1) עד (5) ו-(10) עד (12):
(2) אופן חישוב מחיר יחידה ומחיר פדיון כאמור בסעיף 10 :
(3) פרטים בדבר הזכות לדרוש פדיון יחידה ומקום הפדיון:
(4) פרטים בדבר אסיפות כלליות של בעלי היחידות' אם יש בהסכם הנאמנות
הוראות בענין זה.</p></content></point><point><heading><authorialNote placement="side"><p>מסירת נכסים לנאמן</p></authorialNote></heading><num>13</num><content><p>
לא תוצא תעודת השתתפות על יחידה בקרן לפני שמנהל הקרן מסר לנאמן ניירות
ערך או מזומנים ששווים כמחיר היסודי של אותה יחידה.</p></content></point><point><heading><authorialNote placement="side"><p>נכסים שאין לקנותם</p></authorialNote></heading><num>15</num><content><p>
מנהל הקרן לא יקנה בשביל הקרן נכסים שאינם ניירות ערך ולא מניות שטרם נפרעו
במלואן.</p></content></point><point><heading><authorialNote placement="side"><p>קניה ומכירה בבורסה ומחוצה לה</p></authorialNote></heading><num>16</num><list><intro><p /></intro><subPoint><num>א</num><content><p> מנהל הקרן לא יקנה ולא ימכור בשביל הקרן ניירות ערך הרשומים בבורסה
אלא בבורסה' אולם רשאי הוא לקנות נייר ערך מחוץ לבורסה במחיר שלא יעלה על המחיר
שבו אפשר היה לקנותו אותה שעה בבורסה' ולמכור נייר ערך מחוץ לבורסה במחיר שאינו
פחות מהמחיר שבו אפשר היה למכרו אותה שעה בבורסה: כן רשאי הוא לרכוש נייר ערך
במחיר ההוצאה מאת מי שהוציא אותו ולפני שנרשם בבורסה' אם הובטח להנחת דעתו של
הנאמן כי נייר הערך יירשם בבורסה.</p></content></subPoint><subPoint><num>ב</num><content><p> לגבי ניירות ערך שהוצאו על ידי המדינה ושאינם רשומים בבורסה, רשאי
שר האוצר לקבוע בתקנות את הדרכים והתנאים בהם יירכשו ויימכרו על ידי מנהל קרן.</p></content></subPoint></list></point><point><heading><authorialNote placement="side"><p>עסקאות רק במזומנים</p></authorialNote></heading><num>17</num><content><p>
כל עסקה של מנהל הקרן כאמור בסעיף 16 תיעשה במזומנים, אך אם לפי התנאים
שבפרוספקט שלפיו הוצא נייר ערך לציבור אפשר לרכשו בתשלומים לשיעורים קבועים
מראש' ואם הנאמן נוכח לדעת כי לפני כל תשלום כאמור יהיו לקרן כספים בסכום התשלום
בלי למכור ניירות ערך, רשאי מנהל הקרן לרכוש נייר ערך לפי תנאי התשלום שבאותו
פרוספקט.</p></content></point><point><heading><authorialNote placement="side"><p>עמלה</p></authorialNote></heading><num>18</num><content><p>
היה מנהל הקרן או הנאמן חבר בבורסה' לא תעלה העמלה המשתלמת על עסקה כאמור
בסעיף 16 על העמלה הפחותה ביותר המשתלמת על עסקה כזו בבורסה או על העמלה שנק-
בעה על ידי שר האוצר' הכל לפי הקטנה שבהן.</p></content></point><point><heading><authorialNote placement="side"><p>ניירות ערך זרים</p></authorialNote></heading><num>19</num><content><p>
שר האוצר רשאי להתקין תקנות בדבר הכמות' הדרכים והתנאים בהם מותר לרכוש
בשביל קרן ניירות ערך זרים.</p></content></point><point><heading><authorialNote placement="side"><p>דוחו''ת</p></authorialNote></heading><num>20</num><content><p>
מנהל הקרן ימציא' אחת לשנה ולא יאוחר מ-90 יום מהיום שבו נערכים החשבונות
של הקרן, לכל בעל תעודת השתתפות רשומה על שם ולכל בעל תעודת השתתפות למוכ"ז
לפי דרישתו' דין-וחשבון לפי הטופס שנקבע' וירשום את הדין-וחשבון תוך התקופה
האמורה אצל רשם החברות.</p></content></point><point><heading><authorialNote placement="side"><p>חובת פרסום</p></authorialNote></heading><num>21</num><content><p>
מנהל הקרן והנאמן יפרסמו לפחות אחת לשלושה ימי חול מחירי היחידות ומחירי
הפדיון, וכן אחת לשלושה חדשים לפחות רשימת נכסי הקרן; דרכי הפרסום יהיו כפי
שייקבע בתקנות.</p></content></point></chapter><chapter><num>פרק רביעי:</num><title><content><p>עיקרי הנאמנות</p></content></title><point><heading><authorialNote placement="side"><p>פרסום פרוספקט וכוי</p></authorialNote></heading><num>22</num><list><intro><p /></intro><subPoint><num>א</num><content><p> לא יפרסם מנהל הקרן בלי אישור הנאמן כל פרוספקט, מסמך אחר או הודעה
בנוגע לטובות ההנאה שהיחידות בקרן מעניקות או עשויות להעניק' או הצעה או הזמנה
לרכוש יחידות בקרן.</p></content></subPoint><subPoint><num>ב</num><content><p> כל פרוספקט או מסמך אחר המציע או המזמין לרכוש יחידות בקרן יכללו את
הפרטים המפורטים בסעיף 12.</p></content></subPoint></list></point><point><heading><authorialNote placement="side"><p>דין נגפי הקרן</p></authorialNote></heading><num>23</num><list><intro><p /></intro><subPoint><num>א</num><content><p> נכסי הקרן יהיו מוקנים לנאמן ומוחזקים בידו לטובת בעלי היחידות, אולם יהיו
רכוש נפרד מרכושו ומרכוש מנהל הקרן, ועל אף האמור בכל דין לא ישמשו נכסי הקרן
לפרעון כל חוב, חוץ מחובות הנובעים מניהול תקין של הקרן, ואין לשעבדם, למשכנם,
לעקלם או לשים יד עליהם עקב כל חוב או סיבה אחרת אלא לשם הבטחת זכויותיהם של
בעלי היחידות בעת פירוק הקרן או לתשלום המגיע לנאמן ולמנהל הקרן לפי הסכם הנאמנות.</p></content></subPoint><subPoint><num>ב</num><content><p> נכסי הקרן שהם מזומנים יהיו מופקדים במוסד בנקאי כמשמעותו בחוק בנק
ישראל' תשי"ד-1954' על שם הנאמן בחשבון נפרד.</p></content></subPoint><subPoint><num>ג</num><content><p> חוץ מן האמור בסעיף 10 (ב) או למקרה של פירוק הקרן לא יהיה בעל יחידה
רשאי לדרוש את חלקו בנכסי הקרן.</p></content></subPoint></list></point><point><heading><authorialNote placement="side"><p>זכות בעלי היחידות</p></authorialNote></heading><num>24</num><content><p>
הסכם הנאמנות יחייב את הנאמן ואת מנהל הקרן כלפי כל בעל יחידה כאילו היה
בעל היחידה צד להסכם.</p></content></point><point><heading><authorialNote placement="side"><p>אחריות הנאמן</p></authorialNote></heading><num>25</num><list><intro><p /></intro><subPoint><num>א</num><content><p> הנאמן אחראי על כך שמנהל הקרן יקיים ויבצע את הוראות חוק זה והוראות
- הסכם הנאמנות.</p></content></subPoint><subPoint><num>ב</num><content><p> הנאמן אחראי כלפי כל בעל יחידה לגביית הרווחים הנובעים מנכסי הקרן
ולחלוקתם בין בעלי היחידות בהתאם לתנאי הסכם הנאמנות.</p></content></subPoint></list></point><point><heading><authorialNote placement="side"><p>התחשגות בטובת הקרן בלבד</p></authorialNote></heading><num>26</num><content><p>
הנאמן ומנהל הקרן ימלאו את תפקידיהם וישתמשו בסמכויותיהם בהתחשבות בטובת
הקרן בלבד.</p></content></point><point><heading><authorialNote placement="side"><p>הבטחת זכויותיהם של בעלי היחידות</p></authorialNote></heading><num>27</num><content><p>
הנאמן ומנהל הקרן אחראים כל אחד לנקיטת כל הצעדים הסבירים, משפטיים ואחרים,
להבטחת זכויותיהם של בעלי היחידות ולשמירת נכסי הקרן וכל הזכויות הנובעות מנכסים
אלה.</p></content></point><point><heading><authorialNote placement="side"><p>חוגת הזהירות</p></authorialNote></heading><num>28</num><content><p>
הנאמן ומנהל הקרן ינהגו בעניני הקרן באותה מידת זהירות שאדם זהיר היה נוהג
באותן הנסיבות.</p></content></point><point><heading><authorialNote placement="side"><p>הגבלות על מנהל הקרן והנאמן</p></authorialNote></heading><num>29</num><content><p>
הנאמן ומנהל הקרן לא יהיו רשאים להיפרע מנכסי הקרן אלא שכרם' כפי שנקבע
בהסכם הנאמנות' וכן ההוצאות שהוציאו כדין בשביל הקרן שלא במהלך הרגיל של ניהולה.</p></content></point><point><heading><authorialNote placement="side"><p>חובת פיצוי</p></authorialNote></heading><num>30</num><content><p>
על אף האמור בכל הסכם יהיו הנאמן ומנהל הקרן אחראים כל אחד לכל נזק שייגרם
לבעל יחידה או לנכסי הקרן עקב הפרת הסכם הנאמנות או הוראות חוק זה ולנזק שייגרם
מחמת כל הודעה כוזבת או מטעה הכלולה במסמך מהמסמכים המפורטים בסעיפים 21,20 ו-22.</p></content></point><point><heading><authorialNote placement="side"><p>התפטרות מנהל הקרן או הנאמן</p></authorialNote></heading><num>31</num><content><p>
הנאמן ומנהל הקרן לא יהיו רשאים להסתלק מתפקידיהם אלא ברשות בית המשפט.</p></content></point><point><heading><authorialNote placement="side"><p>העברת סמכויות על ידי המנהל והנאמן</p></authorialNote></heading><num>32</num><content><p>
הנאמן ומנהל הקרן אינם רשאים להעביר מסמכויותיהם או מתפקידיהם אלא ברשות
בית המשפט; אולם מינוי עורך דין או בא-כוח הפועל לפי הוראות בלבד, אינו העברה
בגדר סעיף זה,</p></content></point></chapter><chapter><num>פרק חמישי:</num><title><content><p>מסים</p></content></title><point><heading><authorialNote placement="side"><p>הגדרות</p></authorialNote></heading><num>33</num><content><p>
בפרק זה -
"קרן מסוייגת" - קרן שלפי הסכם הנאמנות שלה היא חייבת להתנהל בהתאם להוראות
סעיף 34;
" יחידה פטורת מס" - יחידה בקרן מסוייגת;
"שווי נכסי קרן" - מחיר המכירה של נכסי הקרן כמשמעותו בסעיף 10 (ד);
"ניירות ערך חייבי מס" - ניירות ערך שההכנסה מדיבידנד או מריבית המשתלמת עליהם
חייבת במס נוסף על המם שיש לנכות לפי סעיף 31 לפקודת מס הכנסה, 1947   4 (להלן -
הפקודה);
כל מונח אחר - כמשמעותו בפקודה,</p></content></point><point><heading><authorialNote placement="side"><p>קרן מסוייגת</p></authorialNote></heading><num>34</num><content><p>
בקרן מסוייגת לא יעלה שווים של ניירות ערך חייבי מס על 15% משווים של כלל
נכסי הקרן, זולת אם עלה האחוז האמור עקב עליה או ירידה בשווים של ניירות הערך
של הקרן, או עקב מניות הטבה שהגיעו אליה בשל ניירות הערך שלה; עלה האחוז עקב אחת
הסיבות האמורות' לא יקנה מנהל הקרן בשביל הקרן ניירות ערך חייבי מס ולא ימכור
ניירות ערך של הקרן שאינם חייבי מס עד שהאחוז יפחת כדי 15.</p></content></point><point><heading><authorialNote placement="side"><p>מם הכנסה בכל קין</p></authorialNote></heading><num>35</num><list><intro><p /></intro><subPoint><num>א</num><content><p> הכנסתה של קרן תהיה פטורה ממס חברות.</p></content></subPoint><subPoint><num>ב</num><content><p> הכנסתה של קרן, למעט הכנסה הנובעת ממימוש ניירות ערך שלה' תהיה פטורה
ממס הכנסה' חוץ מן המס שנוכה ממנה לפי סעיף 31 לפקודה: לא נוכה ממנה מס כאמור,
תהא חייבת במס של 25%' זולת אם היתה פטורה ממס לפי כל דין.</p></content></subPoint><subPoint><num>ג</num><content><p> הכנסתה של קרן הנובעת ממימוש ניירות ערך שלה תהיה פטורה ממס הכנסה.</p></content></subPoint></list></point><point><heading><authorialNote placement="side"><p>מם הכנסה בקרן לא מסוייגת</p></authorialNote></heading><num>36</num><content><p>
קרן לא מסוייגת תשלם, בנוסף למס האמור בסעיף 35' מס הכנסה של 21%  על הכנסה
שחבר בני-אדם היה חייב עליה במס חברות.</p></content></point><point><heading><authorialNote placement="side"><p>דין נעל יחידה שאינה פטורת מס</p></authorialNote></heading><num>37</num><content><p>
לענין המס החל לפי הפקודה על ריווח שחולק על ידי הקרן לבעל יחידה שאיננה
פטורת מס -
(1) יראו את הריווח בידי בעל היחידה כאילו קיבל אותו במישרין מן האדם
ששילם לקרן את הסכום שממנו חולק אותו ריווח' ולפי זה יחוייב במס;
(2) יראו את המס שנוכה לפי סעיף 31 לפקודה על אותו חלק מהכנסתה של
הקרן ששימש לחלוקת הריווח לאותו בעל יחידה' וכן את המס ששולם על אותו
חלק לפי הסעיפים 35 (ב) ו-36' כאילו שולם על ידי בעל היחידה' והוא יקוזז
כנגד המס המשתלם על ידיו על אותו ריווח.</p></content></point><point><heading><authorialNote placement="side"><p>דין בעל יחידה פטורה מס</p></authorialNote></heading><num>38</num><content><p>
בעל יחידה פטורת מס יהיה פטור ממס על ריווח שחולק על ידי הקרן, אולם על אף
האמור בכל דין לא יהיה זכאי להחזרת מס ששולט על הכנסה שממנה חולקו רווחי הקרן
או שנוכה ממנה.</p></content></point><point><heading><authorialNote placement="side"><p>דין בעל יחידה שעסקו בניירות ערך</p></authorialNote></heading><num>39</num><content><p>
על אף האמור בסעיף 38, בעל יחידה החייב במס לפי סעיף 5 (1) (א) לפקודה על
הכנסה הנובעת ממימוש ניירות ערך, יהיה חייב במס על רווחים מהקרן שחולקו מתוך
הכנסה כזו.</p></content></point><point><heading><authorialNote placement="side"><p>תעודת מס לבעלי יחידות</p></authorialNote></heading><num>40</num><list><intro><p /></intro><subPoint><num>א</num><content><p> קרן לא מסוייגת שחילקה רווחים, ימסור מנהל הקרן לכל בעל יחידה תעודה
המפרטת את המס ששולם על ידי הקרן או שנוכה על כל חלק מההכנסה ששימשה לחלוקת
הריווח.
דין קרן מסוייגת
שלא קיימה
הוראות סעיף 34</p></content></subPoint><subPoint><num>ב</num><content><p> קרן מסוייגת שחילקה רווחים, ימסור מנהל הקרן לכל בעל יחידה תעודה
המציינת את חלק הריווח שחולק מתוך הכנסה הנובעת ממימוש ניירות ערך.</p></content></subPoint><subPoint><num>ג</num><content><p> קרן מסוייגת שחילקה רווחים לתושב חוץ, ימסור מנהל הקרן לתושב החוץ,
לפי דרישתו, תעודה המציינת את המס ששולם על ההכנסה ששימשה לחלוקת הריווח.</p></content></subPoint><subPoint><num>ד</num><content><p> התעודות לפי סעיף זה יהיו לפי הטופס שנקבע.
41. קרן מסוייגת שבשנת מס פלונית לא התנהלה לפי הוראות סעיף 34, יהיו הנאמן ומנהל
הקרן חייבים, ביחד ולחוד, על חשבונם הם, בתשלום מס של 21% על הכנסת הקרן באותה
שנת מס.</p></content></subPoint></list></point><point><heading><authorialNote placement="side"><p>תחולת הפקודה</p></authorialNote></heading><num>42</num><content><p>
בכפוף להוראות חוק זה יחולו הוראות הפקודה על קרן כאילו היתה חבר בני-אדם.</p></content></point><point><heading><authorialNote placement="side"><p>פטור ממס בולים</p></authorialNote></heading><num>43</num><content><p>
תעודת השתתפות והעברתה פטורות ממס בולים.</p></content></point><point><heading><authorialNote placement="side"><p>מתן הוראות על ידי בית משפט</p></authorialNote></heading><num>44</num><content><p>
בית המשפט רשאי, לפי בקשת הנאמן או מנהל הקרן, לתת הוראות בכל דבר הכרוך
בניהול הקרן.</p></content></point><point><heading><authorialNote placement="side"><p>סמכות לדרוש ידיעות</p></authorialNote></heading><num>45</num><content><p>
לשם ביצוע חוק זה רשאי שר האוצר לדרוש מנאמן וממנהל קרן ידיעות, פרטים,
מסמכים, דוחו"ת, הודעות, פנקסים ותעודות הנוגעות לקרן, חוץ מגילוי שמו של בעל
יחידה.</p></content></point><point><heading><authorialNote placement="side"><p>פירוק קרן</p></authorialNote></heading><num>46</num><content><p>
קרן תפורק בנסיבות אלה:
(1) תקופת קיום הקרן הגיעה לסיומה;
(2) נתקבלה החלטה על פירוק הקרן בהתאם להוראות הסכם הנאמנות:
(3) בית המשפט קבע לפי בקשת היועץ המשפטי לממשלה כי אחד התנאים
המפורטים בסעיפים 5,4 או 6 לא התקיימו או חדלו להתקיים:
(4) בית המשפט החליט, לפי בקשה מאת שר האוצר או מאת מי שנתמנה לכך
על ידיו, או מאת בעל יחידה' כי יש לפרק את הקרן כדי לשמור על זכויותיהם
של בעלי היחידות.</p></content></point><point><heading><authorialNote placement="side"><p>סייג לתחולה</p></authorialNote></heading><num>47</num><content><p>
הוראות חוק זה לא יחולו על הסדר כאמור בסעיף 2 שנעשה בין יחידים שמספרם
אינו עולה על 50 וללא פניה לציבור, ולא יחול על חברות בחברה שמטרתה להשקיע נכסיה
בניירות ערך.</p></content></point><point><heading><authorialNote placement="side"><p>עונשין</p></authorialNote></heading><num>48</num><list><intro><p /></intro><subPoint><num>א</num><content><p> מי שעשה אחת מאלה -
(1) עבר על הוראות סעיף 2;
(2) עבר ביודעין על הוראות סעיף 13,
דינו - מאסר שלוש שנים או קנס 20.000 לירות,</p></content></subPoint><subPoint><num>ב</num><content><p> מי שעשה אחת מאלה -
(1) עבר על הוראות סעיף 9:
(2) קנה או מכר ניירות ערך בשביל הקרן בניגוד להוראות סעיף 14:
(3) לא מסר ידיעה או דו"ח לפי חוק זה:
(4) מסר במסמך או לשר האוצר הודעה בלתי נכונה לפי חוק זה בענין חשוב,
דינו - מאסר ששה חדשים או קנס 5.000 לירות.</p></content></subPoint><subPoint><num>ג</num><content><p> מי שעבר עבירה אחרת על הוראה מהוראות חוק זה. דינו - מאסר חודש אחד
או קנס 500 לירות,</p></content></subPoint></list></point><point><heading><authorialNote placement="side"><p>אצילת סמכויות</p></authorialNote></heading><num>49</num><content><p>
שר האוצר רשאי לאצול מסמכויותיו לפי חוק זה, חוץ מן הסמכות להתקין תקנות.</p></content></point><point><heading><authorialNote placement="side"><p>הוראות מעבר</p></authorialNote></heading><num>50</num><content><p>
אדם שניהל קרן ערב תחילתו של חוק זה, רשאי להמשיך בניהול הקרן שנה אחת
מיום תחילתו של חוק זה, אף אם לא נתקיימו לגביו הסעיפים 8-2, ושר האוצר רשאי
להאריך את התקופה האמורה.</p></content></point><point><heading><authorialNote placement="side"><p>ביצוע ותקנות</p></authorialNote></heading><num>51</num><list><intro><p /></intro><subPoint><num>א</num><content><p> שר האוצר ממונה על ביצוע חוק זה והוא רשאי להתקין תקנות בכל הנוגע
לביצועו, לרבות השכר המקסימלי של נאמן ושל מנהל קרן וכן הסכומים המקסימליים
שנאמן ומנהל קרן רשאים לקבל בעד ניהול הקרן והוצאות אחרות.</p></content></subPoint><subPoint><num>ב</num><content><p> שר המשפטים רשאי להתקין תקנות בדבר סדרי הדין, הסדרים לפירוק הקרן
והסעד שבית משפט רשאי להעניק לפי חוק זה.</p></content></subPoint></list></point></chapter><signature><name>יצחק בן-צבי</name><role>נשיא המדינה</role></signature><signature><name>דוד בן-גוריון</name><role>ראש הממשלה</role></signature><signature><name>לוי אשכול</name><role>שר האוצר</role></signature><dateOfAcceptance>05.04.1961</dateOfAcceptance></body>