<?xml version="1.0" encoding="UTF-8" ?>
<body><title><content><p>חוק הגנת הדייר (תיקון)' תשט"ז-1956 *</p></content></title><point><heading><authorialNote placement="side"><p>תיקון סעיף 23</p></authorialNote></heading><num>1</num><list><intro><p /></intro><subPoint><num>א</num><content><p> בסעיף 23 לחוק הגנת הדייר, תשי"ד-11954, מקבום המלים "בשתי השנים
הראשונות לאחר יום כ"ז באדר ב' תשי"ד (1 באפריל 1954)" יבואו המלים; "בשלוש השנים
הראשונות שלאחר יום כ"ו באדר ב' תשי"ד (31 במרס 1954)".</p></content></subPoint><subPoint><num>ב</num><content><p> בפסקה (2) ,לאחר המלה "הראשונה" יבוא פסיק, ובמקום המלים "ושל -130%
בשנה השניה" יבואו המלים "של 130% בשנה השניה ושל 150% בשנה השלישית".</p></content></subPoint></list></point><point><heading><authorialNote placement="side"><p>הוראות מעבר</p></authorialNote></heading><num>2</num><list><intro><p /></intro><subPoint><num>א</num><content><p> בית דין שפסק דמי שכירות למושכר לפני תחילתו של חוק זה, רשאי, על פי
בקשת כל צד, לשנות את הפסק, אם נראה לבית הדין שהיה פוסק דמי שכירות אחרים אילו
היה חוק זה בר-תוקף בשעת מתן הפסק.</p></content></subPoint><subPoint><num>ב</num><content><p> הוסכם בין בעל בית לדייר, אחרי תחילתו של חוק הגנת הדייר, תשי"ד-1954,
ולפני תחילתו של חוק זה, על דמי שכירות של בית עסק מן הסוגים הנקובים בסעיף 17
לאותו חוק, רשאי בית הדין, על פי בקשת כל צד, לשנות את דמי השכירות המוסכמים,
אם נראה לבית הדין שהצדדים היו קובעים דמי שכירות אחרים, אילו היה חוק זה בר-תוקף
בשעת עשיית ההסכם.</p></content></subPoint></list></point><signature><name>דוד בן-גוריון</name><role>ראש הממשלה</role></signature><signature><name>יצחק בן-צבי</name><role>נשיא המדינה</role></signature><signature><name>פנחס רוזן</name><role>שר המשפטים</role></signature><dateOfAcceptance>29.03.1956</dateOfAcceptance></body>