<?xml version="1.0" encoding="UTF-8" ?>
<body><title><content><p>חוק ההוצאה לפועל (תיקון מס' 3), תשל"ה-1974 *</p></content></title><point><heading><authorialNote placement="side"><p>תיקון סעיף 20</p></authorialNote></heading><num>1</num><content><p>
האמור בסעיף 20 לחוק ההוצאה לפועל, תשכ"ז-1967 1 (להלן - החוק העיקרי),
יסומן כסעיף קטן (א), ואחריו יבוא:
"(ב) שולם סכום כסף בטעות, תוך כדי הליכי הוצאה לפועל,
רשאי ראש ההוצאה לפועל לפי בקשת צד מעונין לתת כל צו לתיקון
הטעות; צו כאמור ניתן להוצאה לפועל כאילו היה פסק דין."</p></content></point><point><heading><authorialNote placement="side"><p>תיקון סעיף 22</p></authorialNote></heading><num>2</num><content><p>
בסעיף 22 לחוק העיקרי -
(1) בסעיף קטן (א), אחרי פסקה (4) יבוא:
"(5) כלים, מכשירים, מכונות, מיטלטלין אחרים ובעלי
חיים, השייכים לנכה והנחוצים לו לשימושו האישי בגלל
נכותו;"
(2) בסעיף קטן (ב), אחרי "לפי סעיף קטן (א) (4)" יבוא "ו-(5)".</p></content></point><point><heading><authorialNote placement="side"><p>תיקון סעיף 70</p></authorialNote></heading><num>3</num><content><p>
בסעיף 70 לחוק העיקרי, במקום סעיף קטן (ב) יבוא:
"(ב) חייב שנאסר לפי פרק זה בשל אי תשלום חוב פסוק, למעט
חוב פסוק הנובע ממזונות לפי סעיף 74, ולא השמיע טענותיו בחקירת
יכולת, יובא תוך שלושה ימים מיום מאסרו לפני יושב ראש ההוצאה
לפועל, ואם נאסר בשל הפסקת תשלום שיעור מן השיעורים שנקבעו -
יובא כאמור, לפי בקשתו, אף אם השמיע קודם לכן טענותיו בחקירת
יכולת; הובא החייב כאמור, רשאי ראש ההוצאה לפועל לבטל את צו
המאסר או להפחית את תקופת המאסר, בתנאים שייראו לו." &lt;</p></content></point><point><heading><authorialNote placement="side"><p>תיקון סעיף 88</p></authorialNote></heading><num>4</num><content><p>
בסעיף 88(1) לחוק העיקרי, אחרי "תשלום האגרות" יבוא "פטור מתשלומן או-
דחיית תשלומן".</p></content></point><signature><name>אפרים קציר</name><role>נשיא המדינה</role></signature><signature><name>יצחק רבין</name><role>ראש הממשלה</role></signature><signature><name>חיים י' צדוק</name><role>שר המשפטים</role></signature><dateOfAcceptance>21.11.1974</dateOfAcceptance></body>