<?xml version="1.0" encoding="UTF-8" ?>
<body><title><content><p>חוק לתיקון פקודת הדיג, התשמ"א-1980*</p></content></title><point><heading><authorialNote placement="side"><p>תיקון סעיף 3</p></authorialNote></heading><num>1</num><content><p>
בסעיף 3(1) לפקודת הדיג, 1937  1(להלן - הפקודה), ברישה, המלים "ולאנשים
המתאימים" - יימחקו, ובסיפה יבוא "אם לדעתו אין להענקת רשיון מניעה מטעמים
של בטחון הציבור או מטעמים של ????, תכונותיו או התנהגותו של המבקש".</p></content></point><point><heading><authorialNote placement="side"><p>תיקון סעיף 3א</p></authorialNote></heading><num>2</num><content><p>
בסעיף 3א לפקודה -
(1) בסעיף קטן (1), המלים "בים כנרת" והמלים "או במשוטיה או במפר-
שיה" - יימחקו;
? (2) מסעיף קטן (2), המלים "בים כנרת"--. יימחקו.</p></content></point><point><heading><authorialNote placement="side"><p>תיקון סעיף 9 ?/</p></authorialNote></heading><num>3</num><list><intro><p /></intro><subPoint><num>א</num><content><p> האמור בסעיף 9 לפקודה יסומן (1) ובו אחרי פסקה (ז) יבוא:
"(ח) תקנות הבאות להבטיח כי ספינות דיג ינהגו לפי אמנות בינלאומיות
שישראל צד להן;</p></content></subPoint><subPoint><num>ט</num><content><p> תקנות בכל ענין אחר הנוגע לביצוע פקודה זו."</p></content></subPoint><subPoint><num>ב</num><content><p> אחרי סעיף קטן (1) האמור יבוא:
"(2) תקנות לענין פסקאות (ח) או (ט) לסעיף קטן (1) טעונות אישור
. ועדת הכלכלה של הכנסת."</p></content></subPoint></list></point><signature><name>אריאל שרון</name><role>שר החקלאות</role></signature><signature><name>יצחק נבון</name><role>נשיא המדינה</role></signature><signature><name>מנחם בגין</name><role>ראש הממשלה</role></signature><dateOfAcceptance>18.12.1980</dateOfAcceptance></body>