<?xml version="1.0" encoding="UTF-8" ?>
<body><title><content><p>חוק היטל על נסיעה לחוץ לארץ, התשמ"ג-1983*</p></content></title><point><heading><authorialNote placement="side"><p>היטל נסיעה לחו''ל</p></authorialNote></heading><num>1</num><list><intro><p /></intro><subPoint><num>א</num><content><p> מי שנוסע לחוץ לארץ ישלם לאוצר המדינה לפני יציאתו מהארץ היטל
בסכום של 2,100 שקלים (להלן - ההיטל).</p></content></subPoint><subPoint><num>ב</num><content><p> שר האוצר, באישור ועדת הכספים של הכנסת, רשאי לשגות בתקנות את
סכום ההיטל.</p></content></subPoint></list></point><point><heading><authorialNote placement="side"><p>הצמדת סכום ההיטל</p></authorialNote></heading><num>2</num><list><intro><p /></intro><subPoint><num>א</num><content><p> הסכום הנקוב בסעיף 1(א) או הסכום שנקבע לפי סעיף 1(ב) לפי הענין,
ישתנה ב-16 בכל חודש (להלן - יום השינוי) לפי שיעור עליית המדד החדש לעומת
המדד היסודי, ויעוגל לסכום הקרוב שהוא מכפלה של 10.</p></content></subPoint><subPoint><num>ב</num><content><p> שר האוצר רשאי, בין שני ימי שינוי, להעלות בצו את סכום ההיטל כפי
שהיה לאחר השינוי האחרון, ובלבד שההעלאה לא תעלה על השיעור שבו עלה שער
החליפין החדש לעומת שער החליפין הקודם; העלאה כאמור תופחת מן ההעלאה
המחושבת ליום השינוי הבא לפי סעיף קטן (א).</p></content></subPoint><subPoint><num>ג</num><content><p> בסעיף זה -
"מדד" - מדד המחירים לצרכן שמפרסמת הלשכה המרכזית לסטטיסטיקה;
"המדד היסודי" - המדד שפורסם לאחרונה לפני יום קבלתו של חוק זה בכנסת, ואם
שונה סכום ההיטל בתקנות לפי סעיף 1(ב) - המדד שפורסם לאחרונה לפני פרסום
התקנות;
"שער החליפין" - שער החליפין היציג של דולר של ארצות הברית של אמריקה;
"השער החדש" - שער החליפין שפורסם לאחרונה לפני יום פרסום הצו;
"השער הקודם" - שער החליפין שפורסם לאחרונה לפני יום השינוי הקודם.</p></content></subPoint></list></point><point><heading><authorialNote placement="side"><p>גביית ההיטל והעברתו לאוגר</p></authorialNote></heading><num>3</num><list><intro><p /></intro><subPoint><num>א</num><content><p> ההיטל ישולם לאוצר המדינה באמצעות תאגיד בנקאי או בדרך אחרת
שנקבעה.</p></content></subPoint><subPoint><num>ב</num><content><p> מי שגבה את ההיטל יעבירו לחשב הכללי במשרד האוצר תור שלושה ימים
מיום גבייתו או במועד אחר שהורה שר האוצר.</p></content></subPoint><subPoint><num>ג</num><content><p> מי שגבה היטל ולא העבירהו לחשב הכללי במועד יהא חייב בתוספת בשיעור
0.5% לכל יממה של פיגור.</p></content></subPoint></list></point><point><heading><authorialNote placement="side"><p>פטורים</p></authorialNote></heading><num>4</num><list><intro><p /></intro><subPoint><num>א</num><content><p> אלה פטורים מתשלום ההיטל:
(1) איש צוות של כלי טיס או כלי שיט, הנוסע בתפקיד;
(2) מי שנמצא בישראל על פי אשרה ורשיון לישיבת מעבר או על פי אשרה
ורשיון לישיבת ביקור ;
(3) דיפלומט של מדינת חוץ, עובד ארגון האומות המאוחדות או סוכנויותיו
המיוחדות, ארגון הצלב האדום ואנשי הכוח הרב לאומי כהגדרתם בחוק
חסינויות וזכויות (הכוח הרב לאומי), התשמ"ב-1982 1;
(4) נוסע שיעד נסיעתו הוא מדינה שיש לישראל גבול יבשתי אתה.</p></content></subPoint><subPoint><num>ב</num><content><p> שר האוצר, באישור ועדת הכספים של הכנסת, רשאי לקבוע בצו כי חובת
תשלום ההיטל כולו או מקצתו תחול על נוסעים כאמור בסעיף קטן (א) (4), דרך כלל או
לפי יעד הנסיעה.</p></content></subPoint></list></point><point><heading><authorialNote placement="side"><p>עיכוב יציאת</p></authorialNote></heading><num>5</num><content><p>
מי שמנהל אגף המכס והבלו הסמיכו לכר רשאי לעכב את יציאתו מן הארץ של
נוסע שאין בידו אישור על תשלום ההיטל.</p></content></point><point><heading><authorialNote placement="side"><p>תחולת מקורת המסים (גניה)</p></authorialNote></heading><num>6</num><content><p>
על גביית ההיטל והתוספת לפי סעיף 3(ג) תחול פקודת המסים (גביה) ..</p></content></point><point><heading><authorialNote placement="side"><p>ביצוע ותקנות</p></authorialNote></heading><num>7</num><content><p>
שר האוצר ממונה על ביצוע חוק זה והוא רשאי להתקין תקנות בכל הנוגע לביצועו.</p></content></point><point><heading><authorialNote placement="side"><p>תחולת</p></authorialNote></heading><num>8</num><content><p>
חוק זה יחול על מי שיצא מישראל ביום י"ח בניסן התשמ"ג (1 באפריל 1983)
או אחריו.</p></content></point><signature><name>יצחק נבון</name><role>נשיא המדינה</role></signature><signature><name>מנחם בגין</name><role>ראש הממשלה</role></signature><signature><name>יורם ארידור</name><role>שר האוצר</role></signature><dateOfAcceptance>30.03.1983</dateOfAcceptance></body>