<?xml version="1.0" encoding="UTF-8" ?>
<body><title><content><p>חוק היטל בטחון (תיקון מס' 3), תשל"א-1971 *</p></content></title><point><heading><authorialNote placement="side"><p>תיקון סעיף 5</p></authorialNote></heading><num>1</num><content><p>
בסעיף 5 לחוק היטל בטחון, תשכ"ז-11967 -
(1) בסעיף קטן (ב), במקום "שחל עליה סעיף 124 או סעיף 125א" יבוא
"שחלים עליה סעיפים 124, 125,125א או 128";
(2) במקום כותרת השוליים יבוא "הכנסות מסויימות",</p></content></point><point><heading><authorialNote placement="side"><p>תחולה</p></authorialNote></heading><num>2</num><content><p>
תחולתו של חוק זה לגבי שנת המס 1971 ואילך.</p></content></point><signature><name>שניאור זלמן שזר</name><role>נשיא המדינה</role></signature><signature><name>גולדה מאיר</name><role>ראש הממשלה</role></signature><signature><name>פנחס ספיר</name><role>שר האוצר</role></signature><dateOfAcceptance>07.04.1971</dateOfAcceptance></body>