<?xml version="1.0" encoding="UTF-8" ?>
<body><title><content><p>חוק הסכמים קיבוציים (הוראת שעה מס' 2), התשמ"א-1981 *</p></content></title><point><heading><authorialNote placement="side"><p>תחילתו של צו הרחבה</p></authorialNote></heading><num>1</num><content><p>
על אף האמור בסעיף 28 לחוק הסכמים קיבוציים, התשי"ז-1957 1, רשאי שר
העבודה והרווחה לקבוע בצו הרחבה, לגבי ההסכם הקיבוצי האמור בתוספת, כי תחילתו
של הצו תקדם לתאריך פרסומו, ובלבד שהצו יינתן תוך תשעים ימים מיום פרסומו של
חוק זה.</p></content></point><point><heading><authorialNote placement="side"><p>מועד התשלום</p></authorialNote></heading><num>2</num><content><p>
בצו הרחבה כאמור בסעיף 1 רשאי שר העבודה והרווחה לקבוע את מועד תשלומו
של כל סכום שמעביד חייב לשלמו על פי הוראותיו, לגבי התקופה הקודמת ליום פרסומו
של צו ההרחבה.</p></content></point><signature><name>יצחק נבון</name><role>נשיא המדינה</role></signature><signature><name>מנחם בגין</name><role>ראש הממשלה</role></signature><signature><name>ישראל כץ</name><role>שר העבודה והרווחה</role></signature><dateOfAcceptance>26.05.1981</dateOfAcceptance></body>