<?xml version="1.0" encoding="UTF-8" ?>
<body><title><content><p>חוק הסדרי משפט ומינהל, תשכ"ח-1968 *</p></content></title><point><heading><authorialNote placement="side"><p>הגדרה</p></authorialNote></heading><num>1</num><content><p>
בחוק זה, "צו החלת המשפט" - צו לפי סעיף 11ב לפקודת סדרי השלטון והמשפט,
תש"ח-1948 1.</p></content></point><point><heading><authorialNote placement="side"><p>המקומות הקדושים</p></authorialNote></heading><num>2</num><content><p>
המקומות הקדושים הנמצאים בשטח תחולתו של צו החלת המשפט, לא יחול עליהם,
מיום תחילת הצו, חוק נכסי נפקדים, תש"י-.21950</p></content></point><point><heading><authorialNote placement="side"><p>אי-נפקדות</p></authorialNote></heading><num>3</num><list><intro><p /></intro><subPoint><num>א</num><content><p> אדם שביום תחילתו של צו החלת המשפט נמצא בשטח תחולתו והיה תושב בו,
לא יראוהו, מאותו יום, כנפקד כמשמעותו בחוק נכסי נפקדים, תש"י-1950, לגבי נכס
הנמצא באותו שטח.</p></content></subPoint><subPoint><num>ב</num><content><p> לענין סעיף זה אין נפקא מינה אם לאחר תחילתו של הצו נמצא אותו אדם לפי
היתר חוקי במקום שהימצאותו בו היתה עושה אותו לנפקד אלמלא הוראה זו.</p></content></subPoint></list></point><point><heading><authorialNote placement="side"><p>טענת אויבות</p></authorialNote></heading><num>4</num><content><p>
אדם שהוא תושב בשטח תחולתו של צו החלת המשפט, לא יזדקק בית משפט או בית
דין בענין אזרחי לטענה שהוא אויב או נתין אויב, אלא אם נטענה הטענה על-ידי היועץ
המשפטי לממשלה או בהסכמתו בכתב.</p></content></point><point><heading><authorialNote placement="side"><p>שחרור מקרקעין</p></authorialNote></heading><num>5</num><list><intro><p /></intro><subPoint><num>א</num><content><p> מקרקעין הנמצאים בשטח תחולתו של צו החלת המשפט, וערב היום שבו עבר
השטח להחזקת צבא-הגנה לישראל הם היו מוקנים לאדם אשר שלטונות המדינה שהשטח
היה תפוס בידיה למעשה מינו אותו לממונה על רכוש האויב או לבעל תפקיד או תואר
דומה, או לרשות מרשויותיה של אותה מדינה או לגוף שבשליטתה אשר אותו אדם העבירם
להם - מוקנים, מיום תחילתו של הצו, לאפוטרופוס הכללי שיעשה בהם כאמור להלן
בסעיף זה.</p></content></subPoint><subPoint><num>ב</num><content><p> האפוטרופוס הכללי ישחרר, בתעודה חתומה בידו, את המקרקעין למי שהיה
בעלם לפני שהוקנו לאדם האמור בסעיף קטן (א), או לחליפו של אותו בעל, לפי בקשתם;
כל עוד לא שוחררו המקרקעין, יעשה בהם האפוטרופוס הכללי כפי שהוא רשאי לעשות
במקרקעין של נעדר לפי פקודת האפוטרופוס הכללי, 31944, והוראותיה של פקודה זו יחולו
לענין סעיף זה.</p></content></subPoint><subPoint><num>ג</num><content><p> נרכשו המקרקעין לצרכי ציבור לפי כל חוק לאחר תחילתו של צו החלת המשפט
ובטרם שוחררו, ישולמו הפיצויים המגיעים לפי אותו חוק בעד הרכישה לידי האפוטרופוס
הכללי שיעשה בהם, בשינויים המחוייבים, בהתאם לסעיף קטן (ב).</p></content></subPoint><subPoint><num>ד</num><content><p> כללו המקרקעין בנין ציבורי שנבנה לאחר שהוקנו לאדם האמור בסעיף קטן (א)
ולפני תחילתו של צו החלת המשפט, יהיו המקרקעין נכסי המדינה, והפיצויים בעדם יחושבו
לפי ערך הקרקע בלבד כשהיא פנויה ביום תחילתו של הצו או ביום תחילת חוק זה, הכל
לפי המאוחר יותר.
עמ' 358.
2 ס"ח תש"י, עמ' ,86</p></content></subPoint></list></point><point><heading><authorialNote placement="side"><p>חברות - המשך פעולות</p></authorialNote></heading><num>6</num><content><p>
חברה שערב תחילתו של צו החלת המשפט או ערב תחילת חוק זה, לפי המאוחר יותר,
היה לה מקום עסקים בשטח תחולתו של הצו והיא נוסדה על פי הדין שהיה מוטל על אותו
שטח בעת יסודה, רשאית, על אף האמור בפקודת החברות 4 או בחוק בכסי נפקדים, תש"י-
1950, להמשיך בפעולותיה עד תום ששה חדשים מיום תחילת הצו או מיום תחילת חוק זה
או עד שהחליט בית המשפט בבקשה שהוגשה לפי סעיף 9 או 10, הכל לפי המאוחר יותר.</p></content></point><point><heading><authorialNote placement="side"><p>חברות - אי-נפקדות של מנהל או חבר</p></authorialNote></heading><num>7</num><content><p>
מנהל או חבר של חברה כאמור בסעיף 6 שרואים אותו לפי חוק זה כאדם שאינו נפקד
לגבי נכסיו, יראוהו כאדם שאינו נפקד גם לגבי נכסי החברה, לגבי זכויותיו כמנהל או
כחבר בחברה או לגבי פעולות החברה לפי הסעיפים 6, 8, 9 או 10.</p></content></point><point><heading><authorialNote placement="side"><p>חברות - רישום שעבודים</p></authorialNote></heading><num>8</num><content><p>
חברה כאמור בסעיף 6 שנתנה משכון או שעבוד על נכסיה, יחולו עליה הוראות סעיף
127 לפקודת החברות בדבר רישום המשכון או השעבוד.</p></content></point><point><heading><authorialNote placement="side"><p>חברות - העברת רכסים והתחייבויות</p></authorialNote></heading><num>9</num><list><intro><p /></intro><subPoint><num>א</num><content><p> חברה כאמור בסעיף 6 שתוך ששה חדשים מיום תחילתו של צו החלת המשפט
או מיום תחילת חוק זה, לפי המאוחר יותר, באה לידי סידור עם חברה שנרשמה בישראל
למטרה זו על ידי חברי החברה האמורה בסעיף 6, כולם או מקצתם, או עם חברה אחרת
הרשומה בישראל, להעביר לידיה את נכסיה והתחייבויותיה, רשאית החברה שעמה נעשה
הסידור לפנות, תוך שלושה חדשים מיום הסידור, לבית המשפט המחוזי בירושלים בבקשה
בדרך המרצה ליתן צו המאשר את הסידור.</p></content></subPoint><subPoint><num>ב</num><content><p> הודעה על הגשת בקשה לפי סעיף קטן (א) ועל מועד שמיעתה תפורסם ברשומות
בנוסח שקבע בית המשפט,</p></content></subPoint><subPoint><num>ג</num><content><p> על סידור לפי סעיף זה יחולו סעיפים קטנים (3), (4), (6), (7), (8), (10) ו-(12)
לסעיף 119א לפקודת החברות, בשינויים המחוייבים.</p></content></subPoint></list></point><point><heading><authorialNote placement="side"><p>הפיכת חברה לחברה ישראלית</p></authorialNote></heading><num>10</num><content><p>
חברה כאמור בסעיף 6 שמקום עסקיה היחיד הוא בשטח תחולתו של צו החלת המשפט
וכל מנהליה וחבריה הם תושבי אותו שטח רשאית, תוך ששה חדשים מיום תחילתו של הצו
או מיום תחילת חוק זה, לפי המאוחר יותר, לפנות לבית המשפט המחוזי בירושלים בבקשה
בדרך המרצה ליתן צו ההופך אותה לחברה ישראלית, ובית המשפט רשאי ליתן את הצו
בתנאים שייראו לו, לרבות תנאים בדבר הגשת מסמכים לרשם החברות.</p></content></point><point><heading><authorialNote placement="side"><p>שותפויות</p></authorialNote></heading><num>11</num><content><p>
הוראות הסעיפים 6 עד 10, בשינויים המחוייבים, יחולו גם על שותפויות.</p></content></point><point><heading><authorialNote placement="side"><p>אגודות שיתופיות-המשך מעולות</p></authorialNote></heading><num>12</num><list><intro><p /></intro><subPoint><num>א</num><content><p> אגודה שיתופית שערב תחילתו של צו החלת המשפט או ערב תחילת חוק זה, לפי
המאוחר יותר, היה מקום פעולותיה בשטח תחולתו של הצו, והיא נוסדה על פי הדין שהיה
מוטל על אותו שטח בעת יסודה, רשאית, על אף האמור בפקודת האגודות השיתופיות5 אל
בחוק נכסי נפקדים, תש"י-1950, להמשיך בפעולותיה עד תום ששה חדשים מיום תחילת
הצו או מיום תחילת חוק זה או עד שהחליט בית המשפט בבקשה שהוגשה לפי סעיף 13(ב),
הכל לפי המאוחר יותר.</p></content></subPoint><subPoint><num>ב</num><content><p> הוראות הסעיפים 7 ו-8, בשינויים המחוייבים, יחולו גם על אגודה שיתופית
כאמור בסעיף קטן (א).</p></content></subPoint></list></point><point><heading><authorialNote placement="side"><p>אגודות שיתופיות - רישום והעברת נכסים והתחייבויות</p></authorialNote></heading><num>13</num><list><intro><p /></intro><subPoint><num>א</num><content><p> שר העבודה רשאי לקבוע, בצו כללי או מיוחד, הוראות בדבר רישומה של
אגודה שיתופית שתבוא במקום אגודה כאמור בסעיף 12, לרבות קביעת תקנותיה, חבריה
ורשויותיה; אגודה שנרשמה על פי צו כאמור, יראוה לכל דבר כאילו נרשמה לפי פקודת
האגודות השיתופיות, ובכל ענין שלא נקבעו לו הוראות בצו, יחולו הוראות הפקודה
והתקנות לפיה,</p></content></subPoint><subPoint><num>ב</num><content><p> רשם האגודות השיתופיות יסדיר העברת נכסיה והתחייבויותיה של האגודה
כאמור בסעיף 12 לאגודה שנרשמה לפי סעיף קטן (א), ויפנה לבית המשפט המחוזי בירושלים
בבקשה בדרך המרצה ליתן צו המאשר את הסידור; הוראות סעיף 9(ב) ו(ג), בשינויים
המחוייבים, יחולו גם לענין סעיף זה.</p></content></subPoint><subPoint><num>ג</num><content><p> פעולה כאמור בסעיף זה, כוחה יפה גם אם נעשתה לפני תחילת חוק זה.</p></content></subPoint></list></point><point><heading><authorialNote placement="side"><p>הפיכת אגודה לאגודה ישראלית</p></authorialNote></heading><num>14</num><content><p>
שר העבודה רשאי לקבוע, בצו כללי או מיוחד, הוראות בדבר הפיכת אגודה כאמור
בסעיף 12 לאגודה שיתופית ישראלית, אם כל חברי האגודה וחברי הנהלתה הם תושבי שטח
תחולתו של צו החלת המשפט.</p></content></point><point><heading><authorialNote placement="side"><p>רשיוגות עיסוק</p></authorialNote></heading><num>15</num><list><intro><p /></intro><subPoint><num>א</num><content><p> תושב של שטח תחולתו של צו החלת המשפט, שסמוך לפני תחילת הצו עסק
במקצוע, במלאכה או בעיסוק אחר לפי הדין שהיה מוטל על אותו שטח, והעיסוק טעון
רשיון לפי חיקוק ישראלי, רשאי להמשיך בעיסוקו עד תום ששה חדשים מיום תחילתו של
הצו או מיום תחילת חוק זה או עד שהוחלט בבקשתו לקבלת רשיון לפי החיקוק הישראלי,
הכל לפי המאוחר יותר.</p></content></subPoint><subPoint><num>ב</num><content><p> מותר יהיה לתת רשיון לתושב כאמור בסעיף קטן (א) אף אם לא נתקיים בו
תנאי מתנאי הכשירות האישית שנקבעו בחיקוק.</p></content></subPoint><subPoint><num>ג</num><content><p> היה מתן הרשיון מותנה לפי החיקוק בתנאים הנוגעים למקום העיסוק, רשאי
השר הממונה על ביצוע החיקוק להתקין תקנות שיהיו בהן הקלות, אם לזמן מסויים ואם
בדרך אחרת, לענין מקום העיסוק שלפני תחילתו של צו החלת המשפט; כל עוד לא הותקנו
תקנות כאמור, רשאית הרשות המוסמכת ליתן את הרשיון לתת הקלות כאמור.</p></content></subPoint><subPoint><num>ד</num><content><p> סעיף זה לא יחול על רשיון לפי חוק כלי היריה, תש"ט-61949, או לפי חוק
חמרי נפץ, תשי"ד-1954. 7.</p></content></subPoint></list></point><point><heading><authorialNote placement="side"><p>עורכי דין</p></authorialNote></heading><num>16</num><list><intro><p /></intro><subPoint><num>א</num><content><p> תושב של שטח תחולתו של צו החלת המשפט שערב היום שבו עבר השטח
להחזקת צבא-הגנה לישראל כיהן באותו שטח כשופט בכית משפט אזרחי או היה בו עורך-
דין, יהיה לחבר לשכת עורכי הדין מיום תחילתו של הצו או מיום תחילת חוק זה, לפי
המאוחר יותר.</p></content></subPoint><subPoint><num>ב</num><content><p> שר המשפטים יפרסם ברשומות את שמותיהם של האנשים שסעיף קטן (א) חל
עליהם,</p></content></subPoint><subPoint><num>ג</num><content><p> שר המשפטים רשאי לקבוע כתקנות תנאים, לרבות הקלות, לקבלת חברות
בלשכת עורכי הדין בשביל תושב ישראל שהיה תושב של שטח תחולתו של צו החלת המשפט
ערב תחילתו והיה כשיר להיות עורך דין אך לא עסק במקצוע עריכת דין, או התמחה
בעריכת דין בשטח כאמור וטרם השלים את תקופת התמחותו. ,</p></content></subPoint><subPoint><num>ד</num><content><p> שר המשפטים רשאי לקבוע בתקנות תנאים, לרבות הקלות, לקבלת חברות
בלשכת עורכי הדין בשביל תושב ישראל שכיהן, בכל עת שלפני תחילתו של חוק זה,
כשופט של בית משפט אזרחי בכל חלק של ארץ-ישראל שלא נקבע בצו החלת המשפט או
שהיה שם עורך-דין.</p></content></subPoint><subPoint><num>ה</num><content><p> מי שנהיה לחבר לשכת עורכי הדין לפי סעיף זה, יהיו לו כל הזכויות ויחולו
עליו כל החובות של חבר הלשכה לפי חוק לשכת עורכי הדין, תשכ"א-81961.</p></content></subPoint></list></point><point><heading><authorialNote placement="side"><p>רישום זכויות בפטנטים ומדגמים</p></authorialNote></heading><num>17</num><list><intro><p>
? (א) מי שביום תחילתו של צו החלת המשפט היתה לו בשטח תחולתו זכות בעלות
רשומה בפטנט, במדגם או בסימן מסחר, או שביקש לפני אותו יום לרשום לו זכות כאמור,
רשאי לבקש, תוך ששה חדשים מיום תחילתו של הצו או מיום תחילת חוק זה, לפי המאוחר
יותר, לרשום את זכותו על פי הדין הישראלי, ויראו כאילו הגיש את הבקשה לרישום
הזכות על פי הדין הישראלי ביום שבו הגיש לראשונה את בקשתו לרישום אותה זכות.</p></intro><subPoint><num>ב</num><content><p> רישום פטנט לפי סעיף קטן (א) לא יגרע מתקפו של פטנט שנרשם בישראל
לפי בקשה שהוגשה לפני תחילת חוק הפטנטים, תשכ"ז-91967.</p></content></subPoint></list></point><point><heading><authorialNote placement="side"><p>פעולות בניה</p></authorialNote></heading><num>18</num><list><intro><p /></intro><subPoint><num>א</num><content><p> הושלמה בניית יסודותיו של בנין בשטח תחולתו של צו החלת המשפט על פי
היתר בניה שניתן על פי הדין שהיה מוטל על אותו שטח לפני תחילת הצו, ומסר כעל
ההיתר תוך שנה מתחילתו של הצו או מתחילת חוק זה, לפי המאוחר יותר, הודעה לועדה
המחוזית לתכנון ולבניה על רצונו להמשיך בפעולות הבניה, זכאי הוא לקבל היתר בניה
לפי הדין הישראלי.</p></content></subPoint><subPoint><num>ב</num><content><p> הועדה המחוזית לתכנון ולבניה רשאית, תוך שלושה חדשים ממתן ההיתר לפי
סעיף קטן (א) ולאחר שנתנה לבעל ההיתר הזדמנות סבירה לטעון טענותיו, לתקן את ההיתר,
לשנותו, לקבוע בו תנאים, לרבות הקלות, או לבטלו, הכל מהטעמים שלפיהם רשאית היא
לעשות כאמור לפי חוק התכנון והבניה, תשכ"ה-1965 10: ורשאית היא להתלות את ההיתר
עד תום שלושה חדשים מהיום שניתן או עד להחלטתה לפי סעיף קטן זה, לפי המוקדם יותר.</p></content></subPoint><subPoint><num>ג</num><content><p> היתר לפי סעיף קטן (א) פטור מתשלום אגרה? הוחל בבניית יסודותיו של בנין
כאמור בסעיף קטן (א) אך לא הושלמה בניית יסודותיו לפני תחילתו של צו החלת המשפט,
והוגשה בקשה להיתר בניה לפי הדין הישראלי, רשאית הועדה המחוזית לתכנון ולבניה
לפטור את ההיתר מתשלום אגרה.</p></content></subPoint></list></point><point><heading><authorialNote placement="side"><p>מינוי עובדי ציבור</p></authorialNote></heading><num>19</num><content><p>
ראש הממשלה רשאי לפטור בתקנות, לזמן מסויים או בדרך אחרת, בני אדם שהם
תושבים של שטח תחולתו של צו החלת המשפט מהוראת כל חוק המתנה מינוי למשרה של
עובד ציבור באזרחותו הישראלית של המועמד, ורשאי הוא לענין זה לקבוע הוראות שונות
לגבי סוגים שונים של עובדי ציבור.</p></content></point><point><heading><authorialNote placement="side"><p>רציפות משפטים ונו'</p></authorialNote></heading><num>20</num><content><p>
שר המשפטים רשאי לקבוע בתקנות, אם בדרך כלל ואם לסוג מסויים של ענינים,
הוראות בדבר -
(1) סמכותם הענינית והמקומית של בתי משפט לדון בכל ענין פלילי או
אזרחי בקשר לכל מעשה, מחדל או אירוע שחל בשטח תחולתו של צו החלת
המשפט בכל עת שלפני תחילתו, לרבות הדיון במשפטים שהיו תלויים ועומדים</p></content></point><point><heading><authorialNote placement="side"><p>הוראות מעבר</p></authorialNote></heading><num>21</num><list><intro><p /></intro><subPoint><num>א</num><content><p> היתה תחילתו של צו החלת המשפט לפני תחילת חוק זה, יחול סעיף 3 גם על
אדם שביום תחילתו של הצו היה תושב בשטח תחולתו אך נעדר ממנו, ובלבד שביום תחילת
חוק זה נמצא בו כחוק.</p></content></subPoint><subPoint><num>ב</num><content><p> פעולה משפטית שנעשתה על-ידי האפוטרופוס לנכסי נפקדים לפני תחילת חוק
זה והיתה בטלה אילו חוק זה היה עומד בתקפו ביום עשייתה, יראוה כבטלה מיום עשייתה.</p></content></subPoint></list></point><point><heading><authorialNote placement="side"><p>ביצוע ותקנות</p></authorialNote></heading><num>22</num><list><intro><p /></intro><subPoint><num>א</num><content><p> שר המשפטים ממונה על ביצוע חוק זה והוא רשאי להתקין תקנות לביצועו:
היו התקנות נוגעות לענין שבחוק אשר שר אחר ממונה על ביצועו, יותקנו התקנות על-ידי
אותו שר בהסכמת שר המשפטים.</p></content></subPoint><subPoint><num>ב</num><content><p> בתקנות לפי חוק זה מותר לקבוע הוראות בדבר הארכת מועדים, לרבות מועדים
לפי חוק זה וכל חוק אחר, ובדבר תיאום אגרות ופטור מהן.</p></content></subPoint></list></point><signature><name>שניאור זלמן שזר</name><role>בשיא המדינה</role></signature><signature><name>לוי אשכול</name><role>ראש הממשלה</role></signature><signature><name>יעקב ש' שפירא</name><role>שר המשפטים</role></signature><dateOfAcceptance>23.08.1968</dateOfAcceptance></body>