<?xml version="1.0" encoding="UTF-8" ?>
<body><title><content><p>חוק הדרכונים, תשי"ב-1952 **</p></content></title><point><heading><authorialNote placement="side"><p>פירושים</p></authorialNote></heading><num>1</num><content><p>
בחוק זה -
"דרכון" פירושו - דרכון ישראלי שאינו דרכון דיפלומטי ואינו דרכון שירות ;
"תעודת מעבר" פירושו - תעודת זהות ומסע ישראלית שאינה דרכון;
"השר" פירושו - שר הפנים.</p></content></point><point><heading><authorialNote placement="side"><p>למי ניתן דרכון או תעודת מעבר</p></authorialNote></heading><num>2</num><list><intro><p /></intro><subPoint><num>א</num><content><p> דרכון יינתן לאזרח ישראלי לפי בקשתו.</p></content></subPoint><subPoint><num>ב</num><content><p> תעודת מעבר תינתן -
(1) למי שאינו אזרח ישראלי או למי שאזרחותו בלתי מוגדרת או מסופקת ;
(2) במקרים מיוחדים - לאזרח ישראלי לפי בקשתו.</p></content></subPoint></list></point><point><heading><authorialNote placement="side"><p>על שם מי ניתן דרכון או תעודת מעבר</p></authorialNote></heading><num>3</num><list><intro><p /></intro><subPoint><num>א</num><content><p> דרכון או תעודת מעבר ניתנים -
(1) ליחיד;
(2) לזוג - איש ואשתו ;
(3) ליחיד או לזוג - בשבילם ובשביל ילדיהם שלא מלאו להם שבע עשרה
שנה.</p></content></subPoint><subPoint><num>ב</num><content><p> השר רשאי להתיר צירופו של אדם שלא מלאו לו שבע עשרה שנה לדרכון או
לתעודת מעבר של אדם אחר שמלאו לו שבע עשרה שנה, אף שאיננו אחד מהוריו של
המצורף.</p></content></subPoint></list></point><point><heading><authorialNote placement="side"><p>תקופת תקפו של דרכון</p></authorialNote></heading><num>4</num><list><intro><p /></intro><subPoint><num>א</num><content><p> תקפו של דרכון הוא שנתיים מיום שניתן, אך השר רשאי לקבוע לדרכון מסויים
תקופה קצרה מזו.</p></content></subPoint></list></point><part><num>חוק 119</num><title><content><p>מיום ד' בסיון תשי"ב (28.5.52), עמ' 242.</p></content></title><point><heading><authorialNote placement="side"><p>תקופת תקפה של תעודת מעבר</p></authorialNote></heading><num>5</num><list><intro><p /></intro><subPoint><num>א</num><content><p> תקפה של תעודת מעבר הוא שנה אחת, אם לא פורשה בה תקופה קצרה מזו.</p></content></subPoint><subPoint><num>ב</num><content><p> היה תקפה של תעודת מעבר תקופה קצרה משנה אחת, רשאי השר להאריך את
תקפה לתקופה נוספת, ובלבד שסך כל ימי תקפה של תעודת המעבר לא יעלה על שנה אחת
מיום שניתנה.</p></content></subPoint></list></point><point><heading><authorialNote placement="side"><p>שיקול דעת השר</p></authorialNote></heading><num>6</num><content><p>
השר רשאי' לפי שיקול דעתו -
(1) לסרב ליתן דרכון או תעודת מעבר' ולסרב להאריכם;
(2) לקבוע תנאים למתן דרכון או תעודת מעבר ולהארכתם;
(3) לבטל דרכון או תעודת מעבר שניתנו או לקצר את תקופת תקפם, ולצוות
על החזרתם;
(4) לסייג' בין בזמן מתן דרכון או תעודת מעבר ובין לאחר מכן, את הארצות
שביחס אליהן יהיה להם תוקף.</p></content></point><point><heading><authorialNote placement="side"><p>חובת מסירת דרכון או תעודת מעבר</p></authorialNote></heading><num>7</num><content><p>
אדם שמצא דרכון או תעודת מעבר ימסור אותם לתחנת משטרה תוך שבעה ימים
מהיום שמצאם.</p></content></point><point><heading><authorialNote placement="side"><p>ענשים</p></authorialNote></heading><num>8</num><list><intro><p /></intro><subPoint><num>א</num><content><p> אדם שעשה אחת מאלה:
(1) זייף דרכון או תעודת מעבר' או שינה ללא רשות כל סרט בהם, או עשה
פעולה המכוונת לזיוף או לשינוי כזה ;
(2) החזיק או השתמש' ביודעין, בדרכון או בתעודת מעבר שזויפו או ששונו
ללא רשות;
(3) השתמש שלא כחוק בדרכון או בתעודת מעבר שאינם שלו או שאין שמו
מפורש בהם ;
(4) הניח לאדם אחר להשתמש שלא כחוק בדרכונו או בתעודת המעבר שלו,
ואין שמו של אותו אדם אחר מפורש בהם ;
(5) מסר' ביודעין, הודעה כוזבת בפרט חשוב לשם קבלת דרכון או תעודת
מעבר, או לשם הארכתם, שינוים או תיקונם,
דינו - מאסר עד שנתיים או קנס עד חמש מאות לירות או שני הענשים כאחד.</p></content></subPoint><subPoint><num>ב</num><content><p> אדם שסירב או התרשל -
(1) להחזיר דרכון או תעודת מעבר לאחר שנצטווה להחזירם ;
(2) למסור לתחנת משטרה דרכון או תעודת מעבר שמצא,
דינו - מאסר עד שלושה חדשים או קנס עד מאתיים לירות או שני הענשים כאחד.</p></content></subPoint></list></point><point><heading><authorialNote placement="side"><p>העברת סמכויות</p></authorialNote></heading><num>9</num><list><intro><p /></intro><subPoint><num>א</num><content><p> השר רשאי להעביר לאחר את סמכויותיו לפי חוק זה, כולן או מקצתן, פרט
לסמכות לבטל דרכון ולסמכות להתקין תקנות. הודעה על העברת סמכויות תפורסם ברשומות.</p></content></subPoint><subPoint><num>ב</num><content><p> מי שרואה עצמו נפגע על ידי החלטה לפי סעיף 6 פסקות (1), (2) או (3) שניתנה
על פי העברת סמכות מן השר' רשאי לפנות אל השר לקבלת הכרעתו הסופית.</p></content></subPoint></list></point><point><heading><authorialNote placement="side"><p>ניצחו ותקנות</p></authorialNote></heading><num>10</num><content><p>
השר ממונה על ביצוע חוק זה, והוא רשאי להתקין תקנות בכל ענין הנוגע לביצועו.
ובכלל זה בענין הסרטים שיפורטו בדרכון ובתעודת מעבר והשינויים של פרטים כאלה, וכן
בענין האגרות שישולמו בעד שירותים לפי חוק זה.</p></content></point><point><heading><authorialNote placement="side"><p>ביטול ואישור תוקף</p></authorialNote></heading><num>11</num><content><p>
פקודת הפספורטים, 1934  1 - בטלה. התקנות שבתוספת לפקודה האמורה וגן תקנות,
צווים והודעות שגעשו ותעודות שניתנו לפי הפקודה האמורה, יעמדו בתקפם כאילו נעשו
וניתנו לפי חוק זה.</p></content></point><point><heading><authorialNote placement="side"><p>תחילת תוקף</p></authorialNote></heading><num>12</num><content><p>
תקפו של חוק זה הוא מיום כ"א בתמוז תשי"ב (14 ביולי 1952),</p></content></point></part><signature><name>יוסף שפרינצק</name><role>יושב ראש הכנסת</role></signature><signature><name>דוד בן-גוריון</name><role>ראש הממשלה</role></signature><signature><name>משח שפירא</name><role>שר חנונים</role></signature><dateOfAcceptance>17.07.1952</dateOfAcceptance></body>