<?xml version="1.0" encoding="UTF-8" ?>
<body><title><content><p>חוק לתיקון דיני הרכישה לצרכי ציבור (תיקון), תשכ"ט-1969 *</p></content></title><point><heading><authorialNote placement="side"><p>תיקון סעיף 1</p></authorialNote></heading><num>1</num><content><p>
בסעיף 1 לחוק לתיקון דיני הרכישה לצרכי ציבור, תשכ"ד-1964  1 (להלן - החוק
העיקרי), בהגדרת "חוק רכישה", אחרי "פקודת הדרכים (רחבן והתווייתן)" יבוא "חוק
התכנון והבניה, תשכ"ה--1965"2.</p></content></point><point><heading><authorialNote placement="side"><p>החלפת סעיף 2</p></authorialNote></heading><num>2</num><content><p>
במקום סעיף 2 לחוק העיקרי יבוא:</p></content></point><point><heading><authorialNote placement="side"><p>'הגבלת הרכישה ללא תשלום פיצויים</p></authorialNote></heading><num>2</num><list><intro><p /></intro><subPoint><num>א</num><content><p> נרכש מכוח חוק רכישה חלק מחלקה ולאחר מכן נרכש, בין
מכוח אותו חוק ובין מכוח חוק רכישה אחר, חלק נוסף מאותה חלקה,
לא יעלה, על אף האמור בחוק רכישה, השטח הכולל, שנרכש ללא תשלום
פיצויים בכל רכישות אלה ביחד, על אחוז מקסימלי משטח החלקה המקו-
רית כמפורט בסעיף זה, ועל העודף ישולמו פיצויים לפי חוק הרכישה
שמכוחו בוצעה הרכישה האחרונה.</p></content></subPoint><subPoint><num>ב</num><content><p> האחוז המקסימלי לענין סעיף זה הוא 40 - אם בין הרכישות
היתה רכישה שבוצעה מכוח חוק התכנון והבניה, תשכ"ה-1965, וזאת
בכפוף לאמור בסעיף קטן (ג), ו-25 - בכל מקרה אחר.</p></content></subPoint><subPoint><num>ג</num><content><p> היתה בחלקה פלונית רכישה שבוצעה מכוח חוק התכנון
והבניה, תשכ"ה-1965, יהיה האחוז המקסימלי של כל הרכישות באותה
החלקה, מכוח חוקי רכישה אחרים ביחד, כאמור בסעיף קטן (א) - 25."</p></content></subPoint></list></point><point><heading><authorialNote placement="side"><p>תיקון סעיף 3</p></authorialNote></heading><num>3</num><content><p>
כסעיף 3 לחוק העיקרי, בסופו, יבוא:
"(5) ברכישה מכוח חוק התכנון והבניה, תשכ"ה-1965 -
המועד שבו ניתנה לבעל החלקה ההודעה על הכניסה אליה
לפי סעיף 190 גב) לאותו חוק, ואם היו לה בעלים אחדים -
המועד שבו ניתנה ההודעה האחרונה כאמור."</p></content></point><point><heading><authorialNote placement="side"><p>תיקון סעיף 4</p></authorialNote></heading><num>4</num><content><p>
בסעיף 4 לחוק העיקרי, במקום פסקה (0 יבוא:
"(1) אין מביאים בחשבון רכישה מכוח חלוקה חדשה לפי
סעיף 20א לפקודת בנין ערים, 31936, ולפי סימן ז' לפרק ג'
לחוק התכנון והבניה, תשכ"ה-1965 :".</p></content></point><signature><name>סגן ראש הממשלה והשר לקליטת העליה</name><role>ראש הממשלה בפועל</role></signature><signature><name>זאב שרף</name><role>שר האוצר</role></signature><signature><name>שגיאור זלמן שזר</name><role>נשיא המדינה</role></signature><dateOfAcceptance>18.03.1969</dateOfAcceptance></body>