<?xml version="1.0" encoding="UTF-8" ?>
<body><title><content><p>חוק לתיקון דיני הרכישה לצרכי ציבור (תיקון מס' 3),</p></content></title><point><heading><authorialNote placement="side"><p>תיקון סעיף 8</p></authorialNote></heading><num>1</num><list><intro><p /></intro><subPoint><num>א</num><content><p> בסעיף 8 (א) לחוק לתיקון דיני הרכישה לצרכי ציבור, תשכ"ד-1964  1(להלן-
החוק העיקרי) -
(1) כרישה, המלים "למעט פקודת הדרכים ומסילות הברזל (הגנה ופיתוח),
1943, ופקודת הדרכים (רחבן והתווייתן)" - יימחקו;
(2) בפסקה (1), במקום "מיום פרסום ההודעה על הרכישה ברשומות (להלן -
ההודעה)" יבוא "ממועד הרכישה" ובמקום "בנק הדואר" יבוא "לפי האמור
בסעיף קטן (ב)" ;
(3) בפסקה (2), במקום "פורסמה ההודעה" יבוא "חל מועד הרכישה",</p></content></subPoint><subPoint><num>כ</num><content><p> במקום סעיף 8 (כ) לחוק העיקרי יבוא:
"(ב) (1) הציע רוכש הזכויות לבעל הזכויות פיצויים בעד הזכויות
שנרכשו, והודיע לו בעל הזכויות על סירובו לקבל את
הפיצויים או לא הודיע תוך שלושה חדשים מהיום שנמסרה
לו ההצעה על הסכמתו לקבלה, רשאי רוכש הזכויות להפקיד
את הפיצויים לזכות בעל הזכויות אצל האפוטרופוס הכללי.
(2) על הפקדת סכום לזכות בעל הזכויות ישלח לו רוכש
הזכויות הודעה בדואר רשום על פי מענו המצויין באגף מס
רכוש וקרן פיצויים, אולם באין מען מצויין כאמור, יהא
רוכש הזכויות רשאי למסור את ההודעה בדרך שבה נמסרת
הודעה על פי סעיף 5 לפקודת הקרקעות (רכישה לצרכי
ציבור),1943 2."</p></content></subPoint><subPoint><num>ג</num><content><p> בסעיף 8 (ג) לחוק העיקרי, בסוף פסקה (2) יבוא "ועד לחודש מרס 1974 תחול
ריבית בשיעור של 6% לשנה".</p></content></subPoint><subPoint><num>ד</num><content><p> כסעיף 8 (ד) לחוק העיקרי, אחרי "1943" יבוא "למעט הרשאה כאמור שניתנה
לרשות הפיתוח".</p></content></subPoint></list></point><point><heading><authorialNote placement="side"><p>תיקון מעיף 9</p></authorialNote></heading><num>2</num><content><p>
בסעיף 9 לחוק העיקרי, במקום "מיום פרסום ההודעה" יבוא "ממועד הרכישה".</p></content></point><point><heading><authorialNote placement="side"><p>הוספת סעיף 9א</p></authorialNote></heading><num>3</num><content><p>
אחרי סעיף 9 לחוק העיקרי יבוא:</p></content></point><point><heading><authorialNote placement="side"><p>"תשלום הסכום שאינו שנוי במחלוקת</p></authorialNote></heading><num>9</num><content><p>
א. תוך תשעים יום מיום שקיבל רוכש הזכויות את ההחזקה במקרקעין
או מיום איתור בעל הזכויות, לפי המאוחר ביניהם, רוכש הזכויות ישלם
לבעל הזכויות שנרכשו, על חשבון פיצויים המגיעים בשל רכישת שווי
הזכויות, את הסכום שלדעת רוכש הזכויות זכאי לו בעל הזכויות."</p></content></point><point><heading><authorialNote placement="side"><p>החלפת סעיף 10</p></authorialNote></heading><num>4</num><content><p>
במקום סעיף 10 לחוק העיקרי יבוא:</p></content></point><point><heading><authorialNote placement="side"><p>"סייג</p></authorialNote></heading><num>10</num><content><p>
על אף האמור בסעיף 8 לא תחול הצמדת הפיצויים -
(1) לגבי תקופה שבה מנע בעל הזכויות שנרכשו את מסירת
ההחזקה במקרקעין;</p></content></point><point><heading><authorialNote placement="side"><p>חוטפת סעיף</p></authorialNote></heading><num>6</num><content><p>
סעיף 13 לחוק העיקרי יסומן 14 ולפניו יבוא:</p></content></point><point><heading><authorialNote placement="side"><p>"	תנאי לתשלום פיצויים</p></authorialNote></heading><num>13</num><content><p>
תשלום פיצויים על פי חוק זה, למעט הסכום המשולם לפי סעיף 9א,
מותנה בכך שבעל הזכויות שנרכשו ויתר בכתב על כל תביעה ותשלום
הקשורים לרכישת הזכויות,"</p></content></point><point><heading><authorialNote placement="side"><p>תחילה</p></authorialNote></heading><num>7</num><content><p>
תחילתו של חוק זה מיום תחילתו של חוק לתיקון דיני הרכישה לצרכי ציבור (תיקון
מס' 2), תשל"ז-1977 3, ובלבד שתחילתו של סעיף 3 תשעים יום לאחר פרסום חוק זה
ברשומות,</p></content></point><signature><name>אפרים קציר</name><role>נשיא המדינה</role></signature><signature><name>מנחם בגין</name><role>ראש הממשלה</role></signature><signature><name>שמחה ארליך</name><role>שר האוצר</role></signature><dateOfAcceptance>10.04.1978</dateOfAcceptance></body>