<?xml version="1.0" encoding="UTF-8" ?>
<body><title><content><p>חוק ההיטל על דירות גדולות (תיקון), תשכ"ז-1967 *</p></content></title><point><heading><authorialNote placement="side"><p>הוסכת סעיף 5א</p></authorialNote></heading><num>1</num><content><p>
אחרי סעיף 5 לחוק ההיטל על דירות גדולות, תשכ"ד-1964 1, יבוא:</p></content></point><point><heading><authorialNote placement="side"><p>"פטור לעולה</p></authorialNote></heading><num>5</num><list><intro><p>
א. (א) בעל אשרת עולה או בעל תעודת עולה יהיה פטור מתשלום
היטל בניה לגבי דירה שנועדה למגוריו ולמגורי משפחתו, ובלבד שהיתר
הבניה ניתן לו תוך שלוש שנים מיום הוצאת אשרת העולה או תעודת
העולה, הכל לפי הענין.</p></intro><subPoint><num>ב</num><content><p> בעל אשרת עולה או בעל תעודת עולה שרכש דירה למגוריו
ולמגורי משפחתו תוך שלוש שנים מיום הוצאת אשרת העולה או תעודת
העולה, ובקשר עם אותה דירה שולם היטל בניה תוך חמש השנים שקדמו
ליום הרכישה. יוחזר לו, לפי בקשתו, סכום ההיטל ששולם."</p></content></subPoint></list></point><signature><name>שניאור זלמן שזר</name><role>נשיא המדינה</role></signature><signature><name>לוי אשכול</name><role>ראש הממשלה</role></signature><signature><name>חיים משה שפירא</name><role>שר הפנים</role></signature><dateOfAcceptance>16.08.1967</dateOfAcceptance></body>