<?xml version="1.0" encoding="UTF-8" ?>
<body><title><content><p>חוק להסדר ההימורים בספורט (תיקון מס' 2), תש"ל-1970 *</p></content></title><point><heading><authorialNote placement="side"><p>הוספת סעיף 8א</p></authorialNote></heading><num>1</num><content><p>
אחרי סעיף 8 לחוק להסדר ההימורים בספורט, תשכ"ז-1967  1(להלן - החוק העיקרי),
יבוא:</p></content></point><point><heading><authorialNote placement="side"><p>"ביצוע עבודות</p></authorialNote></heading><num>8</num><list><intro><p>
א. (א) המועצה רשאית לבצע את העבודות הברובות בתכנית הימורים
באמצעות אחר, על פי הסכם בכתב אתו; הסכם כאמור יהיה לתקופה שלא
תעלה על שתי שנים בכל פעם.</p></intro><subPoint><num>ב</num><content><p> בהסכם כאמור תטיל המועצה על מי שבאמצעותו מתבצעת
העבודה לדווח לה על הביצוע בהתאם לכללים שנקבעו בתקנות."</p></content></subPoint></list></point><point><heading><authorialNote placement="side"><p>תיקון סעיף 9</p></authorialNote></heading><num>2</num><content><p>
בסעיף 9 (ב) לחוק העיקרי, בסופו יבוא "ורשאית המועצה, באישורים כאמור, לקבוע
כי חלק מהיתרה בשנה מסויימת לא יחולק אותה שנה וישמש רזרבה לשנים הבאות-, הרזרבה
תופקד באוצר המדינה בתנאים שיוסכם עליהם בין החשב הכללי והמועצה".</p></content></point><point><heading><authorialNote placement="side"><p>ביטול סעיף 16</p></authorialNote></heading><num>3</num><content><p>
סעיף 16 לחוק העיקרי - בטל.</p></content></point><signature><name>שניאור זלמן שזר</name><role>נשיא המדינה</role></signature><signature><name>גולדה מאיר</name><role>ראש הממשלה</role></signature><signature><name>פנחס ספיר</name><role>שר האוצר</role></signature><dateOfAcceptance>03.08.1970</dateOfAcceptance></body>