<?xml version="1.0" encoding="UTF-8" ?>
<body><title><content><p>חוק הסכמים קיבוציים (הוראת שעה מס' 2), תשל"ה - 1975 *</p></content></title><point><heading><authorialNote placement="side"><p>ח0כם קיבוצי עדיף</p></authorialNote></heading><num>1</num><content><p>
על אף האמור בסעיף 20. בסיפה לסעיף 22 ובסעיף 23 לחוק הסכמים קיבוציים,
תשי"ז-1957  1 (להלן - החוק העיקרי). הוראות ההסכם הקיבוצי האמור בתוספת עדיפות
על הוראות כל הסכם קיבוצי אחר או חוזה עבודה.</p></content></point><point><heading><authorialNote placement="side"><p>תקפו של צו הרחבה</p></authorialNote></heading><num>2</num><content><p>
כוחו של צו הרחבה לפי סעיף 25 לחוק העיקרי שניתן לגבי ההסכם הקיבוצי האמור
בתוספת יהיה יפה אף אם לא נתקיימו בו הוראות סעיפים 26 ו-27 לחוק העיקרי, ועל אף
האמור בסעיף 30 (כ) לחוק העיקרי יהיו הוראותיו עדיפות על הוראות כל הסכם קיבוצי
אחר או חוזה עבודה,</p></content></point><point><heading><authorialNote placement="side"><p>תחילתו של זנו הרחבה</p></authorialNote></heading><num>3</num><content><p>
על אף האמור בסעיף 28 לחוק העיקרי רשאי שר העבודה לקבוע כי תחילתו של צו
הרחבה כאמור בסעיף 2 תקדם ליום פרסומו' ובלבד שלא תקדם ליום תחילתו של חוק זה.</p></content></point><point><heading><authorialNote placement="side"><p>שמירת כוח לשנות</p></authorialNote></heading><num>4</num><content><p>
להסרת ספק נאמר בזה כי אין בחוק זה כדי למנוע מהצדדים להסכם הקיבוצי האמור
בתוספת לעשות בו שינויים.</p></content></point><point><heading><authorialNote placement="side"><p>תחילה</p></authorialNote></heading><num>5</num><content><p>
תחילתו של חוק זה מיום כ"ב בתמוז תשל"ה (1 ביולי 1975).</p></content></point><signature><name>אפרים קציר</name><role>נשיא המדינה</role></signature><signature><name>יצחק רבין</name><role>ראש הממשלה</role></signature><signature><name>משה כרעם</name><role>שר העבודה</role></signature><dateOfAcceptance>25.08.1975</dateOfAcceptance></body>