<?xml version="1.0" encoding="UTF-8" ?>
<body><title><content><p>חוק המועצה להשכלה גבוהה (תיקון מס' 4), תשל"ה-1975 *</p></content></title><point><heading><authorialNote placement="side"><p>הוספת סעיפים 3א-3ו</p></authorialNote></heading><num>1</num><content><p>
אחרי סעיף 3 לחוק המועצה להשכלה גבוהה' תשי"ח-1958 1, יבוא:</p></content></point><point><heading><authorialNote placement="side"><p>"המועצה תאגיד</p></authorialNote></heading><num>3</num><content><p>
א. המועצה תהא תאגיד' כשר לכל חובה' זכות ופעולה משפטית.</p></content></point><point><heading><authorialNote placement="side"><p>המועצה גוף מבוקר</p></authorialNote></heading><num>3</num><content><p>
ב. המועצה תהא גוף מבוקר' כמשמעותו בסעיף 9(6) לחוק מבקר
המדינה' תשי"ח-1958 ננוסח משולב] .2</p></content></point><point><heading><authorialNote placement="side"><p>קבלת עובדים ותנאי עבודתם</p></authorialNote></heading><num>3</num><content><p>
ג. קבלת עובדי המועצה ומינוים ייעשו בידי המועצה ויהיו כשל
עובדי המדינה' בתיאומים שייקבעו בתקנות: תנאי העבודה ושכרם של
עובדי המועצה יהיו זהים לאלה של עובדי המדינה.</p></content></point><point><heading><authorialNote placement="side"><p>איסור העברת נכסים</p></authorialNote></heading><num>3</num><content><p>
ד. המועצה לא תהא רשאית למכור או להעביר בדרך אחרת נכס
שבבעלותה' למשכנו' להשכירו או להשאילו לתקופה העולה על עשר
שנים, אלא באישור שר החינוך והתרבות": שכירות או שאילה לתקופה
נוספת שבצירופה לקודמות הן עולות על עשר שנים, טעונות אישור כאמור.</p></content></point><point><heading><authorialNote placement="side"><p>התקציב</p></authorialNote></heading><num>3</num><content><p>
ה. הכנת התקציב ומסירתו לממשלה לאישור יהיו בדרכים שנקבעו
בתקנות.</p></content></point><point><heading><authorialNote placement="side"><p>דרכי מעולות התאגיד</p></authorialNote></heading><num>3</num><content><p>
ו. לענין סעיפים 3א' 3ג ו-3ד רשאית המועצה לפעול באמצעות ועדה'
מבין חבריה או בצירוף אנשים שאינם מבין חבריה."</p></content></point><point><heading><authorialNote placement="side"><p>העברת עובדים</p></authorialNote></heading><num>2</num><list><intro><p /></intro><subPoint><num>א</num><content><p> עובדי המדינה המועסקים במועצה ערב תחילתו של חוק זה ימשיכו בשירותם
כעובדי המועצה בתנאי שירות שלא יהיו גרועים מתנאי שירותם ערב תחילת חוק זה.</p></content></subPoint><subPoint><num>ב</num><content><p> זכויותיהם של עובדי המועצה שהועברו לשירותה והן נובעות מעבודתם כעובדי
המדינה כאמור בסעיף קטן (א)' ייחשבו כזכויות הנובעות מעבודתם כשירות המועצה.</p></content></subPoint><subPoint><num>ג</num><content><p> ההסדרים לגבי זיכוי המועצה בסכומי התשלומים שהעובדים העוברים לשירותה
יהיו זכאים להם ייקבעו' במידת הצורך, בהסכם בין המועצה ובין המדינה.</p></content></subPoint></list></point><point><heading><authorialNote placement="side"><p>כסמים שהוקצבו בתקציב</p></authorialNote></heading><num>3</num><content><p>
כל הסכומים שהוקצבו למועצה בחוק התקציב לשנת הכספים שבה חל יום תחילת חוק
זה' ולא הוצאו עד לאותו יום, יעמדו לרשות המועצה.</p></content></point><point><heading><authorialNote placement="side"><p>פרסום החוק ותחילה</p></authorialNote></heading><num>4</num><content><p>
חוק זה יפורסם ברשומות תוך שלושים יום מיום קבלתו' ותחילתו ביום פרסומו.</p></content></point><signature><name>אפרים קציר</name><role>נשיא המדינה</role></signature><signature><name>יצחק רבין</name><role>ראש הממשלה</role></signature><signature><name>אהרון ידלין</name><role>שר החינוך והתרבות</role></signature><chapter><num>ספר החוקים</num><title><content><p>781, י"ח באלול תשל"ה, 25.8.1975</p></content></title></chapter><dateOfAcceptance>25.08.1975</dateOfAcceptance></body>