<?xml version="1.0" encoding="UTF-8" ?>
<body><title><content><p>חוק הסכמים קיבוציים (תיקון מס' 2), תשל"ו-1976 *</p></content></title><point><heading><authorialNote placement="side"><p>הוספת סעיפים 33א-33ז</p></authorialNote></heading><num>1</num><content><p>
אחרי סעיף. 33 לחוק הסכמים קיבוציים, תשי"ז-1957  1(להלן - החוק העיקרי),
יבוא:</p></content></point><point><heading><authorialNote placement="side"><p>'"ועדת פיקוח</p></authorialNote></heading><num>33</num><content><p>
א, לענין כל הסכם קיבוצי כללי שניתן לגביו צו הרחבה רשאי שר
העבודה למנות ועדת פיקוח של שלושה:
(1) נציג שר העבודה, והוא יהיה יושב ראש:
(2) חכר שהמליץ עליו ארגון העובדים החתום על ההסכם
הקיבוצי שהורחב;
(3) חבר שהמליץ עליו ארגון המעבידים החתום על ההסכם
האמור.</p></content></point><point><heading><authorialNote placement="side"><p>רישום ופרסום</p></authorialNote></heading><num>33</num><content><p>
ב. ועדת פיקוח תנהל רישום של המפעלים שעליהם חל צו ההרחבה
ותפרסם את רשימת המפעלים בדרך שיורה שר העבודה.</p></content></point><point><heading><authorialNote placement="side"><p>תחולת צו הרחבה על מפעל ופיקוח על ביצועו</p></authorialNote></heading><num>33</num><list><intro><p>
ג. (א) מי שהסמיכו שר העבודה להיות מפקח רשאי לדרוש מכל
מפעל מידע כדי לברר אם חל על המפעל צו הרחבה ואם מתקיימות
הוראות הצו במפעל, וכן רשאי הוא, לאותה מטרה, ולאחר מתן הודעה
מוקדמת, להיכנס לכל מפעל, לחקור את בעליו, מנהליו ואת העובדים
בו ולבדוק את ספרי המפעל ומסמכיו הנוגעים לעובדים במפעל.</p></intro><subPoint><num>ב</num><content><p> לא יגלה מפקח כל דבר שהגיע לידיעתו בתוקף תפקידו לפי
סעיף קטן (א) אלא תוך מילוי חובה המוטלת עליו לפי דין.</p></content></subPoint></list></point><point><heading><authorialNote placement="side"><p>סמכות בית הדין</p></authorialNote></heading><num>33</num><content><p>
ד. לבית הדין האזורי כמשמעותו בחוק בית הדין לעבודה, תשכ"ט-
1969  2(להלן - בית הדין), הסמכות היהודית לפסוק אם חל צו הרחבה
על מפעל וכן בתובענה של עובד, מעביד או מפקח בכל ענין הנובע
מהוראות סעיפים 33ב ו-33ג.</p></content></point><part><num>חילוקי דעות,</num><title><content><p>רשאי שר העבודה לקבוע לגבי ההוראות שהורחבו, כולן</p></content></title><point><heading><authorialNote placement="side"><p>סמכויות ועדת פיקוח</p></authorialNote></heading><num>33</num><content><p>
ו. סמכויותיה של ועדת פיקוח לענין יישוב חילוקי דעות, סדרי הדין
בפניה ודין החלטתה יהיו כשל הגוף שהיא באה להחליף כאמור כסעיף
33ה, ואם החליפה מספר גופים כאמור - כשל הגוף הפוסק אחרון ביניהם,
והכל בשינויים המחוייבים.</p></content></point><point><heading><authorialNote placement="side"><p>דמי טיפול ארגוני-מקצועי לארגון מעבידים</p></authorialNote></heading><num>33</num><list><intro><p>
ז. (א) שר העבודה רשאי לקבוע בתקנות, באישור ועדת העבודה
של הכנסת, הוראות בדבר חובת מעביד שחל עליו צו הרחבה לשלם
דמי טיפול ארגוני-מקצועי לארגון המעבידים שהוא צד להסכם הקיבוצי
שהורחב, הכל כשיעור ובתנאים שנקבעו כאמור; התקנות יכול שיחולו
לגבי סוגי מעבידים, ענפי עבודה, ענפי משק, אזורים גיאוגרפיים או
מעבידים מסויימים, למעט מפעל או מעביד שהוא חבר בארגון של
מפעלים או מעבידים אשר נקבע בתקנות כאמור.</p></intro><subPoint><num>ב</num><content><p> לבית הדין הסמכות היהודית לפסוק בחילוקי דעות הנובעים
מהוראות סעיף קטן (א)."</p></content></subPoint></list></point><point><heading><authorialNote placement="side"><p>תיקון חוק הסכמים קיבוציים (הוראת שעה מס' 2)</p></authorialNote></heading><num>2</num><list><intro><p>
בחוק הסכמים קיבוציים (הוראת שעה מס' 2), תשל"ה-1975 3, בסוף התוספת יבוא
"כפי שהוארך בסעיף 21 להסכם הקיבוצי הכללי כין הצדדים האמורים שנחתם ביום י"ב
באדר א' תשל"ו (13 בפברואר 1976) ושמספרו המזהה כאמור הוא 7002/76".</p></intro><subPoint><num>ב</num><content><p> תחילתו של סעיף זה ביום כ"ח בטבת תשל"ו (1 בינואר 1976).</p></content></subPoint></list></point><point><heading><authorialNote placement="side"><p>הוראת מעבר</p></authorialNote></heading><num>3</num><content><p>
הוראות סעיפים 33א עד 33ז לחוק העיקרי יחולו אף על צווי הרחבה שניתנו לפני
תחילתו של חוק זה.</p></content></point></part><signature><name>אפרים קציר</name><role>נשיא המדינה</role></signature><signature><name>יצחק רבין</name><role>ראש הממשלה</role></signature><signature><name>משה ברעם</name><role>שר העבודה</role></signature><dateOfAcceptance>08.04.1976</dateOfAcceptance></body>