<?xml version="1.0" encoding="UTF-8" ?>
<body><title><content><p>חוק הסדרי משפט ומינהל (תיקון), תשל"ג-1973 *</p></content></title><point><heading><authorialNote placement="side"><p>תיקון סעיף 5</p></authorialNote></heading><num>1</num><list><intro><p /></intro><subPoint><num>א</num><content><p> בסעיף 5 לחוק הסדרי משפט ומינהל [נוסח משולב], תש"ל-1970 1 (להלן -
החוק העיקרי) - 
(1) במקום סעיף קטן (א) יבוא:
"(א) מקרקעין הנמצאים בשטח תחולתו של צו החלת המשפט
וערב היום שבו עבר השטח להחזקת צבא-הגנה לישראל הם היו מוקנינ
לאדם אשר שלטונות המדינה שהשטח היה תפוס בידיה למעשה מינו אותו
לממונה על רכוש האויב או לבעל תפקיד או תואר דומה, או היו מוקנינ
לרשות מרשויותיה של אותה מדינה או לגוף שבשליטתה אשר אות
אדם העבירם להם או שהיו אותה שעה בהחזקתם או בניהולם של אדם
גוף או רשות כאמור - מוקנים מיום תחילתו של הצו לאפוטרופוס הכלל
שיעשה בהם כאמור להלן בסעיף זה.";
(2) בסעיף קטן (ב), במקום הרישה המסתיימת במלים "לפי בקשתם" יבוז
"האפוטרופוס הכללי ישחרר, בתעודה חתומה בידו, את המקרקעין למי שהיו
בעלם לפני שהוקנו לאדם כאמור בסעיף קטן (א) או לפני שאותו אדם התחיק
להחזיק בהם או לנהלם, לפי הענין, או לחליפו של אותו בעל, לפי בקשתם"
(3) במקום סעיף קטן (ד) יבוא:
"(ד) מקרקעין הנמצאים בשטח תחולתו של צו החלת המשפט
ובזמן מן הזמנים בין הקמת המדינה לבין היום שבו עבר השטח לההזקר
צבא-הגנה לישראל היו מוקנים לאדם כאמור בסעיף קטן (א), או היו
בהחזקתו או בניהולו, יהיו לנכסי המדינה מיום תחילתו של צו החלה
המשפט, אם נתמלא בהם אחד מאלה:
(1) לפני היום שבו עבר השטח להחזקת צבא-הגנה לישראק
נרכשו לצרכי ציבור לפי הדין שהיה חל על השטח אותך
שעה או הוחל בהליכים לרכישתם כאמור;
(2) בתקופה שבין הקנייתם לאדם כאמור בסעיף קטן (א).
תחילת ההחזקה בהם בידיו או הניהול בידיו לבין תחילת צו
החלת המשפט, הוחל להקים או הוקם עליהם בנין או מיתקן
המיועדים לשמש לצרכי ציבור - למעט בנין או מיתקן
ארעיים בלבד - או בוצעו והושלמו בהם עבודות אחרות
שהכשירום לשימוש לצרכי ציבור;
ושר האוצר אישר שביום תחילתו של חוק הסדרי משפט ומינהל (תיקון),
תשל"ג-1973 (בסעיף זה - היום הקובע), עדיין נועדו לשמש לצרכי
ציבור שפורטו באישורו של שר האוצר.
* נתקבל נכנסת ביום ג' בתמוז תשל'יג (3 ביולי 1973); הצעת החוק ודברי הסבר פורסמו בה"ח 1026/ תשל'יג'
עמ' 65.</p></content></subPoint><subPoint><num>ה</num><content><p> אישר שר האוצר שחלק מסויים כלבד מהמקרקעין כאמור
בסעיף קטן (ד) נועד ביום הקובע לשמש לצרכי ציבור ולפי הדין שחל
על אותם המקרקעין ניתן להפריד אותו חלק מיתרת השטח של המקר-
קעין לצרכי רישום בפנקסי המקרקעין, תבוצע ההפרדה בהתאם לאותו
דין, וסעיף קטן (ד) יחול על אותו חלק מהמקרקעין בלבד שלגביו ניתן
האישור של שר האוצר.</p></content></subPoint><subPoint><num>ו</num><content><p> היו מקרקעין לנכס המדינה לפי סעיף זה, ואחרי היום הקובע
שונה יעודם והם או חלק מסויים שלהם (להלן בסעיף זה - החלק) אינם
משמשים ערד את צרכי הציבור המפורטים באישור של שר האוצר (להלן
בסעיף זה - שינוי היעוד), רשאי מי שהיה זכאי למקרקעין אילולא האמור
בסעיף קטן (ד) (להלן בסעיף זח - הזכאי), לקנות את המקרקעין או את</p></content></subPoint></list></point><part><num>החלק, הכל</num><title><content><p>לפי הענין, במחיר שלא יעלה על הפיצויים ששולמו בעדם</p></content></title><point><heading><authorialNote placement="side"><p>תיקון סעיף 26</p></authorialNote></heading><num>2</num><content><p>
בסעיף 26 לחוק העיקרי, בסופו יבוא:
"הוראה זו לא תחול על מקרקעין שבזמן מן הזמנים בין הקמת המדינה לבין היום
שבו עבר השטח להחזקת צבא-הגנה לישראל היו מוקנים לאדם כאמור בסעיף
5(א), או היו בהחזקתו או בניהולו, וינהגו במקרקעין אלה באמור בסעיף 5".</p></content></point></part><signature><name>אפרים קציר</name><role>נשיא המדינה</role></signature><signature><name>גולדה מאיר</name><role>ראש הממשלה</role></signature><signature><name>יעקב ש' שפירא</name><role>שר המשפטים</role></signature><dateOfAcceptance>13.07.1973</dateOfAcceptance></body>