<?xml version="1.0" encoding="UTF-8" ?>
<body><title><content><p>חוק הגנת הדייר (בנינים חדשים), תשט"ו-1955*</p></content></title><point><heading><authorialNote placement="side"><p>השכרת בנינים חדשים</p></authorialNote></heading><num>1</num><content><p>
מושכר הנמצא בבנין או בתוספת בנין שבנייתם הושלמה לאחר יום כ"ז באדר ב'
תשי"ד (1 באפריל 1954) והושכר לראשונה אחרי תחילתו של חוק זה, והדברים האלה
פורשו בחוזה השכירות - לא יחולו עליו הוראות פקודת הגבלת שכר דירה (דירות),
1940 1, פקודת ההגבלות על שכר דירה (בתי-עסק), 21941, וחוק הגנת הדייר, תשי"ד-
 1954 3, עשר שנים מיום השכרתו לראשונה.</p></content></point><point><heading><authorialNote placement="side"><p>העברת חוזה</p></authorialNote></heading><num>2</num><content><p>
דייר ששילם בשכירות של מושכר שחל עליו סעיף 1 חלק ניכר מהשקעות הבניה,
יהיה רשאי, תוך תקופה המסתיימת שנה אחת לפני תום חוזה השכירות' להעביר את חוזה
השכירות שלו לדייר אחר, על אף כל הוראה מנוגדת לכך בחוזה השכירות, ובלבד שב-
העברת חוזה שכירות של בית עסק לא יהיה הדייר החדש רשאי להשתמש בבית העסק
אלא למטרות שלהן שימש לפני ההעברה.</p></content></point><point><heading><authorialNote placement="side"><p>פטור מרישום חוזה שכירות</p></authorialNote></heading><num>3</num><content><p>
מושכר שחל עליו סעיף 1 ושהושכר לתקופה המסתיימת לא יאוחר מעשר שנים
וחודש אחד מיום השכרתו לראשונה, לא יראו את השכירות כהעברת קרקע הטעונה רישום
בספרי האחוזה, על אף האמור בפקודת העברת קרקעות4.</p></content></point><point><heading><authorialNote placement="side"><p>תיקון חוק הגנת הדייר (בנינים חדשים), תשי"ג-1953</p></authorialNote></heading><num>4</num><content><p>
חוק הגנת הדייר (בנינים חדשים), תשי"ג-51953, יתוקן כך :
(1) לסעיף 2 תיווסף פסקה זו:
"סעיף זה לא יחול על בנין או תוספת לבנין שחוק הגנת הדייר (בנינים
חדשים), תשט"ו-1955, חל עליהם".
(2) בסעיף 4, במקום "סכום ניכר" יבוא "חלק ניכר", במקום "להעביר את
זכויותיו בשכירות לדייר מתאים" יבוא "להעביר את חוזה השכירות שלו לדייר
אחר" ובמקום "ובלבד שבהעברת הזכויות בשכירות" יבוא "ובלבד שבהעברת
חוזה שכירות".</p></content></point><point><heading><authorialNote placement="side"><p>ביצוע ותקנות</p></authorialNote></heading><num>5</num><content><p>
שר המשפטים ממונה על ביצוע חוק זה והוא רשאי להתקין תקנות בכל הנוגע
לביצועו.</p></content></point><signature><name>משה שרת</name><role>ראש הממשלה</role></signature><signature><name>פנחס רוזן</name><role>שר המשפטים</role></signature><signature><name>יצחק בן- צבי</name><role>נשיא המדינה</role></signature><dateOfAcceptance>03.03.1955</dateOfAcceptance></body>