<?xml version="1.0" encoding="UTF-8" ?>
<body><title><content><p>חוק לתיקון פקודת ההגבלות על שכר דירה (בתי עסק), תשי״א—1951*</p></content></title><point><heading><authorialNote placement="side"><p>פירושים</p></authorialNote></heading><num>1</num><content><p>
בחוק זה, ״הפקודה העיקרית״ פירושו — פקודת ההגבלות על שכר דירה (בתי-עסק),
.11941</p></content></point><point><heading><authorialNote placement="side"><p>תיקון הסעיף 2 ?פקודה העיקרית</p></authorialNote></heading><num>2</num><list><intro><p>
הפקודה העיקרית תתוקן כך:
סעיף 2 יסומן כסעיף 2 (1)׳ ואחריו ייווסף סעיף קטן זה:
״(2) נפטר שוכר או שוכר משנה של בית עסק שפקודה זו חלה עליו, רואים כשוכר
או בשוכר משנה של אותו בית עסק את מי שהיה בן-זוגו של הנפטר בשעת פטירתו,
ובאין בן-זוג כאמור — את ילדיו, ובאין ילדים — את הוריו. באין הורים, רשאי
בית משפט השלום לפסוק שיראו כשוכר או כשוכר משנה של בית העסק אחד או
אחדים מן האנשים המנויים להלן, אם מצא בית המשפט כי מן הצדק לעשות זאת
בשים לב למידת תלותם בנפטר ; ואלה האנשים:</p></intro><subPoint><num>א</num><content><p> קרובים אחרים של הנפטר שהיו תלויים בו סמוך לפטירתו;</p></content></subPoint><subPoint><num>ב</num><content><p> אנשים אחרים שהיו תלויים בנפטר סמוך לפטירתו והשתתפו אותה שעה
בהנהלת העסק שהתנהל בבית העסק.״</p></content></subPoint></list></point><point><heading><authorialNote placement="side"><p>הוראת מעבר</p></authorialNote></heading><num>3</num><content><p>
שר המשפטים רשאי לקבוע, בתקנות, הוראות שתכליתן להפעיל את התיקון שסעיף 2
מתקן בפקודה העיקרית לגבי פסקי דין לפינוי בתי עסק ושהוצאתם לפועל לא הושלמה
לפני תחילת תקפו של חוק זה.</p></content></point><signature><name>דוד בן גוריון</name><role>ראש הממשלה</role></signature><signature><name>פנחס רוזן</name><role>שר המשפטים</role></signature><signature><name>חיים ווייצמן</name><role>נשיא המדינה</role></signature><dateOfAcceptance>11.07.1951</dateOfAcceptance></body>