<?xml version="1.0" encoding="UTF-8" ?>
<body><title><content><p>חוק הגנת הדייר (תיקון מס' 3), תשי"ז-1957 *</p></content></title><point><heading><authorialNote placement="side"><p>תיקה סעיף 23</p></authorialNote></heading><num>1</num><content><p>
בסעיף 23 לחוק הגנת הדייר' תשי"ד-1954  1 -
(1) במקום המלים "בשלוש השנים הראשונות" יבואו המלים "בארבע השנים
הראשונות";
(2) בפסקה (2)' לאחר המלה "השניה" יבוא פסיק' ובמקום המלים "ושל  150%
בשנה השלישית" יבואו המלים "של 150% בשנה השלישית ושל -180% בשנה
הרביעית'/</p></content></point><point><heading><authorialNote placement="side"><p>הוראות מעבר</p></authorialNote></heading><num>2</num><list><intro><p /></intro><subPoint><num>א</num><content><p> בית דין שפסק דמי שכירות למושכר לפני תחילתו של חוק זה' רשאי' על פי
בקשת כל צד' לשנות את הפסק' אם נראה לבית הדין שהיה פוסק דמי שכירות אחרים
אילו היה חוק זה בר-תוקף בשעת מתן הפסק.</p></content></subPoint><subPoint><num>ב</num><content><p> הוסכם בין בעל בית לדייר' אחרי תחילתו של חוק הגנת הדייר' תשי"ד-1954,
ולפני תחילתו של חוק זה, על דמי שכירות של בית עסק מן הסוגים הנקובים בסעיף 17
לאותו חוק, רשאי בית הדין, על פי בקשת כל צד, לשנות את דמי השכירות המוסכמים,
אם נראה לבית הדין שהצדדים היו קובעים דמי שכירות אחרים, אילו היה חוק זה בר-
תוקף בשעת עשיית ההסכם.</p></content></subPoint></list></point><signature><name>יצחק בן-צבי</name><role>נשיא המדינה</role></signature><signature><name>דוד בן-גוריון</name><role>ראש הממשלה</role></signature><signature><name>פנחס רוזן</name><role>שר המשפטים</role></signature><dateOfAcceptance>04.04.1957</dateOfAcceptance></body>