<?xml version="1.0" encoding="UTF-8" ?>
<body><title><content><p>חוק ההוצאה לפועל, תשכ"ז-1967 *</p></content></title><chapter><num>פרק א':</num><title><content><p>הוראות כלליות</p></content></title><point><heading><authorialNote placement="side"><p>הגדרות</p></authorialNote></heading><num>1</num><content><p>
בחוק זה -
"בית משפט" - לרבות בית דין דתי;
"פסק דין" - פסק דין או החלטה אחרת של בית משפט בענין אזרחי, לרבות החלטה על
תשלום הוצאות בענין שאינו אזרחי;
"זוכה" - מי שפסק דין ניתן לזכותו, לרבות חליפיו;
"חייב" - מי שפסק דין ניתן לחובתו?
"חוב פסוק" - החוב, לרבות הריבית וההוצאות, שנתחייב בהם החייב לפי פסק דין;
"הליך" - פעולה לפי חוק זה לשם הוצאה לפועל של פסק דין?
"ערובה" - ערבון, ערבות, התחייבות או בטוחה בכל צורה אחרת;
"נכס" - לרבות זכות קיימת או עתידה.</p></content></point><point><heading><authorialNote placement="side"><p>לשכת הוצאה לפועל</p></authorialNote></heading><num>2</num><content><p>
ליד כל בית משפט שלום תהיה לשכת הוצאה לפועל ובה ראש ההוצאה לפועל ומוציא
לפועל.</p></content></point><point><heading><authorialNote placement="side"><p>ראש ההוצאה לפועל</p></authorialNote></heading><num>3</num><content><p>
הסמכויות של ראש ההוצאה לפועל נתונות לכל שופט של בית משפט שלום ולכל
רשם של בית משפט שלום.</p></content></point><point><heading><authorialNote placement="side"><p>מוציא לפועל</p></authorialNote></heading><num>4</num><content><p>
שר המשפטים ימנה מוציאים לפועל; המינוי יפורסם ברשומות.</p></content></point><point><heading><authorialNote placement="side"><p>הטלת תפקידים</p></authorialNote></heading><num>5</num><content><p>
מוציא לפועל רשאי להטיל על פקיד של בית המשפט, או על אדם אחר שהסכים לכך,
ביצועם של הליכים שבתחום סמכותו; מי שהוטל עליו תפקיד כאמור, דינו לענין אותו
תפקיד כדין מוציא לפועל.</p></content></point><point><heading><authorialNote placement="side"><p>בקשת ביצוע</p></authorialNote></heading><num>6</num><content><p>
הזוכה רשאי להגיש לכל לשכת הוצאה לפועל בקשה לביצוע פסק הדין? הוא יפרש
בה את ההליכים שהוא רוצה שיינקטו, ויכול הוא מפעם לפעם לבקש נקיטת הליכים נוספים.</p></content></point><point><heading><authorialNote placement="side"><p>המצאת אזהרה ופסק דין</p></authorialNote></heading><num>7</num><list><intro><p /></intro><subPoint><num>א</num><content><p> משהוגשה בקשת ביצוע, ימציא המוציא לפועל לחייב אזהרה למלא אחרי פסק
הדין תוך תקופה שתיקבע באזהרה? לאזהרה יצורף העתק מאושר של פסק הדין או של
הפסיקתה, אם לא הומצאו לחייב קודם לכן.</p></content></subPoint><subPoint><num>ב</num><content><p> לא יוחל בביצוע פסק הדין אלא לאחר המצאת האזהרה כאמור בסעיף קטן (א)
ולאחר שעברה התקופה שנקבעה באזהרה, זולת אם ראה ראש ההוצאה לפועל שנסיבות
הענין מצדיקות נקיטת הליך לפני כן. </p></content></subPoint></list></point><point><heading><authorialNote placement="side"><p>נקיטת הליכים</p></authorialNote></heading><num>8</num><list><intro><p /></intro><subPoint><num>א</num><content><p> ביקש הזוכה נקיטת שני הליכים או יותר, יקבע ראש ההוצאה לפועל את סדר
נקיטתם בזה אחר זה או בבת אחת.</p></content></subPoint><subPoint><num>ב</num><content><p> ראש ההוצאה לפועל רשאי להורות שהליך פלוני לא יינקט אם ראה שלפי
הנסיבות ההליך הוא בלתי יעיל או שניתן לבצע את פסק-הדין בהליך פחות חמור.</p></content></subPoint><subPoint><num>ג</num><content><p> הליך יופסק או יבוטל אם ביקש זאת הזוכה.
עמ' 260.</p></content></subPoint></list></point><point><heading><authorialNote placement="side"><p>אגרות והוצאות</p></authorialNote></heading><num>9</num><list><intro><p /></intro><subPoint><num>א</num><content><p> האגרות וההוצאות המשוערות לנקיטת הליך ישולמו על-ידי הזוכה לפני נקיטתו,
אולם רשאי ראש ההוצאה לפועל להרשות מתן ערובה במקום התשלום, כולו או מקצתו.</p></content></subPoint><subPoint><num>ב</num><content><p> האגרות וההוצאות לנקיטת ההליכים יחולו על החייב, ודינן לענין ההוצאה
לפועל כדין החוב הפסוק, זולת אגרות והוצאות של הליכים שלדעת ראש ההוצאה לפועל
ביקש הזוכה את נקיטתם שלא בתום לב.</p></content></subPoint><subPoint><num>ג</num><content><p> ההוצאות לענין סעיף זה יהיו כפי שנקבעו בתקנות, ואם לא נקבעו כתקנות,
כפי שאישר המוציא לפועל.</p></content></subPoint></list></point><point><heading><authorialNote placement="side"><p>שכר עורך-דין</p></authorialNote></heading><num>10</num><list><intro><p /></intro><subPoint><num>א</num><content><p> ראש ההוצאה לפועל רשאי לקבוע שכר עורך-דין בשל פעולות בהוצאה לפועל.</p></content></subPoint><subPoint><num>ב</num><content><p> שכר עורך-דין שנקבע לטובת הזוכה, דינו לענין ההוצאה לפועל כדין הוצאות
לפי סעיף 9.</p></content></subPoint><subPoint><num>ג</num><content><p> קבע ראש ההוצאה לפועל שכר עורך דין לטובת החייב, יהיה השכר ניתן לקיזוז
כנגד הסכום שיש לשלמו לזוכה, ואם אי אפשר לקזזו, תהא ההחלטה נתונה להוצאה לפועל
כאילו היתה פסק-דין לטובת החייב נגד הזוכה.</p></content></subPoint></list></point><point><heading><authorialNote placement="side"><p>העברת הביצוע של פסק-דין או של הליך</p></authorialNote></heading><num>11</num><content><p>
ראש ההוצאה לפועל רשאי להעביר ביצועו של פסק-הדין או הליך פלוני אל לשכת
הוצאה לפועל אחרת, אם ראה שהדבר מוצדק בנסיבות הענין.</p></content></point><point><heading><authorialNote placement="side"><p>פסק-דין הטעון הבהרה</p></authorialNote></heading><num>12</num><content><p>
היה ראש ההוצאה לפועל סבור שפסק הדין או חלק ממנו טעון הבהרה לשם ביצועו,
רשאי הוא לפנות בכתב לבית המשפט שנתנו כדי לקבל הבהרה; אין בפנייה זו כדי לעכב
ביצועו של אותו חלק של פסק-הדין שאינו טעון הבהרה.</p></content></point><point><heading><authorialNote placement="side"><p>מעצר למניעת הפרעה בביצוע</p></authorialNote></heading><num>13</num><content><p>
היה לראש ההוצאה לפועל יסוד להניח שהחייב, או אדם אחר מטעמו, עשה או זומם
מעשה בכוונה למנוע הליך או להפריע לביצועו, והיה משוכנע שיש צורך במעצרם כדי
לאפשר את ביצוע ההליך או למנוע הפרת הסדר הציבורי עקב הביצוע, רשאי הוא לצוות
על מעצרם לתקופה הדרושה לביצוע ההליך, אך לא יותר מ-48 שעות.</p></content></point><point><heading><authorialNote placement="side"><p>עיכוב יציאה מן הארץ</p></authorialNote></heading><num>14</num><list><intro><p /></intro><subPoint><num>א</num><content><p> היה לראש ההוצאה לפועל יסוד להניח שהחייב עומד לעזוב את הארץ ולסכל
על ידי כך הליך או להכביד על ביצוע פסק הדין, רשאי הוא לצוות על עיכוב יציאתו מן
הארץ ועל הפקדת דרכונו או תעודת המסע שלו.</p></content></subPoint><subPoint><num>ב</num><content><p> סירב החייב להפקיד דרכונו או תעודת המסע כאמור, רשאי ראש ההוצאה
לפועל לצוות על מעצרו עד להפקדתם, ובלבד שהחייב לא ייעצר משום כך ליותר משבעה
ימים.</p></content></subPoint><subPoint><num>ג</num><content><p> ראש ההוצאה לפועל רשאי, במקום לצוות כאמור בסעיף קטן (א), להתנות את
יציאת החייב מן הארץ במתן ערובה להנחת דעתו כדי להבטיח את ביצוע פסק-הדין.</p></content></subPoint></list></point><point><heading><authorialNote placement="side"><p>חיפושים</p></authorialNote></heading><num>15</num><list><intro><p /></intro><subPoint><num>א</num><content><p> ראש ההוצאה לפועל רשאי לצוות על עריכת חיפוש על גופו של החייב, ככליו
או בחצרים שבהחזקתו.</p></content></subPoint><subPoint><num>ב</num><content><p> היה לראש ההוצאה לפועל יסוד להניח שנכסים של החייב נמצאים בכלים או
בחצרים שאינם בהחזקתו, רשאי הוא לצוות על עריכת חיפוש באותם כלים או חצרים אם
ראה צורך בכך לשם גילוי הנכסים.</p></content></subPoint><subPoint><num>ג</num><content><p> ראש ההוצאה לפועל רשאי להתנות צו לפי סעיף קטן (ב) במתן ערובה להנחת
דעתו מאת הזוכה, ואם ראה כי בקשת החיפוש לא היתה סבירה, רשאי הוא, לאחר שנתן
לצדדים הנוגעים בדבר הזדמנות להשמיע דבריהם, להורות על חילוט הערובה, כולה או
מקצתה, לטובת מחזיק הכלים או החצרים לשם פיצוי המק שנגרם לו כחיפוש.</p></content></subPoint></list></point><point><heading><authorialNote placement="side"><p>השהיית הליך ואי-נקיטתו</p></authorialNote></heading><num>16</num><list><intro><p /></intro><subPoint><num>א</num><content><p> ביקש החייב להשהות הליך או להימנע ממנו, רשאי ראש ההוצאה לפועל להורות
כמבוקש כתנאי שהחייב המציא ערובה להנחת דעתו; אולם רשאי הוא לפטור את החייב
ממתן ערוכה, אם ראה הצדקה לכך לשם מניעת עיוות דין.</p></content></subPoint><subPoint><num>ב</num><content><p> מוציא לפועל לא ישהה הליך ולא יימנע ממנו אלא לפי החלטה של ראש
ההוצאה לפועל.</p></content></subPoint></list></point><point><heading><authorialNote placement="side"><p>עיכוב ביצועו של פסק דין</p></authorialNote></heading><num>17</num><list><intro><p /></intro><subPoint><num>א</num><content><p> לא יעוכב ביצועו של פסק הדין אלא לפי הוראות חוק זה או לפי צו של בית
משפט.</p></content></subPoint><subPoint><num>ב</num><content><p> ציווה בית משפט לעכב ביצועו של פסק הדין או חלק ממנו, לא יינקט כל הליך
לביצועם.</p></content></subPoint><subPoint><num>ג</num><content><p> בוטל צו העיכוב, יימשכו ההליכים; הליכים שננקטו לפני שהומצא למוציא
לפועל צו העיכוב, יעמדו בעינם ואין צורך לשוב ולנקטם לאחר ביטול צו העיכוב, אלא
אם ראה ראש ההוצאה לפועל צורך בכך.</p></content></subPoint></list></point><point><heading><authorialNote placement="side"><p>פסק דין שבוטל או שונה</p></authorialNote></heading><num>18</num><list><intro><p /></intro><subPoint><num>א</num><content><p> בוטל פסק הדין לאחר שביצועו התחיל או הושלם, רשאי ראש ההוצאה לפועל,
לפי בקשת החייב, לצוות על החזרת המצב כפי שהיה לפני הביצוע, ואם שונה פסק הדין
רשאי הוא לצוות על תיקון המצב לפי השינוי, אולם נכס שנמכר והועבר לפי חוק זה לא
יוכל החייב לבקש החזרתו בעין, אלא את הסכום שנתקבל ממכירתו.</p></content></subPoint><subPoint><num>ב</num><content><p> צו שניתן לפי סעיף קטן (א) ניתן להוצאה לפועל כאילו היה פסק דין לטובת
החייב נגד הזוכה.</p></content></subPoint><subPoint><num>ג</num><content><p> אין בסעיף זה כדי לגרוע מכל סעד לפי דין אחר.</p></content></subPoint></list></point><point><heading><authorialNote placement="side"><p>טענת פרעתי</p></authorialNote></heading><num>19</num><list><intro><p /></intro><subPoint><num>א</num><content><p> חייב הטוען שמילא או שאינו חייב עוד למלא אחרי פסק הדין, כולו או מקצתו,
עליו הראיה, ורשאי ראש ההוצאה לפועל לקבוע אם ובאיזו מידה מוטל עוד על החייב
למלא אחרי פסק הדין.</p></content></subPoint><subPoint><num>ב</num><content><p> בדיון לפי סעיף זה ינהג ראש ההוצאה לפועל כאילו היה בית משפט הדן
בבקשה בדרך המרצה, ולענין ערעור, דין החלטתו כפסק דין של בית משפט שלום.</p></content></subPoint></list></point><point><heading><authorialNote placement="side"><p>גביית יתר</p></authorialNote></heading><num>20</num><content><p>
כל סכום שנגבה מהחייב מעל לחוב הפסוק ישולם לחייב, ואם נמסר לזוכה, רשאי ראש
ההוצאה לפועל לצוות על החזרתו; הצו ניתן להוצאה לפועל כאילו היה פסק דין לטובת
החייב נגד הזוכה.</p></content></point></chapter><chapter><num>פרק ב':</num><title><content><p>עיקול מיטלטלין</p></content></title><point><heading><authorialNote placement="side"><p>הטלת עיקול על מיטלטלין</p></authorialNote></heading><num>21</num><list><intro><p /></intro><subPoint><num>א</num><content><p> ראש ההוצאה לפועל רשאי לצוות על עיקול מיטלטלין של החייב, ומשציווה
כך, רשאי מוציא לפועל -
(1) להיכנס לחצרים של החייב שבהם נמצאים או עלולים להימצא מיטלטלי
החייב ולעקלם;
(2) להיכנס לחצרים שאינם מוחזקים בידי החייב ולעקל מיטלטלי החייב,
ובלבד שימסור תהילה למחזיק החצרים הודעה על הצו ועל כוונתו להיכנס
אליהם, זולת אם ראש ההוצאה לפועל סבור שמתן הודעה מוקדמת עלול לסכל
את העיקול.</p></content></subPoint><subPoint><num>ב</num><content><p> צו חיפוש לפי סעיף 5נ כמוהו כצו לעיקול מיטלטלי החייב שנמצאו תוך כדי
החיפוש.</p></content></subPoint></list></point><point><heading><authorialNote placement="side"><p>מיטלטלין שאינם ניתנים לעיקול</p></authorialNote></heading><num>22</num><list><intro><p /></intro><subPoint><num>א</num><content><p> ואלה מיטלטלין שאין מעקלים אותם:
(0 צרכי אוכל כדי מחיית החייב ובני משפחתו הגרים עמו, לתקופה של
שלושים יום;
(2) מערכות בגדים, מיטות, כלי מיטה, כלי אוכל, כלי מטבח וכלי בית אחרים
שהם צרכים חיוניים לחייב ולבני משפחתו הגרים עמו;
(3) דברים הדרושים כתשמישי קדושה לחייב ולבני משפחתו הגרים עמו;
(4) כלים, מכשירים, מכונות ומיטלטלין אחרים, וכן בעלי חיים, שבלעדיהם
אין החייב יכול לקיים מקצועו, מלאכתו, משלח ידו או עבודתו שהם מקור
פרנסתו ופרנסת בני משפחתו, ובלבד ששוויים אינו עולה על סכום שנקבע
בתקנות, ואם היו מכונות - בתנאי שהחייב עובד בהן בעצמו או בעזרת שני
עובדים לכל היותר.</p></content></subPoint><subPoint><num>ב</num><content><p> הפטור מעיקול לפי סעיף קטן (א) (1) לא יחול לגבי חוב שנתחייב בו החייב
ברכישת המיטלטלין שעיקולם נדרש.</p></content></subPoint></list></point><point><heading><authorialNote placement="side"><p>שמירת מיטלטלין מעוקלים</p></authorialNote></heading><num>23</num><content><p>
עוקלו מיטלטלין, רשאי המוציא לפועל להשאירם במקום הימצאם או להעבירם
למקום אחר, בתנאים שקבע.</p></content></point><point><heading><authorialNote placement="side"><p>העמדת נאמן</p></authorialNote></heading><num>24</num><list><intro><p /></intro><subPoint><num>א</num><content><p> המוציא לפועל רשאי להעמיד אדם שהסכים לכך להיות נאמן על שמירת
המיטלטלין המעוקלים, ואם היו בעלי חיים - גם על הזנתם, ולמסור את המיטלטלין לידי
המוציא לפועל באופן, במועד ובמקום שיורה על כך בהודעה שתימסר לנאמן; הוצאותיו
ושכרו של הנאמן כאמור יהיו לפי המוסכם בינו לבין המוציא לפועל, ובאין הסכם - כפי
שיקבע ראש ההוצאה לפועל.</p></content></subPoint><subPoint><num>ב</num><content><p> המוציא לפועל רשאי להעמיד את החייב עצמו, אף אט לא הסכים לכך, נאמן
על המיטלטלין, שיהא חייב בכל החובות האמורות בסעיף קטן (א) אך לא יהא זכאי לשכר,
ולא להוצאות זולת לפי החלטת ראש ההוצאה לפועל.</p></content></subPoint></list></point><point><heading><authorialNote placement="side"><p>אחריותו של נאמן</p></authorialNote></heading><num>25</num><list><intro><p /></intro><subPoint><num>א</num><content><p> נאמן אשר ללא הצדק סביר לא מילא חובה מחובותיו לפי סעיף 24, רשאי ראש
ההוצאה לפועל לחייבו בתשלום החוב הפסוק, כולו או מקצתו, במידה שלא שילמו החייב
או שלא בגבה בהליכים לפי חוק זה, ובלבד שחיוב זה לא יעלה על שווי המיטלטלין שהועמד
נאמן עליהם.</p></content></subPoint><subPoint><num>ב</num><content><p> בדיון לפי סעיף זה ינהג ראש ההוצאה לפועל כאילו היה בית משפט הדן בבקשה
בדרך המרצה, ולענין ערעור והוצאה לפועל, דין החלטתו כפסק-דין של בית משפט שלום,</p></content></subPoint><subPoint><num>ג</num><content><p> אין בסעיף זה כדי לגרוע מאחריותו הפלילית או האזרחית של הנאמן על פי
כל דין.</p></content></subPoint></list></point><point><heading><authorialNote placement="side"><p>זכות שימוש במיטלטלין</p></authorialNote></heading><num>26</num><content><p>
היו המיטלטלין המעוקלים ערב העיקול בשימושו של הנאמן, רשאי הוא להמשיך
ולהשתמש בהם שימוש סביר, ואם היו בשימושם של החייב או של בני משפחתו הגרים עמו,
רשאי הנאמן להרשות להם המשך שימוש כאמור, והכל כפוף לכל הוראה שנתן ראש ההוצאה
לפועל בענין זה.</p></content></point><point><heading><authorialNote placement="side"><p>מכירת המעוקלים</p></authorialNote></heading><num>27</num><content><p>
עברו שבעה ימים מיום הטלת העיקול והחייב לא שילם את החוב הפסוק, רשאי ראש
ההוצאה לפועל, לפי בקשתו של הזוכה, לצוות על מכירתם של המעוקלים, או על מימושם
בדרך אחרת, אולם אם היו נכסים פסילים, רשאי המוציא לפועל למכרם מיד לאחר
העיקול.</p></content></point><point><heading><authorialNote placement="side"><p>ספק בבעלות</p></authorialNote></heading><num>28</num><list><intro><p /></intro><subPoint><num>א</num><content><p> מיטלטלין שעוקלו כשהיו על גופו של החייב, בכליו או בחצרים שבהחזקתו,
רואים אותם כנכסי החייב, כל עוד לא הוכח להנחת דעתו של ראש ההוצאה לפועל שאינם
שלו.</p></content></subPoint><subPoint><num>ב</num><content><p> מיטלטלין שעוקלו כשלא היו על גופו של החייב, בכליו או בחצרים שבהחזקתו,
לא יימכרו כל עוד לא הוכח להנחת דעתו של ראש ההוצאה לפועל שהם רכושו של החייב;
לא הוכח שהם רכושו של החייב, יבוטל העיקול.</p></content></subPoint><subPoint><num>ג</num><content><p> הרואה עצמו נפגע על ידי החלטה של ראש ההוצאה לפועל על פי סעיף זה
רשאי לבקש ממנו לעכב את ביצוע החלטתו כדי לאפשר למבקש לפנות לבית המשפט לענין
הבעלות על המיטלטלין המעוקלים; ראש ההוצאה לפועל רשאי להתנות את העיכוב במתן
ערובה להנחת דעתו.</p></content></subPoint><subPoint><num>ד</num><content><p> פסק דין בתובענה לענין הבעלות במיטלטלין האמורים, אין בו כדי לבטל
מכירתם בהוצאה לפועל לאחר שבוצעה, או לפגוע בזכויות הקונה שרכש אותם מיטלטלין
בתום לב.</p></content></subPoint></list></point><point><heading><authorialNote placement="side"><p>זכותו של צד שלישי</p></authorialNote></heading><num>29</num><list><intro><p /></intro><subPoint><num>א</num><content><p> מכירת המיטלטלין המעוקלים בהוצאה לפועל תקנה לקונה את הנכס כשהוא
חפשי מכל עיקול, משכון או שעבוד אחר להבטחת חוב כספי.</p></content></subPoint><subPoint><num>ב</num><content><p> היתה לצד שלישי זכות במיטלטלין המעוקלים שאינה זכות בעלות ואינה מן
הזכויות האמורות בסעיף קטן (א), והיא עדיפה על פי דין מזכותו של הזוכה, תהיה מכירת
הנכס בכפוף לאותה זכות.</p></content></subPoint></list></point><point><heading><authorialNote placement="side"><p>ביטול עסקאות</p></authorialNote></heading><num>30</num><content><p>
עסקה שלא לפי הוראות חוק זה שנעשתה במיטלטלין שעוקלו, בטלה כלפי המוציא
לפועל וכלפי הנאמן האמור בסעיף 24, אך אין בהוראה זו כדי לפגוע בהגנה הניתנת על
פי כל דין לרוכש מיטלטלין בתום לב.</p></content></point><point><heading><authorialNote placement="side"><p>ביטול העיקול בשל העדר פעולה</p></authorialNote></heading><num>31</num><content><p>
עברה שנה מיום העיקול והזוכה לא הגיש בקשה למכירת המיטלטלין המעוקלים או
למימושם, רשאי ראש ההוצאה לפועל, אף אם לא נתבקש לכך, לבטל את העיקול לאחר
שנתן לצדדים הזדמנות להשמיע טענותיהם.</p></content></point><point><heading><authorialNote placement="side"><p>ביטול עיקול לאחר תשלוט חוב</p></authorialNote></heading><num>32</num><content><p>
סולק החוב הפסוק, או מכר המוציא לפועל חלק מן המיטלטלין שעוקלו והיה בדמיהם
כדי כיסוי החוב, יבטל ראש ההוצאה לפועל את העיקול ואת מינויו של הנאמן ויחזיר לידי
החייב את המיטלטלין שנשארו בידו.</p></content></point></chapter><chapter><num>פרק ג':</num><title><content><p>עיקול מקרקעין</p></content></title><point><heading><authorialNote placement="side"><p>הגדרות</p></authorialNote></heading><num>33</num><content><p>
בפרק זה -
"מקרקעין" - לרבות זכויות בקרקע הניתנות לרישום בפנקסי המקרקעין;
"בית משפט" - בית המשפט המחוזי שבתחום שיפוטו נמצאים המקרקעין.</p></content></point><point><heading><authorialNote placement="side"><p>הטלת עיקול ותוצאותיו</p></authorialNote></heading><num>34</num><list><intro><p /></intro><subPoint><num>א</num><content><p> ראש ההוצאה לפועל רשאי לצוות על עיקול מקרקעי החייב הרשומים על שמו.</p></content></subPoint><subPoint><num>ב</num><content><p> בית המשפט רשאי, לבקשת הזוכה ולאחר ששוכנע שמקרקעין שאינם רשומים
על שם החייב הם של החייב, להצהיר על כך ולצוות על עיקולם.</p></content></subPoint><subPoint><num>ג</num><content><p> ציווה ראש ההוצאה לפועל או בית המשפט על עיקול מקרקעין, יוטל העיקול
על ידי רישומו בפנקסי המקרקעין, ומשנרשם וכל עוד לא בוטל, לא תיעשה ולא תירשם
באותם מקרקעין כל פעולה מרצון - למעט פדיון משכנתה - אלא בהיתר מאת בית המשפט.</p></content></subPoint></list></point><point><heading><authorialNote placement="side"><p>עיקול זמני</p></authorialNote></heading><num>35</num><list><intro><p /></intro><subPoint><num>א</num><content><p> נתבקש בית המשפט לעקל מקרקעי החייב שאינם רשומים על שמו וטרם החליט
בבקשה, רשאי הוא, לבקשת הזוכה ולאחר שניתנה ערובה להנחת דעתו, לצוות על עיקול
זמני של המקרקעין.</p></content></subPoint><subPoint><num>ב</num><content><p> על עיקול זמני יחולו, בשינויים המחוייבים, הוראות סעיף 34 (ג).</p></content></subPoint><subPoint><num>ג</num><content><p> הוכח לבית המשפט כי הבקשה לעיקול זמני הוגשה שלא בתום לב וכי העיקול
הזמני גרם נזק למי שהמקרקעין היו רשומים על שמו, רשאי הוא לחייב את המבקש כפיצוי
הנזק בסכום שיקבע, ורשאי הוא להורות, לשם כך, על חילוט הערובה.</p></content></subPoint></list></point><point><heading><authorialNote placement="side"><p>מכירת מקרקעין שעוקלו</p></authorialNote></heading><num>36</num><content><p>
עברו שלושים יום מיום רישום העיקול והחייב לא שילם את החוב הפסוק, רשאי
ראש ההוצאה לפועל, לפי בקשתו של הזוכה, לצוות על מכירתם של המעוקלים.</p></content></point><point><heading><authorialNote placement="side"><p>רישום זכות במקרקעין שעוקלו</p></authorialNote></heading><num>37</num><content><p>
לא הוגשה במועד שנקבע בתקנות כל הצעת קניה, או שהוגשה הצעת קניה במחיר
ירוד, או שראש ההוצאה לפועל לא ראה סיכוי סביר לביצוע פסק-הדין בדרך אחרת, רשאי
הוא לצוות על מסירת החזקה במקרקעין המעוקלים או על רישום שכירות או משכנתה או
שתיהן כאחת באותם מקרקעין, בתנאים שקבע, לשם פרעון החוב הפסוק, כולו או מקצתו.</p></content></point><point><heading><authorialNote placement="side"><p>הגנת בית המגורים</p></authorialNote></heading><num>38</num><list><intro><p /></intro><subPoint><num>א</num><content><p> היו המקרקעין שעוקלו משמשים, כולם או מקצתם, בית מגורים לחייב, רשאי
ראש ההוצאה לפועל להורות שלא יימכרו אלא אם הוכח תחילה, להנחת דעתו, שיהיה
לחייב ולבני משפחתו הגרים עמו מקום מגורים סביר, או שהועמד לרשותם סידור חלוף.</p></content></subPoint><subPoint><num>ב</num><content><p> ראש ההוצאה לפועל רשאי לקבוע שהסידור החלוף יהיה בהמצאת דירה אחרת
או בתשלום פיצויים או בדרך אחרת.</p></content></subPoint><subPoint><num>ג</num><content><p> הוראות סעיף קטן (א) יחולו גם על ביצועה של משכנתה, זולת אם נרשמה
המשכנתה לפני תחילת חוק זה, או אם פורש בשטר המשכנתה שהחייב לא יהיה מוגן לפי
סעיף זה.</p></content></subPoint><subPoint><num>ד</num><content><p> הוראות סעיף זה אינן חלות על מקרקעין שדיני הגנת הדייר חלים עליהם, ואין
בהם כדי לפגוע בדינים אלה.</p></content></subPoint></list></point><point><heading><authorialNote placement="side"><p>הגנת חייב חקלאי</p></authorialNote></heading><num>39</num><list><intro><p /></intro><subPoint><num>א</num><content><p> היו המקרקעין שעוקלו אדמה חקלאית או זכות באדמה חקלאית והם משמשים
מקור פרנסתו של החייב, רשאי ראש ההוצאה לפועל להורות שישארו בידי החייב מקרקעין
הדרושים כדי מחייתו של החייב ושל בני משפחתו הגרים עמו.</p></content></subPoint><subPoint><num>ב</num><content><p> הוראות סעיף קטן (א) יחולו גם על ביצועה של משכנתה, זולת אם ברשמה
המשכנתה לפני תחילת חוק זה, או אם פורש בשטר המשכנתה שהחייב לא יהיה מוגן לפי
סעיף זה.</p></content></subPoint></list></point><point><heading><authorialNote placement="side"><p>זכותו של צד שלישי</p></authorialNote></heading><num>40</num><list><intro><p /></intro><subPoint><num>א</num><content><p> מכירת המקרקעין המעוקלים בהוצאה לפועל תקנה לקונה את הנכס כשהוא
חפשי מכל עיקול, משכנתה או שעבוד אחר להבטחת חוב כספי.</p></content></subPoint><subPoint><num>ב</num><content><p> היתה לצד שלישי זכות במעוקלים שאינה זכות בעלות ואינה מן הזכויות האמו-
רות בסעיף קטן (א), והיא עדיפה על פי דין מזכותו של הזוכה, תהיה מכירת הנכס בכפוף
לאותה זכות.</p></content></subPoint><subPoint><num>ג</num><content><p> טען צד שלישי לזכות במקרקעין שאינה רשומה, רשאי ראש ההוצאה לפועל
לעכב מכירתם כדי לאפשר לצד השלישי לפנות לבית המשפט לענין זכותו; ורשאי ראש
ההוצאה לפועל להתנות את העיכוב במתן ערובה להנחת דעתו.</p></content></subPoint></list></point><point><heading><authorialNote placement="side"><p>ביטול העיקול בשל העדר פעולה</p></authorialNote></heading><num>41</num><content><p>
עברו שלוש שנים מיום העיקול והזוכה לא הגיש בקשה למכירת המקרקעין המעוקלים
ולא נעשתה בהם פעולה אחרת לפי סעיף 37, רשאי ראש ההוצאה לפועל, אף אם לא נתבקש
לכך, לאחר שנתן לצדדים הזדמנות להשמיע טענותיהם, לבטל את העיקול, ומשעשה כן,
יימחק רישום העיקול מפנקסי המקרקעין.</p></content></point><point><heading><authorialNote placement="side"><p>ביטול העיקול לאתר תשלום החוב</p></authorialNote></heading><num>42</num><content><p>
סולק החוב הפסוק, יורה ראש ההוצאה לפועל על ביטול העיקול, ומשעשה כן, יימחק
רישום העיקול מפנקסי המקרקעין.</p></content></point></chapter><chapter><num>פרק ד':</num><title><content><p>עיקול כידי צד שלישי</p></content></title><point><heading><authorialNote placement="side"><p>הטלת עיקול בידי צד שלישי</p></authorialNote></heading><num>43</num><content><p>
ראש ההוצאה לפועל רשאי לצוות על עיקול כלל נכסי החייב או על עיקול נכס מסויים
מנכסיו הנמצאים בידי צד שלישי.</p></content></point><point><heading><authorialNote placement="side"><p>עיקול כלל נכסי החייב</p></authorialNote></heading><num>44</num><list><intro><p /></intro><subPoint><num>א</num><content><p> צו עיקול בידי צד שלישי על כלל נכסי החייב יחול על נכסי החייב הנמצאים
בידי הצד השלישי ביום המצאת הצו או שיגיעו לידו תוך שלושה חדשים מאותו יום.
גב) הומצא הצו לצד השלישי, יגיש למוציא לפועל תוך עשרה ימים מהמצאת הצו
הודעה המפרטת את נכסי החייב הנמצאים בידו ביום המצאת הצו או שלפי ידיעתו יגיעו
לידו תוך שלושה חדשים מאותו יום.</p></content></subPoint><subPoint><num>ג</num><content><p> הגיע לידי הצד השלישי נכס מנכסי החייב תוך שלושה חדשים מהמצאת הצו,
יודיע על כך למוציא לפועל תוך עשרה ימים מהיום שהנכס הגיע לידו.</p></content></subPoint></list></point><point><heading><authorialNote placement="side"><p>עיקול ננס מסויים</p></authorialNote></heading><num>45</num><list><intro><p /></intro><subPoint><num>א</num><content><p> הומצא לצד שלישי צו עיקול על נכס מסויים של החייב, יגיש למוציא לפועל
תוך עשרה ימים מיום המצאת הצו הודעה בדבר הימצאו של אותו נכס בידו, ואם לא היה
בידו, כולו או מקצתו, יפרש זאת בהודעתו.</p></content></subPoint><subPoint><num>ב</num><content><p> הגיע הנכס שצו העיקול מתייחס אליו לידי הצד השלישי לאחר המצאת הצו
ותוך תקופה שנקבעה לכך בצו, יחול עליו צו העיקול מהיום שהגיע לידו, והצד השלישי
יודיע על כך למוציא לפועל תוך עשרה ימים מאותו יום.</p></content></subPoint></list></point><point><heading><authorialNote placement="side"><p>דיגו של צד שלישי שלא הגיש הודעה</p></authorialNote></heading><num>46</num><list><intro><p /></intro><subPoint><num>א</num><content><p> לא הגיש הצד השלישי הודעה כאמור בסעיפים 44 ו-45 או שהגיש הודעה וראש
ההוצאה לפועל סבור שההודעה אינה שלמה או אינה נכונה, רשאי הוא, לפי בקשת הזוכה,
להזמין את הצד השלישי לחקירה; על חקירה זו יחולו הוראות סעיף 67, בשינויים המחוייבים.
מסירת נכסים
מעוקלים</p></content></subPoint><subPoint><num>ב</num><content><p> אין בהוראות סעיף זה כדי לגרוע מאחריותו של הצד השלישי על פי בל דין.
47. הצד השלישי חייב למסור לידי המוציא לפועל את הנכסים המעוקלים לפי פרק זה
באופן, במועד ובמקום שראש ההוצאה לפועל קבע בצו העיקול או בצו שנתן לאחר מכן,
ואם היו הנכסים חובות המגיעים ממנו לחייב - עליו לשלמם למוציא לפועל בהגיע זמן
פרעונם; היה הדבר כרוך בהוצאות, ישולמו לו ההוצאות הסבירות לפי נסיבות הענין-</p></content></subPoint></list></point><point><heading><authorialNote placement="side"><p>חיוב של צד שלישי</p></authorialNote></heading><num>48</num><list><intro><p /></intro><subPoint><num>א</num><content><p> צד שלישי אשר ללא הצדק סביר לא עשה כאמור בסעיף 47, או הוציא מידו
נכס או שילם חוב שלא כדין בידעו שיש עליו צו עיקול בידי צד שלישי, רשאי ראש
ההוצאה לפועל לחייבו בתשלום החוב הפסוק במידה שלא שילמו החייב, ובלבד שחיוב זה
לא יעלה על שווי הנכס הנדון או על סכום החוב הנדון.</p></content></subPoint><subPoint><num>ב</num><content><p> בדיון לפי סעיף זה ינהג ראש ההוצאה לפועל כאילו היה בית משפט הדן בבקשה
בדרך המרצה, ולענין ערעור והוצאה לפועל, דין החלטתו כפסק-דין של בית משפט שלום.</p></content></subPoint><subPoint><num>ג</num><content><p> אין בהוראות סעיף זה כדי לגרוע מאחריותו של הצד השלישי על פי כל דין.</p></content></subPoint></list></point><point><heading><authorialNote placement="side"><p>תחולת הוראות</p></authorialNote></heading><num>49</num><content><p>
על עיקול בידי צד שלישי יחולו הוראות הסעיפים 26 עד 32, בשינויים המחוייבים.</p></content></point><point><heading><authorialNote placement="side"><p>נכסים שאינם ניתנים לעיקול בידי צד שלישי</p></authorialNote></heading><num>50</num><list><intro><p /></intro><subPoint><num>א</num><content><p> ואלה נכסים שאין מעקלים אותם בידי צד שלישי וצו עיקול על כלל נכסי
החייב לפי פרק זה אינו תופס בהם:
(0 נכס שאינו ניתן לעיקול לפי כל דין;
(2) מזונות המגיעים מן הצד השלישי לחייב על פי פסק-דין או על פי הסכם
שאושר על ידי בית משפט;
(3) כספים המגיעים לחייב שאינו עובד בשכר - כדי סכום שכר העבודה
הפטור מעיקול.</p></content></subPoint><subPoint><num>ב</num><content><p> נבע החוב הפסוק ממזונות המגיעים מן החייב לבן-זוגו, לילדו הקטין או הנכה
או להורו, לא יחולו הוראות סעיף קטן (א), על אף האמור בכל דין.</p></content></subPoint></list></point><point><heading><authorialNote placement="side"><p>דין פרעון חוב</p></authorialNote></heading><num>51</num><content><p>
מסירת נכס או תשלום חוב לידי המוציא לפועל לפי צו עיקול בידי צר שלישי,
פוטרים את הצד השלישי מאחריותו כלפי החייב.</p></content></point><point><heading><authorialNote placement="side"><p>ביטול צו עיקול בידי צד שלישי '</p></authorialNote></heading><num>52</num><content><p>
הודיע הצד השלישי, בהודעה לפי הסעיפים 44 ו-45, שאין בידו נכסים של החייב
ושלפי ידיעתו לא יגיעו לידו נכסים לאחר מתן הודעתו, רשאי ראש ההוצאה לפועל, לאחר
שאימת את ההודעה, לבטל את העיקול בידי צד שלישי.</p></content></point></chapter><chapter><num>פרק ה':</num><title><content><p>כינוס נכפים</p></content></title><point><heading><authorialNote placement="side"><p>מינוי כונס נכסים</p></authorialNote></heading><num>53</num><list><intro><p /></intro><subPoint><num>א</num><content><p> ראש ההוצאה לפועל רשאי, אם ראה צורך או תועלת בדבר לשם ביצוע פסק
הדין, למנות כונס נכסים לנכס מסויים של החייב.</p></content></subPoint><subPoint><num>ב</num><content><p> ראש ההוצאה לפועל רשאי להורות כי כונס הנכסים יתן ערובה, להנחת דעתו,
לשם הבטחת אחריותו למילוי תפקידו.</p></content></subPoint><subPoint><num>ג</num><content><p> הודעה על מינוי כונס נכסים תינתן לכונס הנכסים הרשמי.</p></content></subPoint></list></point><point><heading><authorialNote placement="side"><p>סמכויותיו וחובותיו של כונס נכסים</p></authorialNote></heading><num>54</num><list><intro><p /></intro><subPoint><num>א</num><content><p> כונס הנכסים יקח לרשותו את הנכס שנתמנה לו, ינהלו, ימכרנו, יממשו ויעשה
בו כפי שיורה ראש ההוצאה לפועל; וידו של כונס הנכסים בכל אלה כיד החייב.</p></content></subPoint><subPoint><num>ב</num><content><p> ראש ההוצאה לפועל רשאי לתת הוראות לפי סעיף זה אם מיזמתו ואם לפי
בקשת הזוכה או החייב, או לפי בקשת כונס הנכסים.</p></content></subPoint><subPoint><num>ג</num><content><p> כונס הנכסים ינהל פנקסים וימסור דינים וחשבונות לראש ההוצאה לפועל או
למי שיורה עליו ראש ההוצאה לפועל.</p></content></subPoint><subPoint><num>ד</num><content><p> כונס הנכסים ימסור למוציא לפועל כל הכנסה שהגיעה לידו מניהול הנכס,
ממכירתו או ממימושו, במועד ובצורה שנדרש למסרה בכתב המינוי או בהוראה מיוחדת.</p></content></subPoint></list></point><point><heading><authorialNote placement="side"><p>שמירת הוראות</p></authorialNote></heading><num>55</num><content><p>
אין במינוי של כונס נכסים כדי לפגוע בזכויות החייב לפי סעיפים 22, 38, 39 ו-50
או לפי כל דין אחר.</p></content></point><point><heading><authorialNote placement="side"><p>אחריותו של החייב כלפי כונס הנכסים</p></authorialNote></heading><num>56</num><list><intro><p /></intro><subPoint><num>א</num><content><p> החייב לא יעשה דבר שיש בו להפריע לכונס הנכסים במילוי תפקידיו, ימלא
אחרי הוראותיו של כונס הנכסים בכל הנוגע לנכס שכונס הנכסים נתמנה לו, ויעשה למטרות
המנויות בסעיף 54 כל דבר שלדעת כונס הנכסים מן הצורך הוא או מן התועלת שייעשה
בידי החייב עצמו.</p></content></subPoint><subPoint><num>ב</num><content><p> החייב ימסור לכונס הנכסים לפי דרישתו כל מסמך וידיעה שיש להם קשר
לנכס האמור.</p></content></subPoint></list></point><point><heading><authorialNote placement="side"><p>זכויות צד שלישי</p></authorialNote></heading><num>57</num><content><p>
טען צד שלישי שיש לו זכות בעלות או זכות אחרת בנכס שנתמנה לו כונס נכסים,
רשאי ראש ההוצאה לפועל להורות לכונס הנכסים בדבר מילוי תפקידו לגבי אותו נכס
בשים לב לאותה זכות, ורשאי הוא להשהות פעולות בנכס כדי לאפשר לצד השלישי לפנות
לבית המשפט לענין זכותו; ראש ההוצאה לפועל רשאי להתנות את ההשהייה במתן ערובה
להנחת דעתו.</p></content></point><point><heading><authorialNote placement="side"><p>אחריותו של כונס נכסים</p></authorialNote></heading><num>58</num><list><intro><p /></intro><subPoint><num>א</num><content><p> כונס נכסים אשר ללא הצדק סביר לא מילא חובה מחובותיו לפי פרק זה,
רשאי ראש ההוצאה לפועל לחייבו בפיצוי הנזק שגרם בכך, ורשאי הוא להורות על
חילוט הערובה שנתן כונס הנכסים, כולה או מקצתה, לשם סילוק המגיע ממנו.</p></content></subPoint><subPoint><num>ב</num><content><p> בדיון לפי סעיף זה ינהג ראש ההוצאה לפועל כאילו היה בית משפט הדן כבקשה
בדרך המרצה, ולענין ערעור והוצאה לפועל, דין החלטתו כפסק דין של בית משפט שלום.</p></content></subPoint></list></point><point><heading><authorialNote placement="side"><p>שכרו של כונס נכסים</p></authorialNote></heading><num>59</num><list><intro><p /></intro><subPoint><num>א</num><content><p> ראש ההוצאה לפועל רשאי לקבוע שכרו של כונס נכסים ודרכי תשלומו; שכרו
והוצאותיו של כונס הנכסים יהיו חלק מן ההוצאות האמורות בסעיף .9</p></content></subPoint><subPoint><num>ב</num><content><p> היה כונס הנכסים עובד המדינה, ישולם שכרו לאוצר המדינה זולת אם הורשה
עובד המדינה כדין לקבל את השכר האמור בעד טרחתו.</p></content></subPoint></list></point><point><heading><authorialNote placement="side"><p>סיום תפקידו של כונס נכסים</p></authorialNote></heading><num>60</num><list><intro><p /></intro><subPoint><num>א</num><content><p> כונס נכסים רשאי, על ידי הודעה בכתב לראש ההוצאה לפועל, להתפטר
מתפקידו; ההתפטרות אינה תופסת אלא אם בא עליה אישור ראש ההוצאה לפועל ומן
היום שנקבע לכך באישור.</p></content></subPoint><subPoint><num>ב</num><content><p> ראש ההוצאה לפועל רשאי לפטר כונס נכסים אם לא מילא תפקידו כראוי או
אם ראה סיבה אחרת לכך.</p></content></subPoint><subPoint><num>ג</num><content><p> ראש ההוצאה לפועל רשאי לשחרר את כונס הנכסים מתפקידו אם ראה שאין
עוד צורך או תועלת בכינוס נכסי החייב.</p></content></subPoint><subPoint><num>ד</num><content><p> הודעה על סיום תפקידו של כונס הנכסים תינתן לכונס הנכסים הרשמי.</p></content></subPoint></list></point></chapter><chapter><num>פרק ו':</num><title><content><p>ביצוע בעין</p></content></title><point><heading><authorialNote placement="side"><p>מסירת נכס</p></authorialNote></heading><num>61</num><list><intro><p /></intro><subPoint><num>א</num><content><p> הטיל פסק הדין על החייב למסור נכס, יתפוס המוציא לפועל את הנכס וימסרנו
למי שזכאי לקבלו לפי פסק הדין.</p></content></subPoint><subPoint><num>כ</num><content><p> קבע המוציא לפועל שלא ניתן לתפוס את הנכס ולא נקבע בפסק הדין הסכום
שיש לשלם תמורתו, רשאי הזוכה לפנות לבית המשפט שנתן את פסק הדין ולבקש שישום
את הנכס, ומשנקבעה השומה יוצא פסק הדין לפועל כאילו נקבע בו סכום השומה מלכתחילה.</p></content></subPoint></list></point><point><heading><authorialNote placement="side"><p>מסירת קטין</p></authorialNote></heading><num>62</num><list><intro><p /></intro><subPoint><num>א</num><content><p> הורה פסק הדין למסור קטין, ימסור המוציא לפועל את הקטין למי שהורה עליו
בית המשפט, ויבול הוא להסתייע לשם כך בפקיד סעד כמשמעותו בחוק הסעד (סדרי דין
בעניני קטינים, חולי נפש ונעדרים), תשט"ו-1955 1.</p></content></subPoint><subPoint><num>ב</num><content><p> קבע המוציא לפועל שפסק הדין אינו ניתן לביצוע אלא על כרחו של הקטין
והיה הקטין לדעתו של המוציא לפועל מסוגל להבין בדבר, או שהיו קשיים אחרים במסירת
הקטין, רשאי ראש ההוצאה לפועל לפנות לבית המשפט שנתן את פסק הדין בבקשת הוראות.</p></content></subPoint></list></point><point><heading><authorialNote placement="side"><p>עשיית מעשה</p></authorialNote></heading><num>63</num><list><intro><p /></intro><subPoint><num>א</num><content><p> הטיל פסק הדין על החייב לעשות מעשה שלא כאמור בסעיפים 61 או 62 והמעשה
ניתן להיעשות על ידי אדם אחר, רשאי ראש ההוצאה לפועל להורות למוציא לפועל לעשות
את המעשה או להרשות לזוכה או לאדם אחר לעשותו במקום החייב.</p></content></subPoint><subPoint><num>ב</num><content><p> ההוצאות לענין סעיף קטן (א) יהיו חלק מן ההוצאות האמורות בסעיף 9.</p></content></subPoint></list></point><point><heading><authorialNote placement="side"><p>פינוי מקרקעין</p></authorialNote></heading><num>64</num><list><intro><p /></intro><subPoint><num>א</num><content><p> ניתן פסק דין לפינוי מקרקעין, לרבות סילוק יד, יקבע ראש ההוצאה לפועל
מועד לפינוי בהודעה, שתומצא לחייב ולצד שלישי אשר לידיעתו של ראש ההוצאה לפועל
מחזיק באותם מקרקעין או בחלק מהם; לא פונו המקרקעין עד המועד שנקבע, ייכנס המוציא
לפועל למקרקעין האמורים, יפנה אותם וימסרם למי שזכאי לקבלם לפי פסק הדין.</p></content></subPoint><subPoint><num>ב</num><content><p> נמצאו במקרקעין בשעת הפינוי או לאחריו מיטלטלין שהמפונה לא הוציאם,
ימסרם המוציא לפועל לשמירה ורשאי הוא למכרם לאחר תקופה סבירה, ואם היו פסידים -
ימכרם מיד; ההוצאות לענין זה יהיו חלק מן ההוצאות האמורות בסעיף 9.</p></content></subPoint></list></point><point><heading><authorialNote placement="side"><p>טענות צד שלישי</p></authorialNote></heading><num>65</num><content><p>
היה צד שלישי מחזיק במקרקעין האמורים בסעיף 64 או בחלק מהם והוכיח להנחת
דעתו של ראש ההוצאה לפועל כי הוא זכאי להחזיק באותם מקרקעין או באותו חלק, רשאי
ראש ההוצאה לפועל להשהות את הפינוי, כל עוד לא הושלם, לתקופה שיקבע, כדי לאפשר
לצד השלישי לפנות לבית המשפט ולקבל צו עיכוב? ראש ההוצאה לפועל רשאי להתנות
את ההשהייה במתן ערובה להנחת דעתו על ידי הצד השלישי.</p></content></point><point><heading><authorialNote placement="side"><p>חייב שחזר לאחר הפינוי</p></authorialNote></heading><num>66</num><content><p>
הושלמה פעולת פינוי לפי סעיף 64, והחייב או אדם אחר מטעמו חזר ותפש שלא כדין
את המקרקעין שפונו, יחזור המוציא לפועל, לפי בקשתו של הזוכה, ויפנה את המקרקעין
לשם ביצועו של פסק הדין; אין הוראה זו גורעת מאחריותו של החייב, או של האדם האחר,
לפי כל דין.</p></content></point><point><heading><authorialNote placement="side"><p>פרק ז': חקירה ומאסר</p></authorialNote></heading><num>1</num><content><p>
ס"ח 187, תשט"ו, עמ' 126.
125                                          ספר החוקים 507                     ח' באב התשכ"ז 14.08.1967</p></content></point><point><heading><authorialNote placement="side"><p>חקירת יכולה</p></authorialNote></heading><num>67</num><list><intro><p /></intro><subPoint><num>א</num><content><p> ראש ההוצאה לפועל רשאי, מיזמתו או לפי בקשת הזוכה או החייב, לחקור
במצבו של החייב, נכסיו, הכנסותיו וחובותיו כדי לברר את יכלתו של החייב לקיים את
פסק הדין (להלן - חקירת יכולת).</p></content></subPoint><subPoint><num>ב</num><content><p> בחקירת יכולת רשאי ראש ההוצאה לפועל להזמין לחקירה את החייב וגם עדים,
ולכוף התייצבותם, מתן עדות והגשת מסמכים, בדרך שמוסמך לכך בית משפט.</p></content></subPoint><subPoint><num>ג</num><content><p> חקירת יכולת תהיה בפומבי או בדלתיים סגורות כפי שיורה ראש ההוצאה
לפועל.</p></content></subPoint></list></point><point><heading><authorialNote placement="side"><p>החלטה על-פי תצהיר</p></authorialNote></heading><num>68</num><list><intro><p /></intro><subPoint><num>א</num><content><p> המבקש חקירת יכולת לפי סעיף 67 רשאי לצרף לבקשתו תצהיר שבו יכלול
פרטים בדבר נכסי החייב, הכנסותיו ויכלתו לקיים את פסק הדין, ויכול הוא לכלול
בתצהירו הצעה בדבר השיעורים שבהם ישולם החוב.</p></content></subPoint><subPoint><num>ב</num><content><p> הגיש הזוכה תצהיר כאמור, רשאי ראש ההוצאה לפועל, לאחר שהזמין את החייב
לחקירת יכולת, לתת החלטה או צו לפי פרק זה, אף בהעדרו של החייב; הגיש החייב את
התצהיר, רשאי ראש ההוצאה לפועל לתת החלטה או צו לפי פרק זה על פי התצהיר בלבד.</p></content></subPoint><subPoint><num>ג</num><content><p> במקום חקירה או נוסף עליה רשאי ראש ההוצאה לפועל להורות שהחייב יענה
בתצהיר לשאלון, תוך המועד שקבע לכך, ורשאי הוא לתת החלטה או צו לפי פרק זה על
סמך התצהיר, ואם לא הגיש החייב תצהיר לשאלון - אף בהעדר תצהיר.</p></content></subPoint></list></point><point><heading><authorialNote placement="side"><p>תשלוט בשיעורים</p></authorialNote></heading><num>69</num><list><intro><p /></intro><subPoint><num>א</num><content><p> ראש ההוצאה לפועל רשאי, לאחר חקירת יכולת לפי סעיף 67, או על סמך
תצהיר לפי סעיף 68, או לפי הסדר בכתב בין החייב ובין הזוכה, לצוות על תשלום החוב
הפסוק במועד או בשיעורים שיקבע.</p></content></subPoint><subPoint><num>ב</num><content><p> מתן צו תשלום בשיעורים אין בו כדי למנוע את ראש ההוצאה לפועל מלשנות
שיעורים שקבע אם ראה הצדקה לכך על פי חקירת יכולת נוספת.</p></content></subPoint><subPoint><num>ג</num><content><p> נקבעו שיעורים בפסק הדין, יכול ראש ההוצאה לפועל, אם ראה הצדקה לכך,
להפנות את בעלי הדין לבית המשפט כדי לבקש שינוי השיעורים שנקבעו.</p></content></subPoint></list></point><point><heading><authorialNote placement="side"><p>מאסר החייב בשל אי תשלום חוב</p></authorialNote></heading><num>70</num><list><intro><p /></intro><subPoint><num>א</num><content><p> נתברר לראש ההוצאה לפועל כי החייב לא שילם את החוב הפסוק במועד שבקבע
לפי סעיף 69 (א) או לא שילם שיעור מהשיעורים שנקבעו, בין בצו של ראש ההוצאה
לפועל לפי סעיף 69 (א) ובין לפי פסק דין שניתן על פי הסכמת בעלי הדין, וכי אין דרך
אחרת לאלץ את החייב לבצע את פסק הדין, רשאי הוא לתת צו מאסר נגדו לתקופה שלא
תעלה על 21 יום.</p></content></subPoint><subPoint><num>ב</num><content><p> חייב שנאסר לפי סעיף זה, יובא תוך שלושה ימים מיום מאסרו בפני ראש
ההוצאה לפועל אשר רשאי לבטל את צו המאסר או להפחית את תקופת המאסר בתנאים
שייראו לו.</p></content></subPoint></list></point><point><heading><authorialNote placement="side"><p>סייג למאסר</p></authorialNote></heading><num>71</num><list><intro><p /></intro><subPoint><num>א</num><content><p> לא יינתן צו מאסר אם היה החייב קטין או פסול-דין, וצו מאסר לא יבוצע כל
עוד משרת החייב בשירות סדיר או בשירות מילואים פעיל לפי חוק שירות בטחון, תשי"ט-
1959 ננוסח משולב] 2.
2 ס"'ח תשי'"ט, עמי 286.</p></content></subPoint><subPoint><num>ב</num><content><p> לא יינתן צו מאסר אם היה החייב בן-זוגו של הזוכה או אחד מצאצאיו או הוריו,
זולת אם פסק הדין הוא למזונות כאמור בסעיף 74.</p></content></subPoint></list></point><point><heading><authorialNote placement="side"><p>שחרור החייב ממאסר</p></authorialNote></heading><num>72</num><content><p>
החייב ישוחרר ממאסרו על פי צו של ראש ההוצאה לפועל לפני תום התקופה הקבועה
בצו המאסר - ואם טרם נאסר לא יבוצע צו המאסר - אם שילם את החוב או השיעור
שבגללו ניתן הצו, או שנתן ערובה כפי שקבע ראש ההוצאה לפועל, או הראה טעם אחר
להנחת דעתו של ראש ההוצאה לפועל שאין להחזיקו במאסר, או שהזוכה ביקש בכתב את
שחרורו של החייב.</p></content></point><point><heading><authorialNote placement="side"><p>אין לאסור שנית בעד אוחו חוב</p></authorialNote></heading><num>73</num><content><p>
חייב שנאסר בשל אי-תשלום הוב או שיעור כל שהוא והשלים את תקופת המאסר
הקבועה בצו המאסר, לא ייאסר שנית בשל אותו חוב או שיעור.</p></content></point><point><heading><authorialNote placement="side"><p>מאסר בשל חוב בעד מזונות</p></authorialNote></heading><num>74</num><content><p>
נבע החוב הפסוק ממזונות המגיעים מן החייב לבן-זוגו, לילדו הקטין או הנכה או
להורו, רשאי ראש ההוצאה לפועל לתת, לפי בקשת הזוכה, צו מאסר נגד החייב אף בלי
להיזקק לחקירת יכולת או לתצהיר לפי סעיף 68.</p></content></point><point><heading><authorialNote placement="side"><p>זקיפת הכנסות הביצוע</p></authorialNote></heading><num>75</num><content><p>
כספים שנתקבלו על ידי המוציא לפועל עקב הליכים לפי חוק זה, ייזקפו בראשונה
לחשבון האגרות וההוצאות לפי סעיף 9, בשניה לחשבון הריבית על החוב הפסוק ובשלישית
לחשבון קרן החוב וההוצאות שנתחייב בהם החייב לפי פסק הדין.</p></content></point><point><heading><authorialNote placement="side"><p>ריבוי הליכים ופסקי דין</p></authorialNote></heading><num>76</num><list><intro><p /></intro><subPoint><num>א</num><content><p> הגישו זוכים אחדים בקשות להוצאה לפועל של פסק דין אחד או של פסקי דין
אחדים נגד חייב אחד, ישמשו הכספים שנתקבלו עקב ההליכים לפי חוק זה בראשונה לתשלום
ההוצאות והאגרות לפי סעיף 9 שהוצאו בהליך שבעקבותיו נתקבלו הכספים, בשניה לתשלום
שאר ההוצאות והאגרות לפי סעיף 9 בשיעור יחסי לסכום שכל אחד מהזוכים הוציא לכך,
והנשאר - לתשלום החובות הפסוקים בשיעור יחסי לסכומיהם ובהתאם לסעיף 75.</p></content></subPoint><subPoint><num>ב</num><content><p> נבע חוב פסוק ממזונות המגיעים מן החייב לבן-זוגו, לילדו הקטין או הנכה או
להורו, ישמשו הכספים שנתקבלו עקב ההליכים לפי חוק זה בראשונה לתשלום ההוצאות
והאגרות לפי סעיף 9 שהוצאו בהליך שבעקבותיו נתקבלו הכספים, בשניה לתשלום חוב
המזונות, בשלישית לתשלום שאר ההוצאות והאגרות לפי סעיף 9, והנשאר לתשלום שאר
החובות, הכל כאמור בסעיף קטן (א).</p></content></subPoint><subPoint><num>ג</num><content><p> אין בהוראות סעיף זה כדי לגרוע מזכות קדימה או מעדיפותו של זוכה או נושה
על פי כל דין אחר.</p></content></subPoint></list></point><point><heading><authorialNote placement="side"><p>העודף שבידי המוציא לפועל</p></authorialNote></heading><num>77</num><content><p>
העודף שנשאר בידי המוציא לפועל לאחר התשלומים האמורים בסעיפים 75 ו-76,
ישולם לחייב.</p></content></point><point><heading><authorialNote placement="side"><p>מות החייב</p></authorialNote></heading><num>78</num><content><p>
מת החייב, אין בכך כדי למנוע או להפסיק הליכים נגד עזבונו, בין שחולק העזבון
ובין שטרם חולק, ורשאי ראש ההוצאה לפועל לנקוט בהליכים לפי חוק זה כלפי נכסי
העזבון שבידי מנהלי העזבון או היורשים, לרבות הזוכים במנה על-פי צוואה.</p></content></point><point><heading><authorialNote placement="side"><p>ביצוע הליכים וצווים</p></authorialNote></heading><num>79</num><list><intro><p /></intro><subPoint><num>א</num><content><p> לשם ביצועם של הליכים וצווים לפי חוק זה רשאי מוציא לפועל, בשעת
הצורך, להשתמש בכוח סביר ולקבל לשם כך עזרה מתאימה מהמשטרה.</p></content></subPoint><subPoint><num>ב</num><content><p> אדם המונע או מפריע שלא כדין ביצוע הליכים וצווים כאמור, אחראי לנזק
או להפסד שנגרמו על ידי כך; אין הוראה זו גורעת מהוראות כל דין אחר.</p></content></subPoint></list></point><point><heading><authorialNote placement="side"><p>ערר וערעור</p></authorialNote></heading><num>80</num><list><intro><p /></intro><subPoint><num>א</num><content><p> הרואה עצמו נפגע על ידי פעולה של מוציא לפועל, רשאי להגיש ערר לפני
ראש ההוצאה לפועל.</p></content></subPoint><subPoint><num>ב</num><content><p> צווים והחלטות של ראש ההוצאה לפועל, לרבות החלטות בערר לפי סעיף
קטן (א), ניתנים לערעור, ברשות ראש ההוצאה לפועל או שופט בית המשפט המחוזי, לפני
בית המשפט המחוזי; אולם ערעור על החלטה לפי סעיפים 48,25,19 ו-58, יהא בזכות,</p></content></subPoint><subPoint><num>ג</num><content><p> הוגש ערר או ערעור או בקשת רשות לערער לפי סעיף זה, אין בכך כדי לעכב
הליך, אולם ראש ההוצאה לפועל או בית המשפט שהוגש לפניו הערר או הערעור או כקשת
רשות לערער רשאי להורות על השהייה או עיכוב, ורשאי הוא להתנות את ההשהייה או
את העיכוב במתן ערובה להנחת דעתו,</p></content></subPoint></list></point><point><heading><authorialNote placement="side"><p>חיוב שדינו כפסק דין</p></authorialNote></heading><num>81</num><content><p>
משכנתאות רשומות על מקרקעין, וכן החלטות, צווים, פסקי דין ומסמכים שנקבע
לגביהם בכל דין כי יש לבצעם כמו פסל, דין של בית משפט, יחולו עליהם הוראות חוק זה,
בשינויים המחוייבים.</p></content></point><point><heading><authorialNote placement="side"><p>שמירת דינים</p></authorialNote></heading><num>82</num><content><p>
אין בחוק זה כדי לגרוע מכל דין בדבר דרכי הגביה של מסים ותשלומי חובה אחרים,
או מהוראות פקודת בזיון בית המשפט 3.</p></content></point><point><heading><authorialNote placement="side"><p>ביצוע ערובה</p></authorialNote></heading><num>83</num><content><p>
ניתנה ערובה לפי חוק זה וראש ההוצאה לפועל נתן צו לממש אותה או לחלט אותה,
תבוצע הערובה כאילו היתה פסק דין.</p></content></point><point><heading><authorialNote placement="side"><p>ביצוע לפי בקשת החייב</p></authorialNote></heading><num>84</num><content><p>
לא הגיש הזוכה בקשה לביצוע פסק הדין, רשאי החייב לבקש מראש ההוצאה לפועל
הוראות בדבר קיום פסק הדין, ויהא פטור מאחריות אם פעל בתום לב לפי הוראות ראש
ההוצאה לפועל.</p></content></point><point><heading><authorialNote placement="side"><p>ביטולים</p></authorialNote></heading><num>85</num><content><p>
בטלים:
(1) החוק העותומני הזמני על ההוצאה לפועל מיום 11 במאי 1914;
(2) פקודת החוב (מאסר) 4;
(3) פקודה להתקנת הוראות נוספות לחוק הוצאה לפועל, 1936 5;
(4) סעיף 3 לפקודת הפרוצדורה האזרחית, 1938 6;
(5) סעיף 19 לפקודת בתי המשפט, 1940 7;
(6) סימן 56 לדבר המלך במועצה על ארץ ישראל, 1947 8;
(7) סעיף 14 לפקודת העברת קרקעות 9.</p></content></point><point><heading><authorialNote placement="side"><p>תחילה</p></authorialNote></heading><num>86</num><content><p>
תחילתו של חוק זה היא ביום ח' באלול תשכ"ח (נ בספטמבר 1968).</p></content></point><point><heading><authorialNote placement="side"><p>הוראות מעבר</p></authorialNote></heading><num>87</num><content><p>
הליך שהוחל בו לפני תחילתו של חוק זה, יחול עליו הדין הקודם, אולם רשאי ראש
ההוצאה לפועל להחיל עליו הוראות חוק זה אם ביקש זאת אחד הצדדים ולאחר שנתן
הזדמנות לצד השני להשמיע טענותיו.</p></content></point><point><heading><authorialNote placement="side"><p>ביצוע ותקנות</p></authorialNote></heading><num>88</num><content><p>
שר המשפטים ממונה על ביצוע חוק זה והוא רשאי להתקין תקנות בכל ענין הניגע
לביצועו, לרבות תקנות הקובעות -
(1) תשלום האגרות וכן דרכי חישוב ההוצאות לשם נקיטת הליכים ושיעוריהם;
(2) סדרי דין לגבי כל דיון לפי חוק זה?
(0 דרכי הטלת תפקידים על ידי מוציא לפועל לפי סעיף 5;
(4) דרכי עיקול של נכסים, מכירתם או מימושם, וכן מתן פקדונות וחילוטם
ורישומים בספרי המקרקעין;
(5) דרכי הוצאה לפועל של משכנתה?
(6) דרכי עיקול של נכסי החייב שבידי המדינה;
(7) ניהול פנקסים ומסירת דו"חות על ידי כונס נכסים;
(8) דרכי איחוד תיקים והצטרפותו של זוכה להליכים שננקטו לפי בקשתו
של זוכה אחר;
(9) ביטול הליכים בשל העדר פעולה מצד הזוכה.</p></content></point></chapter><signature><name>שניאור זלמן שזר</name><role>נשיא המדינה</role></signature><signature><name>לוי אשכול</name><role>ראש הממשלה</role></signature><signature><name>יעקב ש' שפירא</name><role>שר המשפטים</role></signature><dateOfAcceptance>14.08.1967</dateOfAcceptance></body>