<?xml version="1.0" encoding="UTF-8" ?>
<body><title><content><p>חוק לתיקון פקודת ההקדשות לצרכי צדקה (מס' 2), תשל"ג-1973 *</p></content></title><point><heading><authorialNote placement="side"><p>תיקון סעיף 2</p></authorialNote></heading><num>1</num><content><p>
בסעיף 2 לפקודת ההקדשות לצרכי צדקה 1 (להלן - הפקודה), אחרי סעיף קטן (2)
יבוא:
"(3) בפקודה זו, "המפקח" - מפקח על ההקדשות שנתמנה לפי
סעיף 40."</p></content></point><point><heading><authorialNote placement="side"><p>תיקון סעיף 3</p></authorialNote></heading><num>2</num><content><p>
כסעיף 3 לפקודה -
(1) במקום סעיף קטן (1) יבוא:
"(1) הקדש לצרכי צדקה נוצר על פי צוואה בת תוקף של המקדיש,
או על פי שטר הקדש שחתם עליו המקדיש בפני המפקח או על פי שטר
הקדש שחתם עליו המקדיש בפני נוטריון ציבורי והנוטריון הציבורי
העבירו למפקח; לצוואה או לשטר כאמור ייקרא להלן "כתב הקדשה".
(2) היה נכס מנכסי ההקדש רשום בפנקס על פי חיקוק, יתן המפקח
הודעה על כך לממונה על אותו פנקס והממונה ירשום הערה על היות
הנכס נכס הקדש.
(3) שר המשפטים רשאי לקבוע בתקנות את צורתו של שטר
הקדש ואת הפרטים שיש לכלול בו;".
(2) סעיף קטן (2) יסומן (4), ובו - פסקה (ד) - בטלה, והמלה "והוא" שבסוף
פסקה (ג) - תימחק.</p></content></point><point><heading><authorialNote placement="side"><p>"השקעת כספי ההקדש</p></authorialNote></heading><num>8</num><content><p>
היו בנכסי ההקדש, בשעת עשיית ההקדש או לאחר מכן, כספים
שאינם דרושים לצרכים השוטפים של ההקדש, חייב הנאמן, בכפוף
להוראות שניתנו בענין זה בכתב ההקדשה, להחזיקם או להשקיעם באחת
הדרכים שקבע לכך שר המשפטים בתקנות או כדרך שהורה בית המשפט."</p></content></point><point><heading><authorialNote placement="side"><p>תיקון סעיף 12</p></authorialNote></heading><num>4</num><content><p>
בסעיף 12 (3) לפקודה, אחרי "ליותר משלוש שנים" יבוא "או בשכירות המקנה
זכויות על פי חוק הגנת הדייר (נוסח משולב, תשל"ב-21972."</p></content></point><point><heading><authorialNote placement="side"><p>תיקון סעיף 22</p></authorialNote></heading><num>5</num><list><intro><p>
בסעיף 22 לפקודה -
(1) כסעיף קטן (1), במקום פסקה (כ) יבוא:
"(ב)  באין אדם כזה היכול ומוכן לפעול - המקדיש בעצמו
אם הוא מסוגל לפעול;</p></intro><subPoint><num>ג</num><content><p> באין המקדיש כאמור, ובאישור בית המשפט - הנאמן
או הנאמנים שנשאת כחיים ומוסיפים לשמש כתפקידם, או
הנאמנים שהתפטרו אם התפטרו כולם כעת ובעונה אחת, או
הנאמן שהתפטר לאחרונה.";
עמ' 226.
1 חוקי א"י, כרך א' פרק י"ד עמ' 107; ס"ח  תשי"ד, עמי 40.
במקום סעיף קטן (2) יבוא:
"(2) מינוי נאמן חדש לפי סעיף קטן (1) יהיה בכתב והממנה יודיע
מיד על המינוי למפקח.";
בסעיף קטן (3), אחרי "אפשר" יבוא "באישור בית המשפט".
(2)
(3)</p></content></subPoint></list></point><point><heading><authorialNote placement="side"><p> הוספת סעיף 25א</p></authorialNote></heading><num>6</num><content><p>
אחרי סעיף 25 לפקודה יבוא:</p></content></point><point><heading><authorialNote placement="side"><p>"רישום הערה לגבי נכס הקדש</p></authorialNote></heading><num>25</num><content><p>
א. המבקש לרשום נכס מנכסי ההקדש על שם הנאמנים בפנקס המתנהל
על פי חיקוק, חייב להודיע על היות הנכס נכס של הקדש לממונה על
הפנקס, ומשהודיע כאמור, ירשום הממונה הערה על כך באותו פנקס
ויודיע על הרישום למפקח."</p></content></point><point><heading><authorialNote placement="side"><p>תיקון סעיף 26</p></authorialNote></heading><num>7</num><content><p>
בסעיף 26(ג) לפקודה, המלים "בתנאי שיתחשבו עם סמכותו של בית המשפט על פי
סעיף 28" - יימחקו.</p></content></point><point><heading><authorialNote placement="side"><p>הוספת סעיפים 27א עד27</p></authorialNote></heading><num>8</num><content><p>
אחרי סעיף 27 לפקודה יבוא:</p></content></point><point><heading><authorialNote placement="side"><p>"חובת רישום</p></authorialNote></heading><num>27</num><list><intro><p>
א. (א) המפקח ינהל פנקס הקדשות (להלן - הפנקס), וירשום בו כל
הקדש שהובא לידיעתו.</p></intro><subPoint><num>ב</num><content><p> נאמן של הקדש חייב לבקש רישומו של ההקדש בפנקס אם
לא נרשם בו לפני כן, תוך שלושה חדשים מן היום שבו הסכים לשמש
נאמן או מן היום שקיבל לידו נכס מנכסי ההקדש, הכל לפי המוקדם.</p></content></subPoint><subPoint><num>ג</num><content><p> המפקח יפרסם ברשומות פעם בשנה את רשימת ההקדשות
שבפיקוחו, במועד ובצורה שקבעם שר המשפטים.</p></content></subPoint></list></point><point><heading><authorialNote placement="side"><p>פרטי הרישום</p></authorialNote></heading><num>27</num><list><intro><p>
ב. (א) בבקשה האמורה בסעיף 27א (ב) ימסור הנאמן למפקח את
הפרטים הבאים, והם יירשמו בפנקס אם לא נרשמו בו לפני כך:
(1) שמו ומענו של המקדיש;
(2) מועד הקמת ההקדש;
(3) צרכי הצדקה שלמענם נוצר ההקדש;
(4) שמותיהם ומעניהם של נאמני ההקדש;
(5) נכסי ההקדש;
(6) סרטים אחרים שקבע שר המשפטים.</p></intro><subPoint><num>ב</num><content><p> הנאמן יצרף לבקשה העתק מכתב ההקדשה, זולת אם הופקד
במשרדו של המפקח לפני כן.</p></content></subPoint><subPoint><num>ג</num><content><p> חלו שינויים בפרטים האמורים בסעיף קטן (א), ימסור הנאמן
עליהם למפקח תוך ששה חדשים מיום השינוי והם יירשמו בפנקס האמור.</p></content></subPoint></list></point><point><heading><authorialNote placement="side"><p>חובת דיווח</p></authorialNote></heading><num>27</num><list><intro><p>
ג. (א) נאמן של הקדש ימסור למפקח, אחת לשנה דיך-וחשבון על
ניהול ההקדש.</p></intro><subPoint><num>ב</num><content><p> שר המשפטים רשאי לקבוע בתקנות את המועד שבו יש
למסור דין וחשבון כאמור בסעיף קטן (א), את הפרטים שיש לגלול בדין
וחשבון, אם בדרך כלל ואם לסוג מסויים של הקדשות, ואת הדרך שכה
יוגש הדין וחשבון למפקח : ורשאי הוא לקבוע דרבים שונות וטפסים
שובים בהתאם לסוגי ההקדש, נכסיו והכנסותיו. /
27ד. (א) הקדש שהכנסתו אינה עולה על סכום שקבע שר המשפטים,
פטור הנאמן מהגשת דין וחשבון לפי סעיף 27ג; אולם עליו להודיע מיד
למפקח על כל שינוי בנאמני ההקדש.</p></content></subPoint><subPoint><num>ב</num><content><p> שר המשפטים רשאי לפטור הקדש מהוראות סעיף 27ג, אם
הוא סבור שקיים לגביו פיקוח נאות של המדינה או מטעמה; הודעה על
פטור כאמור תימסר למפקח ותפורסם ברשומות.
(0 שר המשפטים רשאי להורות, באישור ועדת החוקה חוק
ומשפט של הכנסת, כי הוראות פקודה זו, כולן או מקצתן, לא יחולו על
הקדש לצרכי צדקה או חברה לתועלת הציבור שהקימה הנהלת הסוכנות
היהודית או שנטלה חלק בהקמתו; לענץ זה, "הסוכנות היהודית" -
ההנהלה הציונית והנהלת הסוכנות היהודית לארץ ישראל כמשמעותן בחוק
מעמד ההסתדרות הציונית העולמית - הסוכנות היהודית לארץ ישראל
_תשי"ג_1952 3, לרבות קרן היסוד-המגבית המאוחדת לישראל והקרן
הקיימת לישראל.
פטורים</p></content></subPoint></list></point><point><heading><authorialNote placement="side"><p>עיון ברישומים</p></authorialNote></heading><num>27</num><content><p>
ה. מי שיש לו ענין בכך רשאי, לאחר תשלום אגרה שקבע שר המש-
פטים, לעיין בפנקס ובדו"חות שנמסרו למפקח לפי סעיף .127</p></content></point><point><heading><authorialNote placement="side"><p>חקירה</p></authorialNote></heading><num>27</num><content><p>
ז. חשש המפקח כי קיים הקדש שלא נרשם לפי סעיף 27א או שבראה
לו שלא הוגש דין-וחשבון לפי סעיף 27ג לגבי הקדש שנרשם, או שפר-
טים, ידיעות או מסמכים שחובה למסור לפי פקודה זו לא במסרו או
שאיבם בבונים או מלאים, רשאי הוא לחקור בענין, ויהיו לו הסמכויות
לפי סעיפים 9 עד 11 לחוק ועדות חקירה, תשכ"ט-1968 4.</p></content></point><point><heading><authorialNote placement="side"><p>עונשין</p></authorialNote></heading><num>27</num><content><p>
ח. מי שלא מסר הודעה כאמור בסעיפים 22 (2) או 25א, או לא מילא
אחרי הוראה מהוראות סעיפים 27א עד 27ג או תקנות על פיהם, או לא
ציית לדרישת המפקח לפי סעיף 27ו, או לא מילא אחרי האמור בסעיף 5,
דינו - קנם 5,000 לירות; עשה כאמור בכוונת מרמה, דינו - מאסר שנה
אחת:, אין בסעיף זה כדי לגרוע מן האמור ככל דין אחר."</p></content></point><point><heading><authorialNote placement="side"><p>החלמת סעיף 28</p></authorialNote></heading><num>9</num><content><p>
במקום מעיף 28 לפקודה יבוא:</p></content></point><point><heading><authorialNote placement="side"><p>"סמכויות היועץ המשפטי למכשלה</p></authorialNote></heading><num>28</num><content><p>
היועץ המשפטי לממשלה או בא-כוחו רשאי לפתוח או להתייצב
בכל הליך בבית המשפט, בכל הנוגע להקדשות.*</p></content></point><point><heading><authorialNote placement="side"><p>תיקון סעיף 30</p></authorialNote></heading><num>11</num><content><p>
כסעיף 30 לפקודה, במקום פסקאות (ד) ו-(ה) יבוא:
"(ד) כאשר ביצוע ההקדש למטרה שלמענה הוא נוצר אינו
אפשרי או אינו יעיל או אינו דרוש -- להורות כי נכסי ההקדש
להכנסותיו או כל חלק מהם ישמשו למסרה אחרת, הקרונה
ככל האפשר למטרה שלמענה נוצר ההקדש."</p></content></point><point><heading><authorialNote placement="side"><p>החלפת סעיף 30</p></authorialNote></heading><num>12</num><content><p>
במקום סעיף 40 לפקודת יבוא:</p></content></point><point><heading><authorialNote placement="side"><p>הוספת סעיף 40א</p></authorialNote></heading><num>13</num><content><p>
אחרי סעיף 40 לפקודה יבואו</p></content></point><point><heading><authorialNote placement="side"><p>"חברות לתועלת הציבור</p></authorialNote></heading><num>40</num><list><intro><p>
א. (1) כסעיף זה, "חברה לתועלת הציבור" - חברה הרשומה לפי
פקודת החברות2, שעיינה תרבות, חינוך, אמנות, מדע, צדקה, ספורט,
טיפוח מסחר או מטרה מועילה אחרת, ונתקיימה בה אחת מאלה!</p></intro><subPoint><num>א</num><content><p> היא קיבלה משר המשפטים היתר לפי סעיף 23 לפקודת
החברות להירשם כחברה בערכון מוגבל כלי שיצויון הדבר
בשמה:</p></content></subPoint><subPoint><num>כ</num><content><p> היא פטורה מתשלום מסים לפי סעיף 9 לפקודת מס
הכנסה 6 , לפי סעיף 39 לחוק מס רכוש וקרן פיצויים,
תשכ"א- 1961 7, או לפי סעיף 61 לחוק מס שבח מקרקעין,
תשכ"ג--1963 8:</p></content></subPoint><subPoint><num>ג</num><content><p> בית המשפט הצהיר, לפי בקשה שהגיש היועץ המשפטי
לממשלה, בדרך שנקבעה שהיא חברה לתועלת הציבור,
כאשר ענינה תרבות, חינוך, אמנות מדע, צדקה, ספורט
טיפוח מסחר או מטרה מועילה אחרת.
(2) על חברות לתועלת הצינור יחול הפיקוח לפי פקודה זו.
(3) המפקח ינהל פנקס הנרות לתועלת הציבור, ומשנתמלאו
בחכרה הוראות סעיף קטן (1) חייבת היא, תוך ששה חדשים, לבקש
רישומה בפנקס האמור; יתר הוראות סעיפים 27א עד 27ח יחולו על חברות
לתועלת הציבור בשינויים המחוייבים, ובלבד שחובה המוטלת לפיהן על
נאמן תחול לגבי חברה לתועלת הציבור על כל מנהל שלה.
(4) הוראות סעיף זה כאות להוסיף על הוראות פקודת החברות
ולא לגרוע מהן."</p></content></subPoint></list></point><point><heading><authorialNote placement="side"><p>החלטת סעיף 41</p></authorialNote></heading><num>14</num><content><p>
במקום סעיף 41 לפקודה יבוא:</p></content></point><point><heading><authorialNote placement="side"><p>"ביצוע ותקנות</p></authorialNote></heading><num>41</num><content><p>
שר המשפטים ממונה על ביצוע פקודה זו והוא רשאי להתקין
תקנות בכל ענין הנוגע לביצועה לרבות תקנות בדבר -
(1) דרכי הנהלת חשבונות ההקדש בידי הנאמן או הנאמנים
וכן החזקת כספי ההקדש והשקעתם;
(2) סדרי הדץ לגבי כל דיון לפי פקודה זו;
(3) תשלום אגרות כשל הליכים לפי פקודה זו".</p></content></point><point><heading><authorialNote placement="side"><p>הוראות מעבר</p></authorialNote></heading><num>15</num><list><intro><p /></intro><subPoint><num>א</num><content><p> נאמן של הקדש שהיה קיים ערב תחילתו של חוק זה, חייב, תוך ששה חדשים
מיום תחילתו, לבקש רישומו של ההקדש.</p></content></subPoint><subPoint><num>ב</num><content><p> מנהל של חברה לתועלת הציבור שהיתה קיימת ערב תחילתו של חוק זה, חייב,
תוך ששה חדשים מיום תחילתו, לבקש רישומה של החברה בפנקס החברות לתועלת הציבור.</p></content></subPoint><subPoint><num>ג</num><content><p> נרשם נכס של הקדש על שם נאמנים, לפני תחילתו של חוק זה, בפנקס המתנהל
על פי חיקוק, ולא צויין בפנקס שהנכס הקדש, חייב הנאמן, תוך ששה חדשים מיום תחילתו
של חוק זה, להודיע לממונה על הפנקס האמור כי הנכס הוא של הקדש, והממונה ירשום
הערה על כך בפנקס ויודיע על כך למפקח.</p></content></subPoint><subPoint><num>ד</num><content><p> האמור בסעיפים 27ו ו-27ז לפקודה יחול, בשינויים המחוייבים, לגבי הקדשות
וחברות לתועלת הציבור שהיו קיימים ערב תחילתו של חוק זה.</p></content></subPoint><subPoint><num>ה</num><content><p> מי שאינו מקיים את המוטל עליו לפי סעיפים קטנים (א) עד (ג), דינו - קנס
5,000 לירות; עשה כאמור ככוונת מרמה, דינו - מאסר שנה אחת; אין בסעיף זה כדי
לגרוע מן האמור בכל דין אחר.</p></content></subPoint><subPoint><num>ו</num><content><p>האמור בסעיף זה לא יחול על ההקדשות לצרכי צדקה או חברות לתועלת
הציבור, שהם פטורים לענינימ אלה לפי סעיף 27ד לפקודה.</p></content></subPoint></list></point><point><heading><authorialNote placement="side"><p>תחילה</p></authorialNote></heading><num>16</num><content><p>
תחילתו של חוק זה היא ביום זי בטבת תשל"ד (1 בינואר 1974).</p></content></point><signature><name>אפרים קציר</name><role>נשיא המדינה</role></signature><signature><name>גולדה מאיר</name><role>ראש הממשלה</role></signature><signature><name>יעקב ש' שפירא</name><role>שר המשפטים</role></signature><dateOfAcceptance>03.08.1973</dateOfAcceptance></body>