<?xml version="1.0" encoding="UTF-8" ?>
<body><title><content><p>חוק האזנת סתר, תשל"ט-1979 *</p></content></title><chapter><num>פרק א':</num><title><content><p>כללי</p></content></title><point><heading><authorialNote placement="side"><p>הגדרות</p></authorialNote></heading><num>1</num><content><p>
כחוק זה -
"האזנה" - האזנה לשיחת הזולת באמצעות מכשיר;
"האזנת סתר" - האזנה ללא הסכמת אף אחד מבעלי השיחה, לרבות הקלטת שיחה כאמור;
"רשות בטחון" - כל אחד מאלה:
(1) אגף המודיעין במטה הכללי של צבא-הגנה לישראל;
(2) שירות הבטחון הכללי;
"שיחה" - בדיבור או בדרך תקשורת אחרת;
"שר" - ראש הממשלה או שר הבטחון;
"פקודות הצבא" - כמשמעותן בחוק השיפוט הצבאי' תשט"ו-1955 1:
"קצין משטרה מוסמך" - קצין משטרה בדרגת ניצב משנה ומעלה' שהסמיך המפקח הכללי
של המשטרה.</p></content></point><point><heading><authorialNote placement="side"><p>האזנת סתר שלא כדין ושימוש שלא כדין בהאזנה</p></authorialNote></heading><num>2</num><list><intro><p /></intro><subPoint><num>א</num><content><p> המאזין האזנת סתר שלא על פי היתר כדין, דינו - מאסר שלוש שנים.</p></content></subPoint><subPoint><num>ב</num><content><p> המשתמש ביודעין וללא סמכות כדין בידיעה או בתכנה של שיחה שהושגו על
ידי האזנת סתר' בין שנעשתה כדין ובין שנעשתה שלא כדין, או מגלה ידיעה או תוכן
שיחה כאמור ביודעין לאדם שאינו מוסמך לקבלה' דינו - מאסר שלוש שנים.</p></content></subPoint><subPoint><num>ג</num><content><p> המציב או המתקין מכשיר למטרת האזנת סתר שלא כדין או כדי לאפשר שימוש
בו למטרה האמורה' דינו - מאסר שנה.</p></content></subPoint></list></point><point><heading><authorialNote placement="side"><p>האזנה למטרת עבירה או גרימת נזק</p></authorialNote></heading><num>3</num><content><p>
האזנה לשיחה והקלטתה' אף שהן נעשות בהסכמת אחד מכעלי השיחה - אסורות,
ודינן כדין האזנת סתר אם נעשו למטרת ביצוע עבירה או מעשה נזק' או למטרת גילוי
דברים שבינו לבינה והם מצנעת האישות ושלא לצורך הליך משפטי בין בני זוג.</p></content></point></chapter><chapter><num>פרק ב':</num><title><content><p>האזנת סתר למטרת בטחון המדינה</p></content></title><point><heading><authorialNote placement="side"><p>האזנה למטרת בטחון המדינה</p></authorialNote></heading><num>4</num><list><intro><p /></intro><subPoint><num>א</num><content><p> שר רשאי' אם נתבקש לכך בכתב מאת ראש רשות בטחון ואם שוכנע כי הדבר
דרוש מטעמי בטחון המדינה' להתיר בכתב האזנת סתר.</p></content></subPoint><subPoint><num>ב</num><content><p> בהיתר לפי סעיף זה יתוארו זהות האדם אשר האזנה לשיחותיו הותרה, ומקום
השיחות או סוגן, הכל אם הם ידועים מראש; כן יפורטו דרכי ההאזנה שהותרו.</p></content></subPoint><subPoint><num>ג</num><content><p> בהיתר תפורש תקופת תקפו; התקופה לא תעלה על שלושה חדשים מיום נתינת
ההיתר: ההיתר ניתן לחידוש מפעם לפעם.</p></content></subPoint><subPoint><num>ד</num><content><p> היה ההיתר מאת שר הבטחון - יודיע שר הבטחון מיד לראש הממשלה על מתן
ההיתר או על חידושו; שר יודיע לשר המשפטים אחת לשלושה חדשים על היתרים שניתנו
לפי פרק זה.</p></content></subPoint></list></point><point><heading><authorialNote placement="side"><p>האזנת סתר במקרים דחופים</p></authorialNote></heading><num>5</num><list><intro><p /></intro><subPoint><num>א</num><content><p> שוכנע ראש רשות בטחון כי בטחון המדינה מחייב האזנת סתר שאיננה סובלת
דיחוי וכי אין סיפק לקבל בעוד מועד היתר לפי סעיף 4' רשאי הוא להתיר ככתב את
ההאזנה; ההיתר יכלול פרטים כאמור כסעיף 4 (כ) ומשך תקפו לא יעלה על ארבעים ושמונה
שעות.</p></content></subPoint><subPoint><num>ב</num><content><p> נתן ראש רשות בטחון היתר לפי סעיף זה' יודיע על כך מיד בכתב לשר והשר
רשאי לבטל את ההיתר.</p></content></subPoint></list></point></chapter><chapter><num>פרק ג':</num><title><content><p>האזנת סתר למניעת עבירות וגילוי עבריינים</p></content></title><point><heading><authorialNote placement="side"><p>האזנת סתר למניעת עבירות</p></authorialNote></heading><num>6</num><list><intro><p /></intro><subPoint><num>א</num><content><p> נשיא בית משפט מחוזי' ובהעדרו - נשיא תורן של בית משפט מחוזי, רשאי,
לפי בקשת קצין משטרה מוסמך, להתיר כצו האזנת סתר אם שוכנע שהדבר דרוש למניעת
עבירות או לגילוי עבריינים.</p></content></subPoint><subPoint><num>ב</num><content><p> הבקשה תידון במעמד צד אחד בלבד, ומטעם המבקש יתייצב קצין כדרגת סגן
ניצב ומעלה.</p></content></subPoint><subPoint><num>ג</num><content><p> סירב השופט להעניק היתר כמבוקש' רשאי היועץ המשפטי לממשלה או נציגו
לערער על ההחלטה לפני נשיא בית המשפט העליון או שופט של בית המשפט העליון
שנשיאו מינהו לכך.</p></content></subPoint><subPoint><num>ד</num><content><p> בהיתר לפי סעיף זה יתוארו זהות האדם אשר האזנה לשיחותיו הותרה' ומקום
השיחות או סוגן, הכל אם הם ידועים מראש: כן יפורטו דרכי ההאזנה שהותרו.</p></content></subPoint><subPoint><num>ה</num><content><p> בהיתר תפורש תקופת תקפו: התקופה לא תעלה על שלושה חדשים מיום נתינת
ההיתר; ההיתר ניתן לחידוש מפעם לפעם.</p></content></subPoint><subPoint><num>ו</num><content><p> המפקח הכללי של המשטרה יגיש מדי חודש דין וחשבון לשר הפנים על ההית-
רים שניתנו לפי סעיף זה ועל תנאיהם-, שר הפנים יעביר העתקים מדוחו"ת אלה לשר
המשפטים אחת לשלושה חדשים.</p></content></subPoint></list></point><point><heading><authorialNote placement="side"><p>האזנת סתר במקרים דחופים</p></authorialNote></heading><num>7</num><list><intro><p /></intro><subPoint><num>א</num><content><p> שוכנע המפקח הכללי של המשטרה כי לשם מניעת פשע או גילוי מבצעיו יש
צורך בהאזנת סתר שאיננה סובלת דיחוי וכי אין סיפק לקבל בעוד מועד היתר לפי סעיף 6'
רשאי הוא להתיר ככתב את ההאזנה; ההיתר יכלול פרטים כאמור בסעיף 6 (ד) ומשך תקפו
לא יעלה על ארבעים ושמונה שעות.</p></content></subPoint><subPoint><num>ב</num><content><p> נתן המפקח הכללי של המשטרה היתר לפי סעיף זה' יודיע על כך מיד בכתב
לשר הפנים, ושר הפנים רשאי לבטל את ההיתר; שר הפנים יעביר העתקים מהודעות אלה
לשר המשפטים אתת לשלושה חדשים.</p></content></subPoint><subPoint><num>ג</num><content><p> האזנה שנעשתה לפי סעיף זה יכול שתאושר למפרע בידי מי שהיה מוסמך
להתירה לפי סעיף 6 , ויחולו הוראות סעיף 6 בשינויים המחוייבים.</p></content></subPoint></list></point></chapter><chapter><num>פרק ד':</num><title><content><p>הוראות שונות</p></content></title><point><heading><authorialNote placement="side"><p>האזנות שאינן טעונות היתר</p></authorialNote></heading><num>8</num><list><intro><p>
האזנות סתר אלה אינן טעונות היתר לפי חוק זה:
(1) האזנה לשיחה ברשות הרבים, אם נעשתה -</p></intro><subPoint><num>א</num><content><p> בידי מי שהסמיכו לכך ראש רשות בטחון, מטעמים של בטחון
המדינה;</p></content></subPoint><subPoint><num>ב</num><content><p> בידי מי שהסמיכו לכך קצין משטרה מוסמך, לשם מניעת עבירות
או גילוי עבריינים:</p></content></subPoint><subPoint><num>ג</num><content><p> באקראי ובתום לב' אגב הקלטה גלויה שנועדה לפרסום ברבים
או למחקר;
לענין פסקה זו' "רשת הרבים" - לרבות מקום שבו מוחזק אותה שעה
עצור או אסיר;
(2) האזנה לשיחות בינלאומיות' שנעשתה למטרות צנזורה מטעם הצנזור
הצבאי הראשי;
(3) האזנה בידי חייל או שוטר שהוסמך לכך בפקודות הצבא או בפקודות
הקבע של המשטרה, לפי הענין, לשיחה המתנהלת באמצעי תקשורת שבשימוש
צבא-הגנה לישראל או משטרת ישראל;
(4) האזנה לשיחה בידי עובד משרד התקשורת לשם בקורת של תקינות קווי
התקשורת' ובלבד שהודיע לבעלי השיחה על ההאזנה עם תחילתה;
(5) האזנה של עובד משרד התקשורת לשם בקורת על קיום ההוראות של
פקודת הטלגרף האלחוטי (נוסח חדש]' תשל"ב~21972, ופקודת הדואר ננוסח
חדש]' תשל"ז-31976, בענין רישוי תחנות תקשורת.</p></content></subPoint></list></point><point><heading><authorialNote placement="side"><p>האזנות אסורות</p></authorialNote></heading><num>9</num><content><p>
חוק זה אינו בא להתיר האזנת סתר לשיחה שעדות עליה חסויה לפי סעיפים 48 עד 51
לפקודת הראיות ננוסח חדש1' תשל"א-1971  4.</p></content></point><point><heading><authorialNote placement="side"><p>חילוט</p></authorialNote></heading><num>10</num><content><p>
הורשע אדם בעבירה של האזנת סתר בניגוד להוראות חוק זה, רשאי בית המשפט
לצוות כי מכשיר שהשתמשו בו כדי לעבור את העבירה' ותקליט' סרט או חוט המכילים
דבר שהוקלט תוך כדי העבירה' יחולטו או שייעשה בהם כפי שיורה.</p></content></point><point><heading><authorialNote placement="side"><p>מכשירי האזנה</p></authorialNote></heading><num>11</num><content><p>
ראש הממשלה' באישור ועדה משותפת כאמור כסעיף 15 (ג), רשאי להסדיר בצו'
בין בדרך רישוי וכין בדרך אחרת' ייצור' מכירה' יבוא' הפצה והחזקה של מכשירים
העשויים לשמש להאזנת סתר או של סוג מכשירים כאלה.</p></content></point><point><heading><authorialNote placement="side"><p>מניעת הליכים בגד היתר גדין</p></authorialNote></heading><num>12</num><content><p>
לא יהיה לאדם זכות או סעד בבית משפט נגד מי שנתן היתר כדין לפי חוק זה או
נגד מי שפעל על פיו או השתמש כדין בידיעה שהושגה על פיו.</p></content></point><point><heading><authorialNote placement="side"><p>ראיות</p></authorialNote></heading><num>13</num><list><intro><p /></intro><subPoint><num>א</num><content><p> דברים שנקלטו בדרך האזנת סתר בניגוד להוראות חוק זה' לא יהיו קבילים
כראיה בבית משפט.</p></content></subPoint><subPoint><num>ב</num><content><p> דברים שנקלטו בהאזנה כדין לפי סעיף 7 לא יהיו קבילים כראיה אם לא אושרה
ההאזנה כאמור באותו סעיף.</p></content></subPoint><subPoint><num>ג</num><content><p> דברים שנקלטו כדין בדרך האזנת סתר לא יהיו קבילים כראיה אלא בהליך
פלילי שאינו על פי קובלנה.</p></content></subPoint><subPoint><num>ד</num><content><p> אין כאמור בסעיף זה כדי לגרוע מטענה בדבר קבילות ראיה גם אם נקלטה
בדרך האזנת סתר בהתאם להוראות חוק זה,</p></content></subPoint></list></point><point><heading><authorialNote placement="side"><p>מניעת אצילה</p></authorialNote></heading><num>14</num><content><p>
סמכויות של שר לפי חוק זה אינן ניתנות לאצילה.</p></content></point><point><heading><authorialNote placement="side"><p>ביצוע ותקנות</p></authorialNote></heading><num>15</num><list><intro><p /></intro><subPoint><num>א</num><content><p> ראש הממשלה ממונה על ביצוע חוק זה והוא רשאי להתקין תקנות לביצועו,</p></content></subPoint><subPoint><num>ב</num><content><p> ראש הממשלה יתקין תקנות לענין שמירת המידע שהושג בהאזנת סתר ולענין
ביעורו.</p></content></subPoint><subPoint><num>ג</num><content><p> תקנות לפי סעיף זה יהיו באישור ועדה משותפת של ועדת החוץ והבטחון ושל
ועדת החוקה חוק ומשפט של הכנסת.</p></content></subPoint></list></point></chapter><signature><name>יצחק נבון</name><role>נשיא המדינה</role></signature><signature><name>מנחם בגין</name><role>ראש הממשלה</role></signature><dateOfAcceptance>12.07.1979</dateOfAcceptance></body>