<?xml version="1.0" encoding="UTF-8" ?>
<body><title><content><p>חוק לטיפול בחולי נפש (תיקון מס' 2), תשל"ה-1975 *</p></content></title><point><heading><authorialNote placement="side"><p>הוספת סעיפים 6א-8ג</p></authorialNote></heading><num>1</num><content><p>
בחוק לטיפול בחולי נפש, תשט"ו-1955  1(להלן - החוק העיקרי), אחרי סעיף 6
יבוא:</p></content></point><point><heading><authorialNote placement="side"><p>-אשפוזו של עצור</p></authorialNote></heading><num>6</num><content><p>
א. (א) ציווה בית משפט על מעצרו של אדם והוא סבור, על יסוד
חוות דעת של רופא פסיכיאטר, כי העצור חולה וכי מצבו מצריך אשפוז,
רשאי בית המשפט לצוות שהמעצר יהיה בבית חולים או באגף פסיכי-
אטרי של בית סוהר, ובלבד שלא יינתן הצו אלא כנוכחות סניגורו של
העצור, ואם אין לו - ימנה לו בית המשפט סניגור, ושהעצור לא יועבר
לבית חולים אלא לאחר גמר חקירתו.</p></content></point><point><heading><authorialNote placement="side"><p>תיקון סעיף 7</p></authorialNote></heading><num>2</num><content><p>
בסעיף 7 לחוק העיקרי -
(1) במקום סעיף קטן (א) יבוא;
"(א) ניתנו צו בית משפט לפי סעיפים 6 או 6א לאשפוזו של אדם
או לבדיקתו, או הוראת פסיכיאטר מחוזי או תעודת רופא לאשפוזו של
חולה, והאדם מסרב לאשפוז או לבדיקה, רשאי הפסיכיאטר המחוזי
להורות על אשפוזו או על בדיקתו בעל כרחו (להלן-הוראת אשפוז),";
(2) אחרי סעיף קטן (ג) יבוא;
"(ד) צו בית משפט לאשפוז או לבדיקה או הוראת פסיכיאטר
מחוזי לאשפוז ישמשו אסמכתה למשטרה להביא את האדם לפסיכיאטר
מחוזי לשם ביצוע הצו או ההוראה."</p></content></point><point><heading><authorialNote placement="side"><p>תיקון סעיף 8</p></authorialNote></heading><num>3</num><content><p>
בסעיף 8 לחוק העיקרי, כרישה, במקום "בהוראת אשפוז" יבוא "כשהוא מורה על
אשפוז".</p></content></point><point><heading><authorialNote placement="side"><p>תיקון סעיף 26</p></authorialNote></heading><num>4</num><content><p>
בסעיף 26 לחוק העיקרי, אחרי סעיף קטן (ב) יבוא:
"(ג) היה המאושפז עצור, חייב המנהל להגביל זכויותיו לפי סעיף
זה, במידה שהדבר דרוש לדעת המשטרה לצרכי החקירה, בדרך שהיו
מוגבלות אילו היה במעצר רגיל, ובלבד שלא תוגבל זכותו לשלוח
מכתבים סגורים לעורך דינו, לשר הבריאות וליועץ המשפטי לממשלה."</p></content></point><signature><name>אפרים קציר</name><role>נשיא המדינה</role></signature><signature><name>יצחק רבין</name><role>ראש הממשלה</role></signature><signature><name>ויקטיר שם-טוב</name><role>שר הבריאות</role></signature><dateOfAcceptance>13.03.1975</dateOfAcceptance></body>