<?xml version="1.0" encoding="UTF-8" ?>
<body><title><content><p>חוק החוזים האחידים, התשמ"ג-1982-?</p></content></title><chapter><num>פרק א':</num><title><content><p>הוראות יסוד</p></content></title><point><heading><authorialNote placement="side"><p>מטרת החיק</p></authorialNote></heading><num>1</num><content><p>
חוק זה מטרתו להגן על לקוחות מפני תנאים מקפחים בחוזים אחידים.</p></content></point><point><heading><authorialNote placement="side"><p>הגדרות</p></authorialNote></heading><num>2</num><content><p>
בחוק זה -
"חוזה אחיד" - נוסח של חוזה שתנאיו, כולם או מקצתם, נקבעו מראש בידי צד אחד
כדי שישמשו תנאים לחוזים רבים בינו לבץ אנשים בלתי מסויימים במספרם או
בזהותם;
"תנאי" - תניה בחוזה אחיד, לרבות תניה המאוזכרת בו וכן כל תניה אחרת שהיא חלק
מההתקשרות, ולמעט תניה שספק ולקוח הסכימו עליה במיוחד לצורך חוזה מסויים;
"ספק" - מי שמציע שהתקשרות עמו תהיה לפי חוזה אחיד, ואחת היא אם הוא הנותן
או המקבל של דבר;
"לקוח" - מי שספק מציע לו שהתקשרות ביניהם תהיה לפי חוזה אחיד, ואחת היא אם
הוא המקבל או הנותן של דבר;
"בית הדין" - בית הדין לחוזים אחידים המוקם לפי חוק זה.</p></content></point><point><heading><authorialNote placement="side"><p>תנאי מקפח וביטולו</p></authorialNote></heading><num>3</num><content><p>
בית משפט ובית הדין יבטלו או ישנו, בהתאם להוראות חוק זה, תנאי בחוזה אחיד
שיש בו - בשים לב למכלול תנאי החוזה ולנסיבות אחרות - משום קיפוח לקוחות
או משום יתרון בלתי הוגן של הספק העלול להביא לידי קיפוח לקוחות (להלן - תנאי
מקפח).</p></content></point><point><heading><authorialNote placement="side"><p>חוקות</p></authorialNote></heading><num>4</num><content><p>
חזקה על התנאים הבאים שהם מקפחים:
(1) תנאי הפוטר את הספק, באופן מלא או חלקי, מאחריות שמיתה מוטלת
עליו על פי דין אילולא אותו תנאי, או המסייג באופן בלתי סביר את
האחריות שמיתה מוטלת עליו מכוח החוזה אילולא אותו תנאי;
(2) תנאי המקנה לספק זכות בלתי סבירה לבטל, להשעות או לדחות את
ביצוע החוזה, או לשנות את חיוביו המהותיים לפי החוזה;
(3) תנאי המקנה לספק זכות להעביר את אחריותו לצד שלישי;
(4) תנאי המקנה לספק זכות לקבוע או לשגות, על דעתו בלבד, ולאחר
כריתת החוזה, מחיר או חיובים מהותיים אחרים המוטלים על הלקוח, זולת
אם השינוי נובע מגורמים שאינם בשליטת הספק;
(5) תנאי המחייב את הלקוח באופן בלתי סביר להיזקק לספק או לאדם
אחר, או המגביל בדרך אחרת את חופש הלקוח להתקשר או לא להתקשר
עם אדם אחר;
(6) תנאי השולל או המגביל זכות או תרופה העומדות ללקוח על פי דין,
או המסיע באופן בלתי סביר זכות או תרופה העומדות לו מכוח החוזה, או
המתנה אותן במתן הודעה בצורה או תוך זמן בלתי סבירים, או בדרישה
בלתי סבירה אחרת;</p></content></point><point><heading><authorialNote placement="side"><p>הגבלת זכות הפניה לערכאות</p></authorialNote></heading><num>5</num><content><p>
תנאי בחוזה אחיד השולל או המגביל את זכות הלקוח לפנות לערכאות משפטיות -
בטל.</p></content></point></chapter><chapter><num>פרק ב':</num><title><content><p>בית הדין לחוזים אחידים</p></content></title><point><heading><authorialNote placement="side"><p>בית הדין וחבריו</p></authorialNote></heading><num>6</num><list><intro><p /></intro><subPoint><num>א</num><content><p> מוקם בזה בית דין לחוזים אחידים.</p></content></subPoint><subPoint><num>ב</num><content><p> מספר חברי בית הדין לא יעלה על שנים עשר.</p></content></subPoint><subPoint><num>ג</num><content><p> אב בית הרץ וממלא מקומו יהיו שופטים של בית משפט מחתי שימנה שר
המשפטים בהתייעצות עם נשיא בית המשפט העליון.</p></content></subPoint><subPoint><num>ד</num><content><p> יתר חברי בית הדין ימונו בידי שר המשפטים, ובהם יהיו לפחות שני נציגים
של ארגוני צרכנים; מספר החברים שהם עובדי המדינה לא יעלה על שליש מכלל החברים
שימנה השר לפי סעיף קטן זה.</p></content></subPoint><subPoint><num>ה</num><content><p> תקופת כהונתם של חברי בית הדין תהיה שלוש שנים.</p></content></subPoint><subPoint><num>ו</num><content><p> הודעה על מינוי חברי בית הדין תפורסם ברשומות.</p></content></subPoint></list></point><point><heading><authorialNote placement="side"><p>מותב בית הדין</p></authorialNote></heading><num>7</num><list><intro><p /></intro><subPoint><num>א</num><content><p> בית הדין ידון בשלושה, אולם אב בית הדין או ממלא מקומו רשאי להורות,
לפני תחילת הדיח בענין מסויים, שהדיח בו יהיה לפני מספר בלתי זוגי גדול יותר.</p></content></subPoint><subPoint><num>ב</num><content><p> אב בית הדץ, ואם נבצר ממנו - ממלא מקומו, יקבע את מותב בית הדין;
כל מותב יורכב מאב בית הדץ או ממלא מקומו, ומחברים אחרים שלפחות מחציתם אינם
עובדי המדינה, ואחד מהם הוא נציג ארגון צרכנים.</p></content></subPoint></list></point><point><heading><authorialNote placement="side"><p>ניגוד ענינים</p></authorialNote></heading><num>8</num><content><p>
מי שעיסוקיו האחרים עלולים ליצור ניגוד ענינים עם תפקידו כחבר מותב של בית
הדץ בהליך מסויים או שיש לו ענין אישי בהליך - לא יהיה חבר במותב שיתן באותו הליך.</p></content></point><point><heading><authorialNote placement="side"><p>ראיות וסדרי דין</p></authorialNote></heading><num>9</num><list><intro><p>
בית הדין לא יהיה קשור בדיני הראיות, פרט לדינים בדבר חסינות עדים ובדבר
ראיות חסויות כאמור בפרק גי לפקודת הראיות [נוסח חדש], התשל"א-1971 1.</p></intro><subPoint><num>ב</num><content><p> לענין הזמנת עדים וגביית ראיות יהיו לאב בית הדין ולממלא מקומו הסמכויות
שיש ליושב ראש ועדת חקירה לפי סעיפים 9 עד 11 לחוק ועדות חקירה, התשכ"ט-1968 2.</p></content></subPoint><subPoint><num>ג</num><content><p> בית הדין ידון לפי סדרי דין שהתקין שר המשפטים; באין סדרי דין כאלה
ידון בית הדין בדרך הנראית לו מועילה ביותר להכרעה צודקת ומהירה.
1 דיני מדינת ישראל, נוסח חדש 18, עש' 421.</p></content></subPoint></list></point><point><heading><authorialNote placement="side"><p>ערעור</p></authorialNote></heading><num>10</num><content><p>
בעל דין הרואה עצמו נפגע מהחלטת בית הדין, רשאי לערער עליה לפני בית
המשפט העליון תוך ארבעים וחמישה ימים מיום שנודע לו עליה.</p></content></point><point><heading><authorialNote placement="side"><p>סטר החלטות ופרסום</p></authorialNote></heading><num>11</num><list><intro><p /></intro><subPoint><num>א</num><content><p> בית הדיו ינהל ספר החלטות שיהיה פתוח לעיון הציבור,</p></content></subPoint><subPoint><num>ב</num><content><p> ביטל או שינה בית הדין תנאי מקפח, יפרסם את החלטתו או תמצית ממנה
בשני עתונים יומיים לפחות או בכל דרך אחרת שנקבעה בתקנות; החלטות אחרות רשאי
בית הדין לפרסם בדרך שתיראה לו מתאימה לתועלת הציבור.</p></content></subPoint></list></point></chapter><chapter><num>פרק ג':</num><title><content><p>אישור חוזה אחיד</p></content></title><point><heading><authorialNote placement="side"><p>בקשה לאישור חוזה אחיד</p></authorialNote></heading><num>12</num><list><intro><p /></intro><subPoint><num>א</num><content><p> ספק רשאי לבקש מבית הדין לאשר שאין תנאי מקפח בחוזה אחיד שהוא
מתקשר או מתכוון להתקשר על פיו עם לקוחות.</p></content></subPoint><subPoint><num>ב</num><content><p> המשיבים לבקשת אישור יהיו היועץ המשפטי לממשלה או בא כוחו, מי
שנקבעו כמשיבים בתקנות, וכן מי שבית הדין מצא לנכון להזמין כמשיב.</p></content></subPoint><subPoint><num>ג</num><content><p> הגישה המדינה בקשה לפי סעיף קטן (א) ולדעת בית הדין אין להסתפק,
בנסיבות הענין, כמשיבים לפי סעיף קטן (ב), רשאי בית הדין למנות עורך דין שאינו
עובד המדינה להתייצב כמשיב לפניו ולטעון טענותיו, והוא יהיה רשאי לערער על
החלטת בית הדין כאמור בסעיף 10; שכרו של עורך הדין והוצאותיו, כפי שיקבע בית
הדין, ישולמו מאוצר המדינה.</p></content></subPoint></list></point><point><heading><authorialNote placement="side"><p>אישור חוזה</p></authorialNote></heading><num>13</num><content><p>
בית הדין רשאי לתת את האישור לחוזה אחיד או לסרב לתתו מחמת תנאי מקפח
שיפרט; תנאי שבית הדין מצא מקפח דינו כדין תנאי שבית הדין ביטל.</p></content></point><point><heading><authorialNote placement="side"><p>כוחו של אישור</p></authorialNote></heading><num>14</num><list><intro><p /></intro><subPoint><num>א</num><content><p> תקופת תקפו של אישור לחוזה אחיד היא חמש שנים מיום מתן האישור או
תקופה קצרה יותר שקבע בית הדין.</p></content></subPoint><subPoint><num>ב</num><content><p> בתקופת תקפו של אישור לא תישמע בבית הדין טענה שיש בחוזה האחיד
תנאי מקפח, ולא תישמע טענה כזאת בבית משפט לגבי חוזה שנכרת לפי אותו חוזה
אחיד, אף אם נכרת לפני מתן האישור,</p></content></subPoint><subPoint><num>ג</num><content><p> על אף האמור בסעיף קטן (ב), רשאי בית הדין, לבקשת היועץ המשפטי
לממשלה, לבטל תנאי בחוזה אחיד שניתן עליו אישור, אף בתוך תקופת תקפו של האישור,
אם מצא שקיימות סיבות מיוחדות המצדיקות ביטול זה.</p></content></subPoint></list></point><point><heading><authorialNote placement="side"><p>ציון אישור</p></authorialNote></heading><num>15</num><content><p>
אישר בית הדין חוזה אחיד, רשאי הספק לציין זאת על פני החוזים שהוא עושה
לפיו; עשה כן, יציין גם את מועד תפוגת האישור.</p></content></point></chapter><chapter><num>פרק ד':</num><title><content><p>ביטול תנאי מקפח</p></content></title><point><heading><authorialNote placement="side"><p>בקשה לבית הדין לבטל תנאי מקפח</p></authorialNote></heading><num>16</num><list><intro><p /></intro><subPoint><num>א</num><content><p> היועץ המשפטי לממשלה או בא כוחו, הממונה על הגנת הצרכן לפי חוק
הגנת הצרכן, התשמ''א-1981 3, כל ארגון לקוחות ורשות ציבורית שנקבעו בתקנות,
וכן ארגון לקוחות שיאשר שר המשפטים לענין מסוים, רשאים לבקש מבית הדץ לבטל
תנאי מקפח בחוזה אחיד.</p></content></subPoint><subPoint><num>ב</num><content><p> שר המשפטים רשאי לקבוע לארגון לקוחות או לרשות ציבורית שנקבעו -לפי
סעיף קטן (א) תנאים להגשת בקשות לבית הדין.</p></content></subPoint><subPoint><num>ג</num><content><p> המשיב לבקשה יהיה הספק המתקשר או המתכוון להתקשר בחוזה האחיד,
וכן רשאי להצטרף כמשיב, באישור בית הדין, ארגה יציג של ספקים או גורם אחד הנוגעים
בדבר.</p></content></subPoint></list></point><point><heading><authorialNote placement="side"><p>ביטול ושינוי תנאי בבית הדין</p></authorialNote></heading><num>17</num><content><p>
מצא בית הדין שתנאי הוא מקפח, יבטל את התנאי או ישנה אותו במידה הנדרשת
כדי לבטל את הקיפוח.</p></content></point><point><heading><authorialNote placement="side"><p>כוחם שי ביטול ושינוי בנית הדין</p></authorialNote></heading><num>18</num><list><intro><p /></intro><subPoint><num>א</num><content><p> תנאי שבית הדין ביטל ייחשב כבטל בכל חוזה שנכרת על פי אותו חוזה אחיד
אחרי מועד החלטת בית הדין; תנאי שבית הדין שינה יחול כפי ששונה בכל חוזה כאמור.</p></content></subPoint><subPoint><num>ב</num><content><p> בית הדין רשאי להחיל את הביטול או את השינוי גם על חוזים שנכרתו לפני
מועד מתן ההחלטה ואשר טרם בוצעו במלואם ורשאי הוא לקבוע תנאים לכך, ובלבד
שביטול או שינוי כאמור לא יחולו על מה שבוצע לפי החוזה לפני יום מתן ההחלטה.</p></content></subPoint></list></point><point><heading><authorialNote placement="side"><p>ביטול ושינוי תנאי בבית משפט</p></authorialNote></heading><num>19</num><list><intro><p /></intro><subPoint><num>א</num><content><p> מצא בית משפט, בהליך שבין ספק ולקוח, שתנאי הוא מקפח, יבטל את
התנאי בחוזה שביניהם או ישנה אותו במידה הנדרשת כדי לבטל את הקיפוח.</p></content></subPoint><subPoint><num>ב</num><content><p> בהשתמשו בסמכותו לפי סעיף קטן (א) יתחשב בית המשפט במכלול תנאי
החוזה ובנסיבות האחרות, וכן בנסיבות המיוחדות של הענין הנדון לפניו.</p></content></subPoint></list></point><point><heading><authorialNote placement="side"><p>הודעה על טענת תנאי מקפח</p></authorialNote></heading><num>20</num><content><p>
נטענה בבית משפט טענת תנאי מקפח בחוזה שנכרת לפי חוזה אחיד יודיע בית
המשפט על כך ליועץ המשפטי לממשלה.</p></content></point><point><heading><authorialNote placement="side"><p>דיון מקביל</p></authorialNote></heading><num>21</num><list><intro><p /></intro><subPoint><num>א</num><content><p> דיון בבית הדין בחוזה אחיד, שטרם נתקבלה החלטה לגביו, לא יגרע מסמכותו
של בית משפט לדון בטענת תנאי מקפח בחוזה שנכרת לפי אותו חוזה אחיד, -</p></content></subPoint><subPoint><num>ב</num><content><p> דיון בבית משפט בטענת תנאי מקפח בחוזה שנכרת לפי חוזה אחיד, אין בו
גדי למנוע מבית הדין לדון באותו חוזה אחיד או בתנאי מתנאיו; אך בית הדין רשאי,
אם יראה לנכון בנסיבות הענין, לדחות את המשך הדיון בפניו עד למתן פסק דין בבית
המשפט.</p></content></subPoint></list></point></chapter><chapter><num>פרק ה':</num><title><content><p>הוראות שונות</p></content></title><point><heading><authorialNote placement="side"><p>דין המדינה</p></authorialNote></heading><num>22</num><content><p>
לענין חוק זה דין המדינה כדין כל אדם אחר.</p></content></point><point><heading><authorialNote placement="side"><p>סייגים לתחולה</p></authorialNote></heading><num>23</num><list><intro><p /></intro><subPoint><num>א</num><content><p> הוראות חוק זה לא יחולו על -
(1) תנאי הקובע את התמורה הכספית שישלם הלקוח;
(2) תנאי התואם תנאים שנקבעו או אושרו בחיקוק ;
(3) תנאי התואם תנאים שנקבעו בהסכם בין-לאומי שישראל צד לו;
(4) הסכם קיבוצי לפי חוק הסכמים קיבוציים, התשי"ז-1957  4בין שהוגש
לרישום לפי החוק האמור ובין אם לאו, לרבות הסדר קיבוצי אחר ובלבד
שנעשה בכתב ונקבעו בו שיעורים לשכר עבודה.</p></content></subPoint></list></point><point><heading><authorialNote placement="side"><p>שמירת דינים</p></authorialNote></heading><num>24</num><content><p>
הוראות חוק זה לא יגרעו מהוראות כל דין שעל פיו עשוי חוזה או תנאי שבחוזה
להיות בטל או ניתן לביטול, ולא ימנעו טענה נגד חוזה או תנאי שבחוזה.</p></content></point><point><heading><authorialNote placement="side"><p>ביצוע ותקנות</p></authorialNote></heading><num>25</num><list><intro><p /></intro><subPoint><num>א</num><content><p> שר המשפטים ממונה על ביצוע חוק זה והוא רשאי להתקין תקנות לביצועו,
לרבות בדבר -
(1) סדרי הדין בבית הדין, הארכת המועדים להגשת ערעור, ורציפות הדיון;
(2) אנשים וארגונים שיהיו רשאים לטעון לטובת בעל דין או שיהיו רשאים
להיות משיבים לפני בית הדין;
(3) דרכי מינוי עורך דין כשהמדינה מבקשת אישור לחוזה אחיד;
(4) תשלום הוצאות ודמי בטלה של עדים בהליכים לפני בית הדין;
(5) צורת הציון על חוזים לפי סעיף 15;
(6) הטלת חובה על ספק להמציא עותק מחוזה אחיד שהוא מתקשר או
מתכוון להתקשר על פיו, ליועץ המשפטי לממשלה או לממונה על הגנת
הצרכן, לפי דרישתם.</p></content></subPoint></list></point><point><heading><authorialNote placement="side"><p>ביטול</p></authorialNote></heading><num>26</num><content><p>
חוק החוזים האחידים, התשכ"ד-1964  5(להלן - החוק הקודם) - בטל.</p></content></point><point><heading><authorialNote placement="side"><p>תחילה, תחולה והוראות מעבר</p></authorialNote></heading><num>27</num><list><intro><p /></intro><subPoint><num>א</num><content><p> תחילתו של חוק זה ששה חדשים מיום פרסומו ברשומות.</p></content></subPoint><subPoint><num>ב</num><content><p> על חוזים שנכרתו לפני תחילתו של חוזה זה, יוסיף לחול החוק הקודם; לענין
התחולה רואים חידוש חוזה ככריתתו.</p></content></subPoint><subPoint><num>ג</num><content><p> החלה המועצה להגבלים עסקיים בדיון לפי החוק הקודם לפני תחילתו של
חוק זה, תסיים את הדיון לפי החוק הקודם אף לאחר תחילתו של חוק זה.</p></content></subPoint><subPoint><num>ד</num><content><p> אישור שהמועצה להגבלים עסקיים נתנה לחוזה אחיד כוחו יפה עד לתום
התקופה שלה ניתן.</p></content></subPoint><subPoint><num>ה</num><content><p> על אף האמור בסעיף קטן (ב), החלטת בית הדיז לטי סעיף 18 (ב) תחול
גם על חוזים שנכרתו לפני תחילתו של חוק זה.</p></content></subPoint></list></point></chapter><signature><name>יצחק נבון -</name><role>נשיא המדינה</role></signature><signature><name>מנחם בגין</name><role>ראש הממשלה</role></signature><signature><name>משה נסים</name><role>שר המשפטים</role></signature><dateOfAcceptance>07.12.1982</dateOfAcceptance></body>