<?xml version="1.0" encoding="UTF-8" ?>
<body><title><content><p>חוק קרן וולף, תשל"ה-1975 *</p></content></title><point><heading><authorialNote placement="side"><p>המייסדים ותרומתם</p></authorialNote></heading><num>1</num><content><p>
תורמים ששמותיהם שמורים בידי נשיא המדינה (להלן - המייסדים) הסכימו
להרים תרומה בשווי של עשרה מיליון דולר של ארצות הברית' כדי ליצור קרן לפי הוראות
חוק זה; המייסדים לענין חוק זה הם כל המייסדים או האחרון מהם שנותר בחיים,</p></content></point><point><heading><authorialNote placement="side"><p>הקמת הקרן ושמה</p></authorialNote></heading><num>2</num><content><p>
מוקמת בזה קרן בשם "קרן וולף" (להלן - הקרן); אין לשנות את שם הקרן אלא
לפי הצעת המייסדים.</p></content></point><point><heading><authorialNote placement="side"><p>הקרן - תאגיד מבוקר</p></authorialNote></heading><num>3</num><content><p>
הקרן תהיה תאגיד, כשר לכל חיוב, זכות ופעולה משפטית; היא תעמוד לביקורת
מבקר המדינה.</p></content></point><point><heading><authorialNote placement="side"><p>אמצעי הקרן</p></authorialNote></heading><num>4</num><content><p>
אמצעי הקרן יהיו -
(1) תרומת המייסדים האמורה בסעיף 1;
(2) תרומות והקצבות אחרות שהקרן תקבל;
(3) הכנסות הקרן מהשקעותיה,</p></content></point><point><heading><authorialNote placement="side"><p>מטרות הקרן</p></authorialNote></heading><num>5</num><content><p>
מטרות הקרן יהיו -
(1) לקדם המדע לכל תחומיו והאמנות לכל צורותיה;
(2) להעניק פרסים לאנשי מדע ואמנים נודעים בעד השגיהם למען האנושות
ולמען יחסי ידידות בין עמים, בלי הבדל אזרחות, גזע, צבע, דת, מין או
השקפה פוליטית;
(3) לתת מילגות לסטודנטים, מענקים לאנשי מדע העוסקים במחקר והלוואות
לאוניברסיטאות ולמוסדות להשכלה גבוהה אחרים בישראל, כמו הטכניון -
מכון טכנולוגי לישראל או מכון ויצמן למדע, לפי תקנון הקרן.</p></content></point><point><heading><authorialNote placement="side"><p>ניהול הקרן</p></authorialNote></heading><num>6</num><content><p>
ניהול הקרן ונכסיה, קביעת הכנסותיה, ארגון הענקת פרסים ושאר עניני הקרן יהיו
לפי האמור בתקנון שבתוספת אשר נחשב לחלק בלתי נפרד מחוק זה.</p></content></point><point><heading><authorialNote placement="side"><p>מקום המושב</p></authorialNote></heading><num>7</num><content><p>
מקום המושב של הקרן יהיה בישראל; כל עוד המייסדים או אחד מהם בחיים, יקבעו
הם את המקום.</p></content></point><point><heading><authorialNote placement="side"><p>סטור ממסים</p></authorialNote></heading><num>8</num><list><intro><p /></intro><subPoint><num>א</num><content><p> הקרן תהיה פטורה ממס הכנסה, ממס חברות, ממס רווחי הון וממילוות חובה.</p></content></subPoint><subPoint><num>ב</num><content><p> נכסי הקרן, בין שהם מוחזקים בידיה במישרין ובין שהם מוחזקים למטרות
הקרן בידי אחרים, ופעולות הקרן יהיו פטורים מכל מס, ארנונה, אגרה, ותשלום חובה
המשתלמים היום או להבא למדינה או לרשות מקומית; יבוא למטרות הקרן יהיה פטור
מתשלומי מכס.</p></content></subPoint><subPoint><num>ג</num><content><p> תרומה שנתן אדם לקרן תנוכה מהכנסתו החייבת במסי הכנסה, ותרומה שהנחיל
אדם לקרן בצוואתו לא תיכלל בנכסי עזבונו לענין מס עזבון.</p></content></subPoint><subPoint><num>ד</num><content><p> מי שקיבל מן הקרן פרס, מילגה או מענק יהיה פטור ממס הכנסה ומכל
מס אחה</p></content></subPoint></list></point><point><heading><authorialNote placement="side"><p>וטור מהגבלות על מטבע חוץ</p></authorialNote></heading><num>9</num><content><p>
פעולות הקרן יהיו פטותת מהגבלות הפיקוח על מטבע חוץ, וכן פטור מי שקיבל
מן הקרן פרס, מילגה או מענק בנוגע לסכומים שקיבל.</p></content></point><point><heading><authorialNote placement="side"><p>ביצוע</p></authorialNote></heading><num>10</num><content><p>
שר החינוך והתרבות ממונה על ביצוע חוק זה.</p></content></point><signature><name>אפרים קציר</name><role>נשיא המדינה</role></signature><signature><name>יצחק רבין</name><role>ראש הממשלה</role></signature><signature><name>אהרון ידלין</name><role>שר החינוך והתרבות</role></signature><dateOfAcceptance>08.08.1975</dateOfAcceptance></body>