<?xml version="1.0" encoding="UTF-8" ?>
<body><title><content><p>חוק חוזה קבלנות, תשל"ד-1974 *</p></content></title><point><heading><authorialNote placement="side"><p>חוזה קבלנות מהו</p></authorialNote></heading><num>1</num><content><p>
חוזה קבלנות הוא חוזה לעשיית מלאכה או למתן שירות כשכר כשהקבלן איבו עובדו
של המזמין.</p></content></point><point><heading><authorialNote placement="side"><p>חיובי הצדדים</p></authorialNote></heading><num>1</num><content><p>
הקבלן חייב לעשות את המלאכה או לתת את השירות והמזמין חייב לשלם את השכר,
הכל לפי המוסכם בין הצדדים.</p></content></point><point><heading><authorialNote placement="side"><p>פגם</p></authorialNote></heading><num>3</num><list><intro><p /></intro><subPoint><num>א</num><content><p> לא היו המלאכה או השירות בהתאם למוסכם (להלן - פגם), על המזמין להודיע
לקבלן על הפגם זמן סביר לאחר שגילה אותו או שהיה עליו לגלותו, ואם הפגם
ניתן לתיקון - לתת לקבלן הזדמנות נאותה לתקנו.</p></content></subPoint><subPoint><num>ב</num><content><p> אין המזמין זכאי להסתמך על הפגם -
(1) אם לא קיים את המוטל עליו לפי סעיף קטן (א) זולת אם ידע הקבלן על
הפגם;
(2) אם בא הפגם מסיבה שהמזמין אחראי לה.</p></content></subPoint></list></point><point><heading><authorialNote placement="side"><p>תרופות בשל פגם</p></authorialNote></heading><num>4</num><list><intro><p /></intro><subPoint><num>א</num><content><p> לא תיקן הקבלן את הפגם תוך זמן סביר לאחר שהמזמין עשה כאמור בסעיף
3(א), רשאי המזמין -
(1) לתקן את הפגם ולדרוש מהקבלן החזרת הוצאותיו הסבירות;
(2) לנכות מן השכר, כל עוד לא תוקן הפגם, את הסכום שבו פחת שווי
המלאכה או השירות עקב הפגם לעומת השכר לפי המוסכם.</p></content></subPoint><subPoint><num>ב</num><content><p> פגם שתיקונו דחוף עד שאין לדרוש מן המזמין שימתין לתיקונו בידי הקבלן,
רשאי המזמין לתקנו כאמור בסעיף קטן (א10) גם בלי שעשה כאמור בסעיף 3(א).</p></content></subPoint><subPoint><num>ג</num><content><p> לא ניתן הפגם לתיקון, זכאי המזמין לניכוי מן השכר כאמור בסעיף קטן (א20).</p></content></subPoint></list></point><point><heading><authorialNote placement="side"><p>- זכות עכבון</p></authorialNote></heading><num>5</num><content><p>
לקבלן תהא זכות עכבון על נכס שמסר לו המזמין לביצוע מלאכתו או למתן שירותו,
כדי תשלום הסכומים המגיעים לו מן המזמין עקב עסקת הקבלנות.</p></content></point><point><heading><authorialNote placement="side"><p>קבלת הנכס והעברת הסיכון</p></authorialNote></heading><num>6</num><list><intro><p /></intro><subPoint><num>א</num><content><p> נעשו המלאכה או השירות בנכס בידי הקבלן, חייב המזמין לקבלו במועד
שהוסכם עליו, ובאין הסכם - תוך זמן סביר לאחר שהקבלן הודיע לו שגמר את המלאכה
או השירות.</p></content></subPoint><subPoint><num>ב</num><content><p> אבד או ניזק הנכס בעודו כידי הקבלן -
(1) אחראי הקבלן, לענין חוק השומרים, תשכ"ז-1967 1, כשומר שכר
ששמירת הנכס אינה טפלה למטרה העיקרית של החזקתו;
(2) פטור המזמין מתשלום השכר, זולת אם אבד או ניזק הנכס אחרי שהמזמין
היה חייב לקבלו ומסיבה שהקבלן אינו אחראי לה.</p></content></subPoint></list></point><point><heading><authorialNote placement="side"><p>שמירת תרופות</p></authorialNote></heading><num>7</num><content><p>
אין בהוראות חוק זה כדי לגרוע מתרופה אחרת בשל הפרת חוזה.</p></content></point><point><heading><authorialNote placement="side"><p>תחולה</p></authorialNote></heading><num>8</num><list><intro><p /></intro><subPoint><num>א</num><content><p> הוראות חוק זה יחולו כשאין בדין אחר הוראות מיוחדות לענין הנדון, ובאין
כוונה אחרת משתמעת מן ההסכם בין הצדדים.
עמ' 402. י</p></content></subPoint><subPoint><num>ב</num><content><p> על חוזה להספקת נכס שיש להפיקו או לייצרו והקבלן קיבל עליו לתת את
עיקר התמרים הדרושים לכך, יחולו הוראות חוק המכר, תשכ"ח-21968.</p></content></subPoint></list></point><point><heading><authorialNote placement="side"><p>אי-תחולת המגילה</p></authorialNote></heading><num>9</num><content><p>
בענינים שחוק זה דן בהם לא יחול הספר השבי של המג'לה.</p></content></point><point><heading><authorialNote placement="side"><p>עצמאות החוק</p></authorialNote></heading><num>10</num><content><p>
בענינים שחוק זה דן בהם לא יחול סימן 46 לדבר המלך במועצתו לארץ-ישראל
1947-1922 .3</p></content></point><point><heading><authorialNote placement="side"><p>תחילה והוראות מעבר</p></authorialNote></heading><num>11</num><content><p>
תחילתו של חוק זה ביום א' בחשון תשל"ה (17 באוקטובר 1974)5 על חוזה קבלנות
שבעשה לפני תחילתו יוסיף לחול הדין הקודם.</p></content></point><signature><name>אפרים קציר</name><role>נשיא המדינה</role></signature><signature><name>יצחק רבין</name><role>ראש הממשלה</role></signature><signature><name>חיים י' צדוק</name><role>שר המשפטים</role></signature><dateOfAcceptance>01.08.1974</dateOfAcceptance></body>