<?xml version="1.0" encoding="UTF-8" ?>
<body><title><content><p>חוק התפזרות הכנסת הרביעית, תשכ"א-1961 *</p></content></title><point><heading><authorialNote placement="side"><p>החלטה להתפזר</p></authorialNote></heading><num>1</num><content><p>
הכנסת הרביעית תתפזר לפני גמר תקופת כהונתה.</p></content></point><point><heading><authorialNote placement="side"><p>מועד הבחירות</p></authorialNote></heading><num>2</num><content><p>
הבחירות לכנסת החמישית יהיו ביום ג', ג' באלול תשכ"א (15 באוגוסט 1961).</p></content></point><signature><name>יצחק בן-צבי</name><role>נשיא המדינה</role></signature><signature><name>דוד בן-גוריון</name><role>ראש הממשלה</role></signature><dateOfAcceptance>04.04.1961</dateOfAcceptance></body>