<?xml version="1.0" encoding="UTF-8" ?>
<body><title><content><p>חוק ביטול התיישנות בפשעים נגד האנושות, תשכ"ו-1966*</p></content></title><point><heading><authorialNote placement="side"><p>ניטול התיישנות</p></authorialNote></heading><num>1</num><content><p>
בעבירות לפי החוק בדבר מניעתו וענישתו של הפשע השמדת עם, תש"י-1950 1,
ולפי החוק לעשיית דין בנאצים ובעוזריהם, תש"י-1950 2 - אין התיישנות.</p></content></point><signature><name>שניאור זלמן שזר</name><role>נשיא המדינה</role></signature><signature><name>לוי אשכול</name><role>ראש הממשלה</role></signature><signature><name>יעקב ש' שפירא</name><role>שר המשפטים</role></signature><dateOfAcceptance>23.02.1966</dateOfAcceptance></body>