<?xml version="1.0" encoding="UTF-8" ?>
<body><title><content><p>חוק ההתגוננות האזרחית, תשי״א-1951 *</p></content></title><chapter><num>פרק ראשון:</num><title><content><p>פירושים</p></content></title><point><heading><authorialNote placement="side"><p>פירושים</p></authorialNote></heading><num>1</num><list><intro><p>
בחוק זה —
״התגוננות אזרחית״ פירושו — האמצעים הנקוטים לשם התגוננות מפני כל התקפה
או סכנת התקפה על האוכלוסיה האזרחית מצד מדינה זרה או לשם צמצום תוצאותיה של
התקפה כזאת, להוציא אמצעי לחימה ;
״הגא״ פירושו — שירות ההתגוננות האזרחית שהוקם בסעיף 2 ;
״ארגוני עזר״ פירושו — ארגון, מוסד, מפעל או כל גוף אחר העושים שירות ציבורי
ושר הבטחון הכריז עליהם, באברות שפורסמה ברשומות, כעל ארגונים שעזרתם נדרשת
להתגוננות אזרחית ;
״תקופת קרבות״ פירושו — תקופה שבה מתנהלות פעולות מלחמה נגד ישראל מצד
מדינה זרה;
״תמרוני הגא״ פירושו — אימונים של הגא או של ארגוני עזר שראש הגא הכריז
עליהם כעל תמרוני הגא ;
"שעת התקפה" לגבי שטח מסויים, פירושו —</p></intro><subPoint><num>א</num><content><p> הזמן שבוא מתנהלת באותו שטח התקפה מצד מדינה זרה ;</p></content></subPoint><subPoint><num>ב</num><content><p> הזמן ממתן אות אזעקה עד מתן אות ארגעה, בין אם האות ניתן בתקופת קרבות
ובין בשעת תמרוני הגא •,
״רשות מקומית״ — לרבות אדם או חבר בני אדם הממלאים למעשה תפקידים של
רשות מקומית;
״דיני ההתגוננות האזרחית״ פירושו — חוק זה, התקנות שהותקנו לפיו, וכן כל
צו והוראה שניתנו לפיהם.</p></content></subPoint></list></point></chapter><chapter><num>פרק שני:</num><title><content><p>שירות ההתגוננות האזרחית</p></content></title><point><heading><authorialNote placement="side"><p>שירות ההתגוננות האזרחית</p></authorialNote></heading><num>2</num><list><intro><p>
מוקם בזה שירות ההתגוננות האזרחית, שיארגן וינהל את ההתגוננות האזרחית במדינה,
ולמטרה זו יהיה מוסמך —</p></intro><subPoint><num>א</num><content><p> להכין ולבצע תכניות התגוננות אזרחית למדינה כולה או לכל שטח משטחיה ;</p></content></subPoint><subPoint><num>ב</num><content><p> לאמן את חברי הגא לתפקידי התגוננות אזרחית, לארגנם ביחידות, לקבוע את
סדרי הפיקוד והמשמעת ביחידות אלה ודרכי פעולתן ;</p></content></subPoint><subPoint><num>ג</num><content><p> לקבוע מדים או סימני היכר מיוחדים לחברי הגא;</p></content></subPoint><subPoint><num>ד</num><content><p> להתקשר בחוזים, להחזיק במקרקעים ולרכוש מטלטלים ;</p></content></subPoint><subPoint><num>ה</num><content><p> לעשות עבודות בקרקע, להתקין מבנים ומיתקנים ולקיימם;
(0 לאמן, לצייד, ולהדריך את ארגוני העזר להתגוננות אזרחית ולהפעילם בתקופת
קרבות או בשעת תמרוני הגא ;
בהצעות חזק 62 מיום כ״ט בטבת תשי"א (7.1.51), עמוד 82.</p></content></subPoint><subPoint><num>ז</num><content><p> לתאם את פעולותיהם של משרדי הממשלה׳ של הרשויות המקומיות ושל מפעלים
פרטיים בעניני ההתגוננות האזרחית;</p></content></subPoint><subPoint><num>ח</num><content><p> לקבוע אותות אזעקה וארגעה ולהפעילם ;</p></content></subPoint><subPoint><num>ט</num><content><p> להדריך את האוכלוסיה בעניני התגוננות אזרחית ולציידה באמצעי התגוננות ;</p></content></subPoint><subPoint><num>י</num><content><p> לטפל בהסוואת מבנים, לעזור לאוכלוסיה שנפגעה ולעשות כל פעולה אחרת
הדרושה לשם מילוי תפקידו בהתאם לדיני ההתגוננות האזרחית,</p></content></subPoint></list></point><point><heading><authorialNote placement="side"><p>ראש הנא</p></authorialNote></heading><num>3</num><list><intro><p /></intro><subPoint><num>א</num><content><p> שר הבטחון ימנה קצין בצבא-הגנה לישראל לכהן בתפקיד ראש הגא. הודעה על
מינויו תפורסם ברשומות.</p></content></subPoint><subPoint><num>ב</num><content><p> ניהול הגא והפיקוד על כל חבריו יהיו בידי ראש הגא, שיהיה מוסמך לפעול בשם
הגא בכל ענין, פרט לענינים שנמסרו לאדם אחר בחוק זה או בתקנות שהותקנו לפיו,</p></content></subPoint></list></point><point><heading><authorialNote placement="side"><p>מועצה ארצית</p></authorialNote></heading><num>4</num><list><intro><p /></intro><subPoint><num>א</num><content><p> תוקם מועצה ארצית של הגא שתפעל כגוף מייעץ על יד ראש הגא.</p></content></subPoint><subPoint><num>ב</num><content><p> המועצה הארצית של הגא תהיה מורכבת מחברים אלה:
(1) ראש הגא, כיושב ראש;
(2) נציג אחד של כל שר כמפורט בזה: שר האוצר׳ שר הבריאות׳ שר המשטרה,
שר העבודה ושר הפנים;
(3) נציג אחד של כל עיריה כמפורט בזה: עירית ירושלים, עירית תל אביב-
יפו ועירית חיפה;
(4) נציג אחד של העיריות שלא פורטו בפסקה (3);
(5) שני נציגים של הרשויות המקומיות האחרות ;
(6) נציג אחד של האגודה מגן דוד אדום בישראל ;
(7) נציג אחד של האגודות של מכבי אש מתנדבים ?
(8) נציג אחד של ארגוני נשים.</p></content></subPoint><subPoint><num>ג</num><content><p> את הנציגים הנזכרים בסעיף קטן (ב), בפסקות (4) ו-(5) ימנה שר הפנים, את
הנזכרים בפסקות (7) ו-(8) — ימנה שר הבטחון.</p></content></subPoint></list></point><point><heading><authorialNote placement="side"><p>מפקדי הגא מחוזיים</p></authorialNote></heading><num>5</num><list><intro><p /></intro><subPoint><num>א</num><content><p> לצורך חוק זה יחלק ראש הגא את שטח המדינה למחוזות הגא וימנה לכל מחוז
מפקד הגא מחוזי.</p></content></subPoint><subPoint><num>ב</num><content><p> מפקד הגא מחוזי יהיה אחראי לארגון ולניהול ההתגוננות האזרחית במחוזו ולשם
כך יהיה לו —
(1) הפיקוד על חברי הגא במחוז ,?
(2) הסמכות להפעיל את ארגוני העזר שבמחוז בתקופת קרבות ובשעת
תמרוני הגא;
(3) כל1 סמכות אחרת הנתונה להגא שתוענק לו לפי דיני ההתגוננות האזרחית.</p></content></subPoint></list></point><point><heading><authorialNote placement="side"><p>מועצה מחוזית</p></authorialNote></heading><num>6</num><list><intro><p /></intro><subPoint><num>א</num><content><p> בכל מחוז הגא תוקם מועצה מחוזית של הגא שתפעל כגוף מייעץ על יד מפקד
הגא באותו מחוז ותמלא את התפקידים האחרים שנקבעו לה בחוק זה.</p></content></subPoint><subPoint><num>ב</num><content><p> מועצה מחוזית תהיה מורכבת ממפקד הגא מחוזי, כיושב ראש׳ מנציגו של שר
הפנים ומנציגי הרשויות המקומיות במחוז. שר הפנים יקבע את הרשויות המקומיות שימנו
נציגים למועצה ומספר נציגיהן.</p></content></subPoint><subPoint><num>ג</num><content><p> מפקד הגא מחוזי רשאי, באישור המועצה המחוזית׳ להטיל על חבר המועצה כל
תפקיד הנוגע לשיתוף הציבור ומוסדותיו בהתגוננות אזרחית.</p></content></subPoint></list></point><point><heading><authorialNote placement="side"><p>תפקידים נדרשים בהגא</p></authorialNote></heading><num>7</num><list><intro><p /></intro><subPoint><num>א</num><content><p> שר הבטחון רשאי להכריז׳ באכרזה שתפורסם ברשומות, על כל תפקיד בהגא,
אשר הפעולות הקשורות בו מוגבלות למבנה מסויים או לשטח סמוך לאותו מבנה, כעל
תפקיד נדרש בהגא,</p></content></subPoint><subPoint><num>ב</num><content><p> ראש הגא רשאי לאחר התיעצות עם המועצה הארצית לקבוע בצו, שיחול במדינה
כולה או במחוז הגא מסויים או בחלק ממנו, הכל כפי שייקבע בצו, כי מפקד הגא מחוזי
רשאי לקרוא בני אדם הגרים או העובדים במקום שבו חל הצו למלא תפקידים נדרשים בהגא.</p></content></subPoint><subPoint><num>ג</num><content><p> ניתן צו לפי סעיף קטן (ב), רשאי מפקד הגא מחוזי של המקום שעליו חל הצו
ולפי התנאים שנקבעו בו לתת לאדם הגר או העובד באותו מקום הודעה בכתב, כי הוא
נקרא למלא תפקיד נדרש בהגא כמפורט בהודעה.
 (ד) לא ייקרא למלא לפי סעיף זה תפקיר נדרש בהגא ולא יהיה חייב למלאו —
(1) הנמנה עם הכוחות הסדירים או עם כוחות המילואים של צבא-הגנה לישראל ;
(2) הנמנה עם משטרת ישראל;
(3) מי שנתקבל להגא כמתנדב ;
(4) גבר למטה מגיל 16 או למעלה מגיל 55 ;
(5) אשה למטה מגיל 17 או למעלה מגיל 50;
(6) אשה הרה בתקופת הריונה ועד תום שנה אחת מיום גמר ההריון ;
(7) אם לילד למטה מגיל 5 או מי שאחראי לו במקומה;
(8) מי שאינו עובד או שאינו גר במבנה שבו או סמוך לו יש למלא אותו תפקיד.</p></content></subPoint><subPoint><num>ה</num><content><p> אדם שניתנה עליו הודעה לפי סעיף קטן (ג), רשאי תוך 15 יום לפנות למועצה
המחוזית של הגא בבקשה לבטל את ההודעה ולקבל ממנה תעודה על הגשת בקשה כזאת.
(0 המועצה המחוזית או ועדה שנבחרה לכך על ידיה רשאית לאשר את הבקשה או
לדחותה. המועצה המחוזית או הועדה האמורה תודיע למבקש ולמפקד הגא מחוזי את
החלטתה בבקשה.</p></content></subPoint><subPoint><num>ז</num><content><p> לאחר שעבר הזמן הקבוע להגשת בקשה לביטול הודעה שניתנה לפי סעיף קטן (ג),
והבקשה לא הוגשה, או הוגשה — והמועצה המחוזית או הועדה האמורה הודיעה את החלטתה
על דחיית הבקשה, רשאי אותו מפקד הגא מחוזי להטיל על האדם שעליו ניתנה ההודעה
את התפקיד הנדרש המפורט בה.</p></content></subPoint></list></point><point><heading><authorialNote placement="side"><p>חברי הגא</p></authorialNote></heading><num>8</num><list><intro><p /></intro><subPoint><num>א</num><content><p> אלה הם חברי הגא:
(1) הנמנה עם כוחות המילואים של צבא-הגנה לישראל שנשלח להגא לשרת בו
את שירות המילואים שהוא חייב בו על פי חוק שירות בטחון, תש״ט— 1949 1 ;
(2) מי שנתקבל להגא כמתנדב;
(3) מי שהוטל עליו תפקיד נדרש בהגא לפי סעיף 7.</p></content></subPoint><subPoint><num>ב</num><content><p> לא יתקבל אדם להגא כמתנדב, אלא לאחר שהתם על הצהרת התנדבות שבה יפורט
התפקיד או התפקידים שמותר יהיה להטיל על חותם ההצהרה.</p></content></subPoint><subPoint><num>ג</num><content><p> התנאים שלפיהם רשאי אדם שנתקבל להגא כמתנדב להפסיק את חברותו בהגא
ייקבעו בתקנות.</p></content></subPoint><subPoint><num>ד</num><content><p> חבר הגא חייב למלא את התפקיד או התפקידים שהוטלו עליו כחוק ולציית לכל
פקודה או הוראה חוקית שניתנה לו על ידי הממונים עליו.</p></content></subPoint><subPoint><num>ה</num><content><p> לגבי אדם שהוא חבר הגא בתוקף סעיף קטן (א)(1), בא סעיף קטן (ד) להוסיף
על הוראות חוק שירות בטחון, תש״ט—1949, ולא לגרוע מהן, ולצורך אותו חוק רואים
1 ספר החוקים 25 מיום כ״א באלול תש״ט (15.9.49), עמ׳ 271.
את הגא כיחידת מילואים של צבא-הגנה לישראל ואת דרגות מפקדי הגא בדרגות מנוקדים
בחיל היבשה.
(0 לצורך אחריות פלילית ואחריות לנזקים יהיה דינו של חבר הגא לגבי מעשה
שעשה או שנמנע מעשותו בקשר למילוי תפקידו, כדינו של פקיד ממשלה.</p></content></subPoint><subPoint><num>ז</num><content><p> חבר הגא שנחבל או חלה בשעת שירותו בתפקיד בהגא עקב מילוי תפקידו זה,
יחולו עליו ועל בני משפחתו חוק הנכים (תגמולים ושיקום), תש״ט—1949 1, וחוק משפחות
חיילים שנספו במערכה (תגמולים ושיקום), תש״י—1950 2, ולצורך חוקים אלה יראו את
שירותו בתפקיד בהגא כשירות צבאי, ואת יום גמר התפקיד — כיום שחרורו מהשירות
הצבאי.</p></content></subPoint></list></point><point><heading><authorialNote placement="side"><p>סמכויות מיוחדות לחברי הגא</p></authorialNote></heading><num>9</num><list><intro><p /></intro><subPoint><num>א</num><content><p> ראש הגא, מפקד הגא מחוזי וכל חבר הגא שהוסמך לכד בכתב על ידי ראש הגא
או על ידי מפקד הגא מחוזי, רשאי להיכנס, בזמן שבין שעה שמונה בבוקר ובין שעה שמונה
בערב, לכל מקום שיש לו יסוד לחשוב שנעברה בו עבירה על ידי ההתגוננות האזרחית,
או שיש צורך לנקוט בו באמצעי התגוננות אזרחית, או כדי לנקוט בו אותם אמצעים למעשה.</p></content></subPoint><subPoint><num>ב</num><content><p> בתקופת קרבות או בשעת תמרוני הגא רשאי כל חבר הגא כשהוא בתפקיד —
(1) להיכנס לכל מקום בנסיבות או למען המטרות הנקובות בסעיף קטן (א) ;
(2) להשתמש במידת הכוח המתקבלת על הדעת, כדי לכפות את הציות לדיני
ההתגוננות האזרחית.</p></content></subPoint><subPoint><num>ג</num><content><p> בשעת התקפה רשאי חבר הגא ליתן לאדם הנמצא בשטח המותקף כל הוראה
המתקבלת על הדעת בדרושה לשמירתם או להצלתם של חיי אדם באותו שטח.</p></content></subPoint></list></point><point><heading><authorialNote placement="side"><p>תקציב הנא</p></authorialNote></heading><num>10</num><list><intro><p /></intro><subPoint><num>א</num><content><p> אוצר המדינה והרשויות המקומיות ישאו בהוצאות התקציב השנתי של הגא,
(בסעיף זה — התקציב).</p></content></subPoint><subPoint><num>ב</num><content><p> אחוז השתתפותו של אוצר המדינה בכיסוי הוצאות התקציב ייקבע מדי שנה לפי
המלצתו של שר האוצר בהחלטה של ועדת הכספים של הכנסת.</p></content></subPoint><subPoint><num>ג</num><content><p> ראש הגא יכין לאחר התיעצות עם המועצה הארצית את הצעת התקציב.</p></content></subPoint><subPoint><num>ד</num><content><p> ההצעה האמורה, לאחר שתאושר על ידי שר הבטחון, שר הפנים ושר האוצר,
תהיה לתקציב בר-תוקף ומחייב והגא לא יוציא כל הוצאה, אלא בהתאם לו, אולם שר
הבטחון רשאי, בהסכמת שר האוצר, להעביר כל סכום מסעיף משנה אחד לסעיף משנה
אחר שבאותו סעיף הוצאה של התקציב.</p></content></subPoint><subPoint><num>ה</num><content><p> הסכום הנותר לכיסוי ההוצאות, לאחר ניכוי סכום השתתפותו של אוצר המדינה,
יחולק בין הרשויות המקומיות על ידי שר הפנים בהתיעצות עם המועצה הארצית. סכום
שנקבע כאמור לרשות מקומית מסויימת יהיה חוב המגיע ממנה להגא, מיום שהומצאה
הודעה על כך לאותה רשות.</p></content></subPoint></list></point></chapter><chapter><num>פרק שלישי:</num><title><content><p>מקלטים</p></content></title><point><heading><authorialNote placement="side"><p>פירושים</p></authorialNote></heading><num>11</num><content><p>
בפרק זה —
״מפעל״ פירושו — מבנה של קבע או חלק ממנו, המשמש או המיועד לשמש, מקום
עבודה או מקום עסק שעובדים בו לא פחות מעשרה בני אדם בבת אחת אי שמבקרים בו
כרגיל לא פחות מעשרים בני אדם בבת אחת;</p></content></point><point><heading><authorialNote placement="side"><p>הוראות לרשות מקומית</p></authorialNote></heading><num>12</num><list><intro><p /></intro><subPoint><num>א</num><content><p> רשות מוסמכת רשאית להורות לכל רשות מקומית שבתחום פעולתה של הרשות
המוסמכת —
(1) להתקין מקלטים ציבוריים במספר, במקום ובזמן שייקבעו על ידי הרשות
המוסמכת ולהחזיקם במצב המאפשר את השימוש בהם בכל עת שיהיה צורך בכך;
(2) להבטיח את התקנתם של מקלטים ואת החזקתם התקינה על ידי בעלי בתים
ובעלי מפעלים, בהתאם לדיני ההתגוננות האזרחית.</p></content></subPoint></list></point><point><heading><authorialNote placement="side"><p>מחסים ציבוריים</p></authorialNote></heading><num>13</num><list><intro><p /></intro><subPoint><num>א</num><content><p> היתה רשות מקומית סבורה, שמקום מסויים, כולו או חלקו, ראוי לשמש מחסה
ציבורי, רשאית הרשות המקומית למסור הודעה בכתב למחזיק במקום (בסעיף זה —
הודעה), כי בדעתה להועיד אותו מקום למחסה ציבורי. ההודעה תפרט את תכנית השינויים
והתיקונים שהרשות המקומית תעשה באותו מקום, כדי שיוכל לשמש מחסה ציבורי.</p></content></subPoint><subPoint><num>ב</num><content><p> רשות מקומית לא תמסור הודעה, אלא אם —
(1) אישרה רשות מוסמכת, שאותו מקום יבוא, לאחר תיקונים ושינויים או
בלעדיהם, במקום מקלט ציבורי שהרשות המקומית חייבת להתקינו לפי הוראות,
הרשות המוסמכת;
(2) התיקונים והשינויים הדרושים כדי שהמקום יהיה ראוי לשמש מחסה ציבורי
לא ימנעו מהמחזיק במקום את השימוש בו למטרה שאותה שימש עד ההודעה.</p></content></subPoint><subPoint><num>ג</num><content><p> נמסרה לאדם הודעה, רשאי הוא תוך 15 יום להגיש עליה ערר למועצת המחוזית
של הגא בנימוק —
(1) כי המקום, כולו או מקצתו, נועד לשמש מוסד או עסק בעלי תועלת ציבורית
והשימוש בו למטרה זו עלול להיפגע, אם המקום ישמש מחסה ציבורי, או
(2) כי המקום דרוש, כולו או מקצתו, לבעל המקום, או למחזיק במקום, לשם
התקנת מקלט.</p></content></subPoint><subPoint><num>ד</num><content><p> בערר, כאמור, תדון ועדה של שלושה מחברי המועצה המחוזית שתיבחר לכך
על ידיה. ועדה זו —
(1) תחליט ברוב דעות ;
(2) תתן נימוקים להחלטותיה ;
(3) יהיו לה הסמכויות של ועדת חקירה שנתמנתה לפי פקודת ועדות החקירה 1
ושהוענקו לה כל הסמכויות שאפשר להעניק לועדת חקירה כזאת לפי סעיף 5
לפקודה האמורה ;
(4) תהיה רשאית לאשר את ההודעה או לבטלה או לאשרה בתנאים מסויימים;
(5) תקבע בעצמה את יתר סדרי דיוניה ועבודתה.</p></content></subPoint><subPoint><num>ה</num><content><p> המחזיק במקום שניתנה עליו הודעה לא יעשה בו כל שינוי או תיקון ולא ירשה
לעשותם, כל זמן שלא בוטלה ההודעה, אלא אם התירה הועדה של המועצה המחוזית לעשות
אותו שינוי או תיקון.
(0 נמסרה לאדם הודעה׳ והאדם לא הגיש עליה ערר תוך המועד הקבוע, או הגיש
ערר וההודעה אושרה, יהיה המקום שאליו מתיחסת ההודעה האמורה, מקום שנועד
למחסה ציבורי.</p></content></subPoint><subPoint><num>ז</num><content><p> נועד מקום למחסה ציבורי חייבים בעל המקום והמחזיק בו -
(1) להרשות לרשות המקומית לעשות בו את התיקונים והשינויים הדרושים כפי י
שפורטו בהודעה ,י ואם שונו על ידי הועדה של המועצה המחוזית — כפי ששונו
על ידיה ;
(2) לא לעשות בו כל שינוי או תיקון ולא להרשות לעשותם, אלא באישור הרשות
המקומית ;
(3) להחזיק את המקום ראוי לשימוש בו כמחסה ציבורי בכל עת שיהא צורך
בכך ולמלא אחרי הוראות סעיף 15 (ג), כאילו היה המקום מקלט.</p></content></subPoint></list></point><point><heading><authorialNote placement="side"><p>התקנת מקלטים בבתים ובמפעלים</p></authorialNote></heading><num>14</num><list><intro><p /></intro><subPoint><num>א</num><content><p> בכל בית או סמוך לו יהיה מקלט שישמש בעיקרו את דיירי הבית ובני אדם
הרגילים לבקר בו.</p></content></subPoint><subPoint><num>ב</num><content><p> בכל מפעל או סמוך לו יהיה מקלט שישמש בעיקרו את עובדי המפעל ובני אדם
הרגילים לבקר בו,</p></content></subPoint><subPoint><num>ג</num><content><p> לא יינתן רשיון להקמת בית או להקמת מבנה שהוא כולו או בעיקרו מפעל, אלא
אם נכללה התקנת מקלט בתכנית הבניה של אותו בית או מבנה.</p></content></subPoint><subPoint><num>ד</num><content><p> קיים בית ואין בו מקלט, חייב בעל הבית להתקינו באותו בית או סמוך לו בזמן
ובמקום שייקבעו על ידי הרשות המקומית.</p></content></subPoint><subPoint><num>ה</num><content><p> קיים מפעל ואין בו מקלט, חייב בעל המפעל להתקינו באותו מפעל או סמוך לו
בזמן ובמקום שייקבעו על ידי הרשות המקומית. חובה זו חלה על בעל מפעל, גם אם
במבנה שבו נמצא המפעל הותקן מקלט המשמש את דיירי המבנה או מפעל אחר.
(0 בעל בית ובעל מפעל חייבים להחזיק את מקלטם במצב המאפשר את השימוש בו
למטרה שלה נועד בכל עת שיהיה צורך בכך, ולעשות כל תיקון ושינוי הנחוץ לשם מילוי
חובה זו, כפי שיידרשו בכתב על ידי הרשות המקומית, ובלבד שלעשיית אותם התיקונים
והשינויים לא ייקבע זמן פחות מחמשה ימים מיום מסירת הדרישה.</p></content></subPoint><subPoint><num>ז</num><content><p> רשות מקומית, באישור הרשות המוסמכת, רשאית —
(1) לפטור בעלי בתים מסויימים מהחובה להתקין מקלט נפרד לכל בית, בתנאי
שבעלי אותם הבתים יתקינו מקלט משותף לבתיהם, או בלי תנאי זה, אם היא
סבורה, שתנאי המקום שבו נמצאים הבתים מרשים זאת;
1 חוקי א״י, כרך א׳, פרק כ״א, עמוד 152.
(2) לפטור בעל מפעל מהחובה להתקין מקלט, אם יוכיח להנחת דעתה׳ שבאותו
מבנה שבו נמצא המפעל או סמוך לו יש מקלט שיכול לשמש מחסה גם לעובדי
המפעל ולמבקרים בו ויש גישה נוחה מהמפעל אל אותו מקלט.</p></content></subPoint><subPoint><num>ח</num><content><p> הורתה הרשות המקומית בכתב׳ שיותקן מקלט משותף לבתים אחדים, יחולו
הוראות סעיף זה על בעלי הבתים האלה כאילו היו בעליו המשותפים של בית שחובה
להתקין מקלט בו או סמוך לו.</p></content></subPoint></list></point><point><heading><authorialNote placement="side"><p>השימוש במקלטים</p></authorialNote></heading><num>15</num><list><intro><p /></intro><subPoint><num>א</num><content><p> לא ישתמש אדם במקלט למטרה אחרת מאשר לחסות בו בשעת התקפה, אלא על
פי רשיון מאת הרשות המוסמכת.</p></content></subPoint><subPoint><num>ב</num><content><p> לא יהרוס אדם מקלט, אלא על פי רשיון מאת הרשות המוסמכת.</p></content></subPoint><subPoint><num>ג</num><content><p> המחזיק במקום שהוא מקלט, חייב בשעת התקפה לאפשר לכל אדם הנמצא סמוך
למקום להיכנס למקלט ולשהות בו כל שעת ההתקפה.</p></content></subPoint><subPoint><num>ד</num><content><p> ראש הגא רשאי לקבוע הוראות בדבר אופן השימוש במקלט ציבורי או במחסה
ציבורי, וכללי ההתנהגות של בני אדם הנמצאים בהם לשם מחסה. הוראות אלה אין חובה
לפרסמן ברשומות, אלא יוצגו באופן הנראה לעין בכניסה למקום או בתוך המקום שעליו
הן חלות.</p></content></subPoint></list></point><point><heading><authorialNote placement="side"><p>הוראות לגבי מקום שנועד לשמש מקלט לבית</p></authorialNote></heading><num>16</num><list><intro><p /></intro><subPoint><num>א</num><content><p> המחזיק במקום שצריך לדעת הרשות המקומית, לשמש מקלט לבית, חייב לאפשר
את התקנת המקלט.</p></content></subPoint><subPoint><num>ב</num><content><p> היתה הרשות המקומית סבורה, שאין להתקין את המקלט האמור אלא לאחר
פינוי המקום, רשאית הרשות המקומית להורות בכתב למחזיק המקום לפנותו תוך זמן
שתקבע, ובלבד שלא תקבע פחות מחמשה עשר יום מיום מסירת ההוראה.</p></content></subPoint><subPoint><num>ג</num><content><p> רשות מקומית לא תתן הוראת פינוי, כאמור, לגבי מקום המשמש למחזיק בו,
מקום מגורים או מקום עבודה או מקום עסק, אלא אם העמידה לרשותו של המחזיק מקום
חלוף (אלטרנטיבי) העשוי לשמש באופן המתקבל על הדעת את המטרה שאותה משמש
המקום שיש לפנותו ; אך תנאי זה לא יחול לגבי מקום שהוא חלק מדירה או ממקום עבודה
או ממקום עסק שברשות אותו מחזיק, ופינוי החלק האמור לא יפגע במידה ניכרת בתנאי
מגוריו, עבודתו או עסקו של המחזיק.</p></content></subPoint><subPoint><num>ד</num><content><p> לצורך השימוש בהוראות שבסעיף קטן (ב) ו-(ג) יחולו כללים אלה:
(1) יש להביא בחשבון את צרכיו המוצדקים של המחזיק במקום מזה, ואת צרכי
ההתגוננות האזרחית מזה.
(2) העובדה שהמקום החלוף שהועמד לרשות המחזיק שטחו יותר קטן או שהוא
פחות נוח מן המקום שיש לפנותו, אינה קובעת, כשלעצמה, שהמקום שהועמד
לרשותו אינו עשוי לשמש את המטרה שאותה משמש המקום שיש לפנותו.</p></content></subPoint><subPoint><num>ה</num><content><p> פונה מקום בבית בהוראה לפי סעיף קטן (ב), חייבים המחזיקים בשאר חלקי הבית
כדיירים לשלם לבעל הבית את דמי השכירות שהיה מקבל בעד המקום שפונה.
(0 חדל מקום לשמש מקלט, חייב בעל הבית להחזירו למצבו שלפני התקנת המקלט
ומי שהיה מחזיק במקום ופינה אותו בהוראה לפי סעיף קטן (ב), רשאי תוך חודש ימים
מהיום שהמקום חדל לשמש מקלט, לחזור ולהחזיק בו, לאחר שיפנה את המקום החלוף
שהועמד לרשותו.</p></content></subPoint></list></point><point><heading><authorialNote placement="side"><p>זכות הסתלקות</p></authorialNote></heading><num>17</num><content><p>
&lt;א) המחזיק במקום שנועד לשמש מחסה ציבורי או שחל עליו סעיף 16 רשאי, תוך
שלושים יום מיום שנמסרה לו הודעה על כך, לפנות את המקום ולהסתלק מזכויותיו בו</p></content></point><point><heading><authorialNote placement="side"><p>השתתפות בהוצאות</p></authorialNote></heading><num>18</num><list><intro><p /></intro><subPoint><num>א</num><content><p> הוצאות שהוציא בעל בית להתקנת מקלט או לעשיית תיקונים ושינויים בה לפי
הוראות חוק זה, רשאי הוא לגבותן מדיירי הבית אותה שעה, לפי המפורט בזה:
(1) בבית שבנייתו הושלמה לפני יום כ׳ בתמוז תש״ה (1 ביולי 1945) (להלן —
היום הקובע) חמשים אחוזים של ההוצאות;
(2) בבית שבנייתו הושלמה ביום הקובע או אחריו, בין לפגי תחילת תקפו של
חוק זה ובין לאחר מכן, עשרים וחמשה אחוזים של ההוצאות ,י
(3) בבית שבנייתו הושלמה לפני היום הקובע ונוספה אליו קומה או חלק אחר
ביום הקובע או אחריו, כאמור בפסקה (2) — מחלקים את ההוצאות בין דיירי
החלק הקודם ובין דיירי החלק הנוסף באופן יחסי למספר החדרים שבכל אחד
מהם, ודיירי החלק הקודם משתתפים בחמשים אחוזים, ודיירי החלק הנוסף
בעשרים וחמשה אחוזים,</p></content></subPoint><subPoint><num>ב</num><content><p> היו חילוקי דעות בין בעל בית ובין דייריו בנוגע לסכום ההוצאות שבעל הבית
הוציא להתקנת מקלט או להחזקתו, ייחשב הסכום שיאושר על ידי הרשות המקומית כסכום
ההוצאות שהוצאו למעשה.</p></content></subPoint></list></point><point><heading><authorialNote placement="side"><p>דמי השתתפות— הוראות שונות</p></authorialNote></heading><num>19</num><list><intro><p /></intro><subPoint><num>א</num><content><p> הסכום שכל דייר חייב לשלם לבעל הבית לפי סעיף 16 (ה) וסעיף 18 (להלן —
דמי השתתפות) יהיה ביחס לסכום הכללי של דמי ההשתתפות כיחס שבין מספר החדרים
שברשות הדייר ובין מספר החדרים שבבית.</p></content></subPoint><subPoint><num>ב</num><content><p> מועד התשלום של דמי ההשתתפות יהא כזה:
(1) דמי השתתפות לפי סעיף 16 (ה) — יחד עם דמי השכירות בעד הדירה ובאותם
שיעורי תשלומים;
(2) דמי השתתפות לפי סעיף 18, כשאין חילוקי דעות לגבי סכום ההוצאות —
תוך שלושים יום מיום קבלת הודעה במכתב רשום מבעל הבית המציינת כי
התקנתו של המקלט, תיקונו או שינויו הושלמו, והקובעת את סכום ההוצאות
הכללי וחלקו בדמי ההשתתפות ;
(3) דמי השתתפות לפי סעיף 18 במקרה של חילוקי דעות כאמור בו בסעיף
קטן (ב) — תוך שלושים יום מיום קבלת הודעה בכתב מאת הרשות המקומית
הקובעת את סכום ההוצאות.</p></content></subPoint><subPoint><num>ג</num><content><p> אי תשלום דמי השתתפות בזמן שנקבע בסעיף קטן (ב) ייחשב לאי-תשלום שכר-
דירה, אולם אם שילם הדייר את דמי ההשתתפות לאחר שנתבע לדין, אך לפני שהתחיל
הדיון בתביעת הפינוי — לא ישמש הדבר עילה לפינוי.</p></content></subPoint><subPoint><num>ד</num><content><p> דינו של בעל בית שהוא בעצמו גר בביתו או מחזיק בפועל בחלק ממנו׳ כדין
דייר למטרת חישוב דמי השתתפותם של הדיירים.</p></content></subPoint><subPoint><num>ה</num><content><p> דייר המפנה דירתו רשאי לגבות ממי שהוא בעל הבית אותה שעה את הסכום
ששילם כדמי השתתפות לפי סעיף 18 בעד אותה דירה, ובעל הבית רשאי, על אף האמור
בכל חוק אחר, לחזור ולגבות אותו סכום משוכרה החדש של הדירה. דינו של סכום זה
לגבי השוכר החדש יהיה כדין דמי השתתפות בהוצאות להתקנת מקלט לבית שהוצאו בזמן
היותו דייר באותו בית.</p></content></subPoint><subPoint><num>ו</num><content><p> היה בית או מפעל בבעלותם של בני אדם אחדים יהיו החובות המוטלות לפי חוק
זה חלות על כולם יחד ועל כל אחד לחוד, ולכל אחד מהם תהיה הזכות להיות מפוצה על ידי
האחרים בעד כל סכום שהוציא לשם מילוי אחת החובות האמורות יתר על המגיע ממנו לפי</p></content></subPoint></list></point></chapter><part><num>חלקו בבית</num><title><content><p>או במפעל. הוא הדין בבני אדם השוכרים במשותף דירה,</p></content></title><point><heading><authorialNote placement="side"><p>ביצוע עבודות ע״י רשות מקומית או רשות מוסמכת</p></authorialNote></heading><num>20</num><content><p>
בעל בית או בעל מפעל שלא התקין מקלט או שלא עשה את התיקונים והשינויים שהוא
חייב לעשותם לפי חוק זה, רשאית הרשות המוסמכת או הרשות המקומית, מבלי לפטור
בזה את בעל הבית או בעל המפעל מאחריות פלילית על אי מילוי חובה זו, לבצע את אותן
העבודות הדרושות. ומשעשתה זאת — לגבות מבעל הבית או המפעל, בדרך שהיא מוסמכת
לגבות מסים או בדרך אחרת, את כל ההוצאות שהוציאה ; והוראות הסעיפים 18 ו-19 חלות
עליהן, כאילו הוצאו במישרים על ידי הבעלים.</p></content></point><point><heading><authorialNote placement="side"><p>מצב הכן בהתגוננות האזרחית</p></authorialNote></heading><num>21</num><list><intro><p /></intro><subPoint><num>א</num><content><p> שר הבטחון רשאי בתקופת קרבות או אם יש לו יסוד לחשוב שהשעה היא ערב
תקופת קרבות, להכריז בכל דרך של פרסום שימצא לנכון על מצב הכן בהתגוננות האזרחית.</p></content></subPoint><subPoint><num>ב</num><content><p> הוכרז מצב הכן בהתגוננות האזרחית -
(1) ייכנסו לתקפן ההוראות בדבר הגנה על שמשות שנקבעו בתקנות, כולן או
מקצתן, לגבי כל שטח המדינה או לגבי חלק ממנה או לגבי מקום מסויים, הכל
כפי ששר הבטחון יקבע מזמן לזמן באכרזתו;
(2) אדם, שההוראות בדבר הגנה על שמשות חלות עליו, חייב למלא אחריהן לא
יאוחר מאשר כתום שלושה ימים מיום שנכנסו לתקפן ;
(3) לא יאיר אדם אור בזמן שבין שקיעת השמש ובין זריחתה (להלן - שעות
האיפול), אלא לפי התקנות האמורות בסעיף 27 (ג) (6).</p></content></subPoint></list></point><point><heading><authorialNote placement="side"><p>איפול לצרכי תמרונים</p></authorialNote></heading><num>22</num><content><p>
לצורך תמרוני הגא רשאי ראש הגא' בצו שיחול בכל המדינה או בשטח משטחיה או
לגבי מבנים או כלי רכב מסויימים, הכל כפי שייקבע בצו, לאסור על הארה בשעות האיפול
שלא לפי התקנות האמורות בסעיף 27 (ג) (6).</p></content></point><chapter><num>פרק חמישי:</num><title><content><p>כללי</p></content></title><point><heading><authorialNote placement="side"><p>המצאת מסמכים</p></authorialNote></heading><num>23</num><list><intro><p /></intro><subPoint><num>א</num><content><p> כל צו, הודעה או דרישה (להלן - מסמך) שלפי דיני ההתגוננות האזרחית חובה
להמציאו בכתב לאדם שלו נועה מותר להמציאו -
(1) במסירה לאותו אדם ;
(2) במסירה לבן משפחתו הגר אתו יחד והוא בן 18 ומעלה ;
(3) במשלוח לאותו אדם בדואר רשום, לפי כתובת מקום מגוריו או עסקיו, הרגיל
או האחרון ;
(4) בהצגתו, באופן בולט לעין, על פני המקום שאליו מתיחס המסמך או בתוך אותו
מקום.</p></content></subPoint><subPoint><num>ב</num><content><p> מקום שלא הוכחה שעת המצאתו של המסמך רואים אותו -
(1) כאילו הומצא כתום שתים עשרה שעות משעת המסירה - אם נמסר לפי
סעיף קטן (א) (2);
(2) כאילו הומצא כתום שבעים ושתים שעות משעת המסירה למשלוח - אם
נשלח לפי סעיף קטן (א) &lt;3);
(3) כאילו הומצא כתום ארבעים ושמונה שעות לאחר הצגתו - אם הוצג לפי
סעיף קטן (א) (4).</p></content></subPoint></list></point><point><heading><authorialNote placement="side"><p>עבירות</p></authorialNote></heading><num>24</num><list><intro><p /></intro><subPoint><num>א</num><content><p> חבר הגא שעשה אחת מאלה -
(1) לא מילא תפקיד שהוטל עליו כחוק או התרשל במילוי תפקיד בזה;
(2) סירב לציית לפקודה או להוראה שניתנה לו כחוק;
(3) הזיק לציוד או לרכוש אחר שניתן לו כחבר הגא או התרשל בשמירתם,
דינו - מאסר עד שלושה חדשים או קנס עד שבעים וחמש לירות או שני העבשים כאחד,
ואם נעברה העבירה בתקופת קרבות, דינו - מאסר עד שנה או קנס עד שלוש מאות לירות
או שני העבשים באחד.</p></content></subPoint><subPoint><num>ב</num><content><p> אדם שעשה אחת מאלה -
(1) עבר על דיני ההתגוננות האזרחית או התרשל במילויים ;
(2) לבש מדים או סימני היכר של הגא מבלי שהיה מוסמך לכך ;
(3) הפריע ביודעים לחבר הגא במילוי תפקידו או בשימוש בסמכויות הנתונות
לו לפי דיני ההתגוננות האזרחית׳
דינו — מאסר עד שלושה חדשים או קנס עד שבעים וחמש לירות או שני הענשים כאחד,
ואם נעברה העבירה בתקופת קרבות, דינו — מאסר עד שנה או קנס עד שלוש מאות לירות
או שני הענשים כאחד.</p></content></subPoint><subPoint><num>ג</num><content><p> חבר בני אדם, שנאשם בעבירה לפי סעיף קטן (ב), ייאשם בה גם כל אדם שהיה
בשעת העבירה ראש החבר׳ מזכירו׳ נאמנו׳ מנהלו או מנהל עסקיו, אלא אם הוכיח, שהעבירה
נעברה בלי ידיעתו או שנקט את כל האמצעים המתאימים למניעתה.</p></content></subPoint><subPoint><num>ד</num><content><p> יצא בעל מפעל חייב בדין על עבירה לפי סעיף קטן (ב) (1) מחמת אי מילוי חובה
המוטלת עליו בדבר התקנת מקלט למפעל או החזקתו, רשאי בית-המשפט, נוסף על כל
עונש שהוא מוסמך להטילו, לצוות על סגירת המפעל או חלק ממנו עד התקנת המקלט או
עד עשיית תיקונים ושינויים בו או לתקופה קצרה מזה.</p></content></subPoint><subPoint><num>ה</num><content><p> הוראות סעיף זה באות להוסיף על אחריותו הפלילית של אדם שעבר עבירה לפי
כל חוק אחר׳ ולא לגרוע ממנה.</p></content></subPoint></list></point><point><heading><authorialNote placement="side"><p>ביטול</p></authorialNote></heading><num>25</num><list><intro><p>
התקנות המנויות להלן — בטלות:</p></intro><subPoint><num>א</num><content><p> תקנות-שעת-חירום (האפלה), תש״ח—1948 1 ;</p></content></subPoint><subPoint><num>ב</num><content><p> תקנות-שעת-חירום (הגנה על שמשות), תש״ח—1948 2 ;</p></content></subPoint><subPoint><num>ג</num><content><p> תקנות-שעת-חירום (הגנה אזרחית), תש״ח—1948 3 ;</p></content></subPoint><subPoint><num>ד</num><content><p> תקנות-שעת-חירום (מקלטים), תש״ח—1948 4 ;</p></content></subPoint></list></point><point><heading><authorialNote placement="side"><p>הוראות מעבר</p></authorialNote></heading><num>26</num><list><intro><p /></intro><subPoint><num>א</num><content><p> מקום שפונה לפני תחילת תקפו של חוק זה׳ לפי תקנה 5 לתקנות-שעת-חיתם
(מקלטים), תש״ח—1948 (בסעיף זה — התקנות הקודמות), רואים אותו, לצורך תשלום
דמי השתתפות והחזרת החזקה בו, כאילו פונה לפי סעיף 16.</p></content></subPoint><subPoint><num>ב</num><content><p> הוצאות שאדם רשאי, ערב תחילת תקפו של חוק זה, לגבותן לפי תקנה 6 לתקנות
הקודמות, רואים אותן כהוצאות שאותו אדם רשאי לגבותן לפי סעיף 18.</p></content></subPoint><subPoint><num>ג</num><content><p> כל סכום ששולם על ידי דייר או דייר-משנה לפני תחילת תקפו של חוק זה לפי
תקנה 6 לתקנות הקודמות׳ יחולו לגביו ההוראות שבסעיף 19 (ה), כאילו היה זה סכום ששולם
כדמי השתתפות לפי סעיף 18 או 19 (ח).</p></content></subPoint></list></point><point><heading><authorialNote placement="side"><p>ביצוע ותקנות</p></authorialNote></heading><num>27</num><list><intro><p /></intro><subPoint><num>א</num><content><p> שר הבטחון ממונה על ביצוע חוק זה.</p></content></subPoint><subPoint><num>ב</num><content><p> שר הבטחון רשאי, בהסכמת שר הפנים, להתקין תקנות בענינים אלה:
(1) העמדת מקרקעים שבידי הרשויות המקומיות לצרכי ההתגוננות האזרחית;
(2) הספקת ציוד, כלי רכב, אמצעי כיבוי וחמרים אחרים שברשות הרשויות
המקומיות, לצרכי התגוננות אזרחית בתקופת קרבות או בשעת תמרוני הגא ;
(3) העמדת עובדים של הרשויות המקומיות לצרכי התגוננות אזרחית בתקופת
קרבות או בשעת תמרוני הגא ;
(4) מתן עזרה וסיוע להגא על ידי הרשויות המקומיות לשם פינוי אוכלוסיה
ושיכונה ;
1 ע״ר מס׳ 20 מיום ד׳ באלול תש״ח (9.48 8), תוס׳ א' עמ׳ 48.
* ע״ר טסי 24 מיום כ״ה באלול תש״ח (9.48 29), תוס׳ א׳, עמ׳ .77
4 ע״ר מס׳ 24 מיום כ״ה באלול תש״ח (29.9.48), תוס׳ א׳, עט׳ 80.
(5) כל השתתפות אחרת של הרשויות המקומיות בביצוע תכניות ההתגוננות
האזרחית לשטח שיפוטן.</p></content></subPoint><subPoint><num>ג</num><content><p> שר הביטחון רשאי להתקין תקנות בכל ענין אחר הנוגע לביצועו של חוק זה ובכלל
זה בענינים אלה —
(1) תשלומים מכספי הגא בעד טיפול רפואי או נזק ממון שנגרמו לחבר הגא
לרגל חבלה או מחלה, שאירעו בהיותו בתפקיד ועקב תפקידו, ושלא גרמו-
לתוצאות המחייבות את אוצר המדינה בתשלומים לפי החוקים שפורטו
בסעיף 8 (ז) ;
(2) הסדרת התנועה בדרכים בשעת קרבות או תמרוני הגא ;
(3) התנהגות האוכלוסיה האזרחית במקומות ציבוריים בתקופת קרבות או בשעת
תמרוני הגא ?
(4) חובתם של בני אדם המעבידים יותר מ-10 עובדים — לאמנם ולציידם לצרכי
התגוננות אזרחית;
(5) הסוואת מבנים ומיתקנים מפני הבחנה מן האויר ;
(6) התנאים בהם מותר להעלות אור בשעות האיפול ;
(7) הגנה על שמשות מכל הסוגים על ידי בעליהן או מחזיקיהן.</p></content></subPoint></list></point></chapter></part><signature><name>דוד בן-גוריון</name><role>ראש הממשלה</role></signature><signature><name>חיים ווייצמן</name><role>שר הבטחון</role></signature><signature><name>89                                           ספר החוקים 71                 י"ג באדר ב' התשי"א 21.03.1951</name><role>נשיא המדינה</role></signature><dateOfAcceptance>21.03.1951</dateOfAcceptance></body>