<?xml version="1.0" encoding="UTF-8" ?>
<body><title><content><p>חוק ההגנה על חוסים, תשכ"ו-1966 *</p></content></title><point><heading><authorialNote placement="side"><p>הגדרות</p></authorialNote></heading><num>1</num><content><p>
בחוק זה -</p></content></point><chapter><num>פרק ב':</num><title><content><p>הגנה מפני ניצול</p></content></title><point><heading><authorialNote placement="side"><p>ניצול</p></authorialNote></heading><num>2</num><content><p>
אחראי לחוסה העושה אחד הדברים המנויים להלן בנסיבות העלולות לפגוע בשלומו
הגופני או הנפשי של החוסה, דינו - מאסר חודש אחד או קנס חמש מאות לירות:
(1) גורם או מניח שהחוסה יימצא, עמו או בלעדיו, ברשות הרבים או במקום
הפתוח לציבור, באופן שיש בו כדי להסב תשומת לב הציבור לענין שהאחראי
מעונין בו, ובכלל זה קבלת נדבות;
(2) גורם או מניח שהחוסה יימצא, עמו או בלעדיו, בכל מקום שהוא, באופן
שיש בו כדי להפעיל לחץ על אדם או מוסד לעשות מעשה או לחדול ממעשה,
ובכלל זה לחץ לקבל ממנו חוסה לטיפול.</p></content></point><point><heading><authorialNote placement="side"><p>העברת החוסה מרשות האחראי לו</p></authorialNote></heading><num>3</num><list><intro><p /></intro><subPoint><num>א</num><content><p> היה קצין משטרה סבור שאדם פלוני עובר עבירה לפי סעיף 2, רשאי הוא
לנקוט כל האמצעים הדרושים לדעתו להעברת החוסה למקום מגוריו, או, בהתייעצות עם
פקיד סעד, למקום מתאים אחר.</p></content></subPoint><subPoint><num>ב</num><content><p> הועבר חוסה למקום שהוא מחוץ לרשותו של האחראי לחוסה, לא יוחזק בו יותר
משבוע ימים אלא באישור בית משפט.</p></content></subPoint></list></point></chapter><chapter><num>פרק ג':</num><title><content><p>הגנה על שלומו של חוסה</p></content></title><point><heading><authorialNote placement="side"><p>העדר טיפול ראוי</p></authorialNote></heading><num>4</num><content><p>
היה פקיד סעד סבור, כי שלומו הגופני או הנפשי של חוסה בגיר נפגע, או עלול
להפגע, פגיעה חמורה מהעדר טיפול ראוי, וכי למניעת הסכנה יש צורך בהוראת בית-משפט,
משום שאין החוסה או האחראי עליו מסכימים לטיפול הדרוש, רשאי הוא לפנות לבית-
המשפט בבקשה ליתן הוראות לענין זה.</p></content></point><point><heading><authorialNote placement="side"><p>ממכות בית המשפט</p></authorialNote></heading><num>5</num><content><p>
הוגשה בקשה לפי סעיף 4, ישמע בית המשפט את פקיד הסעד ואת האחראי לחוסה
ואת החוסה אם הוא מסוגל להבין בענין, ואם ראה טעם לבקשה, רשאי הוא ליתן כל הוראה
הנראית לו דרושה לשמירת שלומו הגופני והנפשי של החוסה.</p></content></point><point><heading><authorialNote placement="side"><p>סייג לכפיית טיפול</p></authorialNote></heading><num>6</num><content><p>
לא יורה בית המשפט על טיפול רפואי בניגוד לרצונו של חוסה בגיר, אלא אם היה
החוסה לקוי בשכלו או שהוא מתנגד לטיפול מטעמים לא סבירים.</p></content></point><point><heading><authorialNote placement="side"><p>העברת החוסה מרשות האחראי לו</p></authorialNote></heading><num>7</num><content><p>
ראה בית המשפט שאין דרך אחרת להבטיח שלומו הגופני או הנפשי של חוסה בגיר
אלא בהעברתו למעון או לבית-חולים, יורה לעשות כן לתקופה שלא תעלה על ששה חדשים
ובלבד שהעברה לבית חולים לחולי-נפש תיעשה לפי החוק לטיפול בחולי-נפש, תשט"ו-
1955 3.</p></content></point><point><heading><authorialNote placement="side"><p>שינוי החלטות</p></authorialNote></heading><num>8</num><content><p>
הוראה שניתנה לפי הסעיפים 5 עד 7 רשאי בית המשפט בכל עת, לפי בקשת החוסה,
האחראי לו, פקיד הסעד או כל אדם אחר שההוראה ניתנה לו, לשנותה, לקצר או להאריך
תקפה, לחדשה או לבטלה.</p></content></point><point><heading><authorialNote placement="side"><p>ערעור</p></authorialNote></heading><num>9</num><content><p>
החלטת בית המשפט לפי הסעיפים 5 עד 8 ניתנת לערעור לפני בית-משפט מחוזי,
והוא ידון בה בשופט אחד.</p></content></point><point><heading><authorialNote placement="side"><p>שמירת דינים אחרים</p></authorialNote></heading><num>10</num><content><p>
הסמכויות הנתונות לבית-המשפט לפי חוק זה באות להוסיף על סמכויותיו לפי כל דין
אחר ולא לגרוע מהן.</p></content></point><point><heading><authorialNote placement="side"><p>הוצאה לפועל</p></authorialNote></heading><num>11</num><content><p>
החלטות של בית המשפט לפי פרק זה יוצאו לפועל על-ידי פקיד סעד, אם לא הורה
בית המשפט על דרך אחרת; אולם לא ישתמש פקיד הסעד בכוח לביצוע החלטות בית-
המשפט, אלא באמצעות המשטרה.</p></content></point><point><heading><authorialNote placement="side"><p>סמכויות לפי חוק הסעד</p></authorialNote></heading><num>12</num><content><p>
פקיד סעד הפועל לפי פרק זה רשאי להשתמש בסמכויות לפי סעיף 3 לחוק הסעד
(סדרי דין בעניני קטינים, חולי נפש ונעדרים), תשט"ו-41955, אף שלא נצטווה על-ידי
בית-המשפט.</p></content></point><point><heading><authorialNote placement="side"><p>סודיות</p></authorialNote></heading><num>13</num><content><p>
פקיד סעד שהגיעה אליו ידיעה אגב חקירה ישמרנה בסוד ולא יגלנה אלא במידה שיש
צורך בכך לשם ביצוע חוק זה או חוק אחר והתקנות לפיהם.</p></content></point><point><heading><authorialNote placement="side"><p>עבירות ועונשין</p></authorialNote></heading><num>14</num><list><intro><p /></intro><subPoint><num>א</num><content><p> המפריע לפקיד סעד או לכל אדם אחר שהוטלה עליו חובה לפי פרק זה למלא
תפקידם, דינו - מאסר שלושה חדשים או קנס חמש מאות לירות.</p></content></subPoint><subPoint><num>ב</num><content><p> מי שלא קיים הוראת בית המשפט לפי פרק זה, דינו - מאסר שלושה חדשים או
קנס חמש מאות לירות, אולם בית המשפט רשאי להחליט שלא ישא הנאשם בעונשו, כולו
או מקצתו, אלא אם לא קיים החלטת בית המשפט תוך התקופה שיקבע.</p></content></subPoint></list></point></chapter><chapter><num>פרק ד':</num><title><content><p>ביצוע</p></content></title><point><heading><authorialNote placement="side"><p>ביצוע ותקנות</p></authorialNote></heading><num>15</num><content><p>
שר הסעד ממונה על ביצוע חוק זה ורשאי להתקין תקנות לביצועו, והוא ימנה לענין
חוק זה פקיד סעד ראשי ופקידי סעד.</p></content></point></chapter><signature><name>קדיש לוז</name><role>יושב ראש הכנסת</role></signature><signature><name>לוי אשכול</name><role>ראש הממשלה</role></signature><signature><name>יוסף בורג</name><role>שר הסעד</role></signature><dateOfAcceptance>28.07.1966</dateOfAcceptance></body>