<?xml version="1.0" encoding="UTF-8" ?>
<body><title><content><p>חוק חמרי נפץ (תיקון מס' 2), תשל"ו-1975 *</p></content></title><point><heading><authorialNote placement="side"><p>תיקון סעיף 8</p></authorialNote></heading><num>1</num><content><p>
בסעיף 8 לחוק חמרי נפץ, תשי"ד-1954 1 (להלן - החוק העיקרי)' אחרי "ולא יקנה
חומר נפץ" יבוא "ולא ישתמש בו".</p></content></point><point><heading><authorialNote placement="side"><p>תיקון סעיף 19</p></authorialNote></heading><num>2</num><list><intro><p>
בסעיף 19 לחוק העיקרי -
(1) בסעיף קטן (א)' במקום "או שעשה אותו דבר בניגוד לתנאי או סייג
שבהיתר" יבוא "או שהפר תנאי או סייג שבהיתר' או עבר על הוראות סעיף 5",
ובמקום "אלפיים" יבוא "חמישה עשר אלף";
(2) בסעיף קטן (ב) -</p></intro><subPoint><num>א</num><content><p> אחרי פסקה (4) יבוא:
"(5) עבר על הוראות סעיף 16;"</p></content></subPoint><subPoint><num>ב</num><content><p> בסיפה, במקום "אלף לירות" יבוא "חמשת אלפים לירות";
(3) בסעיף קטן (ג)' במקום "חמשת אלפים לירות" יבוא "שלושים וחמישה
אלף לירות".</p></content></subPoint></list></point><point><heading><authorialNote placement="side"><p>תיקון סעיף 22</p></authorialNote></heading><num>3</num><content><p>
בסעיף 22 (א) (1) לחוק העיקרי, אחרי "ייצור" יבוא "שימוש".</p></content></point><signature><name>אפרים קציר</name><role>נשיא המדינה</role></signature><signature><name>יצחק רבין</name><role>ראש הממשלה</role></signature><dateOfAcceptance>25.12.1975</dateOfAcceptance></body>