<?xml version="1.0" encoding="UTF-8" ?>
<body><title><content><p>חוק ההתגוננות האזרחית (תיקון מס' 2), תשכ"ט-1969 *</p></content></title><point><heading><authorialNote placement="side"><p>תיקון סעיף 1</p></authorialNote></heading><num>1</num><content><p>
בסעיף 1 לחוק ההתגוננות האזרחית, תשי"א-11951 (להלן - החוק העיקרי) -
(1) במקום הגדרת "התגוננות אזרחית" יבוא:
""התגוננות אזרחית" - האמצעים הנקוטים לשם התגוננות מפני כל
התקפה או סכנת התקפה על האוכלוסיה האזרחית או לשם צמצום
תוצאותיה של התקפה כזאת, להוציא אמצעי לחימה שלא להגנה
עצמית?"
(2) במקום הגדרת "רשות מקומית" יבוא;
""רשות מקומית" - עיריה או מועצה מקומית, ובמקום שאין אלה -
תאגיד או יחיד הממלאים בו למעשה תפקידים של שלטון מקומי;"
(3) בסופו יבוא:
""חייל" _ כמשמעותו בחוק השיפוט הצבאי, תשט"ו-21955".</p></content></point><point><heading><authorialNote placement="side"><p>תיקון מטיף 6</p></authorialNote></heading><num>2</num><content><p>
בסעיף 6 לחוק העיקרי, בסעיף קטן (ב), בפסקה (2), בסופה יבוא:
"אולם במחוז שהוא חלק של פיקוד הגא כאמור בסעיף 6א יבוא במקום
כל אלה נציג שר הפנים בלבד שיתמנה על ידיו מבין עובדי משרדו."</p></content></point><point><heading><authorialNote placement="side"><p>הוספת סעיף 6א</p></authorialNote></heading><num>3</num><list><intro><p>
סעיף 6א לחוק העיקרי יסומן "6ב", ואחרי סעיף 6 לחוק העיקרי יבוא:
''פיקוד הגא 6א. (א) ראש הגא רשאי להורות כי שני מחוזות הגא או יותר יהיו
פיקוד הגא, ומשעשה כן, ימנה קצין בצבא-הגנה לישראל להיות מפקד
הגא פיקודי.</p></intro><subPoint><num>ב</num><content><p> למפקד הגא פיקודי יהיו לגבי מחוזות הגא שבפיקודו התפ-
קידים והסמכויות של מפקד הגא מחוזי, כולם או מקצתם, ותפקידים
נוספים, הכל כפי שיורה ראש הגא.</p></content></subPoint><subPoint><num>ג</num><content><p> בכל פיקוד הגא תוקם מועצה פיקודית של הגא שתפעל כגוף
מייעץ על יד מפקד הגא פיקודי ותהא מורכבת מחברים אלה:
(1) מפקד הגא פיקודי, שיהיה יושב ראש המועצה;
(2) מפקדי הגא המחוזיים שבפיקוד;
(3) נציגים של שר הבריאות, שר החינוך והתרבות, שר
המשטרה, שר הסעד, שר העבודה, שר הפנים ושר התחבורה-
נציג אחד לכל שר והוא יתמנה על ידיו מבין עובדי משרדו;
(4) נציגי רשויות מקומיות בפיקוד, ושר הפנים יקבע אותן
ואת מספר נציגיהן;
(5) נציג אחד של סניף מגן דוד אדום בישראל אשר בפי-
קוד, והוא יתמנה על ידי יושב ראש הועד הפועל של מגן
דוד אדום בישראל;
(6) נציג אחד של רשויות הכבאות אשר בפיקוד, והוא
יתמנה על ידי מפקח הכבאות הראשי;
עמ' 229.
1 ס''ח תשי"א, עמ' 78; ס"ח תשכ''ד, עמי 126.
תיקון סעיף 6ב
(7) נציגה אחת של ארגון נשים בפיקוד, והיא תתמנה על
ידי שר הפנים בהמלצת ארגון ארצי של ארגוני נשים, שהוא
לדעת השר יציג ונוגע בדבר.</p></content></subPoint><subPoint><num>ד</num><content><p> מפקד הגא פיקודי רשאי, באישור המועצה הפיקודית, להטיל
על חבר המועצה כל תפקיד הנוגע לשיתוף הציבור ומוסדותיו בהתגוננות
האזרחית או להדרכתם, להכוונתם ולתיאום פעולתם של ארגוני העזר
שבפיקוד, ובלבד שהתפקידים שיוטלו על חבר פלוני לא יחרגו מתחום
הפעולות של השר או של הגוף שהוא מייצגו."
4 . בסעיף 6ב לחוק העיקרי, אחרי המלים "המועצה הארצית" בכל מקום שהן יבוא
"המועצה הפיקודית".</p></content></subPoint></list></point><point><heading><authorialNote placement="side"><p>החלפת סעיף 7</p></authorialNote></heading><num>5</num><content><p>
במקום סעיף 7 לחוק העיקרי יבוא:</p></content></point><point><heading><authorialNote placement="side"><p>"תפקידים נדרשים בהגא</p></authorialNote></heading><num>7</num><content><p>
שר הבטחון רשאי להכריז על תפקיד פלוני בהגא כעל תפקיד נדרש
בהגא, וכן רשאי הוא, באישור ועדת החוץ והבטחון של הכנסת, להכריז
על תפקיד נדרש בהגא כעל תפקיד נדרש חיוני."</p></content></point><point><heading><authorialNote placement="side"><p>תיקון סעיף 7א</p></authorialNote></heading><num>6</num><content><p>
בסעיף 7א לחוק העיקרי -
(1) בסעיף קטן (ב), במקום "ולפי התנאים שנקבעו בו" יבוא "או קצין
שהמפקד הסמיכו לכך ולפי התנאים שנקבעו בצו", ובמקום הסיפה המתחילה
במלים "ובלבד שבתקופה שאינה תקופת קרבות" יבוא "ובלבד שבתקופה שאינה
תקופת קרבות -
(1) לא ייקרא אדם לפי סעיף זה לשירות שנתי או חדשי באחד מימי
מנוחתו כמשמעותם בפקודת סדרי השלטון והמשפט, תש"ח-31948;
(2) לא ייקרא אדם לשירות חדשי לזמן שלמעלה משלוש שעות לחודש
ולשירות שנתי לזמן שלמעלה משלושה ימים לשנה.";
(2) אחרי סעיף קטן (ב) יבוא סעיף קטן זה:
"(בב) בעל תפקיד נדרש שניתנה לו הודעת הצבה ימסור לרשות
ובמועד שנקבעו בתקנות הודעה בכתב על שמו, גילו, משלח ידו, נסענו
המקצועי המעשי, מענו, מקום עסקיו או עבודתו ומצבו המשפחתי, וכן
ימסור הודעה בכתב כאמור על כל שינוי שחל בפרטים אלה, על יציאתו
לחוץ-לארץ העולה לפי המשוער על חודש ימים ועל שובו .":
(3) אחרי סעיף קטן (ד) יבוא:
"(ה) בסעיף זה, "קצין" - לרבות בעל דרגת קצונה של הגא."</p></content></point><point><heading><authorialNote placement="side"><p>תיקון סעיף 7ב</p></authorialNote></heading><num>7</num><content><p>
בסעיף 7ב לחוק העיקרי, אחרי סעיף קטן (ב) יבוא:
"(ג) על אף האמור בסעיף קטן (ב) מותר יהיה להציב אדם למלא
תפקיד נדרש חיוני, לקרוא לו למלא תפקיד כאמור או לקרוא לו ליטול
חלק בתמרו,ני הגא, אף מחוץ לתחום הרשות המקומית שבו הוא גר או
עובד, ובלבד שלא יוצב או ייקרא כך מחוץ לתחום מחוז הגא שבו הוא
גר או עובד."</p></content></point><point><heading><authorialNote placement="side"><p>הוספת סעיף 7ה</p></authorialNote></heading><num>8</num><content><p>
אחרי סעיף 7ד לחוק העיקרי יבוא:</p></content></point><point><heading><authorialNote placement="side"><p>"תשלום בתקופת קרבות</p></authorialNote></heading><num>7</num><list><intro><p>
ה. (א) הממלא תפקיד נדרש לפי סעיף 7א, או מי שהוא חבר ארגון
עזר ואינו זכאי לשכר מהארגון, וממלא על פי הוראות מפקד הגא מחוזי
תפקיד בתחום ההתגוננות האזרחית, זכאי בתקופת קרבות, בעד כל יום
שבו מילא תפקיד כאמור, לתשלום מאוצר המדינה, כפי שנקבע אותה שעה
בצו לפי סעיף 3 (ב) לחוק שירות מילואים (תגמולים), תשי"ט-1959
ננוסח משולב] 4, למשרת בשירות חירום: אולם אם שולמה לו בעד אותו
יום על ידי מעבידו תמורה כל שהיא המשתלמת בעד עבודה, רשאי
המעביד לנכות סכום השווה למה ששולם בעד אותו יום מאוצר המדינה
מכל תשלום המגיע מהמעביד לאותו אדם בעד עבודתו או בקשר אליה.</p></intro><subPoint><num>ב</num><content><p> שר הבטחון רשאי לתאם, לענין סעיף זה, את סולם הדרגות
בהגא ובארגון העזר לסולם הדרגות בצבא-הגנה לישראל."</p></content></subPoint></list></point><point><heading><authorialNote placement="side"><p>תיקון סעיף 8</p></authorialNote></heading><num>9</num><content><p>
בסעיף 8 (א) לחוק העיקרי, אחרי פסקה (3) יבוא:
"(4) מי שהתנדב לשירות מילואים ונשלח להגא על מנת
לשרת בו;
(5) מי שנשלח להגא על מנת לשרת בו והוא נמנה עם
הכוחות הסדירים של צבא-הגנה לישראל, אם על פי חוק
שירות בטחון, תשי"ט-1959 ננוסח משולב] 5, ואם על פי
התנדבות, בין בהתחייבות לשירות קבע ובין בדרך אחרת."</p></content></point><point><heading><authorialNote placement="side"><p>תיקון סעיף 10</p></authorialNote></heading><num>10</num><content><p>
בסעיף 10 לחוק העיקרי -
(1) בסעיף קטן (ב), במקום "אחוז" יבוא "סכום";
(2) בסעיף קטן (ה) יימחקו המלים "בהתייעצות עם המועצה הארצית".</p></content></point><point><heading><authorialNote placement="side"><p>הוספת סעיף 10א</p></authorialNote></heading><num>11</num><content><p>
אחרי סעיף 10 לחוק העיקרי יבוא:</p></content></point><point><heading><authorialNote placement="side"><p>"תקציב הגא מקומי</p></authorialNote></heading><num>10</num><list><intro><p>
א. (א) בנוסף לסכום השתתפותה בתקציב הגא לפי סעיף 10, תכלול
רשות מקומית בתקציבה סכום לכיסוי ההוצאות של צרכי ההתגוננות
האזרחית בתחומה (בסעיף זה - תקציב הגא מקומי) שיקבע מדי שנה
שר הפנים לפי הצעת ראש הגא, בשים לב ככל האפשר לצרכי ההתגו-
ננות האזרחית של הרשות המקומית ולאפשרויותיה הכספיות לשאת
באותו סכום; הרכב סעיפי תקציב הגא מקומי תקבע הרשות המקומית
לפי הנחיות מפקד הגא מחוזי.</p></intro><subPoint><num>ב</num><content><p> לא הוציאה הרשות המקומית עד סוף שנת התקציב את סכומי
תקציב הגא המקומי, כולם או מקצתם, בהתאם להוראות שבתקציב,
רשאי שר הפנים להורות כי סכום התקציב שלא הוצא כאמור יירשם
בפנקסיה, כולו או מקצתו, כחוב המגיע להגא, ואם החוב לא שולם תוך
חדשיים מיום מתן ההוראה על רישומו - להורות על תשלומו לידי הגא.</p></content></subPoint><subPoint><num>ג</num><content><p> גבתה הגא את החוב, חייבת היא להשתמש בכספי החוב לצרכי
ההתגוננות האזרחית של הרשות המקומית שממנה נגבו.</p></content></subPoint><subPoint><num>ד</num><content><p> רשות מקומית תמסור למפקד הגא מחוזי על פי דרישתו
ידיעות על מידת הביצוע של תקציב הגא מקומי,"</p></content></subPoint></list></point><point><heading><authorialNote placement="side"><p>תיקון סעיף 11</p></authorialNote></heading><num>12</num><content><p>
בסעיף 11 לחוק העיקרי -
(1) במקום הגדרת "בעל בית" יבוא:
""בעל'/ לגבי בית או מקום אחר - המקבל או הזכאי לקבל הכנסה
מהמקום, או שהיה מקבלה אילו המקום היה נותן הכנסה, בין בזכותו הוא
ובין כבא-כוח או כנאמן, בין שהוא הבעל הרשום ובין שאיננו הבעל
הרשום, ולגבי מקום שתקופת השכירות הקבועה בחוזה השכירות היא
עשרים וחמש שנה או יותר - שוכרו של המקום?"
(2) בהגדרת "רשות מוסמכת", בסופה יבוא "או לענין כל הוראה שבו";
(3) בהגדרת "מקלט" תימחק הסיפה החל מן המלים "ובלבד שלא תאושר
תכנית כאמור".</p></content></point><point><heading><authorialNote placement="side"><p>הוספת סעיף 311</p></authorialNote></heading><num>13</num><content><p>
אחרי סעיף 11א לחוק העיקרי יבוא:</p></content></point><point><heading><authorialNote placement="side"><p>"מפרטים למקלט</p></authorialNote></heading><num>11</num><content><p>
ב. לא תאשר רשות מוסמכת תכנית להתקנת מקלט או להגדלתו אלא
אם התכנית מתאימה למפרטים הטכניים ולמפרטים אחרים שנקבעו בת-
קנות דרך כלל, לסוג מקלטים או למקלט מסרים-, תקנות לפי סעיף זה
אינן טעונות פרסום ברשומות אלא יובאו לידיעת הנוגעים בדבר בדרך
שיורה עליה שר הבטחון."</p></content></point><point><heading><authorialNote placement="side"><p>תיקון סעיף 13</p></authorialNote></heading><num>14</num><content><p>
בסעיף 13 לחוק העיקרי -
(1) במקום סעיף קטן (א) יבוא:
"(א) היתה רשות מקומית סבורה שמקום מסויים, כולו או מקצתו,
ראוי לשמש מחסה ציבורי, או יהיה ראוי לכך אחרי שיושלמו בו פעולות
בניה או פיתוח, רשאית הרשות המקומית להמציא הודעה בכתב לבעל
המקום ולמחזיק בו, כי בדעתה להועיד אותו מקום למחסה ציבורי (בסעיף
זה - הודעה); אם לדעת הרשות המקומית דרושים תיקונים ושינויים
במקום, כדי שיהיה ראוי לשמש מחסה ציבורי, תפרט ההודעה את תכנית
השינויים והתיקונים שהיא תעשה, ואלה ייעשו על חשבונה; כן תישא
הרשות המקומית בכל ההוצאות הנוספות שייגרמו בשל התאמת המקום
למחסה ציבורי.";
(2) בסעיף קטן (ה), במקום "לא יעשה המחזיק בו" יבוא "לא יעשה בעל
המקום או המחזיק בו";
(3) במקום סעיף קטן (ו) יבוא:
"(ו) הומצאה הודעה כאמור בסעיף זה ולא הוגש ערר עליה,
או הוגש ערר עליה אך היא אושרה בערר, יהיה המקום שאליו מתייחסת
ההודעה - מקום שנועד למחסה ציבורי.";
(4) בסעיף קטן (ז), במקום פסקה (1) יבוא:
"(1) להרשות למי שהרשות המקומית או ראש הגא הסמיכוהו
לכך לעשות במקום את התיקונים והשינויים הדרושים במידה
שפורטו בהודעה, ואם שונו בערר - במידה ששונו;".</p></content></point><point><heading><authorialNote placement="side"><p>הוספת סעיף 13א</p></authorialNote></heading><num>15</num><content><p>
אחרי סעיף 13 לחוק העיקרי יבוא:</p></content></point><point><heading><authorialNote placement="side"><p>"סמכות ראש הגא להועיד מקום למחסה ציבורי</p></authorialNote></heading><num>13</num><content><p>
א. (א) ראש הגא רשאי להורות לרשות מקומית שתמסור, לגבי
מקום פלוני הראוי לדעתו לשמש מחסה ציבורי, הודעה כאמור בסעיף</p></content></point><point><heading><authorialNote placement="side"><p>תיקון סעיף 14</p></authorialNote></heading><num>13</num><list><intro><p /></intro><subPoint><num>א</num><content><p>, ושתעשה באותו מקום את השינויים והתיקונים שיפרט והדרושים
להכשרתו כמחסה ציבורי; לא קיימה הרשות המקומית את ההוראה תוך
הזמן שנקבע בה, רשאי ראש הגא בעצמו ובמקומה של הרשות המקומית
למסור את ההודעה כאמור, ומשעשה כן, חייבת הרשות המקומית לעשות
באותו מקום את השינויים והתיקונים שפורטו בהודעת ראש הגא.</p></content></subPoint><subPoint><num>ב</num><content><p> לא עשתה הרשות המקומית תוך זמן סביר את התיקונים
והשינויים כאמור, רשאי ראש הגא להורות על עשייתם? הוצאותיהם
יהיו חוב המגיע להגא מהרשות המקומית, וסעיף 10א (ב) יחול עליהן.</p></content></subPoint><subPoint><num>ג</num><content><p> נמסרה הודעה על ידי ראש הגא כי בדעתו להועיד מקום
מסויים כמחסה ציבורי, יחול על ההודעה סעיף 13 כאילו היתה הודעה לפי
אותו סעיף.</p></content></subPoint><subPoint><num>ד</num><content><p> סעיף זה אינו גורע מסמכויות הרשות המקומית לפי סעיף
13."
16, כסעיף 14 לחוק העיקרי -
(1) במקום סעיף קטן (ג) יבוא:
"(ג) לא יינתן היתר על פי שום חוק הדן בתכנון ובבניה להקמת
בית או מבנה שהוא כולו או בעיקרו מפעל, או להקמת תוספת להם, אלא
אם -
(1) תכנית הבניה שעליה יינתן ההיתר כוללת התקנת מקלט
לבית, למבנה או לתוספת להם, או שתכנית התוספת להם
כוללת הגדלת המקלט הקיים כפי שהרשות המוסמכת אישרה
אותה, או שניתן, לפי סעיף זה, פטור מחובת הקמת המקלט
או הגדלתו;
(2) בבית או במפעל הנמנים עם סוגים שנקבעו בתקנות -
אישרה הרשות המוסמכת שמבנה חדר המדרגות, ואם לפי
התכנית יהיה בהם מעבר אחר המוליך למקלט - גם המבנה
של אותו מעבר, מתאימים למפרטים הטכניים והאחרים
שנקבעו בתקנות כאמור;
כללה התכנית התקנת מקלט או הגדלתו, ייקבע בתנאי ההיתר
שאין להשתמש במקלט ללא רשיון הרשות המוסמכת אלא
כמחסה בשעת התקפה.";
(2) בסעיף קטן (ז), אחרי פסקה (2) יבוא:
"(3) לפטור בעל בית או בעל מפעל, המקים בבית או במפעל
תוספת מבנה, מהחובה להתקין מקלט או להגדיל את המקלט
הקיים, כאמור בסעיף קטן (ג), אם הוכח להנחת דעתה, שתנאי
המקום או נסיבות אחרות מרשים זאת, ובין השאר - שבאותו
בית או מפעל, או סמוך להם, יש מקלט שיוכל לשמש מחסה
גם למחזיקים של תוספת המבנה, לעובדים בה ולרגילים
לבקר בה, ושתהיה להם גישה נוחה אל המקלט.";
(3) אחרי סעיף קטן (יא) יבוא:
"(יב)ראש הגא רשאי להורות לרשות מקומית להשתמש בסמכות
מסמכויותיה לפי סעיפים קטנים (ד), (ה) ו-(ו) בדבר התקנתו והחזקתו של
תיקון סעיף 14ב
מקלט על ידי בעל בית או בעל מפעל פלוניים? לא קיימה הרשות המקומית
את ההוראה תוך הזמן שבקבע בה, רשאית רשות מוסמכת להשתמש לצרכי
ביצוע ההוראה באותה סמכות במקומה של הרשות המקומית."
17. האמור בסעיף 14ב לחוק העיקרי יסומן "(א)", בשורה השלישית שבו במקום "בהם"
יבוא "בהן", ואחריו יבוא:
"(כ) הוראות שר הבטחון על פי תקנות לפי סעיף קטן (א) וקריאה
לחפירת תעלות כאמור בו אינן טעונות פרסום ברשומות, ובלבד שיובאו
לידיעת הנוגעים בדבר בכל דרך של פרסום הנראית למפקד הגא מחוזי."</p></content></subPoint></list></point><point><heading><authorialNote placement="side"><p>תיקון סעיף 15</p></authorialNote></heading><num>18</num><list><intro><p>
בסעיף 15 לחוק העיקרי יסומנו סעיפים קטנים (ב) עד (ד) כסדרם (ה) עד (ז), ואחרי
סעיף קטן (א) יבוא:
"(ב) מקום שנועד לשמש מקלט על פי כל חיקוק לא יעמידנו אדם
ללא רשיון הרשות המוסמכת לרשותו של אחר, בדרך של מכירה,
שכירות או הרשאה או בכל דרך אחרת, אם הוא יודע או יכול לדעת
בנסיבות הענין שהמקום ישמש בידי האחר שלא על מנת לחסות בו בשעת
התקפה בלבד, אלא אם כן השימוש האחר הותר על ידי הרשות המוסמכת
לפי סעיף זה.</p></intro><subPoint><num>ג</num><content><p> תהא זו הגנה טובה לאדם הנאשם בעבירה על סעיף קטן (ב),
אם יוכיח שערך מסמך בכתב על העסקה שמכוחה הועמד המקום לרשותו
של אחר, שפירש בו כי המקום נועד לשמש למקלט וכי כל שימוש אחר
בו אסור זולת על פי רשיון הרשות המוסמכת ושהמסמך או כפל ממנו
נמסר לאדם האחר לפני שהמקום הועמד לרשותו.</p></content></subPoint><subPoint><num>ד</num><content><p> הסכם להעמיד מקלט לרשותו של אחר בניגוד לאיסור שב-
סעיף קטן (ב) - בטל, וכל צד להסכם חייב להחזיר את מה שקיבל מכוח
ההסכם, או אם לא ניתן להחזירו בעין, את שוויו; אולם אם היה אותו
הסכם חלק בלבד של עסקה, רשאי בית המשפט, אם ראה שהחלקים
האחרים של העסקה ניתנים להפרדה, לקיים את החלקים של העסקה
שאין בהם הפרת האיסור שבסעיף קטן (ב), הכל בתנאים שבית המשפט
יראה לצודק בנסיבות הענין."</p></content></subPoint></list></point><point><heading><authorialNote placement="side"><p>הוספת סעיף 19א</p></authorialNote></heading><num>19</num><content><p>
אחרי סעיף 19 לחוק העיקרי יבוא:</p></content></point><point><heading><authorialNote placement="side"><p>"ציוד במחסה ציבורי ובמקלט</p></authorialNote></heading><num>19</num><list><intro><p>
א. (א) שר הבטחון רשאי, בתקנות, באישור ועדת החוץ והבטחון של
הכנסת, להטיל חובה על מחזיקי מחסים ציבוריים ובעלי מקלטים לציידם
בציוד, להחזיק את הציוד במצב ראוי לשימוש ולהתקין שילוט מתאים
לפני הכניסה למחסה הציבורי או למקלט ולהחזיקו במצב תקין, ורשאי
הוא לקבוע את צורת השילוט ומקומו.</p></intro><subPoint><num>ב</num><content><p> הוצאות הפעולות על פי סעיף זה במקלט ציבורי ובמחסה
ציבורי יחולו על הרשות המקומית: הוצאות כאמור שהוציא המחזיק
במחסה ציבורי ניתנות גם לקיזוז עם כל חוב המגיע ממנו לרשות המקומית.</p></content></subPoint><subPoint><num>ג</num><content><p> מחזיק במחסה ציבורי חב, לגבי הציוד והשילוט שבו, חבות
של שומר חינם.</p></content></subPoint><subPoint><num>ד</num><content><p> במקלט שאינו מקלט ציבורי ישתתפו בהוצאות רכישת הציוד
לפי סעיף זה בעל הבית ודיירי הבית שאותם משמש המקלט, כאילו
הוצאו אותה שעה להתקנת המקלט, וסעיפים 20 עד 20ה יחולו על רכישת
הציוד כאילו היתה עבודה נדרשת כאמור בסעיף 20 :זכויות הקנין בציוד
יהיו כזכויות הקנין במקלט.</p></content></subPoint><subPoint><num>ה</num><content><p> בהוצאות החזקת הציוד במקלט שאינו מקלט ציבורי ישתתפו
הדיירים של הבית שאותם משמש המקלט בשיעור יחסי כיחס מספר
החדרים שברשות כל דייר לכלל מספר החדרים בבית.
(0 דין הוצאות הפעולות על פי סעיף זה שהיו במקלט שאינו
מקלט ציבורי והנמצא בבית משותף כמשמעותו בחוק בתים משותפים,
תשכ"א-1961 ננוסח משולב] 6, כדין הוצאות שסעיף 42 של אותו חוק חל
עליהן."
20. הפרק הרביעי לחוק העיקרי יסומן פרק חמישי, בכותרתו במקום "איפול והגנה על
שמשות" יבוא "מצב הכן בהתגוננות האזרחית", ולפניו יבוא:
הוספת פרק
והחלפת כותרת
של פרק</p></content></subPoint></list></point><chapter><num>"פרק רביעי-ציוד</num><title><content><p>ואימוני עוברים במפעלים</p></content></title><point><heading><authorialNote placement="side"><p>סמכות לחייב באימוני עובדים של מפעלים ובציודם</p></authorialNote></heading><num>20</num><content><p>
ז. שר הבטחון רשאי בתקנות -
(1) לחייב בעלי מפעלים להחזיק ולהתקין ציוד לצרכי
ההתגוננות האזרחית ולאמן ולצייד את עובדיהם לצרכים
כאמור, ובמספר מפעלים שבמבנה אחד - גם להועיד את
הציוד והאימונים לשרת את כלל המפעלים האלה או חלק
מהם ואת עובדיהם, הכל בהתחשב במספר העובדים ובסוגי
המפעלים;
(2) להסמיך רשות לקבוע, בהוראה כללית, מסוייגת או
למפעל מסויים, את פרטי הציוד וסוגיו שיחול עליהם חיוב
לפי פסקה (1);
(3) לחייב עובדים של מפעלים שבעליהם חייבים לאמנם
לפי פסקה (1), לקיים, לענין האימונים, את הוראותיו של
מפקד הגא מחוזי ובכפוף להוראות אלה - את הוראות בעלי
המפעלים?
(4) לחייב עובדים שסיימו אימונים לפי סעיף זה להדריך
עובדים אחרים של מפעלם ושל מפעלים אחרים שבאותו
מבנה:
(5) בציוד או באימונים שנועדו לפי פסקה (1) לשרת מספר
מפעלים שבאותו מבנה - לקבוע את חובת ההשתתפות של
כל אחד מבעלי המפעלים בהוצאות הציוד והאימונים, לרבות
ההדרכה, את מידת ההשתתפות בהוצאות אלה, ואת זכויות
הקנין של אותם בעלי המפעלים בציוד כאמור, הכל בכפוף
לאמור בסעיף 20ח;
(6) לענין תקנות לפי סעיף זה, כולן או מקצתן, לקבוע
מה הוא מפעל ואת מי יש לראות כבעל מפעל וכעובד במפעל?
(7) בהסכמת שר המשפטים, לקבוע דרכים לבירור חילוקי
דעות בדבר שיעור ההשתתפות בהוצאות וזכויות הקנין בציוד</p></content></point><point><heading><authorialNote placement="side"><p>דין האימונים כדין עבודה</p></authorialNote></heading><num>20</num><content><p>
ט. דין האימונים של עובד לפי פרק זה, לרבות הדרכה, לכל דבר כדין
עבודה במפעל שבו הוא עובד.</p></content></point><point><heading><authorialNote placement="side"><p>דין המדינה כמעביד</p></authorialNote></heading><num>20</num><content><p>
י. תקנות לפי פרק זה יחייבו גם את המדינה כמעביד."</p></content></point><point><heading><authorialNote placement="side"><p>תיקון סעיף 21</p></authorialNote></heading><num>21</num><content><p>
בסעיף 21 לחוק העיקרי -
(0 בסעיף קטן (א), בסופו יבוא "ההכרזה יכול שתהא לשטח המדינה כולה,
או לגבי חלק ממנה או לגבי מקום מסויים."?
(2) בסעיף קטן (ב), אחרי פסקה (3) יבוא:
"(4) הרשיונות לפי סעיף 15(א) המקנים זכות שימוש במקלט
למטרה אחרת מאשר לחסות בו בשעת התקפה - בטלים:
(5) על המחזיק במקלט לפנותו מיד מן המיטלטלין שבו,
למעט הציוד שהוא חייב להחזיקו במקלט לפי דיני ההתגו-
ננות האזרחית?</p></content></point><point><heading><authorialNote placement="side"><p>הוספת סעיפים 21א ו-21ב</p></authorialNote></heading><num>22</num><content><p>
אחרי סעיף 21 לחוק העיקרי יבוא:</p></content></point><point><heading><authorialNote placement="side"><p>"פינוי מיטלטלין</p></authorialNote></heading><num>21</num><content><p>
א. מיטלטלין שפונו ממקלט או ממחסה ציבורי לפי סעיף 21, ינהגו
בהם כך :
(1) היו בעלי המיטלטלין או מי שנראה מוסמך לפעול בשם
הבעלים נוכחים בזמן הפינוי - יימסרו המיטלטלין לידיהם:
(2) לא היו נוכחים, יוחסנו המיטלטלין על חשבון הבעלים
במקום שקבע אותו ראש הגא או מפקד הגא מחוזי, אולם אם
היו המיטלטלין פסידים, רעילים או מסוכנים מבחינה אחרת,
ינהג בהם מבצע הפינוי בדרך הנראית לו בנסיבות הענין
כמתאימה ביותר למניעת נזק לבעליהם או להקטנתו, לרבות
מכירתם:
(3) על נקיטת אמצעי הטיפול במיטלטלין שפונו, כאמור
בסעיף זה, תומצא הודעה לבעליהם? הודעה על החסנתם
תפרש גם את הסמכות למכור אותם כאמור בסעיף זה:
(4) מיטלטלין שהוחסנו לפי סעיף זה ולא פונו על ידי
בעליהם ממקום החסנתם תוך שלושים יום מיום המצאת
ההודעה על ההחסנה, מותר למכרם על פי הוראות ראש הגא
או מפקד הגא מחוזי;
(5) כדי להסיר ספק נאמר בזה שמיטלטלין שנמכרו לפי
סעיף זה יעמדו לקנין הקונה כשהם נקיים מכל משכון, שעבוד
ועיקול שהיו רובצים עליהם ערב המכירה, ולאחר שהוצאות
ההחסנה, ההודעה והמכירה ינוכו מדמי המכר, יחולו המשכון,
השעבוד או העיקול על דמי המכר, והעודף ישולם לבעלי
המיטלטלין על פי דרישתם?
(6) הודעה על החסנה לפי סעיף זה שהומצאה באחת הדרכים
האמורות בסעיף 23 (ג), רואים אותה בכל מקרה, ועל אף</p></content></point><point><heading><authorialNote placement="side"><p>הוספת פרקים ששי ושביעי</p></authorialNote></heading><num>23</num><content><p>
הפרק החמישי לחוק העיקרי יסומן פרק שמיני ולפניו יבוא?</p></content></point></chapter><chapter><num>"פרק ששי</num><title><content><p>-חמרים רעילים</p></content></title><point><heading><authorialNote placement="side"><p>הכרזה על חמרים רעילים</p></authorialNote></heading><num>22</num><content><p>
א. ראה שר הבטחון כי יש בפיזורו של חומר מסויים כדי לסכן חיי
אדם או בריאותו או לגרום נזק לרכוש, רשאי הוא, בצו, להכריז על
אותו חומר כעל חומר רעיל לענין חוק זה.</p></content></point><point><heading><authorialNote placement="side"><p>פיקוח על החזקה</p></authorialNote></heading><num>22</num><content><p>
ב. (א) שר הבטחון רשאי בתקנות לקבוע הוראות בדבר -
(1) הטלת חובה על המחזיקים חמרים רעילים למסור עליהם
את הפרטים שיקבע, לרבות פרטים על אריזתם של התמרים
הרעילים, על המבנה שבו הם מוחזקים ועל הסביבה שבה מצוי
המבנה, וכן בדבר התנאים והסייגים למסירת הפרטים, הדר-
כים והמועדים למסירתם והרשות שלה יימסרו:
(2) הסמכת רשות לצוות על מי שמסר פרטים על חומר
רעיל לפי פסקה (1) או החייב במסירתם על פיה לנקוט באמ-
צעים שיפורטו בצו של הרשות ושיש בהם, לדעת הרשות,
כדי למנוע בתקופת קרבות סכנה לחיי אדם או לבריאותו או
פגיעה ברכוש אגב החזקתו בחומר הרעיל, לרבות העברתו
למבנה מסוג אחר או למקום אחר, וכן בדבר אצילת סמכותה
האמורה של הרשות;
(3) הסמכת רשות לבצע צו לפי פסקה (2) בשעת התקפה או
בשעה שעומדת בתקפה, במקום הימצאם של התמרים הרעילים,
הכרזה על מצב הכן בהתגוננות האזרחית לפי חוק זה, בין
שהצו ניתן לפני ההכרזה או תחילת ההתקפה ובין שניתן לאחר
מכן, וזאת במקומו של מי שניתן לו הצו ועל חשבונו, בדבר
התנאים, הסייגים והדרכים לביצוע צו כאמור על ידי הרשות,
לרבות מכירת החומר הרעיל והשמדתו וסגירת המפעל וכן
בדבר אצילת סמכותה האמורה של הרשות;</p></content></point><point><heading><authorialNote placement="side"><p>דין מכירות</p></authorialNote></heading><num>22</num><content><p>
ד. על מכירות חמרים רעילים לפי פרק זה יחול סעיף 21א (5), בשינויים
המחוייבים.</p></content></point></chapter><chapter><num>פרק שביעי-ציוד</num><title><content><p>אישי</p></content></title><point><heading><authorialNote placement="side"><p>הטלת היטל</p></authorialNote></heading><num>22</num><content><p>
ה. שר הבטחון, בהסכמת שר העבודה ובאישור ועדת החוץ והבטחון
וועדת הכספים של הכנסת, רשאי בתקנות להטיל היטל המיועד לרכישת
ציוד אישי לצרכי התגוננות אזרחית (להלן - ההיטל).</p></content></point><point><heading><authorialNote placement="side"><p>החייבים בהיטל והזכאים לקבלת ציוד</p></authorialNote></heading><num>22</num><content><p>
ו. תקנות לפי סעיף 22ה יפרטו -
(1) את סוגי בני אדם מבין המבוטחים ביטוח זקנה וחיים
לפי חוק הביטוח הלאומי ננוסח משולב], תשכ"ח-81968,
שעליהם יוטל ההיטל, שיעורו ומועד תשלומו;
(2) את סוגי בני אדם הזכאים לקבל, ללא תשלום, ציוד
אישי לצרכי התגוננות אזרחית:
(3) את סוגי הציוד שיינתנו ללא תשלום כאמור.</p></content></point><point><heading><authorialNote placement="side"><p>גביה על ידי המוסד לביטוח לאומי</p></authorialNote></heading><num>22</num><content><p>
ז. ההיטל ייגבה על ידי המוסד לביטוח הלאומי ויועבר על ידיו לאוצר
המדינה, בניכוי ההוצאות המינהלתיות שהוציא לגבייתו; שר הבטחון
ושר העבודה יקבעו בצו את שיעור הוצאות אלה.</p></content></point><point><heading><authorialNote placement="side"><p>ההיטל-תוספת לדמי ביטוח</p></authorialNote></heading><num>22</num><content><p>
ח. ההיטל ייגבה כתוספת לדמי ביטוח זקנה וחיים לפי חוק הביטוח
הלאומי ננוסח משולב], תשכ"ח-1968, ממי שחייב באותם דמי ביטוח,
וכל ההוראות על דמי ביטוח זקנה וחיים שבאותו חוק יחולו גם על ההיטל,
בשינויים המחוייבים ובאין הוראה אחרת בפרק זה או על פיו: אולם על
אף האמור באותו חוק רשאי מעביד לנכות משכר עובדו את מלוא ההיטל
ששילם בעדו.</p></content></point><point><heading><authorialNote placement="side"><p>חלוקת ציוד וטיפול בו</p></authorialNote></heading><num>22</num><content><p>
ט. לענין ציוד הניתן ללא תשלום לפי חוק זה רשאי שר הבטחון לקבוע
בתקנות את -</p></content></point><point><heading><authorialNote placement="side"><p>ציוד שנרכש בתשלום ו</p></authorialNote></heading><num>22</num><content><p>
יא. שר הבטחון, באישור ועדת החוץ והבטחון של הכנסת, רשאי בתקנות
להטיל חובה, דרך כלל או על סוג בני אדם, להצטייד על חשבונם בציוד
אישי לצרכי התגוננות אזרחית למעט ציוד הניתן ללא תשלום לפי פרק
וה - בשביל החייבים עצמם ובשביל הקטינים הגרים עמם, וכן להורות
בדבר קביעת המועד והנסיבות שבהם יש לשאת את הציוד, להתקינו או
להשתמש בו בכל דרך אחרת."</p></content></point><point><heading><authorialNote placement="side"><p>הוספת סעיף 23א</p></authorialNote></heading><num>24</num><content><p>
אחרי סעיף 23 לחוק העיקרי יבוא:</p></content></point><point><heading><authorialNote placement="side"><p>"ניכוי חוב הרשות המקומית מסכומים המגיעים מהאוצר ו 1</p></authorialNote></heading><num>23</num><list><intro><p>
א. (א) מתוך הסכומים המגיעים מאוצר המדינה לרשות מקומית על
פי דין או הסכם או בדרך אחרת, מותר לאוצר המדינה לשלם להגא, על
פי דרישת הגא ובאישור שר הפנים, כל חוב המגיע להגא מאותה רשות
מקומית לפי סעיפים 10 (ה) או 10א, כולו או מקצתו, הכל במידה שאין
על הסכום המגיע לרשות המקומית כל משכון, שעבוד, עיקול או איסור
העברה אחר, ורואים את התשלום להגא כתשלום לרשות המקומית,</p></intro><subPoint><num>ב</num><content><p> סעיף זה אינו גורע מדרכי גביה אחרים של חוב שחבה רשות
מקומית להגא."</p></content></subPoint></list></point><point><heading><authorialNote placement="side"><p>תיקון מעיף 24</p></authorialNote></heading><num>25</num><content><p>
בסעיף 24 לחוק העיקרי -
(1) סעיפים קטנים (ג) ו-(ד) יסומנו כסדרם (ה) ו-(ו), סעיף קטן (ה), יסומן
"ט", ובמקום סעיפים קטנים (א) עד (ב) יבוא:
"(א) חבר הגא שעשה אחת מאלה:
(1) לא מילא תפקיד שהוטל עליו כדין או התרשל במילויו:
(2) סירב לציית לפקודה או להוראה שניתנה לו כדין?
(3) הזיק לציוד או לרכוש אחר שניתן לו כחבר הגא או
התרשל בשמירתם,
דינו - מאסר שלושה חדשים או קנס 500 לירות, ואט נעברה העבירה
בתקופת קרבות, דינו - מאסר שנה אחת או קנס 2,000 לירות.</p></content></point><point><heading><authorialNote placement="side"><p>תיקון סעיף 24א</p></authorialNote></heading><num>26</num><content><p>
בסעיף 24א לחוק העיקרי, במקום "עבירה על תקנה שהותקנה לפי חוק זה" יבוא
"עבירה על דיני ההתגוננות האזרחית".</p></content></point><point><heading><authorialNote placement="side"><p>הוספת סעיף 24ב</p></authorialNote></heading><num>27</num><content><p>
אחרי סעיף 24א לחוק העיקרי יבוא:
"דין משמעתי 24ב. חבר הגא שאינו חייל כפוף לדין משמעתי כאמור בתוספת."</p></content></point><point><heading><authorialNote placement="side"><p>תיקון סעיף 27</p></authorialNote></heading><num>28</num><content><p>
בסעיף 27 לחוק העיקרי, בסעיף קטן (ג) -
(1) פסקה (4) - בטלה:
(2) בפסקה (8), בסופה יבוא "למעט חומר רעיל שהוכרז עליו לפי סעיף 22א".</p></content></point><point><heading><authorialNote placement="side"><p>הוספת תוססת</p></authorialNote></heading><num>29</num><content><p>
בסוף החוק העיקרי תבוא תוספת זו:</p></content></point><point><heading><authorialNote placement="side"><p>הגדרות</p></authorialNote></heading><num>1</num><content><p>
בתוספת זאת -
"קצין שיפוט" - אחד מאלה:
(1) מפקד יחידה בהגא שהוא חייל ודרגתו איבה למטה
מדרגת רב-סרן:
(2) חייל בדרגת סרן, וראש הגא העניק לו סמכות של קצין
שיפוט;
(3) מפקד יחידה בהגא שאינו חייל, והוא קצין הגא בדרגה
המקבילה לפחות לדרגת רב-סרן;
"עבירת משמעת" - עבירה לפי סעיף 24(א) לחוק ולגבי מי שנתקבל
להגא כמתנדב - עבירה לפי סעיף 24 (א) (3) בלבד: 
"שוטר צבאי" - כמשמעותו בסעיף 227 לחוק השיפוט הצבאי, תשט"ו-
1955.</p></content></point><point><heading><authorialNote placement="side"><p>סמכות ענישה של קצין שיפוט והגבלותיה</p></authorialNote></heading><num>2</num><list><intro><p /></intro><subPoint><num>א</num><content><p> על עבירת משמעת יכול קצין שיפוט להטיל אחד הענשים
האלה:
(1) אתראה:
(2) נזיפה;
(3) קנס שלא יעלה על 80 לירות:
(4) הורדה בדרגה;
(5) בעבירה שנעברה בתקופת קרבות - מחבוש עד חמישה
עשר יום.</p></content></subPoint><subPoint><num>ב</num><content><p> לא ישב קצין שיפוט בדין לפי תוספת זאת אלא אם דרגתו
גבוהה בשתי דרגות מדרגת הנאשם.</p></content></subPoint><subPoint><num>ג</num><content><p> העונש של הורדה בדרגה לא יוטל על קצין בהגא אלא על
ידי מפקד הגא מחוזי.</p></content></subPoint></list></point><point><heading><authorialNote placement="side"><p>מחבוש במקום קנס</p></authorialNote></heading><num>3</num><content><p>
קצין שיפוט שהטיל על אדם קנס רשאי להטיל עליו מחבוש, יום
אחד במקום כל חמש לירות קנס, למקרה שהקנס לא ישולם במועדו.</p></content></point><point><heading><authorialNote placement="side"><p>קיצור תקופת מחבוש במקום קנס</p></authorialNote></heading><num>4</num><content><p>
נחבש אדם לפי סעיף 3, ולפני שנסתיימה תקופת המחבוש שולם
חלק מן הקנס, תקוצר תקופת המחבוש לפי היחס שבין הסכום ששולם
לבין הקנס כולו.</p></content></point><point><heading><authorialNote placement="side"><p>חיוב בפיצויים</p></authorialNote></heading><num>5</num><content><p>
קצין שיפוט שהובא לפניו אדם לדין ומצאו אשם בעבירת משמעת,
יכול לחייבו, בנוסף לכל עונש, בתשלום פיצויים להגא על הנזק שנגרם
עקב העבירה, אך אין קצין שיפוט יכול לחייב נאשם בתשלום פיצויים
בסכום העולה על 100 לירות: החיוב בפיצויים אינו משחרר מאחריות
לנזקים לפי כל דין אחר.</p></content></point><point><heading><authorialNote placement="side"><p>גביית קנסות ופיצויים</p></authorialNote></heading><num>6</num><content><p>
קנס או פיצויים שנפסקו ולא שולמו במועדם ינוכו מהמגיע לנידון
מזמן לזמן עקב שירותו בהגא או ייגבו כאילו היו מס כמשמעותו בפקודת
המסים (גביה), ואותה פקודה - למעט סעיף 12 - חלה עליהם, או ינהגו
גם בדרך זו וגם בדרך זו; קנס שנגבה ישולם להגא.</p></content></point><point><heading><authorialNote placement="side"><p>מחבוש על תנאי</p></authorialNote></heading><num>7</num><content><p>
קצין שיפוט שהטיל מחבוש רשאי להורות בפסק, כי העונש, כולו
או מקצתו, יהיה על תנאי ויהיה תלוי ועומד לתקופה שנקבעה בפסק,
ובלבד שלא תעלה על שנתיים מיום הפסק.</p></content></point><point><heading><authorialNote placement="side"><p>ביצוע מחבוש מותנה</p></authorialNote></heading><num>8</num><list><intro><p /></intro><subPoint><num>א</num><content><p> מי שנידון למחבוש על תנאי, לא ישא את ענשו אלא אם עבר
תוך התקופה שנקבעה בפסק (להלן - תקופת התנאי) עבירה מסוג העבירה
שעליה נענש, או אחת מעבירות המשמעת שנקבעו בפסק, וקצין שיפוט
הרשיעו עליה (להלן - עבירה נוספת) תוך תקופת התנאי או לאחריה.</p></content></subPoint><subPoint><num>ב</num><content><p> הוטל מחבוש על תנאי והנידון הורשע בעבירה נוספת, יורה
קצין השיפוט שדן בעבירה הנוספת על הפעלת המחבוש על תנאי.</p></content></subPoint><subPoint><num>ג</num><content><p> מי שהופעל נגדו מחבוש על תנאי, יתחיל לשאתו ביום מתן
הצו המפעיל את המחבוש על תנאי.</p></content></subPoint><subPoint><num>ד</num><content><p> קצין שיפוט שהרשיע נאשם בעבירה נוספת ולא הטיל עליו
בשל אותה עבירה עונש מחבוש, רשאי, על אף האמור בסעיף קטן (ב),
לא להפעיל את המחבוש על תנאי אלא להורות, מטעמים שיירשמו, על
הארכת תקופת התנאי לתקופה נוספת שלא תעלה על שנתיים, אם ראה
קצין השיפוט שבנסיבות הענין אין זה מן הצדק להפעיל את המחבוש
על תנאיי, לא ישתמש קצין שיפוט בסמכות לפי סעיף קטן זה אלא לגבי
ההרשעה הראשונה של נאשם בשל עבירה נוספת.</p></content></subPoint><subPoint><num>ה</num><content><p> לא יטיל קצין שיפוט מחבוש על תנאי בשל עבירה נוספת אם
נעברה תוך תקופת התנאי.</p></content></subPoint><subPoint><num>ו</num><content><p> מי שהוטל עליו עונש מחבוש בשל עבירה-נוספת והופעל
נגדו עונש מחבוש על תנאי, ישא את תקופות המחבוש בזו אחר זו, זולת
אם קצין השיפוט שמצא אותו אשם בעבירה נוספת, הורה ששתי התקופות,
כולן או מקצתן, יהיו חופפות: אולם תקופת המחבוש הרצופה שעל
הנידון לשאת לא תעלה בסך הכל על עשרים וחמישה יום.</p></content></subPoint><subPoint><num>ז</num><content><p> צו לפי סעיף קטן (ב) ניתן לערר בהתאם לסעיף 14 לתוספת
זאת.</p></content></subPoint><subPoint><num>ח</num><content><p> מחבוש על תנאי לא יופעל אם חדל הנידון להיות חבר הגא.</p></content></subPoint></list></point><point><heading><authorialNote placement="side"><p>נשיאת עונש מחבוש</p></authorialNote></heading><num>9</num><content><p>
מי שנידון על עבירת משמעת למחבוש ולפני שנשא כל ענשו חזר
ונידון למחבוש, ישא את הענשים יחד, והוא כשקצין השיפוט אשר הטיל</p></content></point><point><heading><authorialNote placement="side"><p>מקום נשיאת עונש מחבוש</p></authorialNote></heading><num>10</num><content><p>
מי שהוטל עליו מחבוש על עבירת משמעת, ישא את עבשו בחדר
משמר או במחבה מעצר שבהם חייל בושא עובש מחבוש לפי חוק השיפוט
הצבאי, תשט"ו-1955.</p></content></point><point><heading><authorialNote placement="side"><p>סדרי הדין המשמעתי</p></authorialNote></heading><num>11</num><content><p>
קצין שיפוט לא ידון באשם ולא יגבה עדויות אלא בפגיון בתחילת
הדיון יקרא בפביו את דברי התלונה, ולפבי מתן הפסק יתן לו הזדמנות
להשמיע את דברו.</p></content></point><point><heading><authorialNote placement="side"><p>פסק דין משמעתי</p></authorialNote></heading><num>12</num><content><p>
תם הדיון ולא החליט קצין השיפוט לבטל את התלובה, יפסוק בה,
ואם במצא הנאשם אשם - יקבע את ענשו.</p></content></point><point><heading><authorialNote placement="side"><p>סמכות קצין שיפוט לכפות התייצבות</p></authorialNote></heading><num>13</num><list><intro><p /></intro><subPoint><num>א</num><content><p> מי שהוזמן על עבירה לדין משמעתי ונמנע מהתייצב, ללא
צידוק המניח את דעתו של קצין השיפוט, רשאי קצין השיפוט להורות
לשוטר או לשוטר צבאי לעצור את הנאשם ולהביאו לפני קצין שיפוט.</p></content></subPoint><subPoint><num>ב</num><content><p> מי שנידון למחבוש על עבירת משמעת, או שהופעל נגדו
מחבוש על תנאי, ונמנע מהתייצב לנשיאת העונש במקום שקבע לכך
קצין שיפוט, ללא צידוק המניח את דעתו, רשאי קצין שיפוט להורות
לחבר הגא, לשוטר או לשוטר צבאי לעצור את הנידון ולהביאו למקום
העונש,</p></content></subPoint></list></point><point><heading><authorialNote placement="side"><p>ערר על פסק</p></authorialNote></heading><num>14</num><content><p>
מי שקצין שיפוט הטיל עליו עונש בשל עבירת משמעת רשאי,
תוך עשרה ימים מהיום שהודיעו לו על הפסק, להגיש עליו ערר בכתב
לפני מפקד הגא מחוזי, והמפקד רשאי לדחות את הערר או לבטל את
ההרשעה והעונש או לאשר את ההרשעה ולהפחית את העונש; היה קצין
השיפוט שפסק את העונש בעצמו מפקד הגא מחוזי, יבוא במקומו ראש
הגא לענין הערר על הטלת העונש.</p></content></point><point><heading><authorialNote placement="side"><p>אי-התייצבות העורף</p></authorialNote></heading><num>15</num><content><p>
העורר יוזמן לשמיעת הערר, הוזמן ולא התייצב לערר, רשאי
מפקד הגא מחוזי להחליט בערר שלא בפניו של העורר.</p></content></point><point><heading><authorialNote placement="side"><p>אי-תחולת דיני הראיות</p></authorialNote></heading><num>16</num><content><p>
קצין שיפוט בבירור עבירת משמעת ומפקד הגא מחוזי הדן בערר
לא יהיו כפופים לדיני ראיות, ויפעלו בדרך הנראית להם מועילה ביותר
לבירור התלונה או הערר, והוא כשאין בחוק זה או בתקנות לפיו הוראה
אחרת בענין זה.</p></content></point><point><heading><authorialNote placement="side"><p>ביצוע פסק</p></authorialNote></heading><num>17</num><list><intro><p /></intro><subPoint><num>א</num><content><p> עונש שאינו על תנאי, אין להפסיק או לעכב את ביצועו אלא
מכוח סעיף 21 לתוספת זאת או בנסיבות המפורטות בסעיף זה.</p></content></subPoint><subPoint><num>ב</num><content><p> קצין השיפוט שפסק את העונש או מפקד הגא מחוזי המוסמך
לדון בערר על הטלת העונש, רשאים להפסיק או לעכב את ביצועו של
העונש עד למועד הסיום של הליכי הערר או עד תום המועד להגשתו,
הכל לפי המאוחר יותר.</p></content></subPoint></list></point><point><heading><authorialNote placement="side"><p>התיישנות</p></authorialNote></heading><num>18</num><content><p>
לא יובא אדם לדין בפני קצין שיפוט על עבירת משמעת אם עברה
שנה אחת מיום ביצועה, ופסק שניתן על פיה לא יבוצע אם עברו שלוש
שנים מיום נתינתו.</p></content></point><point><heading><authorialNote placement="side"><p>דין משמעתי וסמכויות בית המשפט</p></authorialNote></heading><num>19</num><list><intro><p /></intro><subPoint><num>א</num><content><p> תוספת זאת אינה גורעת מסמכותו של בית משפט לשפוט
בעבירות משמעת: אולם לא יובא אדם לדין לפני בית משפט על מעשה או
מחדל שנידון עליהם על ידי קצין שיפוט ולא יובא לדין לפני קצין שיפוט
על מעשה או מחדל אם נידון עליהם בבית משפט.</p></content></subPoint><subPoint><num>ב</num><content><p> מי שנידון על עבירת משמעת למחבוש על תנאי והובא לדין
לפני בית משפט בשל עבירה נוספת, יהיו לבית המשפט כל הסמכויות
של קצין שיפוט על פי תוספת זאת להפעלת המחבוש על תנאי או להארכת
התנאי, והוראות סעיף 8 לתוספת זאת יחולו בשינויים המחוייבים לפי
הענין.</p></content></subPoint></list></point><point><heading><authorialNote placement="side"><p>אין אחריות משמעתית פעמיים</p></authorialNote></heading><num>20</num><content><p>
מי שהובא לדין לפי תוספת זאת על מעשה או מחדל פלוני וחוייב או
זוכה, לא יובא שנית לדין לפי תוספת זאת על אותו מעשה או מחדל.</p></content></point><point><heading><authorialNote placement="side"><p>המתקת ענשים</p></authorialNote></heading><num>21</num><content><p>
ראש הגא רשאי לבטל עונש שהוטל לפי תוספת זאת, להפחיתו או
להמירו בעונש קל יותר, ובכלל זה להמיר עונש מחבוש במחבוש על
תנאי.</p></content></point><point><heading><authorialNote placement="side"><p>ביטול חיוב בפיצויים או הקטנת שיעורם</p></authorialNote></heading><num>22</num><content><p>
מי שחוייב בתשלום פיצויים להגא לפי סעיף 5 לתוספת זאת, רשאי
ראש הגא לבטל את החיוב כפיצויים או להקטין את שיעורם.</p></content></point><point><heading><authorialNote placement="side"><p>תחולת תוספת זאת על מי שחדל מהיות חבר הגא</p></authorialNote></heading><num>23</num><content><p>
תוספת זו תחול גם על מי שחדל לחלוטין או לשעה להיות חבר
הגא, לאחר שביצע עבירה לפי סעיף 24 (א) (3) לחוק בכל ענין הנוגע
לאותה עבירה ובכפיפות לאמור בסעיף 8 (ח) לתוספת זאת, ובלבד שהת-
לונה על העבירה הוגשה לקצין שיפוט תוך ששים יום מהיום שבו חדל
להיות חבר הגא.</p></content></point><point><heading><authorialNote placement="side"><p>תקנות</p></authorialNote></heading><num>24</num><content><p>
שר הבטחון רשאי להתקין תקנות בדבר סדרי הגשת תלונה על
עבירת משמעת וסדרי הדין בשיפוט המשמעתי."</p></content></point><point><heading><authorialNote placement="side"><p>תיקון חוק התכנון והבניה</p></authorialNote></heading><num>30</num><content><p>
בחוק התכנון והבניה, תשכ"ה-1965 10--
(1) האמור בסעיף 203 יסומן "(א)", ובמקום פסקה (5) שבו יבוא:
"(5) אי-הקמת בור מים במקום כשתנאי ההיתר מחייבים את
הקמתו?"
(2) אחרי סעיף קטן (א) לסעיף 203 יבוא:
"(ב) הקמתם של בנין או של הוספה לבנין קיים ללא התקנת
מקלט כשקיימת חובה להתקינו לפי כל חיקוק, או הקמתם ללא מקלט
מותקן לפי תכנית שאישרה הרשות המוסמכת כאמור בחוק ההתגוננות
האזרחית, תשי"א-1951 - רואים, לענין פרק זה, כעבודה בסטיה ניכרת
מתנאי ההיתר, על אף האמור באותם התנאים.";
(3) בסעיף 225, בסוף כותרת השוליים יבוא "והגא", ובסוף הסעיף יבוא:
"ולראש הגא או למפקד הגא מחוזי כאמור בחוק ההתגוננות האזרחית,
תשי"א-4951 אם יש להם יסוד סביר להניח כי מבצעים עבודת בניה
בסטיה ניכרת מתנאי ההיתר, כאמור בסעיף 203 (ב)";
(4) אחרי סעיף 225 יבוא:</p></content></point><point><heading><authorialNote placement="side"><p>ביטול</p></authorialNote></heading><num>31</num><content><p>
תקנות-שעת-חירום (ייעול שירותי ההתגוננות האזרחית), תשכ"ז-1967  11- בטלות.</p></content></point><point><heading><authorialNote placement="side"><p>הוראת מעבר</p></authorialNote></heading><num>32</num><content><p>
כדי להסיר ספק נאמר בזה שתקנות שהותקנו לפני תחילתו של חוק זה על פי סעיף
27 (ג) (4) לחוק העיקרי יעמדו בתקפן עד שיוחלפו על ידי תקנות מכוח סעיף 20ז של החוק
העיקרי, הכל במידה שאין בהן סתירה להוראות סעיף 20ז.</p></content></point></chapter><signature><name>גולדה מאיר</name><role>ראש הממשלה</role></signature><signature><name>משה דיין</name><role>שר הבטחון</role></signature><signature><name>שניאור זלמן שזר</name><role>נשיא המדינה</role></signature><dateOfAcceptance>11.07.1969</dateOfAcceptance></body>