<?xml version="1.0" encoding="UTF-8" ?>
<body><title><content><p>חוק חופשה שנתית (תיקון), תשי"ז-1957 *</p></content></title><point><heading><authorialNote placement="side"><p>תיקון סעיף 35</p></authorialNote></heading><num>1</num><content><p>
בסעיף 35 (א) לחוק חופשה שבתית, תשיי'א-11951, פסקה (2) - בטלה.</p></content></point><signature><name>יצחק בן-צבי</name><role>נשיא המדינה</role></signature><signature><name>דוד בן-גוריון</name><role>ראש הממשלה</role></signature><signature><name>מרדכי נמיר</name><role>שר העבודה</role></signature><dateOfAcceptance>18.07.1957</dateOfAcceptance></body>