<?xml version="1.0" encoding="UTF-8" ?>
<body><title><content><p>חוק החיילים המשוחררים (החזרה לעבודה) (תיקון מס' 7),</p></content></title><point><heading><authorialNote placement="side"><p>תיקון סעיף 1</p></authorialNote></heading><num>1</num><content><p>
בסעיף 1 לחוק החיילים המשוחררים (החזרה לעבודה), תש"ט-1949  1(להלן -
החוק העיקרי) -
(1) בסעיף קטן (א), במקום פסקה (1) יבוא:
"(1) שירות סדיר לפי הפרק השלישי לחוק שירות בטחון,
תשי"ט-1959 ננוסח משולב]2, אף אם שירות זה הוארך
מכוח סעיף 26 לחוק האמור (להלן - שירות סדיר);"
(2) אחרי סעיף קטן (ג) יבוא:
"(ד) לענין חוק זה, דין שירות בצבא-הגנה לישראל על פי הת-
חייבות לשירות קבע - כדין שירות סדיר, אם הוא בא בתכוף לאחר
תקופת שירות סדיר, ותקופתו, כין על פי התחייבות אחת ובין על פי
מספר התחייבויות רצופות, איבה עולה על שנתיים,"</p></content></point><point><heading><authorialNote placement="side"><p>החלפת סעיף 5 והוספת סעיף 5א</p></authorialNote></heading><num>2</num><list><intro><p /></intro><subPoint><num>א</num><content><p> במקום סעיף 5 לחוק העיקרי יבואן</p></content></subPoint></list></point><point><heading><authorialNote placement="side"><p>"לשנת שירות התעסוקה</p></authorialNote></heading><num>5</num><content><p>
לשכת שירות התעסוקה - לגבי מפעל - היא לשכת שירות התע-
סוקה, שהמפעל נמצא בתחום שיפוטה.</p></content></point><point><heading><authorialNote placement="side"><p>סייג לתחולה</p></authorialNote></heading><num>5</num><list><intro><p>
א. (א) בכפוף להוראות סעיף 19 לא יחול הפרק השני על חייל
משוחרר משירות סדיר אלא אם נתקיימה בו אחת מאלה;
(1) ביום התגייסותו מלאו לו 20 שנה*,
(2) ביום התגייסותו טרם מלאו לו 20 שנה, אולם התייצ-
בותו לשירות בטחון או להמשך שירות באה אחרי דחיה לפי
סעיף 28 לחוק שירות בטחון, תשי"ט-1959 ננוסח משולב],
למועד שבו כבר מלאו לו 20 שנה.</p></intro><subPoint><num>ב</num><content><p> הוראות סעיף קטן (א) לא יחולו על מגוייס-חוץ לענין סעיף
24 לחוק שירות עבודה בשעת חירום, תשכ"ז-31967."</p></content></subPoint></list></point><point><heading><authorialNote placement="side"><p>תיקון סעיף 8</p></authorialNote></heading><num>3</num><content><p>
בסעיף 8 (ב) לחוק העיקרי, במקום "ועדת ערעור" יבוא "בית דין אזורי כאמור
בסעיף 23".</p></content></point><point><heading><authorialNote placement="side"><p>החלפת הפרק הרביעי</p></authorialNote></heading><num>4</num><content><p>
במקום הפרק הרביעי לחוק העיקרי יבוא:</p></content></point><chapter><num>"פרק רביעי:</num><title><content><p>זכות קדימה בשליחה לעבודה</p></content></title><point><heading><authorialNote placement="side"><p>חייל משוחרר משירות סדיר</p></authorialNote></heading><num>19</num><list><intro><p /></intro><subPoint><num>א</num><content><p> בסעיף זה, "חייל משוחרר משירות סדיר" - למעט -
(1) מי שחל עליו הפרק השני מכוח האמור בסעיף 5א;
* נתקבל בבגסת ביום כ"ח בשבט תשל"ז (16 בפברואר 1977); הצעת החוק ודברי הסבר פורסמו בה"ח 1277,
עמ' .158
ביטול סעיף  39א
(2) מי שקיבל פיצויי פיטורים מבעל המפעל בנסיכות
המפורטות בסעיף 6 (ב) לחוק זה או בסעיף 11 (ג) לחוק
פיצויי פיטורים, תשכ"ג-1963. 4</p></content></subPoint><subPoint><num>ב</num><content><p> לחייל משוחרר משירות סדיר תהא תוך שבה אחת מיום
השחרור זכות קדימה להישלח לעבודה במקום עבודה במפעל שבו היה
מועסק ארבעה שבועות רצופים לפחות סמוך לפני תחילת השירות; זכות
הקדימה כאמור בסעיף קטן זה תהיה עדיפה על פני זכות קדימה על פי
סעיף 33 וכן על פני כל הוראה כחוק שירות התעסוקה, תשי"ט-51959,
ובתקנון השירות שנקבע לפי אותו חוק".
5, סעיף 39א לחוק העיקרי - בטל.</p></content></subPoint></list></point><point><heading><authorialNote placement="side"><p>החלפת סעיף 41</p></authorialNote></heading><num>6</num><content><p>
במקום סעיף 41 לחוק העיקרי יבוא:</p></content></point><point><heading><authorialNote placement="side"><p>"זכות עובד בשירות חלקי</p></authorialNote></heading><num>41</num><content><p>
העדרו של עובד מעבודתו במפעל לרגל שירות חלקי לא ייראה
כהפסקה ברציפות עבודתו כמפעל, ואם פיטר בעל מפעל עובד בשל
שירותו בשירות חלקי, בטלים הפיטורים."</p></content></point><point><heading><authorialNote placement="side"><p>תיקון סעיף 43</p></authorialNote></heading><num>7</num><content><p>
בסעיף 43 (ב) לחוק העיקרי, אחרי פסקה (1א) יבואן
"(1כ) חייל משוחרר משירות סדיר אשר לו זכות קדימה להישלח
לעבודה לפי סעיף 19, אך לא נשלח לעבודה לפיו או נשלח לעבודה
ולא נתקבל?".</p></content></point><point><heading><authorialNote placement="side"><p>תיקון חוק פיצויי פיטורים</p></authorialNote></heading><num>8</num><content><p>
בחוק פיצויי פיטורים, תשכ"ג-1963 -
(1) בסעיף 2 (1), במקום "בסעיף 39א" יבוא "בסעיף 1 (ד)";
(2) בסעיף 11, אחרי סעיף קטן (ב) יבוא:
"(ג) התפטר עובד סמוך לפני התגייסותו לשירות סדיר כמשמעותו
בסעיף 1 לחוק החיילים המשוחררים (החזרה לעבודה), תש"ט-1949,
בשל התגייסותו כאמור, רואים את ההתפטרות לענין חוק זה כפיטורים,"</p></content></point><point><heading><authorialNote placement="side"><p>תיקון חוק שירות מילואים (תגמולים)</p></authorialNote></heading><num>9</num><content><p>
סעיף 35 לחוק שירות מילואים (תגמולים), תשי"ט-1959 ננוסח משולב!6 - בטל.</p></content></point><point><heading><authorialNote placement="side"><p>שמירת זכויות</p></authorialNote></heading><num>10</num><content><p>
חוק זה לא יגרע מזכויותיו של מי שלפני תחילתו שירת שירות סדיר או החל לשרת
בו.</p></content></point></chapter><signature><name>אפרים קציר</name><role>נשיא המדינה</role></signature><signature><name>יצחק רבין</name><role>ראש הממשלה</role></signature><signature><name>שמעון פרס</name><role>שר הבטחון</role></signature><dateOfAcceptance>25.02.1977</dateOfAcceptance></body>