<?xml version="1.0" encoding="UTF-8" ?>
<body><title><content><p>חוק להגנת חיית הבר, תשט"ו-1955*</p></content></title><point><heading><authorialNote placement="side"><p>הגדרות</p></authorialNote></heading><num>1</num><content><p>
בחוק זה -
"חיית-בר" - יונק או עוף שאין טבעם לחיות במחיצתו של אדם :
"ציד" - חיית-בר ששר החקלאות קבע בתקנות שהיא ציד;
"מזיק" - חיית-בר ששר החקלאות קבע בתקנות שהיא מזיק :
"חיית-בר מוגנת" - חיית-בר שלא נקבעה כציד או כמזיק :
"צידה" - לרבות עשיית מעשה מתוך כוונה לפגוע בחייה, בשלומה או בחופשתה של חיית-
בר' או להדריך את מנוחתה, או לסכן את ההתפתחות הטבעית של ביציה.</p></content></point><point><heading><authorialNote placement="side"><p>איסור צידה</p></authorialNote></heading><num>2</num><content><p>
לא יצוד אדם חיית-בר מוגנת.</p></content></point><point><heading><authorialNote placement="side"><p>רשיון ציד</p></authorialNote></heading><num>3</num><content><p>
לא יצוד אדם ציד אלא ברשיון ציד.</p></content></point><point><heading><authorialNote placement="side"><p>מקומות אסורים</p></authorialNote></heading><num>4</num><list><intro><p /></intro><subPoint><num>א</num><content><p> לא יצוד אדם בתחום חמש מאות מטר ממחנה, מגן ציבורי ומבית הנמצא
בתחום יישוב, או בתחום מאה מטר מבית אחר או מבית קברות.</p></content></subPoint><subPoint><num>ב</num><content><p> לא יצוד אדם ביריה העשויה לפגוע בחוטי רשת חשמל, טלפון וטלגרף.</p></content></subPoint></list></point><point><heading><authorialNote placement="side"><p>שיטות אסורות</p></authorialNote></heading><num>5</num><content><p>
לא יצוד אדם ציד בשיטות ובאמצעים אלה:
(1) סינוור באורות :
(2) הרעלה?
(3) הימום בסמים משכרים :
(4) רדיפה בכלי תחבורה ממונע :
(5) שימוש בחמרי נפץ:
(6) שימוש במלכודות, ברשתות או בדבק :
(7) שיטות ואמצעים אחרים ששר החקלאות אסר עליהם בתקנות.</p></content></point><point><heading><authorialNote placement="side"><p>היתר צידד</p></authorialNote></heading><num>6</num><list><intro><p /></intro><subPoint><num>א</num><content><p> על אף האמור בחוק זה, רשאי שר החקלאות להתיר' בהיתר כללי או מיוחד,
צידת ציד וחיית-בר מוגנת למטרות מדעיות' למניעת נזקים לחקלאות או למניעת מחלות
מידבקות באדם או בחי.</p></content></subPoint><subPoint><num>ב</num><content><p> נכנס אדם לרשות לא לו תוך כדי שימוש בהיתר לפי סעיף זה. אין רואים
בכניסתו הסגת גבול, ובלבד שלא חרג מן הדרוש להשגת המטרה שפורשה בהיתר.</p></content></subPoint></list></point><point><heading><authorialNote placement="side"><p>סמכויות רשויות מקומיות</p></authorialNote></heading><num>7</num><content><p>
רשות מקומית רשאית, באישור שר החקלאות, לאסור או להגביל, בחוקי עזר, את
הציד במקום שבתחום שיפוטה.</p></content></point><point><heading><authorialNote placement="side"><p>מסחר בחיית-בר</p></authorialNote></heading><num>8</num><list><intro><p /></intro><subPoint><num>א</num><content><p> לא יסחר אדם בחיית-בר, או בחלק ממנה, אלא ברשיון מסחר בחיית-בר.</p></content></subPoint><subPoint><num>ב</num><content><p> מי שאינו בעל רשיון מסחר בחיית-בר לא ימכור חיית-בר אלא לבעל רשיון
כזה.</p></content></subPoint></list></point><point><heading><authorialNote placement="side"><p>רשיונות והיתרים</p></authorialNote></heading><num>9</num><content><p>
רשיון או היתר לפי חוק זה יינתן על ידי שר החקלאות לפי כללים שנקבעו בתקנות,
והוא רשאי לתתו  בהגבלות או בתנאים, ולבטלו או לשנותו בכל עת.</p></content></point><point><heading><authorialNote placement="side"><p>מינוי מפקחים</p></authorialNote></heading><num>10</num><content><p>
שר החקלאות רשאי למנות מפקחים לצורך חוק זה.</p></content></point><point><heading><authorialNote placement="side"><p>סמכויות מפקח</p></authorialNote></heading><num>11</num><content><p>
הסמכויות המסורות לשוטר לפי הסעיפים 3 ו-18 לפקודת הפרוצידורה הפלילית
(מאסר וחיפושים) 1, יהיו גם למפקח לגבי עבירות על חוק זה ועל תקנות לפיו, והוראות
הפקודה האמורה יחולו על מעצר וחיפוש הנערכים על-ידיו כאילו נערכו על-ידי שוטר.</p></content></point><point><heading><authorialNote placement="side"><p>חילוט דבר שנעברה בו עבירה</p></authorialNote></heading><num>12</num><list><intro><p /></intro><subPoint><num>א</num><content><p> כלי ציד או אמצעי ציד אחר' פרט לכלי רכב ממונע, ששימשו למעשה עבירה
על חוק זה או על תקנה לפיו, וכן חיית-בר שניצודה בעבירה כזאת, רשאי בית המשפט
הדן בעבירה לצוות על חילוטם לאוצר המדינה : אולם לא יצווה בית המשפט על חילוט
כלי ציד או אמצעי ציד אחר כאמור אם נוכח שבעליהם לא היו אשמים באותה עבירה :
הוראה זו אינה גורעת מסמכותו של בית המשפט להורות הוראה אחרת בענין זה לפי כל
דין אחר.</p></content></subPoint><subPoint><num>ב</num><content><p> עברו ששה חדשים מיום שנתפס דבר האמור בסעיף קטן (א) ולא נתבע אדם
לדין על העבירה, ולא הוכחה בעלותו של אדם על התפוס, רשאי שר החקלאות לצוות על
חילוטו לאוצר המדינה, ואין אחר החילוט ולא כלום.</p></content></subPoint></list></point><point><heading><authorialNote placement="side"><p>הנחה ברבר צידה בעבירה עונשין</p></authorialNote></heading><num>13</num><content><p>
נמצאו בחזקתו של אדם ציד או חיית-בר מוגנת, ולא ניתן לו רשיון או היתר לצודם,
רואים אותם כאילו ניצודו על ידיו ללא רשיון או היתר. עד שלא הוכיח היפוכו של דבר.
14. (א) העובר על הוראות הסעיפים 2, 3 ו-4 או על תקנה שהותקנה לפי פסקה (3)</p></content></point><point><heading><authorialNote placement="side"><p>העברת סמכויות</p></authorialNote></heading><num>15</num><content><p>
שר החקלאות רשאי להעביר את סמכויותיו לפי חוק זה, פרט לסמכויותיו לפי
סעיפים 1 ו-.16</p></content></point><point><heading><authorialNote placement="side"><p>ביצוע ותקנות</p></authorialNote></heading><num>16</num><content><p>
שר החקלאות ממונה על ביצוע חוק זה, והוא רשאי להתקין תקנות בכל ענין הנוגע
לביצועו, לרבות תקנות בדבר -
(1) הגשת תסקירים על ידי בעלי רשיונות או בעלי היתרים ביחס לחיית-בר
שברשותם;
(2) הגנתה של חיית-בר, שמירה על קיומה' עידוד רבייתה או מניעתה, הצלתה
משריפה או מפורענות טבע אחרת :
(3) איסור או הגבלה על צידתה של חיית-בר או של סוג מסוגיה בתקופה
מסויימת או באזור מסויים :</p></content></point><point><heading><authorialNote placement="side"><p>ביטול</p></authorialNote></heading><num>17</num><content><p>
פקודת השמירה על הציד 1 - בטלה.</p></content></point><signature><name>משה שרת</name><role>ראש הממשלה</role></signature><signature><name>פרץ נפתלי</name><role>שר החקלאות</role></signature><signature><name>יצחק בן- צבי</name><role>נשיא המדינה</role></signature><dateOfAcceptance>20.01.1955</dateOfAcceptance></body>