<?xml version="1.0" encoding="UTF-8" ?>
<body><title><content><p>חוק למניעת הפקעת שערים וספסרות (שיפוט), תשי"א-1951 *</p></content></title><point><heading><authorialNote placement="side"><p>עבירה נגד המשק</p></authorialNote></heading><num>1</num><content><p>
בחוק זה, "עבירה נגד המשק" פירושו - עבירה על אחד החוקים המפורטים בתוספת
לחוק זה.</p></content></point><point><heading><authorialNote placement="side"><p>הלומת בתי דין : למניעת הפקעת שערים וספסרות</p></authorialNote></heading><num>2</num><list><intro><p /></intro><subPoint><num>א</num><content><p> בית דין למניעת הפקעת שערים וספסרות (להלן - בית דין) יוקם -
(1) ליד כל בית משפט מחוזי;
(2) ליד כל בית משפט שלום ששר המשפטים הורה, בצו שפורסם ברשומות,
כי יוקם לידו בית דין.</p></content></subPoint><subPoint><num>ב</num><content><p> מקום מושבו ותחום שיפוטו של בית דין יהיה כמקום מושבו וכתחום שיפוטו של
בית המשפט שלידו הוקם.</p></content></subPoint></list></point><point><heading><authorialNote placement="side"><p>הרכב בית הדין</p></authorialNote></heading><num>3</num><list><intro><p /></intro><subPoint><num>א</num><content><p> בית דין ידון בשלושה: אב בית הדין ושני נציגי ציבור.</p></content></subPoint><subPoint><num>ב</num><content><p> כאב בית הדין ישמש שופט של בית המשפט שלידו הוקם בית הדין.</p></content></subPoint><subPoint><num>ג</num><content><p> כנציגי ציבור ישמשו אנשים שנתמנו על ידי שר המשפטים, מתוך רשימות
מועמדים שהוגשו לו על ידי רשויות מקומיות, להיות נציגי ציבור לצורך חוק זה. הודעה
על מינוי נציגי ציבור תפורסם ברשומות.</p></content></subPoint><subPoint><num>ד</num><content><p> רשות מקומית תרכיב את רשימת המועמדים הנזכרת בסעיף קטן (ג) כך שיהיו
מיוצגים ברשימה הגורמים והחוגים הציבוריים המיוצגים במועצה של אותה רשות מקומית.</p></content></subPoint><subPoint><num>ה</num><content><p> תקפו של מינוי של נציג ציבור יהיה מיום תום ארבעה-עשר יום לאחר שהודעה
על המינוי נתפרסמה ברשומות ; ומי שתוך מועד זה הודיע בכתב לשר המשפטים כי אין
הוא רוצה לשמש נציג ציבור, יפרסם שר המשפטים הודעה על כך ברשומות ואז יראו את
מינויו כבטל מלכתחילה.</p></content></subPoint></list></point><point><heading><authorialNote placement="side"><p>סמכויות בית הדין</p></authorialNote></heading><num>4</num><list><intro><p /></intro><subPoint><num>א</num><content><p> בית דין מוסמך לדון בכל עבירה נגד המשק.</p></content></subPoint><subPoint><num>ב</num><content><p> האמור בסעיף קטן &lt;א) אינו בא לגרוע מכל סמכות לדון בעבירה נגד המשק
הנתונה לבית משפט אחר על פי כל חוק אחר.</p></content></subPoint></list></point><point><heading><authorialNote placement="side"><p>ענשים</p></authorialNote></heading><num>5</num><list><intro><p /></intro><subPoint><num>א</num><content><p> נאשם שיצא חייב בבית דין על עבירה נגד המשק, דינו, על אף האמור בכל חוק
אחר, מאסר עד שבע שנים או קנס עד עשרת אלפים לירות, או שני הענשים כאחד.</p></content></subPoint><subPoint><num>ב</num><content><p> נאשם אשר, לאחר שכבר נתחייב קודם לכן על עבירה נגד המשק, יצא מלפני
בית דין חייב בדינו על עבירה חדשה תוך שלוש שנים מיום שנתחייב בדין על העבירה
הקודמת, דינו - מאסר לתקופה שלא פחות משבועיים; אך בית הדין יהיה רשאי, בשים
לב לנסיבות מקילות שיצוינו בפסק הדין, להטיל עונש מאסר לתקופה קצרה יותר או לא
להטיל עונש מאסר כלל.</p></content></subPoint><subPoint><num>ג</num><content><p> נוסף על הענשים שבית דין מוסמך להטילם לפי סעיפים קטנים (א) ו-(ב), רשאי
הוא לצוות:
(1) כי מלאי הסחורות של הנאשם שבהן נעברה העבירה, או הפדיון ממכירתן,
יוחרם, כולו או מקצתו;
בהצעות חוק 50 מיום כ"ט בתמוז תש"י (14.7.50), עט' 209.
(2) כי בית העסק של הנאשם, שבקשר אליו נעברה העבירה, ייסגר לתקופה
שיקבע בית הדין ;
(3) כי רשיון שניתן לנאשם יבוטל' או יופסק תקפו לתקופה שיקבע בית הדין ;
(4) כי ריווח מופרז שבא לידי הנאשם בקשר לעבירה יוחזר לאדם שממנו נתקבל,
או יוחרם, כולו או מקצתו ; אך בית הדין לא יצווה על החרמת ריווח מופרז אלא
לאחר שנתן לאדם שממנו נתקבל הזדמנות להשמיע את דברו ;
(5) כי אמצעי הובלה, שהוא קנין הנאשם וששימש מכשיר לביצוע העבירה, יוחרם.</p></content></subPoint></list></point><point><heading><authorialNote placement="side"><p>פרסום פסקי דין</p></authorialNote></heading><num>6</num><list><intro><p /></intro><subPoint><num>א</num><content><p> בית דין רשאי לצוות שפסק דין או תמציתו יפורסמו ברבים, בצורה ובאופן שיקבע
בית הדין; בית הדין יורה אז מי ישא בהוצאות הפרסום; ואם הורה שהנאשם ישא
בהוצאות הפרסום, יהיה דינן כדין קנס שהוטל על ידי בית הדין.</p></content></subPoint><subPoint><num>ב</num><content><p> ציווה בית דין על פרסום פסק הדין או תמציתו, יצויין בפסק הדין או בתמצית
המתפרסמת, שפסק הדין ניתן לערעור.</p></content></subPoint></list></point><point><heading><authorialNote placement="side"><p>סדרי הדין</p></authorialNote></heading><num>7</num><list><intro><p /></intro><subPoint><num>א</num><content><p> לא יוגש כתב אשמה לבית דין אלא על ידי היועץ המשפטי לממשלת ישראל או
על ידי בא כחו.</p></content></subPoint><subPoint><num>ב</num><content><p> בית דין לא ייזקק לטענת פגם בהזמנת הנאשם או בכתב האשמה, בצורתם או
בתכנם, אם יראה, מסיבות שעליו לפרטן בצו, שאי-הזדקקות לטענה אינה עלולה לגרום
לעיוות הדין.</p></content></subPoint><subPoint><num>ג</num><content><p> בית דין רשאי לסטות מדיני הראיה, אם הוא משוכנע שהדבר יועיל לגילוי האמת
ולעשיית משפט צדק; החליט בית הדין לסטות מדיני הראיה כאמור, ירשום את הטעמים
שהניעוהו להחלטתו.</p></content></subPoint><subPoint><num>ד</num><content><p> בית דין יחליט פה אחד או ברוב דעות,</p></content></subPoint><subPoint><num>ה</num><content><p> במידה שלא נקבעה הוראה אחרת בחוק זה או בתקנות שהותקנו לפיו -
(1) בבית דין שליד בית משפט מחוזי יחולו סדרי הדין הנוהגים במשפט פלילי
בבית משפט מחוזי בדיון מהיר ;
(2) בבית דין שליד בית משפט שלום יחולו סדרי הדין הנוהגים במשפט פלילי
בבית משפט שלום.</p></content></subPoint></list></point><point><heading><authorialNote placement="side"><p>צווים זמניים</p></authorialNote></heading><num>8</num><list><intro><p /></intro><subPoint><num>א</num><content><p> הוגש כתב אשמה לבית דין, רשאי אב בית הדין - על פי בקשת היועץ המשפטי
לממשלת ישראל או בא כוחו - לצוות שבית העסק של הנאשם אשר בקשר אליו נעברה
העבירה שבה הוא נאשם, ייסגר לתקופה שאינה עולה על שלושה ימים.</p></content></subPoint><subPoint><num>ב</num><content><p> אב בית הדין רשאי מדי פעם בפעם - על פי בקשת היועץ המשפטי לממשלת
ישראל או בא כוחו - להאריך תקפו של צו שניתן לפי סעיף קטן (א), לתקופה מסויימת
או עד לסיום בירור המשפט ו אך אב בית הדין לא יאריך תקפו של צו, כאמור, אלא אחרי
שנתן לנאשם הזדמנות להשמיע את דברו.</p></content></subPoint><subPoint><num>ג</num><content><p> כל עוד צו שניתן כאמור עומד בתקפו, רשאי אב בית הדין, בכל עת לפני סיום
בירור המשפט, לבטל את הצו, על פי בקשת הנאשם, אחרי שנתן ליועץ המשפטי לממשלת
ישראל או לבא כוחו הזדמנות להשמיע את דברו.</p></content></subPoint></list></point><point><heading><authorialNote placement="side"><p>ערעור</p></authorialNote></heading><num>9</num><list><intro><p /></intro><subPoint><num>א</num><content><p> פסק דין של בית דין ניתן לערעור בהתאם להוראות הנוגעות לערעור על פסק דין
שניתן במשפט פלילי על ידי בית המשפט שלידו הוקם בית הדין.</p></content></subPoint><subPoint><num>ב</num><content><p> ציווה בית דין לפרסם פסק דין ברבים, רשאי בית משפט הדן בערעור באותו ענין,
לצוות שפסק דינו יפורסם ברבים בצורה ובאופן שיקבע בית המשפט ; בית הדין יורה אז
מי ישא בהוצאות הפרסום; ואם הורה שהנאשם ישא בהוצאות הפרסום, יהיה דינן כדין
קנס שהוטל על ידי בית המשפט.</p></content></subPoint></list></point><point><heading><authorialNote placement="side"><p>העדר נציג ציבור ללא סיבה מספקת</p></authorialNote></heading><num>10</num><list><intro><p /></intro><subPoint><num>א</num><content><p> נציג ציבור שהוזמן למושב של בית דין, והוא נעדר מן המושב ללא סיבה מספקת,
דינו - קנס עד מאה לירות.</p></content></subPoint><subPoint><num>ב</num><content><p> נציג ציבור הנאשם בעבירה על פי סעיף קטן (א) -
(1) יובא לדין בפני נשיא בית משפט מחוזי - אם הוא נעדר ממושב בית דין
שליד בית משפט מחוזי ; ויחולו סדרי הדין הנוהגים במשפט פלילי בבית משפט
מחוזי בדיון מהיר;
(2) יובא לדין בפני שופט שלום ראשי - אם הוא נעדר ממושב בית דין שליד
בית משפט שלום ו ויחולו סדרי הדין הנוהגים במשפט פלילי בבית משפט שלום.</p></content></subPoint></list></point><point><heading><authorialNote placement="side"><p>חוק זה וחוקים אחרים</p></authorialNote></heading><num>11</num><list><intro><p /></intro><subPoint><num>א</num><content><p> כל מקום שהוראה שבחוק זה סותרת הוראת כל חוק אחר' ההוראה שבחוק זה -
עדיפה.</p></content></subPoint><subPoint><num>ב</num><content><p> לבית דין יהיו כל הסמכויות הנתונות לבית משפט על פי כל חוק אחר ; וכל האמור
בחוק זה בא להוסיף על אותן סמכויות ולא לגרוע מהן.</p></content></subPoint></list></point><point><heading><authorialNote placement="side"><p>ניטו? ותיקוז</p></authorialNote></heading><num>12</num><list><intro><p /></intro><subPoint><num>א</num><content><p> בטלות -
(1) פקודת מניעת הפקעת שערים וספסרות (שיפוט)' תש"ח - 1948  1(להלן -
הפקודה) ;
(2) תקנות הפיקוח, כמשמעותן בסעיף 3 (ב) לפקודה' במידה שלא בוטלו בסעיף
10 לפקודה.</p></content></subPoint><subPoint><num>ב</num><content><p> חוק הגנת הדייר (שכירות משנה, אירוח וחילופים), תשי"א-1950 2, יתוקן כך:
בסעיף 14, במקום המלים "ודינו כדין אשם לפי סעיף 6 לפקודת מניעת הפקעת שערים
וספסרות (שיפוט)' תש"ח - 1948. הפקודה האמורה תחול על הדיון באשמה לפי סעיף זה
כאילו היה חוק זה כלול ברשימת החוקים בסעיף קטן 3 (א) של הפקודה", יבואו המלים
"ודינו כדין אשם לפי סעיף 5 לחוק למניעת הפקעת שערים וספסרות (שיפוט)' תשי"א -
1951".</p></content></subPoint></list></point><point><heading><authorialNote placement="side"><p>הוראות מעבר</p></authorialNote></heading><num>13</num><list><intro><p /></intro><subPoint><num>א</num><content><p> מי שלפני תחילת תקפו של חוק זה נתמנה' כנציג ציבור' חבר בית דין למניעת
הפקעת שערים וספסרות שהוקם לפי הפקודה, וערב תחילת תקפו של חוק זה היה חבר
בית דין כזה, רואים אותו כאילו ביום תחילת תקפו של חוק זה נתמנה להיות נציג ציבור
לצורך חוק זה.</p></content></subPoint><subPoint><num>ב</num><content><p> היה ענין תלוי ועומד, ערב תחילת תקפו של חוק זה, בפני בית דין למניעת
הפקעת שערים וספסרות שהוקם לפי הפקודה, יימשך הדיון באותו ענין כאילו חוק זה לא
נכנס לתקפו.</p></content></subPoint></list></point><point><heading><authorialNote placement="side"><p>ביצוע ותקנות</p></authorialNote></heading><num>14</num><list><intro><p /></intro><subPoint><num>א</num><content><p> שר המשפטים ממונה על ביצוע חוק זה' והוא רשאי להתקין תקנות בכל ענין
הנוגע לביצועו ולסדרי הדין בבתי הדין.</p></content></subPoint><subPoint><num>ב</num><content><p> תקנות אלה רואים אותן כאילו הותקנו לפי חוק זה:
(1) תקנות מניעת הפקעת שערים וספסרות (החשת דיון), תש"י-1950 3;
(2) תקנות מניעת הפקעת שערים וספרות (החשת דיון) (מס. 2)' תשי"א-1950 4.</p></content></subPoint></list></point><point><heading><authorialNote placement="side"><p>תוספת (סעיף 1) 1. תקנות ההגנה, 1939 1; 2. תקנות ההגנה (כספים), 1941 2; 3. תקנות ההגנה (פיקוח על מוסדים), 1944 3; 4. תקנות ההגנה (מניעת רווחים מופקעים), 1944 4; 5. פקודת בריאות העם (תקנות בדבר צרכי מזון), 1935 5; 6, פקודת צרכי אוכל ומצרכים הכרחיים (פיקוח), 1939 6; 7. פקודת המצרכים ההכרחיים (מלאי), 1939 7; 8. פקודת הסמכויות בענין היבוא, היצוא והמכס (הגנה), 1939 8; 9. פקודת הפיקוח על המזונות, 1942 9; 10. פקודת מחלות בעלי חיים, 1945 10; 11. פקודת מידות ומשקלות, 1947 11; 12. חוק הגנת הדייר (שכירות משנה, אירוח וחילופים), תשי"א-1950 12; 13. כל תקנה, במשמעותה בפקודת הפירושים, 1945 13, שהותקנה על פי אחד החוקים המפורטים לעיל ; 14. חוקי עזר של רשויות מקומיות שהותקנו לפי פקודת העיריות, 1934 14, או לפי פקודת המועצות המקומיות, 1941 15, והמסדירים את חלוקתם של מצרכי מזון, מחיריהם והפיקוח על מכירתם. דוד בן-גוריון ראש הממשלה פנחס רוזן שר המשפטים חיים ווייצמן נשיא המדינה 1 ע"ר מס' 914 מ י ום 26.8.39, תוס' 2, עמ' 548. 2 ע"ר מס' 1138 מ י ום 6.11.41, תוס' 2, עמ' .1380 3 ע"ר מס' 1347 מיום 20.7.44, תוס' 2, עמ' 525. 4 ע"ר מס' 1359 מיום 14.9.44, תוס' 2, עמ' 726. 8 ע"ר מס' 496 מיום 28.2.35, תוס' 1, עמ' .53 4 ע"ר מס' 913 מיום 26.8.39, תוס' 1, עמ' .70 1 ע"ר מס' 913 מיום 26.8.39, תוס' 1, עמ' 74. 8 ע"ר מס' 968 מיום 11.12.39, תוס' 1 עמ' .137 9 ע"ר טס' 1178 מיום 19.3.42, תוס' 1, עט' 3. 10 ע"ר מס' 1457 מיום 24.11.15, תוס' 1.. עמ' 155. 11 ע"ר מס' 1563 מיום 15.3.47, תוס' 1, עט' .2 12 ספר החוקים 60 מיום כ"ב בחשון תשי"א (2.11.50), עמ'.2 13 ע"ר מס' 1400 מיום 2.4.45, תוס' 1, עט' .36 14 ע"ר מס' 414 מיום 12.1.34, תוס' 1, עמ' .1 15 ע"ר מס' 1154 מיום 18.12.41, תוס' 1, עט' .110 43                                           ספר החוקים 68                  ט' באדר א' התשי"א 15.02.1951</p></authorialNote></heading><num>1</num><content><p>
ע"ר מס' 14 מיום ו' באב תש"ח (11.8.48), תוס' א', עמ' 27.
2 ספר החוקים 60 מיום כ"ב בחשון תשי"א (2.11.30), עמ' .2
3 קובץ התקנות 71 מיום ז' באדר תש"י (24.2.50), עמ' 537 :
4 קובץ התקנות 129 מיום ז' בכסלו תשי"א (16.11.50), עמ'.226
42                                           ספר החוקים 68                  ט' באדר א' התשי"א 15.02.1951</p></content></point><dateOfAcceptance>15.02.1951</dateOfAcceptance></body>