<?xml version="1.0" encoding="UTF-8" ?>
<body><title><content><p>חוק החוזים האחידים (תיקון), תשכ"ט-1969*</p></content></title><point><heading><authorialNote placement="side"><p>הוספת סעיף 2א</p></authorialNote></heading><num>1</num><content><p>
בחוק החוזים האחידים, תשכ"ד-11964 (להלן - החוק העיקרי), אחרי סעיף 2 יבוא:</p></content></point><point><heading><authorialNote placement="side"><p>*בקשה לביטול חוזה אחיד</p></authorialNote></heading><num>2</num><content><p>
א. היועץ המשפטי לממשלה רשאי לפנות למועצה ולבקש שתבטל תנאי
מגביל בחוזה אחיד שספק מתקשר בו עם לקוחות, ורשאים לפנות כאמור,
בהסכמת היועץ המשפטי לממשלה, המועצה הישראלית לצרכנות וכל
ארגון של לקוחות שהיועץ המשפטי לממשלה אישר אותו לענין זה."</p></content></point><point><heading><authorialNote placement="side"><p>תיקון סעיף 3</p></authorialNote></heading><num>2</num><content><p>
בסעיף 3 לחוק העיקרי, תימחק המלה "אישור",</p></content></point><point><heading><authorialNote placement="side"><p>תיקון סעיף 4</p></authorialNote></heading><num>3</num><content><p>
בסעיף 4 לחוק העיקרי, במקום כותרת השוליים יבוא "סייג לבקשה" ובכל מקום בו
נאמר "לבקשת אישור" יבוא "לבקשה לפי חוק זה".</p></content></point><point><heading><authorialNote placement="side"><p>תיקון סעיף 5</p></authorialNote></heading><num>4</num><list><intro><p>
האמור בסעיף 5 לחוק העיקרי יסומן "(א)" ואחריו יבוא:
"(ב) הוגשה בקשה לפי סעיף 2א, רשאית המועצה -לאחר ששמעה
את המבקש ואת הספק ולאחר שנתנה לכל אדם שנקבע כמשיב על פי
התקנות הזדמנות להשמיע טענותיו - לבטל את התנאי המגביל שבחוזה
או לאשרו.</p></intro><subPoint><num>ג</num><content><p> בבקשה לפי סעיף 2א רשאי ארגון ספקים יציג להתייצב
ברשות המועצה לפניה ולטעון טענותיו."</p></content></subPoint></list></point><point><heading><authorialNote placement="side"><p>הוספת סעיף 5א</p></authorialNote></heading><num>5</num><content><p>
אחרי סעיף 5 לחוק העיקרי יבוא:</p></content></point><point><heading><authorialNote placement="side"><p>''דין בקשות המדינה כספק</p></authorialNote></heading><num>5</num><content><p>
א. הגישה המדינה בקשה לפי סעיף 2, רשאית המועצה למנות עורך דין
שאינו בשירות המדינה להתייצב לפניה ולטעון טענותיו, והוא יהיה רשאי
לערער כאמור בסעיף 8 על החלטת המועצה; שכרו של עורך הדין
והוצאותיו ישולמו מאוצר המדינה."</p></content></point><point><heading><authorialNote placement="side"><p>תיקון סעיף 8</p></authorialNote></heading><num>6</num><content><p>
בסעיף 8 לחוק העיקרי, אחרי "היועץ המשפטי לממשלה" יבוא "הספק, ארגון ספקים
כאמור בסעיף 5(ג)".</p></content></point><point><heading><authorialNote placement="side"><p>תיקון סעיף 11</p></authorialNote></heading><num>7</num><content><p>
בסעיף 11 לחוק העיקרי, אחרי "סירבה לאשרו" יבוא "או ביטלה אותו", ואחרי
"יפגע הסירוב" יבוא "או הביטול'/</p></content></point><point><heading><authorialNote placement="side"><p>הוספת סעיף 14א</p></authorialNote></heading><num>8</num><content><p>
אחרי סעיף 14 לחוק העיקרי יבוא:</p></content></point><point><heading><authorialNote placement="side"><p>"הודעה ליועץ המשפטי לממשלה</p></authorialNote></heading><num>14</num><content><p>
א. נטענה במשפט אזרחי שבין ספק לבין אחד מלקוחותיו טענה נגד
תנאי מגביל בחוזה אחיד שביניהם, יביא בית המשפט את הדבר לידיעת
היועץ המשפטי לממשלה."</p></content></point><signature><name>יעקב ש' שפירא</name><role>שר המשפטים</role></signature><signature><name>יגאל אלון</name><role>סגן ראש הממשלה</role></signature><signature><name>שניאור זלמן שזר</name><role>נשיא המדינה</role></signature><dateOfAcceptance>19.06.1969</dateOfAcceptance></body>