<?xml version="1.0" encoding="UTF-8" ?>
<body><title><content><p>חוק לתיקון פקודת החברות, תש"י-1950 *</p></content></title><point><heading><authorialNote placement="side"><p>תיקון פקודת החברות</p></authorialNote></heading><num>1</num><content><p>
פקודת החברות 1 תתוקן כך:
אחרי סעיף 119 יבוא סעיף זה:</p></content></point><point><heading><authorialNote placement="side"><p>"העברת מפעל של חברה נכרית לחברה ישראלית</p></authorialNote></heading><num>119</num><list><intro><p>
א (1) באה חברה נכרית הרשומה בישראל על פי פקודה
זו (בסעיף זה "חברה נכרית") לידי סידור עם
חברה כמשמעותה בפקודה זו (בסעיף זה "חברה
ישראלית") להעברת כל מפעלה' עסקיה' רכושה
והתחיבויותיה לחברה הישראלית - רשאיות שתי
החברות לפנות לבית המשפט' בבקשה בדרך המרצה,
למתן צו המאשר את הסידור. היתה החברה הנכרית
במצב של פירוק עסקים - רשאי המפרק ביחד עם
החברה הישראלית לפנות לבית המשפט כאמור.
(2) הודעה על הגשת בקשה לפי סעיף קטן (1) ועל
מועד שמיעתה תפורסם ברשומות ובעתון יומי אחד
בישראל ובעתון יומי אחד בארץ בה נתאגדה החברה
הנכרית' שנקבעו על ידי בית המשפט' במועד' בנוסח
ובאופן שבית המשפט קבע. בית המשפט יקבע בהודעה
את המועד והאופן של הפניות על פי סעיף קטן (4).
(3) היועץ המשפטי לממשלת ישראל יהיה צד בכל
בקשה שהוגשה לפי סעיף קטן (1).
(4) אדם שיש לו ענין בדבר, הטוען כי הסידור איננו
מתקבל על הדעת' או שהסידור עלול לפגוע בזכויותיו,
רשאי לפנות לבית המשפט' באופן ובמועד שבית
המשפט קבע; ובית המשפט לא יתן צו המאשר את
הסידור' אלא לאחר שנתן לכל אדם כזה הזדמנות
להשמיע את דברו.
(5) נוכח בית המשפט כי -</p></intro><subPoint><num>א</num><content><p> רכוש החברה הנכרית נמצא' כולו או רובו,
בישראל ;</p></content></subPoint><subPoint><num>ב</num><content><p> שר המשפטים העיד' בתעודה בחתימת ידו,
שאישור הסידור יש בו ענין לכלל ;</p></content></subPoint><subPoint><num>ג</num><content><p> הסידור מתקבל על הדעת ומן הדין הוא לתת
את הצו המבוקש'
יתן בית המשפט צו המאשר את הסידור.
1 חוקי א"י, ברר א', טרק כ"ב, עכר 155.
(6) בית המשפט רשאי, אם בתוך הצו המאשר את
הסידור ואם בצו נפרד לאחר מכן, לתת הוראות בנוגע
לענינים הבאים, כולם או מקצתם:</p></content></subPoint><subPoint><num>א</num><content><p> שמירה על זכויותיו של כל אדם, שפנה לבית
המשפט על פי סעיף קטן (4) בטענה כי הסידור
עלול לפגוע בזכויותיו ;</p></content></subPoint><subPoint><num>ב</num><content><p> הקצאה או הקצבה על ידי החברה הישראלית
של מניות, אגרות-חוב או טובות-הנאה דומות
בחברה הישראלית אשר על פי הסידור עם
החברה הנכרית צריכה החברה הישראלית להק-
צותן או להקציבן למישהו או בשבילו ו</p></content></subPoint><subPoint><num>ג</num><content><p> חיסול החברה הנכרית בישראל מבלי להזדקק
לפירוק-עסקים ;</p></content></subPoint><subPoint><num>ד</num><content><p> כל דבר או ענין אחר הנראה בעיני בית
המשפט כנחוץ או כמועיל לשם ביצוע הסידור.
(7) נתן בית-המשפט צו המאשר את הסידור, הרי
מהיום שנקבע בצו באה החברה הישראלית לכל דבר
וענין, וללא הפסק, במקום החברה הנכרית, כאילו שתי
החברות היו זהות; ומבלי לפגוע בכלליות האמור:</p></content></subPoint><subPoint><num>א</num><content><p> כל המפעל, העסקים, הרכוש וההתחיבויות
של החברה הנכרית עוברים לחברה הישראלית
ומוקנים לה ;</p></content></subPoint><subPoint><num>ב</num><content><p> כל החוזים וההתקשרויות, בין אם ניתנים
להעברה או לא, נמשכים בתקפם המלא כאילו
החברה הישראלית היא צד להם במקום החברה
הנכרית ;</p></content></subPoint><subPoint><num>ג</num><content><p> כל משא ומתן משפטי התלוי ועומד בשמה
של החברה הנכרית או נגדה נמשך בשמה של
החברה הישראלית או נגדה ;</p></content></subPoint><subPoint><num>ד</num><content><p> כל פסק דין, צו או החלטה שניתנו נגד
החברה הנכרית או לזכותה, רואים אותם כאילו
ניתנו נגד החברה הישראלית או לזכותה ;</p></content></subPoint><subPoint><num>ה</num><content><p> בכל מסמך, חוזה או התקשרות, בין אם
החברה הנכרית היא צד לו או לא, בא שמה של
החברה הישראלית במקום שמה של החברה
הנכרית,
(8) שר האוצר רשאי, בהוראה כללית או מיוחדת,
לפטור כל העברת רכוש או התחיבות, כל תיקון של
רישום, וכל פעולה אחרת הנעשית עקב צו המאשר
סידור כאמור - מכל מס, אגרה או תשלום אחר,
סטור החוקים 68, חי באלול תש"י, 18.8.1950.
כולו או מקצתו, המשתלמים למדינה או לרשות
מקומית.
(9) החברה הישראלית תפרסם את הצו המאשר את
הסידור ברשומות, ובעתון יומי אחד בישראל ובעתון
יומי אחד בארץ בה נתאגדה החברה הנכרית, שנקבעו
על ידי בית המשפט' במועד שבית המשפט קבע.
(10) ניתן צו על פי סעיף זה' תגיש החברה הישראלית
העתקה מאושרת מהצו לרושם החברות בתוך שבעה
ימים מיום מתן הצו. עברה החברה על הוראה זו,
דינה - קנס עד חמש לירות לכל יום שבו נמשכת
העבירה; וכל מנהל עסקים, מזכיר או פקיד אחר
של החברה המרשים ביודעים את העבירה, דינם כדין
החברה כאמור.
(11) הורה הצו על חיסול החברה הנכרית בישראל-
ירשום הרושם את דבר החיסול בפנקסיו.
(12) בסעיף זה כולל הביטוי "רכוש" כל רכוש, זכות
מוחזקת או ראויה, טובת-הנאה, כוח, הרשאה, או סמכות
מאיזה מין שהוא; והביטוי "התחיבויות" כולל כל
התחיבות, קיימת או ראויה, וכל חובה שהיא ו וכל זאת
בין אם הרכוש או ההתחיבויות ניתנים להעברה ובין
אם לא".</p></content></subPoint></list></point><signature><name>דוד בן-גוריון</name><role>ראש הממשלה</role></signature><signature><name>פנחס רוזן</name><role>שר המשפטים</role></signature><signature><name>יוסף שפרינצק</name><role>יושב ראש הכנסת</role></signature><dateOfAcceptance>18.08.1950</dateOfAcceptance></body>