<?xml version="1.0" encoding="UTF-8" ?>
<body><title><content><p>חוק לתיקון פקודת ועדות החקירה, תשט"ז-1955 *</p></content></title><point><heading><authorialNote placement="side"><p>תיקון סעיף 5</p></authorialNote></heading><num>1</num><content><p>
ב.סעיף 5 לפקודת ועדות החקירה 1, בפסקה (ה)/ במקום המלים חמשה פונטים" יבואו
המלים שבעים וחמש לירות".</p></content></point><signature><name>יצחק בן-צבי</name><role>נשיא המדינה</role></signature><signature><name>דוד בן-גוריון</name><role>ראש הממשלה</role></signature><signature><name>פנחס רוזן</name><role>שר המשפטים</role></signature><dateOfAcceptance>28.12.1955</dateOfAcceptance></body>