<?xml version="1.0" encoding="UTF-8" ?>
<body><title><content><p>חוק לתיקון פקודת החברות (מס' 13), תשל"ה-1975 *</p></content></title><point><heading><authorialNote placement="side"><p>תיקון סעיף 2</p></authorialNote></heading><num>1</num><list><intro><p>
בסעיף 2 לפקודת החברות 1 (להלן - הפקודה) -
(1) כסעיף קטן (1) -</p></intro><subPoint><num>א</num><content><p> אחרי הגדרת "חברה קיימת" יבוא:
""מען" -
(1) לגבי יחיד תושב ישראל - מענו כפי שהוא רשום
במרשם האוכלוסין, ואם מסר מען אחר - המען שמסר;
(2) לגבי יחיד שאינו תושב ישראל - מען מגוריו, ואם
מסר מען אחר - המען שמסר;
(3) לגבי תאגיד הרשום בישראל - מען משרדו הרשום;
(4) לגבי תאגיד הרשום מחוץ לישראל - מען משרדו
מחוץ לישראל, ואם מסר מען כישראל - המען שמסר?"</p></content></subPoint><subPoint><num>ב</num><content><p> אחרי הגדרת "מסמך" יבוא:
""מספר זהות" -
(1) לגבי יחיד תושב ישראל - מספר זהותו במרשם
האוכלוסין;
(2) לגבי תאגיד הרשום בישראל - מספר הרישום שלו;
(3) לגבי תאגיד הרשום כחוץ לישראל - המדינה שבה
הוא רשום ומספר הרישום, אם יש לו מספר רישום;"</p></content></subPoint><subPoint><num>ג</num><content><p> במקום הגדרת "רושם החברות" יבוא:
""רשם החברות", "הרשם" - רשם החברות או סגן הרשם;"
(2) אחרי סעיף קטן (2) יבוא:
"(3) כל הוראה בפקודה זו המחייבת רישום מספר זהות של יחיד,
תחול רק על יחיד החייב ברישום במושב האוכלוכץ בישראל."</p></content></subPoint></list></point><point><heading><authorialNote placement="side"><p>תיקון סעיף 5</p></authorialNote></heading><num>2</num><content><p>
בסעיף 5 (1) לפקודה, כרישה, המלים "יהא עליו בול הכנסה של חמישים אגורות,
והוא" - יימחקו.</p></content></point><point><heading><authorialNote placement="side"><p>תיקון סעיף 11</p></authorialNote></heading><num>3</num><content><p>
בסעיף 11 לפקודה, פסקה (ג) - בטלה.</p></content></point><point><heading><authorialNote placement="side"><p>תיקון סעיף 21</p></authorialNote></heading><num>4</num><content><p>
בסעיף 21 (1) לפקודה, במקום "מס של חמש אגורות, או כל סכום אחר שתקבע
החברה ושלא יעלה על לירה אחת" יבוא "סכום שלא יעלה על הסכום שנקבע בתקנות",
ובמקום "שלא יעלה על מחירו הנדרש על-ידי החברה" יבוא "שלא יעלה על הסכום שנקבע
בתקנות".</p></content></point><point><heading><authorialNote placement="side"><p>תיקון סעיף 24</p></authorialNote></heading><num>5</num><list><intro><p>
בסעיף 24 לפקודה, סעיף קטן (4) יסומן (6) ובמקום סעיפים קטנים (1) עד (3) יבוא:
"(1) לא תירשם הברה -</p></intro><subPoint><num>א</num><content><p> בשם שהוא שמו של חבר-בני-אדם הרשום כדין בישראל
או דומה לו עד כדי להטעות;
עמ' 129.</p></content></subPoint></list></point><chapter><num>ספר החוקים</num><title><content><p>763, א' בניסן תשל"ה, 13.3.1975</p></content></title><point><heading><authorialNote placement="side"><p>תיקון סעיף 325</p></authorialNote></heading><num>7</num><content><p>
בסעיף 25ב (1) לפקודה, במקום "אגרה של עשרים לירות או אגרה אחרת שקבע שר
המשפטים, בצו, וכן אגרת פרסום שנקבעה" יבוא "אגרות שנקבעו בתקנות".</p></content></point><point><heading><authorialNote placement="side"><p>תיקון סעיף 29</p></authorialNote></heading><num>8</num><content><p>
בסעיף 29 לפקודה -
(1) בסעיף קטן (1) (א), אחרי "שמותיהם" יבוא "מספרי זהותם";
(2) בסעיף קטן (4), במקום "בתשלום של חמש אגורות או סכום אחר שלא
יעלה על לירה אחת" יבוא "בתשלום סכום שקבעה החברה ושלא יעלה על
הסכום שנקבע בתקנות;
(3) בסעיף קטן(5)(1), במקום "לכשישלם אגורה או סכום אחר שתקבע
החברה ושלא יעלה על עשרים אגורות לכל מאה מלים או חלק מהן שדרוש
להעתיקן" יבוא "לאחר ששילם סכום שקבעה החברה ושלא יעלה על הסכום
שנקבע בתקנות".</p></content></point><point><heading><authorialNote placement="side"><p>תיקון סעיף 31</p></authorialNote></heading><num>9</num><content><p>
בסעיף 31 לפקודה, אחרי סעיף קטן (4) יבוא:
"(5) חבר בחברה מוגבלת בעלת הון מניות שהעביר מניות לאחר,
תגיש החכרה לרשם החברות, תוך ששים יום מהיום שרשמה את ההעברה
בפנקס החברים, הודעה בדבר המניות שהועברו והפרטים כדבר המעביר
והנעבר."</p></content></point><point><heading><authorialNote placement="side"><p>תיקון סעיף 36</p></authorialNote></heading><num>10</num><content><p>
בסעיף 36 לפקודה -
(1) כסעיף קטן (1), הסיפה, החל מן המלים "וכמו כן של כל האנשים" -
תימחק;
(2) במקום סעיף קטן (2) יבוא:
"(2) הרשימה תפרט את השמות, מספרי הזהות, המענים ומשלחי-
היד של החברים הנזכרים בה ומספר המניות שבידי כל אחד מהם, ואם
השמות אינם מסודרים כאופן אלפביתי, יצורף מפתח אלפביתי."?
(3) אחרי סעיף קטן (8) יבוא:
"(9) הרשם רשאי, לא יאוחר מתום שנה לאחר האסיפה הכללית
השנתית האחרונה של החברה, לשלוח אליה, בטופס שנקבע, את הדו"ח
שלה לשנה הקודמת, כשכלולים בו השינויים המתחייבים מן ההודעות
שניתנו לרשם במשך אותה שנהן עשה הרשם כן, לא תהא החברה חייבת
להגיש דו"ח לפי סעיף קטן (1), אלא מנהל או מנהל העסקים או מזכיר
החברה יאשר את נכונות הפרטים שבטופס ויציין פרטים שיש להוסיף
או לשנות בו, הכל בדרך שנקבעה בתקנות."</p></content></point><point><heading><authorialNote placement="side"><p>תיקון סעיף 43</p></authorialNote></heading><num>11</num><content><p>
בסעיף 43(5) לפקודה, בפסקה (IV), במקום "בית המשפט רשאי" יבוא "הרשם
רשאי", ובסופה יבוא "סירב הרשם להאריך את המועד, זכאי המבקש לערער על החלטת
הרשם לפני בית המשפט תוך ארבעה עשר יום מיום שנמסרה לו".</p></content></point><point><heading><authorialNote placement="side"><p>תיקון סעיף 67</p></authorialNote></heading><num>12</num><content><p>
בסעיף 67(3) לפקודה, במקום הסיפה המתחילה כמלה "לכשישלם" יבוא "לאחר
ששילם סכום שקבעה החברה ושלא יעלה על הסכום שנקבע בתקנות",</p></content></point><point><heading><authorialNote placement="side"><p>תיקון סעיף 68</p></authorialNote></heading><num>13</num><content><p>
בסעיף 68(5) לפקודה, כמקום "בתשלום שלא יעלה על לירה אחת בעד כל מאה
מלה" יבוא "בתשלום סכום שקבעה החברה ושלא יעלה על הסכום שנקבע בתקנות".</p></content></point><point><heading><authorialNote placement="side"><p>תיקון סעיף 76</p></authorialNote></heading><num>14</num><content><p>
כסעיף 76 לפקודה -
(1) בסעיף קטן(01א), במקום הסיפה יבוא "ואם הוא תושב ישראל -
מספר זהותו";
(2) כסעיף קטן (1) (ב), אחרי "שמו של האיגוד" יבוא "מספר זהותו";
(3) בסעיף קטן (4), במקום הסיפה המתחילה במלים "תמורת תשלום" יבוא
"בתשלום סכום שקבעה החברה ושלא יעלה על הסכום שנקבע בתקנות".</p></content></point><point><heading><authorialNote placement="side"><p>תיקון סעיף 93</p></authorialNote></heading><num>15</num><content><p>
כסעיף 93 (1) (א) לפקודה, אחרי "את שמותיהם" יבוא "מספרי זהותם".</p></content></point><point><heading><authorialNote placement="side"><p>תיקון סעיף 106</p></authorialNote></heading><num>16</num><content><p>
בסעיף 106 לפקודה, אחרי סעיף קטן (2) יבוא:
"(2א) שר המשפטים רשאי לקבוע בתקנות את התקופה שכה
חייבת חברה לשמור תעודות ומסמכים ששימשו אסמכתה לרישומים
בספרי החשבונות שלה (להלן - אסמכתאות), ולקבוע תנאים והסדרים
לביעור אסמכתאות? בוערה אסמכתה לפי התקנות, יהיה הרישום בספרי
החשבונות ראיה לכאורה לתכנו."</p></content></point><point><heading><authorialNote placement="side"><p>תיקץ סעיף 111</p></authorialNote></heading><num>17</num><content><p>
בסעיף 111 (3) לפקודה, במקום "בתשלום של לא יותר מארבעים אגורות על כל
מאה מלים" יבוא "בתשלום סכום שקבעה החברה ושלא יעלה על הסכום שנקבע בתקנות".</p></content></point><point><heading><authorialNote placement="side"><p>תיקון סעיף 124</p></authorialNote></heading><num>18</num><content><p>
בסעיף 124 (2) לפקודה, במקום הסיפה המתחילה כמלים "בתשלום ארבעים אגורות"
יבוא "בתשלום סכום שקבעה החכרה ושלא יעלה על הסכום שנקבע בתקנות".</p></content></point><point><heading><authorialNote placement="side"><p>תיקון סעיף 125</p></authorialNote></heading><num>19</num><content><p>
בסעיף 125 (3) לפקודה, כמקום "שלא יעלה על לירה אחת בשביל כל עיון, כסי
שהחברה תקבענו" יבוא "שקבעה החכרה ושלא יעלה על הסכום שנקבע בתקנות".</p></content></point><point><heading><authorialNote placement="side"><p>תיקון סעיף 126</p></authorialNote></heading><num>20</num><content><p>
בסעיף 126 (1) לפקודה, כמקום "בתשלום של ארבעים אגורות בעד כל מאה מלים
הטעונות העתקה" יבוא "בתשלום סכום שקבעה החברה ושלא יעלה על הסכום שנקבע
בתקנות".</p></content></point><point><heading><authorialNote placement="side"><p>תיקון סעיף 127</p></authorialNote></heading><num>21</num><content><p>
בסעיף 127 (11) לפקודה, במקום המלים "המס הקבוע שלא יעלה על לירה אחת בעד
כל עיון" יבוא "האגרה שנקבעה".</p></content></point><point><heading><authorialNote placement="side"><p>החלפת סעיף 129</p></authorialNote></heading><num>22</num><content><p>
במקום סעיף 129 לפקודה יבוא;</p></content></point><point><heading><authorialNote placement="side"><p>''רישום מינוי של כונס נכסים, מפרק או מנהל עסקים</p></authorialNote></heading><num>129</num><content><p>
(1) כונס נכסים, מפרק עסקים, מפרק עסקים זמני ומנהל נכסים
של חברה שנתמנה לפי פקודה זו, וכן מנהל עסקים של חברה שנתמנה
לה כונס נכסים, מפרק עסקים, מפרק עסקים זמני או מנהל נכסים כאמור,
יודיע תוך שבעה ימים על המינוי, לרשם החברות ולכונס הנכסים הרשמי;
רשם החברות ירשום הודעה כאמור בפנקס המשכנתאות והשעבודים.
(2) בית המשפט רשאי להורות על מתן הודעה לאדם נוסף שיקבע.
(3) מי שלא קיים חובת הודעה לפי סעיף זה, דינו, בלי לגרוע
מהעונש הקבוע בסעיף 174א - קנס 50 לירות לכל יום שבו נמשכה
העבירה."</p></content></point><point><heading><authorialNote placement="side"><p>הוספת סעיף 135*</p></authorialNote></heading><num>23</num><content><p>
אחרי סעיף 135 לפקודה יבוא;</p></content></point><point><heading><authorialNote placement="side"><p>''ביקורת בית המשפט על כונס נכסים</p></authorialNote></heading><num>135</num><content><p>
א. (1) חברה שנתמנה לה כונס נכסים לסי פקודה זו, רשאי בית
המשפט להורות לו בצו כי בענינים שנקבעו בו עליו לפנות לבית המשפט
לשם קבלת הוראות,
(2) צו לפי סעיף קטן (1) יכול שיתן בית המשפט מיזמתו או
לפי בקשת כונס הנכסים הרשמי, מפרק עסקים, מפרק עסקים זמני, נושה
של החברה או משתתף כמשמעותו בסעיף 144.
(3) לשם מתן צו או הוראות לפי סעיף זה, רשאי בית המשפט
להיעזר במי שימצא לנכון, לרכות כונס הנכסים הרשמי."</p></content></point><point><heading><authorialNote placement="side"><p>תיקון סעיף 136</p></authorialNote></heading><num>24</num><content><p>
בסעיף 136 לפקודה, כסעיף קטן (2), המלים "על יסוד בקשה שתוגש לו על ידי
מפרק העסקים של החברה" - יימחקו, ואחריו יבוא;
"(3) שר המשפטים, באישור ועדת החוקה חוק ומשפט של הכנסת,
רשאי לקבוע כללים בדבר שכרו והוצאותיו של כונס נכסים או מנהל
נכסים של חכרה על פי סעיף קטן (2)."</p></content></point><point><heading><authorialNote placement="side"><p>החלפה סעיף 137</p></authorialNote></heading><num>25</num><content><p>
במקום סעיף 137 לפקודה יביא;</p></content></point><point><heading><authorialNote placement="side"><p>''מינוי כונס נכסים</p></authorialNote></heading><num>137</num><content><p>
שר המשפטים, באישור ועדת החוקה חוק ומשפט של הכנסת, רשאי
לקבוע כללים בדבר דרך מינויו של כונס נכסים לפי פקודה זו ובדבר
דרך הדיון של בית המשפט כהצעה, לענין זה, שתבוא מאת בעל איגרת
חוב או נושה מובטח; הכללים יקבעו את תנאי הכשירות של יחיד או
תאגיד למינוי זה ותנאים אחרים שכונס נכסים חייב למלא לצורך מינויו
ואת דרך החלוקה של התפקידים כין המועמדים הכשירים למינוי."</p></content></point><point><heading><authorialNote placement="side"><p>תיקון סעיף 162</p></authorialNote></heading><num>26</num><content><p>
האמור בסעיף 162 (6) לפקודה יסומן "(א)" ובו, אחרי "כפי שיורה בית המשפט"
יבוא "על פי כללים שקבע שר המשפטים", ואחריו יבוא:
"גב) (1) שר המשפטים, באישור ועדת החוקה חוק ומשפט של
הכנסת, רשאי לקבוע כללים בדבר שכרו והוצאותיו של מפרק
עסקים על פי פסקה (א).
(2) שר המשפטים, בהתייעצות עם שר האוצר, רשאי
לקבוע שחלק משכרו של מפרק עסקים ישולם מאוצר המדינה."</p></content></point><point><heading><authorialNote placement="side"><p>החלפות סעיף 163</p></authorialNote></heading><num>27</num><content><p>
במקום סעיף 163 לפקודה יבוא:</p></content></point><point><heading><authorialNote placement="side"><p>"מינוי ממרק שמקים</p></authorialNote></heading><num>163</num><list><intro><p>
(1) שר המשפטים, באישור ועדת החוקה חוק ומשפט של הכנסת,
רשאי לקבוע כללים בדבר דרך מינויו של מפרק עסקים ושל מפרק עסקים
זמני ובדבר דרך הדיון של בית המשפט בהצעה לענין זה שתבוא -</p></intro><subPoint><num>א</num><content><p> מאת אסיפת נושים או אסיפת משתתפים בנוגע למינויו
של מפרק עסקים;</p></content></subPoint><subPoint><num>כ</num><content><p> מאת נושה בנוגע למינויו של מפרק עסקים זמני,
(2) בכללים האמורים כסעיף קטן (1) ייקבעו תנאי הכשירות של
יחיד או תאגיד למינוי זה, ותנאים אחרים שמפרק עסקים או מפרק עסקים
זמני חייב למלא לצורך מינוים בדבר דרך החלוקה של התפקידים כין
המועמדים הכשירים למינוי.
(3) הוראות סעיף זה יחולו גם על מינוי מפרק עסקים לפי סעיפים
199 (ח) ו-(ט) ו-213."</p></content></subPoint></list></point><point><heading><authorialNote placement="side"><p>הוספת סעיף 174א</p></authorialNote></heading><num>28</num><content><p>
אחרי סעיף 174 לפקודה יבוא;</p></content></point><point><heading><authorialNote placement="side"><p>"עונשין</p></authorialNote></heading><num>174</num><list><intro><p>
א. (1) כונס נכסים, מפרק עסקים, מפרק עסקים זמני, מנהל נכסים
או מנהל מיוחד שלא קיימו חובה לפי פקודה זו, או שלא קיימו צו, הוראה
או תנאי שקבע בית המשפט, דינם - מאסר שנה או קנס 20,000 לירות.
(2) נתמנה תאגיד כונס נכסים או מפרק עסקים או מפרק עסקים
זמני ולא קיים חובה כאמור בסעיף קטן (1), הרי בלי לגרוע מאחריותו
של התאגיד, יראו בכך עבירה של כל אחד מחבריו אם לא הוכיח אחת
מאלה:</p></intro><subPoint><num>א</num><content><p> העבירה נעכרה שלא בידיעתו ותפקידו לא חייבו
לדעת את המעשה;</p></content></subPoint><subPoint><num>ב</num><content><p> הוא נקט כל האמצעים הסבירים כדי למנוע את ביצוע
העבירה."</p></content></subPoint></list></point><point><heading><authorialNote placement="side"><p>תיקון סעיף 226</p></authorialNote></heading><num>29</num><content><p>
בסעיף 226 (1) לפקודה, במקום "מפרק" יבוא "כונס נכסים, מפרק עסקים, מפרק
עסקים זמני".</p></content></point><point><heading><authorialNote placement="side"><p>תיקון סעיף 243</p></authorialNote></heading><num>30</num><content><p>
בסעיף 243 לפקודה -
(1) במקום סעיף קטן (1) יבוא:
"(1) שר המשפטים -
גא) ימנה את הרשם שמשרדו הראשי יהיה בירושלים;</p></content></point><point><heading><authorialNote placement="side"><p>-אגרה שנתית</p></authorialNote></heading><num>243</num><content><p>
א. (1) חברה חייבת בתשלום אגרה שנתית בשיעור ובאופן שקבע
שר המשפטים כאישור ועדת החוקה חוק ומשפט של הכנסת, והיא תשולם
כל שנה עד סוף חודש פברואר.
(2) חברה שלא שילמה את האגרה תוך המועד הקבוע בסעיף
קטן (1) תהא חייבת לשלם אגרה מוגדלת בשיעור שנקבע כאמור."</p></content></point><point><heading><authorialNote placement="side"><p>הוספת סעיף 243ב</p></authorialNote></heading><num>32</num><content><p>
אחרי סעיף 243א לפקודה יבוא:</p></content></point><point><heading><authorialNote placement="side"><p>-פנקסים ורישומים של הרשם</p></authorialNote></heading><num>243</num><content><p>
ב. (1) שר המשפטים רשאי לקבוע טופס לכל פנקס שעל הרשם
לנהל ודרך כל רישום שעליו לרשום.
(2) רישומים ופנקסים יכול שיתנהלו בכתב-יד, בדפוס, בשיכ-
פול, בצילום, בכרטיס ניקוב, כסרט מגנטי ובאמצעות כל מכשיר מכני,
חשמלי או אלקטרוני אחר."</p></content></point><point><heading><authorialNote placement="side"><p>תיקון סעיף 244</p></authorialNote></heading><num>33</num><content><p>
בסעיף 244 לפקודה, הרישה המתחילה במלים "שלם ישלם" עד "שיקבעם שר המש-
פטים בצו" והסיפה המתחילה במלים "לא תשלם" - יימחקו.</p></content></point><point><heading><authorialNote placement="side"><p>תיקון סעיף 248</p></authorialNote></heading><num>34</num><content><p>
בסעיף 248 לפקודה -
(1) בסוף סעיף קטן (1) יבוא "ושילמה את אגרות הרישום והפרסום שנקבעו";
(2) סעיף קטן (4) - כטל.</p></content></point><point><heading><authorialNote placement="side"><p>ניטול סעיף 251</p></authorialNote></heading><num>35</num><content><p>
סעיף 251 לפקודה - בטל.</p></content></point><point><heading><authorialNote placement="side"><p>ביטול סעיף 252</p></authorialNote></heading><num>36</num><content><p>
סעיף 252 לפקודה - בטל.</p></content></point><point><heading><authorialNote placement="side"><p>תיקון סעיף 255</p></authorialNote></heading><num>37</num><content><p>
בסעיף 255 לפקודה -
(1) בסוף סעיף קטן (2) יבוא "ולשלם את אגרות הרישום והפרסום שנקבעו";
(2) סעיף קטן (5) - בטל.</p></content></point><point><heading><authorialNote placement="side"><p>תיקון סעיף 256</p></authorialNote></heading><num>38</num><content><p>
בסעיף 256 לפקודה -
(1) בטוף סעיף קטן (2) יבוא "ולשלם אגרות הרישום והפרסום שנקבעו";
(2) סעיף קטן (5) - בטל.</p></content></point><point><heading><authorialNote placement="side"><p>הוספת סעיף 258</p></authorialNote></heading><num>39</num><content><p>
אחרי סעיף 257 לפקודה יבוא:</p></content></point><point><heading><authorialNote placement="side"><p>"ביצוע ותקנות</p></authorialNote></heading><num>258</num><list><intro><p>
שר המשפטים ממונה על ביצוע פקודה זו והוא רשאי, באישור
ועדת החוקה חוק ומשפט של הכנסת, להתקין תקנות לביצועה, ובין השאר
בדבר -</p></intro><subPoint><num>א</num><content><p> סדרי רישום;</p></content></subPoint><subPoint><num>ב</num><content><p> טפסים שחובה להשתמש בהם לענין פקודה זו והפרטים
שיש לכלול בהם;</p></content></subPoint><subPoint><num>ג</num><content><p> פרטים אחרים שחובה על חברה או חברה נכרית למסור
לרשם בנוגע לכל אדם הרשום בה כבעל מניות, כחבר או
כבעל זכות כדרך אחרת, כנושה, כמנהל או כמנהל עסקים
שלה;</p></content></subPoint><subPoint><num>ד</num><content><p> אגרות רישום ואגרות הון שיש לשלמן עקב רישום
חברה או חברה נכרית או בהגדלת הונה וכן אגרות ותשלומים
אחרים שיש לשלמם כשל פעולות ושירותים לפי פקודה זו."</p></content></subPoint></list></point><point><heading><authorialNote placement="side"><p>תיקון התוססת הראשונה</p></authorialNote></heading><num>40</num><content><p>
בכל אחד מן הטפסים שבתוספת הראשונה לפקודה, בראש רשימת החותמים, במקום
"כתובותיהם" יבוא "מעניהם ומספרי זהותם".</p></content></point><point><heading><authorialNote placement="side"><p>ביטול התוספת הששית</p></authorialNote></heading><num>41</num><content><p>
התוספת הששית לפקודה - כטלה.</p></content></point><point><heading><authorialNote placement="side"><p>הוראת מעבר לענין אגרות ותשלומים</p></authorialNote></heading><num>42</num><content><p>
כל עוד שר המשפטים לא התקין תקנות בענין אגרות ותשלומים אחרים שיש לשלמם
לפי הפקודה, יוסיפו לחול האגרות והתשלומים הקבועים לפיה ביום תחילתו של חוק זה.</p></content></point><point><heading><authorialNote placement="side"><p>תחילת</p></authorialNote></heading><num>43</num><list><intro><p /></intro><subPoint><num>א</num><content><p> תחילתו של חוק זה שלושה חדשים לאחר פרסומו ברשומות.</p></content></subPoint><subPoint><num>ב</num><content><p> הוראות חוק זה המחייבות לרשום או למסור מספר זהות - תחילתן, לגבי חברה
שנרשמה לפני תחילתו של חוק זה, בתום שנה מיום פרסומו ברשומות.</p></content></subPoint></list></point></chapter><signature><name>אפרים קציר</name><role>נשיא המדינה</role></signature><signature><name>יצחק רבין</name><role>ראש הממשלה</role></signature><signature><name>חיים י/ צדוק</name><role>שר המשפטים</role></signature><dateOfAcceptance>13.03.1975</dateOfAcceptance></body>