<?xml version="1.0" encoding="UTF-8" ?>
<body><title><content><p>חוק לתיקון פקודת קביעת הזמן, התשמ"א-1981 *</p></content></title><point><heading><authorialNote placement="side"><p>תיקון סעיף 2</p></authorialNote></heading><num>1</num><content><p>
בסעיף 2(1) לפקודת קביעת הזמן, 1940 1, במקום "במשך תקופה מסויימת בכל
שנה, ששר הפנים יקבענה בצו" יבוא "שר הפנים רשאי לקבוע בצו כי במשך תקופה
מסויימת בשנה פלונית".</p></content></point><signature><name>יצחק נבון</name><role>נשיא המדינה</role></signature><signature><name>מנחם בגין</name><role>ראש הממשלה</role></signature><signature><name>יוסף בורג</name><role>שר הפנים</role></signature><dateOfAcceptance>19.02.1981</dateOfAcceptance></body>