<?xml version="1.0" encoding="UTF-8" ?>
<body><title><content><p>חוק מעמד ההסתדרות הציונית העולמית - הסוכנות היהודית</p></content></title><point><heading><authorialNote placement="side"><p>הוספת סעיף 2א</p></authorialNote></heading><num>1</num><content><p>
בחוק מעמד ההסתדרות הציונית העולמית - הסוכנות היהודית לארץ-ישראל,
תשי"ג-1953  1(להלן - החוק העיקרי), אחרי סעיף 2 יבוא:
"2א. הסוכנות היהודית לארץ-ישראל היא התאגדות מרצון עצמאית,
מורכבת מן ההסתדרות הציונית העולמית ומארגונים וגופים אחרים;
היא פועלת במדינת ישראל בתחומים שבחרה בהסכמת הממשלה."</p></content></point><point><heading><authorialNote placement="side"><p>החלפת סעיף 3</p></authorialNote></heading><num>2</num><content><p>
במקום סעיף 3 לחוק העיקרי יבוא:
"3. ההסתדרות הציונית העולמית והסוכנות היהודית לארץ-ישראל
שוקדות כמקודם על העליה ומנצחות על מפעלי קליטה והתיישבות
במדינה."</p></content></point><point><heading><authorialNote placement="side"><p>תיקון סעיף 4.</p></authorialNote></heading><num>3</num><content><p>
בסעיף 4 לחוק העיקרי, במקום "בהסתדרות הציונית העולמית כסוכנות המוסמכת
שתוסיף לפעול" יבוא "בהסתדרות הציונית העולמית ובסוכנות היהודית לארץ-ישראל
בסוכנויות המוסמכות שיוסיפו לפעול".</p></content></point><point><heading><authorialNote placement="side"><p>הוסווה סעיף 6א</p></authorialNote></heading><num>4</num><content><p>
אחרי סעיף 6 לחוק העיקרי יבוא:
"6א. הוראות סעיפים 5 ו-6 יחולו על הסוכנות היהודית לארץ-ישראל
בשינויים המחוייבים לפי הענין."</p></content></point><point><heading><authorialNote placement="side"><p>החלטת סעיף 7</p></authorialNote></heading><num>5</num><content><p>
במקום סעיף 7 לחוק העיקרי יבוא:
"7. פרטי מעמדן וצורת שיתוף הפעולה של ההסתדרות הציונית העולמית
ושל הסוכנות היהודית לארץ-ישראל עם הממשלה ייקבעו באמנות
שייכרתו בישראל בין הממשלה וכין כל אחד משני גופים אלה."</p></content></point><point><heading><authorialNote placement="side"><p>תיקון סעיף 8</p></authorialNote></heading><num>6</num><content><p>
בסעיף 8 לחוק העיקרי -
(1) אחרי "האמנה" יבוא "עם ההסדרות הציונית העולמית";
(2) האמור בסעיף יסומן (א) ואחריו יבוא?
"(ב) האמנה עם הסוכנות היהודית לארץ-ישראל תחייב שיתוף
פעולה ותיאום מלאים מצדה עם מדינת ישראל וממשלתה בהתאם לחוקי
המדינה."</p></content></point><point><heading><authorialNote placement="side"><p>החלפת סעיף 9</p></authorialNote></heading><num>7</num><content><p>
במקום סעיף 9 לחוק העיקרי יבוא:
"9. יוקמו שתי ועדות לתיאום פעולה בין הממשלה לבין ההסתדרות
הציונית העולמית והסוכנות היהודית לארץ-ישראל בשטחים שבהם תפעל
כל אחת מהן על פי האמנה שנכרתה עמה; תפקידי הועדות ייקבעו באמנות."</p></content></point><point><heading><authorialNote placement="side"><p>תיקון סעיף 10</p></authorialNote></heading><num>8</num><content><p>
בסעיף 10 לחוק העיקרי, במקום "האמנה ובל שינוי או תיקון שיחולו בה" יבוא
"האמנות וכל שינוי או תיקון שיחולו בהן".</p></content></point><point><heading><authorialNote placement="side"><p>החלפת סעיף 11</p></authorialNote></heading><num>9</num><content><p>
במקום סעיף 11 לחוק העיקרי יבוא:
"11. ההסתדרות הציונית העולמית והסוכנות היהודית לארץ-ישראל,
כל אחת מהן היא אישיות משפטית והיא רשאית להתקשר בחוזים, לרכוש
נכסים, להחזיק בהם ולהוציאם מרשותה, ולהיות צד בכל משא ומתן
משפטי ואחר."</p></content></point><point><heading><authorialNote placement="side"><p>תיקון סעיף 12</p></authorialNote></heading><num>10</num><content><p>
בסעיף 12 לחוק העיקרי, במקום "ההנהלה, קרנותיה ושאר מוסדותיה" יבוא "ההס-
תדרות הציונית העולמית והסוכנות היהודית לארץ-ישראל, כל אחת מהן, קרנותיה ושאר
מוסדותיה".</p></content></point><point><heading><authorialNote placement="side"><p>שינוי שם החוק</p></authorialNote></heading><num>11</num><content><p>
שם החוק העיקרי יהיה "חוק מעמדן של ההסתדרות הציונית העולמית ושל הסוכנות
היהודית לארץ ישראל, תשי"ג-1952".</p></content></point><point><heading><authorialNote placement="side"><p>תחילה</p></authorialNote></heading><num>12</num><content><p>
חוק זה תחילתו מיום כ"ח בסיון תשל"א (21 ביוני 1971).</p></content></point><signature><name>אפרים קציר</name><role>נשיא המדינה</role></signature><signature><name>יצחק רבין</name><role>ראש הממשלה</role></signature><dateOfAcceptance>01.01.1976</dateOfAcceptance></body>