<?xml version="1.0" encoding="UTF-8" ?>
<body><title><content><p>חוק החוזים האחידים, תשכ"ד-1964 *</p></content></title><point><heading><authorialNote placement="side"><p>הגדרות</p></authorialNote></heading><num>1</num><content><p>
בחוק זה -
"חוזה אחיד" - חוזה להספקת מצרך או למתן שירות שתנאיו' כולם או מקצתם, נקבעו
מראש על ידי מספק המצרך או נותן השירות (להלן - הספק) או מטעמו כדי שישמשו
תנאים לחוזים רבי'ם בינו לבין אנשים בלתי מסויימים במספרם או בזהותם (להלן -
הלקוחות);
"מצרך" - לרבות מקרקעין וזכויות במקרקעין' זכויות שכירות וזכויות חכירה;
"תנאי שבחוזה" - לרבות תנאי המאוזכר בחוזה וכל תנאי. ויתור או ענין אחר שהם חלק
מן ההתקשרות ואינם מפורשים בחוזה גופו, ולמעט תנאי שספק ולקוח הסכימו עליו
במיוחד לצורך חוזה מסויים;
"תנאי מגביל" - תנאי מן התנאים המפורשים בסעיף 15;
"בית משפט" - לרבות בית דין ובורר.</p></content></point><point><heading><authorialNote placement="side"><p>בקשה לאישור חוזה אחיד</p></authorialNote></heading><num>2</num><content><p>
ספק המתקשר, או העומד להתקשר, עם לקוחות בחוזה אחיד, רשאי לפנות למועצה
שנתמנתה לענין חוק ההגבלים העסקיים, תשי"ט-11959 (להלן - המועצה), ולבקש שתאשר
את התנאים המגבילים שבחוזה.</p></content></point><point><heading><authorialNote placement="side"><p>הרכב המועצה</p></authorialNote></heading><num>3</num><content><p>
בבקשות אישור לפי חוק זה תדון המועצה בשלושה שהם יושב ראש המועצה או שופט
אחר שיתמנה לענין זה על ידי שר המשפטים ושני חברי המועצה שאחד מהם לפחות אינו
עובד המדינה.</p></content></point><point><heading><authorialNote placement="side"><p>סייג לבקשת אישור</p></authorialNote></heading><num>4</num><content><p>
לא תיזקק המועצה לבקשת אישור שהוגשה לאחר שטענה נגד תנאי מגביל שבחוזה
נטענה במשפט בין הספק לבין אחד מלקוחותיו, ולא תיזקק לבקשת אישור של תנאי שבית
משפט החליט, לפי סעיף 14, לראותו כתנאי בטל.</p></content></point><point><heading><authorialNote placement="side"><p>סמכות המוקצה</p></authorialNote></heading><num>5</num><content><p>
הוגשה בקשת אישור, רשאית המועצה, לאחר ששמעה את המבקש ואת היועץ המשפטי
לממשלה או בא כוחו, ולאחר שנהגה לכל אדם שנקבע כמשיב על פי התקנות הזדמנות
להשמיע טענותיו, לאשר תנאי מגביל שבחוזה, או לסרב לאשרו.</p></content></point><point><heading><authorialNote placement="side"><p>שיקולי המועצה</p></authorialNote></heading><num>6</num><content><p>
בבואה להחליט בדבר כשרותו של תנאי מגביל תשקול המועצה אם יש בו - בשים /
לב לכלל תנאי החוזה ולכל הנסיבות האחרות - משום קיפוח הלקוחות או משום יתרון
בלתי הוגן של הספק העשוי להביא לידי קיפוח הלקוחות.</p></content></point><point><heading><authorialNote placement="side"><p>גביית ראיות וסדרי דין</p></authorialNote></heading><num>7</num><content><p>
לענין הזמנת עדים וגביית ראיות יהיו למועצה כל הסמכויות שיש לבית משפט מחוזי
בענין אזרחי; המועצה תקבע את סדרי הדין שלה במידה שלא נקבעו על ידי שר המשפטים
בתקנות.</p></content></point><point><heading><authorialNote placement="side"><p>ערעור</p></authorialNote></heading><num>8</num><content><p>
המבקש, היועץ המשפטי לממשלה וכל מי שנקבע כמשיב על פי התקנות רשאים
לערער על החלטת המועצה תוך 60 יום לפני בית המשפט העליון.</p></content></point><point><heading><authorialNote placement="side"><p>תקופת תקפו של אישור</p></authorialNote></heading><num>9</num><content><p>
תקופת תקפו של אישור המועצה הוא חמש שנים מיום מתן האישור או תקופה קצרה
יותר שקבעה לכך המועצה בהחלטתה*</p></content></point><point><heading><authorialNote placement="side"><p>כוחו של אישור</p></authorialNote></heading><num>10</num><content><p>
תנאי מגביל שבחוזה אחיד שהמועצה אישרה אותו כוחו יפה בכל חוזה שנעשה על פי
אותו חוזה אחיד לפני מתן האישור או תוך תקופת תקפו, והוראות סעיף 14 לא יחולו עליו.</p></content></point><point><heading><authorialNote placement="side"><p>כוחו של סירוב</p></authorialNote></heading><num>11</num><content><p>
תנאי מגביל שבחוזה אחיד שהמועצה סירבה לאשרו - בטל, אולם אם לפני הסירוב
הזה היה אותו חוזה אחיד מאושר על ידי המועצה, לא יפגע הסירוב בחוזה שנעשה על פי
אותו חוזה אחיד לפני אותו אישור או תוך תקופת תקפו.</p></content></point><point><heading><authorialNote placement="side"><p>פנקס ההחלטות ופרסום</p></authorialNote></heading><num>12</num><content><p>
המועצה תנהל פנקס החלטותיה; הפנקס יהיה פתוח לעיון לכל; המועצה רשאית לפרסם
החלטותיה בצורה שתיראה לה מתאימה לתועלת הציבור.</p></content></point><point><heading><authorialNote placement="side"><p>ציון האישור</p></authorialNote></heading><num>13</num><content><p>
אישרה המועצה תנאיו של חוזה אחיד, יציין הספק עובדת האישור על פני כל חוזה
שהוא עושה עם לקוח אחרי מתן האישור ותוך תקופת תקפו; לא נעשה ציון כאמור על פני
חוזה פלוני, רשאי בית משפט, על אף אישור המועצה והאמור בסעיף 10, לעשות לגבי אותו
חוזה כאמור בסעיף 14.</p></content></point><point><heading><authorialNote placement="side"><p>סמכותו של בית-משפט</p></authorialNote></heading><num>14</num><content><p>
מצא בית משפט, בהליך משפטי בין ספק לבין לקוח שתנאי מגביל שבחוזה אחיד יש
בו --- בשים לב לכלל תנאי החוזה ולכל הנסיבות האחרות - משום קיפוח הלקוחות או משום
יתרון בלתי הוגן של הספק העשוי להביא לידי קיפוח הלקוחות, רשאי בית המשפט לראות
את התנאי, כולו או מקצתו, כתנאי בטל; ורשאי הוא לצוות שיוחזר ללקוח מה שניתן על
ידיו על פי אותו תנאי.</p></content></point><point><heading><authorialNote placement="side"><p>השפעה על שאר תנאי החוזה</p></authorialNote></heading><num>16</num><content><p>
נפסל תנאי שבחוזה על ידי המועצה לפי סעיף 11 או על ידי בית המשפט לפי סעיף
14, אין בכך בלבד כדי לפגוע בשאר תנאיו של החוזה.</p></content></point><point><heading><authorialNote placement="side"><p>סמכות בערעור</p></authorialNote></heading><num>17</num><content><p>
בערעור על החלטת המועצה ובערעור על קביעה שנקבעה על פי סעיף 14 רשאי בית
המשפט שלערעור לשקול מחדש את השיקולים האמורים בסעיפים 6 ו-.14</p></content></point><point><heading><authorialNote placement="side"><p>תחולה על המדינה</p></authorialNote></heading><num>18</num><content><p>
לענין חוק זה, דינה של המדינה כספק כדין כל ספק אחר.</p></content></point><point><heading><authorialNote placement="side"><p>תנאים התואמים חיקוק או הסכם בין-לאומי</p></authorialNote></heading><num>19</num><content><p>
הוראות חוק זה לא יחולו על תנאי התואם תנאים שנקבעו או אושרו בחיקוק שעמד
בתקפו ערב תחילתו של חוק זה או על פי חיקוק כזה, או שנקבעו בהסכם בין-לאומי שישראל
צד לו או בהסכם בין תאגיד ישראלי שנתאשר לענין סעיף זה על ידי הממשלה לבין ספק-
חוץ, ולא יחולו על תנאי הנוח ללקוח יותר מתנאים אלה.</p></content></point><point><heading><authorialNote placement="side"><p>שמירת דינים וטענות</p></authorialNote></heading><num>20</num><content><p>
אין בהוראות חוק זה כדי לגרוע מכל דין אחר או מכל טענה שעל פיהם עשוי חוזה
או תנאי שבחוזה - בין תנאי מגביל ובין תנאי אחר - להיות בטל או ניתן לביטול.</p></content></point><point><heading><authorialNote placement="side"><p>ביצוע ותקנות</p></authorialNote></heading><num>21</num><content><p>
שר המשפטים ממונה על ביצוע חוק זה והוא רשאי להתקין תקנות לביצועו לרבות
תקנות סדרי דין של המועצה והוראות בדבר -
(1) האנשים שיהיו משיבים בפני המועצה בנוסף ליועץ המשפטי לממשלה או
בא-כוחו;
(2) הראיות שמותר לקבלן או לדרשן בכל הליך לפני המועצה, על אף האמור
בכל דין;
(3) תשלום הוצאות' שכר טרחה של עורך דין ודמי בטלה של עדים;
(4) אגרות שישולמו בהליכים לפני המועצה;
(5) סדרי דין בערעורים לפי סעיף 8;
(6) צורת הציון שיש לציין על חוזים לפי סעיף 13.</p></content></point><point><heading><authorialNote placement="side"><p>הוראת מעבר</p></authorialNote></heading><num>22</num><content><p>
הוראות הסעיפים 10 , 11 ו-14 לא יחולו על חתה שנעשה לפני תום ששה חדשים
מתחילת חוק זה או לפני החלטת המועצה לפי סעיף 5 לגבי אותו חוזה אחיד, הכל לפי המועד
המוקדם יותר.</p></content></point><point><heading><authorialNote placement="side"><p>תחילה</p></authorialNote></heading><num>23</num><content><p>
חוק זה' תחילתו כעבור שלושה חדשים מיום קבלתו בכנסת.</p></content></point><signature><name>שניאור זלמן שזר</name><role>נשיא המדינה</role></signature><signature><name>לוי אשכול</name><role>ראש הממשלה</role></signature><signature><name>דב יוסף</name><role>שר המשפטים</role></signature><dateOfAcceptance>20.02.1964</dateOfAcceptance></body>