<?xml version="1.0" encoding="UTF-8" ?>
<body><title><content><p>חוק מניעת היצף, תשל"ז--1977 *</p></content></title><point><heading><authorialNote placement="side"><p>הגדרות</p></authorialNote></heading><num>1</num><content><p>
בחוק זה -
"ארץ היצוא" של טובין - הארץ שממנה יובאו:
"ארץ הייצור" של טובין - הארץ שבה יוצרו או שבה נעשו רוב תהליבי ייצורם;
"הועדה המייעצת" - הועדה שנתמנתה לפי סעיף  3:
"הוצאות ייצור" - לרבות הוצאות מינהליות וריווח סביר:
"היטל" - היטל המוטל על פי סעיף 6;
"המנהל" - מנהל המכס והבלו;
"השרים" - שר האוצר ושר המסחר והתעשיהן
"טובין זהים" - לרבות טובין דומים במרכיביהם, בצורתם ובאיכותם;
"יבואן" של טובין - לרבות מי שמחזיק בהם בעודם בפיקוח רשות המכס ומי שהתיר לו
גובה המכס רשימון לצריכתם בארץ:
"יצור" _ לרבות שינוי טובין מבחינת הצורה, הטיב או האיכות או מכל בחינה אחרת,
מזיגתם או אריזתם, וכן ייצורה או גידולה של תוצרת חקלאית;
"מחיר היצוא" - מחיר פו"ב בנמל היצוא;
"פקיד מכס", "גובה מכס", ו"רשות המכס" - כמשמעותם בפקודת המכס*.</p></content></point><point><heading><authorialNote placement="side"><p>היצף</p></authorialNote></heading><num>2</num><list><intro><p /></intro><subPoint><num>א</num><content><p> היצף הוא יבוא טובין כשמחיר היצוא שלהם נמוך בשעת קביעתו מהמחיר
המקובל.
גב) "המחיר המקובל" הוא המחיר, כמהלך העסקים הרגיל, של טובין זהים המיו-
עדים לתצרוכת מקומית בארץ היצוא, ובהעדר מחיר כזה - אחד מאלה:
(1) מחיר היצוא הגבוה ביותר של טובין זהים לארץ שלישית, שלא במקרה
חריג:
(2) סך כל הוצאות הייצור של טובין זהים בארץ היצוא; אם לא ניתן לוודא
הוצאות אלה יקבעו השרים את הבסיס לחישוב המחיר המקובל; לענין תוצרת
חקלאית ומוצרים הקשורים כייצור חקלאי יקבעו השרים את הבסיס בהתייעצות
עם שר החקלאות.</p></content></subPoint><subPoint><num>ג</num><content><p> אם ארץ היצוא איננה ארץ הייצור, ובארץ היצוא אין נמכרים טובין זהים,
או שהם נמכרים אך מחירם אינו מחיר במהלך העסקים הרגיל, ייקבע המחיר המקובל לפי
העקרונות שבסעיף קטן (ב) כאילו ארץ הייצור היתה ארץ היצוא.</p></content></subPoint><subPoint><num>ד</num><content><p> היה מחירם של טובין זהים המיועדים לתצרוכת מקומית בארץ היצוא, ולענין
סעיף קטן (ג) - בארץ הייצור, נמוך מהוצאות ייצורם, לא יראו בו מחיר במהלך העסקים
הרגיל.
עמ' 398.</p></content></subPoint></list></point><chapter><num>ספר החוקים</num><title><content><p>839, כ"ג בטבת תשל"ז, 13.1.1977</p></content></title><point><heading><authorialNote placement="side"><p>תלונה</p></authorialNote></heading><num>4</num><list><intro><p /></intro><subPoint><num>א</num><content><p> כל אדם מעונין רשאי לפנות ליושב ראש הועדה המייעצת בתלונה על כי טובין
יובאו או עומדים להיות מיובאים בהיצף וכי כתוצאה מכך נגרם נזק ממשי לענף תעשייתי
או חקלאי או עלול להיגרם נזק כזה, או נמנעה או עלולה להימנע התפתחות ענף כזה שהוחל
בהקמתו או עומדים להתחיל בהקמתו.</p></content></subPoint><subPoint><num>ב</num><content><p> נראה ליושב ראש הועדה המייעצת כי התלונה מבוססת לכאורה, יביאנה לפני
הועדה.</p></content></subPoint></list></point><point><heading><authorialNote placement="side"><p>סמכויות ופדרי עבודה של הועדה המייעצת</p></authorialNote></heading><num>5</num><list><intro><p /></intro><subPoint><num>א</num><content><p> הועדה המייעצת תזמין את היבואן להופיע לפניה ולהשמיע טענותיו; כן רשאית
היא להזמין כל אדם אחר שיש לו ענין בתלונה.</p></content></subPoint><subPoint><num>כ</num><content><p> השרים יקבעו בתקנות את סדרי עבודתה של הועדה. ובמידה שלא עשו כן תקבע
אותם הועדה.</p></content></subPoint><subPoint><num>ג</num><content><p> הועדה תביא מסקנותיה לפני השרים.</p></content></subPoint></list></point><point><heading><authorialNote placement="side"><p>סמכות להטיל היטל</p></authorialNote></heading><num>6</num><list><intro><p /></intro><subPoint><num>א</num><content><p> ראו השרים, לאחר שהועדה המייעצת הגישה מסקנותיה, כי נתקיים האמור
בתלונה שהוגשה לפי סעיף 4 (א), רשאים הם להטיל בצו כללי או למשגור מסויים היטל
על הטובין, ובלבד שהיטל על תוצרת חקלאית ועל מוצרים הקשורים בייצור חקלאי לא
יוטל אלא בהתייעצות עם שר החקלאות.</p></content></subPoint><subPoint><num>ב</num><content><p> ההיטל יהיה באחוזים מההפרש בין מחיר היצוא לבין המחיר המקובל, או בסכום
קצוב או לפי חישוב אחר, אולם בשום מקרה לא יעלה על סכום ההפרש האמור.</p></content></subPoint><subPoint><num>ג</num><content><p> ההיטל יחול על טובין שטרם שוחררו מפיקוח רשות המכס, אך רשאים השרים
לצוות שההיטל יחול גם על טובין ששוחררו מפיקוח רשות המכס ונמצאים בידי היבואן,
ובלבד שטרם חלפו 90 יום מיום שחרורם ועוד לא שולם היטל עליהם.</p></content></subPoint><subPoint><num>ד</num><content><p> הוראות חוק מסי מכס וכלו (שינוי תעריף), תש"ט-21949, יחולו בשינויים
המחוייבים על צווים לפי סעיף זה כאילו היו צווים לפי סעיף 1 לחוק האמור.</p></content></subPoint></list></point><point><heading><authorialNote placement="side"><p>החייב בהיטל</p></authorialNote></heading><num>7</num><content><p>
החייב בהיטל הוא היבואן.</p></content></point><point><heading><authorialNote placement="side"><p>סמכות לדרוש ערובה זמנית</p></authorialNote></heading><num>8</num><list><intro><p /></intro><subPoint><num>א</num><content><p> נראה למנהל שטובין יובאו בהיצף, ולא חל עליהם היטל, רשאי הוא לדרוש
מהיבואן ערובה לתשלום היטל אם אמנם יוטל תוך 60 יום מיום מתן הערובה? סכום הערובה
סמכות לפטור
לא יעלה על ההפרש בין מחיר היצוא של הטובין לבין ערכם כמשמעותו בסעיף 130
לפקודת המכס.</p></content></subPoint><subPoint><num>כ</num><content><p> הוטל היטל תוך התקופה האמורה, יחול ההיטל גם על טובין שלגביהם ניתבה
ערובה, אף אם שוחררו בינתיים מפיקוח רשות המכס, והיבואן יהיה חייב בתשלומו אף
אם הטובין יצאו מרשותו: לא הוטל היטל כאמור, תבוטל הערובה.
9 .ראה המנהל שטובין שעליהם חל צו כללי יובאו שלא בהיצף, יפטרם מההיטל, או
יחזיר את ההיטל אם כבר שולם, הכל לאחר התייעצות עם יושב ראש הועדה המייעצת.</p></content></subPoint></list></point><point><heading><authorialNote placement="side"><p>ערעור</p></authorialNote></heading><num>10</num><list><intro><p>
? (א) החולק על חבותו כהיטל או רואה עצמו נפגע מהחלטה לפי סעיף 9 רשאי
לערער לפני בית משפט מחוזי.</p></intro><subPoint><num>ב</num><content><p> שר המשפטים רשאי להתקין תקנות בדבר הדרך והמועד להגשת הערעור ובדבר
סדרי הדין בערעור,</p></content></subPoint></list></point><point><heading><authorialNote placement="side"><p>מועדים לתשלום ההיטל ודרכי התשלום</p></authorialNote></heading><num>11</num><list><intro><p /></intro><subPoint><num>א</num><content><p> ההיטל ישולם בשעת שחרור הטובין מפיקוח רשות המכס, ואם הוא הוחל על
טובין שככר שוחררו מפיקוח רשות המכס - תוך שלושים יום מתחילת הצו או בשעת
מכירת הטובין, לפי המוקדם. '</p></content></subPoint><subPoint><num>כ</num><content><p> המנהל רשאי, בתנאים הנראים לו, לדחות את תשלום ההיטל, כולו או מקצתו,
ורשאי הוא להתנות את הדחיה במתן ערובות להנחת דעתו.</p></content></subPoint></list></point><point><heading><authorialNote placement="side"><p>הקפאה</p></authorialNote></heading><num>12</num><content><p>
טובין שעליהם הוטל היטל וכן מוצרים שבייצורם השתמשו בטובין כאלה וההיטל
לא שולם, לא יעביר היבואן את הבעלות או ההחזקה בהם ולא יעשה בהם כל עסקה עד
לסילוק ההיטל, אלא בהיתר בכתב מאת המנהל ובהתאם לתנאי ההיתר.</p></content></point><point><heading><authorialNote placement="side"><p>ריבית</p></authorialNote></heading><num>13</num><list><intro><p /></intro><subPoint><num>א</num><content><p> לא שולם ההיטל, כולו או מקצתו, במועד שנקבע לתשלומו, או נדחה תשלומו,
תיווסף על הסכום שלא שולם ריבית, בשיעור שקבע שר האוצר באישור ועדת הכספים
של הכנסת, לתקופת הפיגור או הדחיה? לענין גביה, דין הריבית כדין ההיטל.</p></content></subPoint><subPoint><num>ב</num><content><p> המנהל רשאי לוותר על תשלום הריבית, כולה או מקצתה, מטעמים מיוחדים
שיירשמו.</p></content></subPoint></list></point><point><heading><authorialNote placement="side"><p>גביית ההיטל</p></authorialNote></heading><num>14</num><content><p>
פקודת המסים (גביה)3 תחול על גביית ההיטל.</p></content></point><point><heading><authorialNote placement="side"><p>היטל ששולם ביתר או בחסר</p></authorialNote></heading><num>15</num><content><p>
הוראות חוק מסים עקיפים (מס ששולם ביתר או בחסר), תשכ"ח-41968, יחולו
על ההיטל.</p></content></point><point><heading><authorialNote placement="side"><p>תחולת ייני המג</p></authorialNote></heading><num>16</num><content><p>
הוראות סעיפים 32 עד 36, 124 עד 127, 136, 144, 145 ו-150, למעט פסקה (2),
לפקודת המכס יחולו, בשינויים המחוייבים, על ההיטל כאילו היה מכס,</p></content></point><point><heading><authorialNote placement="side"><p>הישבון ביצוא טובין שלא חל בהם שינוי</p></authorialNote></heading><num>17</num><list><intro><p /></intro><subPoint><num>א</num><content><p> טובין שיובאו והם מיוצאים תוך שנה מיום ששוחררו מפיקוח רשות המכס,
כמוכח לפי רשומותיה של רשות המכס, באריזתם המקורית או באריזה חדשה שנעשתה
במעמדו של פקיד מכס, יושב סכום ההיטל ששולם עליהם, ובלבד שהטובין לא היו בשימוש
בישראל וזהותם נקבעה, להנחת דעתו של גובה המכס במקום שממנו הם מיוצאים, על-ידי
השוואה עם הפרטים שנרשמו במקום היבוא.</p></content></subPoint><subPoint><num>ב</num><content><p> המנהל רשאי להורות להשיב היטל ששולם על טובין אף אם יוצאו לאחר חלוף
שנה מיום שחרורם, אם ראה כי בנסיבות הענין מן הראוי לעשות כן, או אף אם יוצאו
לאחר שהיה בהם שימוש בישראל אם הוכח כי השימוש גרם לגילוי אי-התאמתם של הטובין
לתנאי הזמנתם או לגילוי של ליקוי שהיה קיים בהם בעת שחרורם מרשות המכס ואילולא
אותו שימוש לא ניתן היה לגלות את אי-ההתאמה או הליקוי כאמור.
18. (א) כדי להבטיח ביצועו של חוק זה או התקנות על פיו רשאי המנהל לדרוש מכל
אדם למסור לו ידיעות, דוגמאות ומסמכים הנוגעים לענין ולאפשר לו לעיין בהם ולצלמם.</p></content></subPoint><subPoint><num>ב</num><content><p> צילום של מסמך או דוגמה כאמור, שיש על גביו אישור מאת המנהל ואישור
מאת מי שמחזיק במסמך או בא כוחו, שהוא מתאים למקור, יראו אותו לכל דבר וענין
כאילו הוא המקור.</p></content></subPoint><subPoint><num>ג</num><content><p> על אף האמור בסעיף קטן (א) ובלי לגרוע מהוראות כל דין בדבר ראיות
חסויות, לא ידרוש המנהל ידיעות מכוח סעיף זה מבן זוגו של החייב בהיטל, מילדיו או
מהוריו.
מסירת ידיעות
ומסמכים</p></content></subPoint></list></point><point><heading><authorialNote placement="side"><p>חיפושים</p></authorialNote></heading><num>19</num><content><p>
מי שהסמיכו המנהל ככתב רשאי, אם הוא משוכנע שהדבר דרוש כדי להבטיח את
ביצועו של חוק זה והתקנות על פיו, להיכנס לכל מקום שאינו בית מגורים בלבד, לערוך
בו חיפוש ולתפוס טובין ומסמכים אם יש חשד שנעברה בהם עבירה או אם הם עשויים
לשמש ראיה במשפט, וסעיפים 33 עד 42 לפקודת סדר הדין הפלילי (מעצר וחיפוש) [נוסח
חדש], תשכ"ט--51969, יחולו.</p></content></point><point><heading><authorialNote placement="side"><p>עונשין</p></authorialNote></heading><num>20</num><list><intro><p /></intro><subPoint><num>א</num><content><p> מי שעשה אחת מאלה, דינו - מאסר שנתיים או קנס 50,000 לירות או פי
שלושה משווי הטובין אשר בקשר אתם נעברה העבירה, לפי הסכום הגבוה יותר:
(1) מסר, לענין חוק זה, ידיעה, פנקס, מסמך או תעודה אחרת שהם כוזבים
כפרט חשוב ואין בידו ליתן הסבר סביר לכך;
(2) העלים, השמיד, שינה או סירב למסור ידיעה, פנקס, מסמך או תעודה
אחרת שנדרש למסרם לפי חוק זה;
(3) עבר על הוראות סעיף 12;
(4) הפריע לאדם הפועל מטעם המנהל לבצע את סמכויותיו לפי חוק זה או
מנע זאת ממנו;
(5) עשה מעשה מרמה כדי להתחמק מסילוק ההיטל שנתחייב בו.</p></content></subPoint><subPoint><num>ב</num><content><p> נעברה עבירה על חוק זה במהלך עסקו של חייב בהיטל, בידי עובד או שלוח
של החייב כהיטל, אחראי לעבירה גט החייב בהיטל עצמו, אם לא הוכיח שנקט ככל האמ-
צעים הסבירים להבטחת קיומו של חוק זה או שהעבירה נעברה שלא בידיעתו.</p></content></subPoint><subPoint><num>ג</num><content><p> נעברה עבירה על חוק זה בידי חבר בני אדם, אחראי לעבירה גם כל אדם אשר
בשעת ביצוע העבירה היה מנהל פעיל, שותף, מנהל חשבונות או פקיד אחראי של אותו
חבר, אם לא הוכיח שנקט בכל האמצעים הסבירים להבטחת קיומו של חוק זה או שהעבירה
נעכרה שלא בידיעתו.</p></content></subPoint></list></point><point><heading><authorialNote placement="side"><p>חיוב הקונה</p></authorialNote></heading><num>21</num><content><p>
הוטל היטל על טובין לאחר שהיבואן הסכים על מכירתם, רשאי הוא לדרוש מהקונה
שישלם לו את סכום ההיטל זולת אם נקבע אחרת בהסכם.</p></content></point><point><heading><authorialNote placement="side"><p>כופר</p></authorialNote></heading><num>22</num><content><p>
ראה המנהל כי אדם עבר עבירה על הוראה מהוראות חוק זה, רשאי הוא בהסכמתו
של אותו אדם לקחת מידו כופר כסף שלא יעלה על הקנס הגבוה ביותר שמותר להטיל בשל
אותה עבירה; הוגש כתב אישום בשל העכירה, לא יקבל המנהל כופר כל עוד לא ציווה
היועץ המשפטי לממשלה על עיכוב ההליכים.</p></content></point><point><heading><authorialNote placement="side"><p>אי-תחולה</p></authorialNote></heading><num>23</num><content><p>
הוראות חוק זה לא יחולו על טובין שייבאה הממשלה ושר הבטחון קבע כי הם ציוד
לחימה.</p></content></point><point><heading><authorialNote placement="side"><p>אצילת סמכויות</p></authorialNote></heading><num>24</num><content><p>
המנהל רשאי לאצול בכתב מסמכויותיו לפי חוק זה, אם בדרך כלל ואם לענין מסויים,
למעט סמכויות לפי סעיפים 8, 9, 12, 13 (ב) ו-.22</p></content></point><point><heading><authorialNote placement="side"><p>ניטול</p></authorialNote></heading><num>25</num><content><p>
תקנה 4(6) לתקנות-שעת-חירום (תשלומי חובה), תשי"ח-61958-בטלה.</p></content></point><point><heading><authorialNote placement="side"><p>ביצוע ותקנות</p></authorialNote></heading><num>26</num><content><p>
השרים ממונים על ביצוע חוק זה והם רשאים להתקין תקנות בכל הנוגע לביצועו.</p></content></point></chapter><signature><name>יצחק רבין</name><role>ראש הממשלה</role></signature><signature><name>יהושע רבינוביץ</name><role>שר האוצר</role></signature><signature><name>חיים בר-לב</name><role>שר המסחר והתעשיה</role></signature><signature><name>אפרים קציר</name><role>נשיא המדינה</role></signature><dateOfAcceptance>13.01.1977</dateOfAcceptance></body>