<?xml version="1.0" encoding="UTF-8" ?>
<body><title><content><p>חוק חינוך ממלכתי, תשי"ג-1953 *</p></content></title><point><heading><authorialNote placement="side"><p>פירושים</p></authorialNote></heading><num>1</num><content><p>
בחוק זה -
"חינוך ממלכתי" פירושו - חינוך הניתן מאת המדינה על פי תכנית הלימודים, ללא זיקה
לגוף מפלגתי' עדתי או ארגון אחר מחוץ לממשלה' ובפיקוחו של השר או של מי שהוסמך
לכך על ידיו;
"חינוך ממלכתי דתי" פירושו - חינוך ממלכתי אלא שמוסדותיו הם דתיים לפי אורח
חייהם, תכנית לימודיהם, מוריהם ומפקחיהם ;
"תכנית הלימודים" פירושו - תכנית לימודים שנקבעה על ידי השר למוסדות החינוך
הרשמיים להשגת המטרה האמורה בסעיף 2; וכולל "תכנית היסוד" שהשר יקבעה
כתכנית חובה על כל מוסד כזה;
"מוסד חינוך ממלכתי" פירושו - מוסד חינוך רשמי שניתן בו חינוך ממלכתי, למעט מוסד
חינוך ממלכתי דתי ;
"מוסד חינוך ממלכתי דתי" פירושו - מוסד חינוך רשמי שניתן בו חינוך ממלכתי דתי;
"תכנית השלמה" פירושו - חלק של תכנית הלימודים שיקבע או שיאשר השר לפי חוק זה
ושיקיף לא יותר מעשרים וחמישה אחוזים משעות הלימודים במוסד חינוך רשמי;
"תכנית השלמה למוסד חינוך ממלכתי דתי" פירושו - תכנית השלמה שתכלול לימודי תורה
שבכתב ושבעל פה ותכוון לאורח חיים דתי' לרבות נוהג והווי דתי בין כתלי המוסד;
"תלמיד" פירושו - ילד או נער;
שאר המונחים פירושם כמשמעותם בחוק לימוד חובה' תש"ט- 1949 1 (להלן -
חוק לימוד חובה).</p></content></point><point><heading><authorialNote placement="side"><p>מטרת החינוך הממלכתי</p></authorialNote></heading><num>2</num><content><p>
מטרת החינוך הממלכתי היא להשתית את החינוך היסודי במדינה על ערכי תרבות
ישראל והישגי המדע' על אהבת המולדת ונאמנות למדינה ולעם ישראל' על אימון בעבודה
חקלאית ובמלאכה' על הכשרה חלוצית' ועל שאיפה לחברה בנויה על חירות' שויון, סובלנות,
עזרה הדדית ואהבת הבריות.</p></content></point><point><heading><authorialNote placement="side"><p>חינוך ממלכתי משנת תשי"ד</p></authorialNote></heading><num>3</num><content><p>
משנת הלימודים תשי"ד ואילך יונהג חינוך ממלכתי בכל מוסד חינוך רשמי  במוסד
חינוך רשמי, אשר בשנת הלימודים תשי"ג נמנה עם זרם המזרחי או עם זרם אגודת ישראל
או עם החלק הדתי של זרם העובדים, יונהג חינוך ממלכתי דתי.</p></content></point><point><heading><authorialNote placement="side"><p>תכנית הלימודים</p></authorialNote></heading><num>4</num><content><p>
השר יקבע את תכנית הלימודים של כל מוסד חינוך רשמי ; במוסדות חינוך לא
יהודיים תותאם תכנית הלימודים לתנאיהם המיוחדים.</p></content></point><point><heading><authorialNote placement="side"><p>תכנית השלמה שנקבעה על ידי השר</p></authorialNote></heading><num>5</num><content><p>
השר רשאי לקבוע לכל מוסד חינוך רשמי תכנית השלמה שתונהג בו' בין תכנית אחת
לכל המוסד ובין תכניות שונות לכיתות שונות או מקבילות ; למוסד חינוך ממלכתי דתי
תיקבע תכנית מתכניות ההשלמה למוסד חינוך ממלכתי דתי.</p></content></point><point><heading><authorialNote placement="side"><p>תכנית השלמה לפי דרישת הורים</p></authorialNote></heading><num>6</num><content><p>
לפי דרישת הורי תלמידים במוסד חינוך, רשאי השר' בתנאים שנקבעו בתקנות' לאשר
למוסד תכנית השלמה אחרת מזו שנקבעה על פי סעיף .5</p></content></point><point><heading><authorialNote placement="side"><p>תכנית השלמה לא תגרום להוצאות יתרות</p></authorialNote></heading><num>7</num><content><p>
השר לא ישתמש בסמכותו לפי סעיף 6, אם נוכח שתכנית השלמה אחרת תגרום
להוצאות יתרות; ואולם אם היו ההוצאות היתרות על חשבון רשות חינוך מקומית' רשאי
השר לעשות זאת בהסכמת אותה רשות.</p></content></point><point><heading><authorialNote placement="side"><p>תכנית נוספת</p></authorialNote></heading><num>8</num><content><p>
השר רשאי' בתנאים שנקבעו בתקנות' לאשר למוסד חינוך רשמי, לפי דרישת הורי
תלמידים באותו מוסל/ תכנית לשעות נוספות על השעות שנקבעו בתכנית הלימודים, ובלבד
שכל ההוצאות הנובעות מביצוע התוספת יחולו על הורי התלמידים המתחנכים על פיה או
על רשות החינוך המקומית שהתחייבה לשאת בהן על חשבונה.</p></content></point><point><heading><authorialNote placement="side"><p>תכנית לשם ניסוי</p></authorialNote></heading><num>9</num><content><p>
השר רשאי להנהיג במוסד חינוך רשמי מסויים, לשם ניסוי, תכנית לימודים שלא
לפי הוראות חוק זה, בתנאי שיתן, באופן שנקבע בתקנות, הודעה מוקדמת על כך לפני
התחלת הרישום לפי סעיף 20, ובתנאי נוסף שמוסד כזה לא ייקבע כמוסד היחידי הקרוב
לתלמידים שגרים בקרבתו.</p></content></point><point><heading><authorialNote placement="side"><p>מיזוג מוסדות חינוך</p></authorialNote></heading><num>10</num><list><intro><p /></intro><subPoint><num>א</num><content><p> השר רשאי לצוות לרשות חינוך מקומית אחת או יותר, על מיזוגם של מוסדות
חינוך רשמיים שבתחום אותה רשות או אותן רשויות ; ואולם לא יצווה השר על מיזוג מוסד
חינוך ממלכתי עם מוסד חינוך ממלכתי דתי.</p></content></subPoint><subPoint><num>ב</num><content><p> השר לא יצווה על מיזוגם של מוסדות חינוך רשמיים בשתי רשויות חינוך
מקומיות או יותר' אלא אם נתן הודעה מוקדמת על כך בכתב לרשויות החינוך המקומיות
הנוגעות בדבר, וניתנה להן הזדמנות להביא בפני השר את התנגדותן, אם תהיה כזו.</p></content></subPoint></list></point><point><heading><authorialNote placement="side"><p>מוסדות חינוך מוכרים לא רשמיים</p></authorialNote></heading><num>11</num><content><p>
השר רשאי לקבוע' בתקנות, סדרים ותנאים להכרזת מוסדות לא רשמיים כמוסדות
חינוך מוכרים, להנהגת תכנית היסוד בהם, להנהלתם, לפיקוח עליהם ולתמיכת המדינה
בתקציביהם, אם השר יחליט על התמיכה ובמידה שיחליט,</p></content></point><point><heading><authorialNote placement="side"><p>ועד החינוך</p></authorialNote></heading><num>12</num><content><p>
יוקם ועד לעניני החינוך (להלן - ועד החינוך), אשר מספר חבריו יהיה לא פחות
מחמישה עשר. חברי הועד יתמנו על ידי השר' באישור הממשלה, כל אחד לתקופה של ארבע
שנים. כחברי הועד יתמנו אנשים פעילים בשדה החינוך, עובדים של משרד החינוך והתרבות
שמספרם לא יעלה על 25% מכל חברי הועד' ומועמדים של רשויות מקומיות, מוסדות
החינוך הגבוה והסתדרות המורים, מתוך רשימות שיוגשו לשר לפי בקשתו.</p></content></point><point><heading><authorialNote placement="side"><p>מועצה לחינוך מט?כתי דתי</p></authorialNote></heading><num>13</num><content><p>
תוקם מועצה לחינוך ממלכתי דתי; חברי המועצה יתמנו על ידי השר, באישור הממ-
שלה, כל אחד לתקופה של ארבע שנים. שני חברים יהיו באי כוחו של השר' ששה חברים
יתמנו מתוך רשימה של שנים עשר מועמדים שתוצע על ידי שר הדתות, שלושה חברים
יתמנו מתוך רשימה של ששה מועמדים לפחות שתוצע, בהתאם לתקנות' על ידי ארגוני
מורים המייצגים את המורים הדתיים, ושלושה חברים יתמנו מבין החברים הדתיים של ועד
החינוך.</p></content></point><point><heading><authorialNote placement="side"><p>סמכויות ועד לחינוך</p></authorialNote></heading><num>14</num><content><p>
השר יוועץ בועד החינוך בטרם ישתמש בסמכות מן הסמכויות המסורות לו לפי חוק
זה, חוץ מן הסמכויות לפי הסעיפים 12, 29, ו-32 והשימוש הראשון בסמכותו לפי סעיף .17</p></content></point><point><heading><authorialNote placement="side"><p>סמכויות המועצה לחינוך ממלכתי דתי</p></authorialNote></heading><num>15</num><content><p>
השר יוועץ, בהתאם לסדרים שנקבעו בתקנות, במועצה לחינוך ממלכתי דתי בטרם
ישתמש בסמכות מן הסמכויות המסורות לו לפי חוק זה הנוגעות לחינוך ממלכתי דתי,
לרבות מינוי מנהל אגף החינוך הדתי במשרד החינוך והתרבות, ומינוים של מפקחים,
מנהלים ומורים למוסדות החינוך הממלכתי הדתי, חוץ מן הסמכויות לפי הסעיפים 12' 13,
32,31 והשימוש הראשון בסמכותו לפי סעיף 17.</p></content></point><point><heading><authorialNote placement="side"><p>הסכמה לתכנית השלמה</p></authorialNote></heading><num>16</num><content><p>
תכניות ההשלמה למוסדות החינוך הממלכתי הדתי ייקבעו על ידי השר בהסכמת
המועצה לחינוך ממלכתי דתי*</p></content></point><point><heading><authorialNote placement="side"><p>תקנונים</p></authorialNote></heading><num>17</num><content><p>
השר יקבע תקנון לועד החינוך ותקנון למועצה לחינוך ממלכתי דתי. בתקנון ייקבעו
סדרי כינוסם ועבודתם של הועד ושל המועצה וכללים למילוי מקומם של חברים שאינם
משתתפים בישיבות הועד או המועצה' וכן הוראות אחרות שהשר יראה בהן צורך לשם
ביצוע תפקידם של הועד ושל המועצה, הכל לפי הענין.</p></content></point><point><heading><authorialNote placement="side"><p>פסו? עוברים מטעמים רחיים</p></authorialNote></heading><num>18</num><content><p>
המועצה לחינוך ממלכתי דתי רשאית לפסול' מטעמים דתיים בלבד, מינויו או המשכת
שירותו של מנהל או מפקח או מורה במוסד חינוך ממלכתי דתי. בא על החלטת הפסול
ערר של חבר מחברי המועצה' לא יהא להחלטה תוקף כל עוד לא הכריעו בערר' בדרך
שנקבעה בתקנות.</p></content></point><point><heading><authorialNote placement="side"><p>איסור תעמולה</p></authorialNote></heading><num>19</num><content><p>
מורה' וכן עובד אחר במוסד חינוך, לא ינהל תעמולה לטובת מפלגה או ארגון
פוליטי אחר בקרב תלמידים של מוסד חינוך.</p></content></point><point><heading><authorialNote placement="side"><p>רישום תלמידים</p></authorialNote></heading><num>20</num><content><p>
לצורך מילוי החובה האמורה בסעיפים קטנים (אא) ו-(ד) של סעיף 3 לחוק לימוד
חובה יירשם תלמיד -
(1) במוסד חינוך ממלכתי או במוסד חינוך ממלכתי דתי, הקרוב למקום
מגוריו;
(2) אם מקום מגוריו הוא בתחום שיפוטה של רשות חינוך מקומית שאין בו
מוסד חינוך רשמי - ברשות החינוך המקומית;
(3) אם עומד התלמיד לקבל את חינוכו היסודי במוסד חינוך מוכר שאינו מוסד
חינוך רשמי - באותו מוסד חינוך מוכר.</p></content></point><point><heading><authorialNote placement="side"><p>תקנות רישום</p></authorialNote></heading><num>21</num><content><p>
סדרי הרישום, כללי האחריות לביצועו' הכללים שלפיהם ייקבע מוסד החינוך הקרוב
למקום מגוריו של תלמיד והתנאים בהם מותר יהיה לרשום תלמיד שלא בהתאם לאמור
בסעיף 20 - ייקבעו בתקנות.</p></content></point><point><heading><authorialNote placement="side"><p>דין וחשבון על הרישום</p></authorialNote></heading><num>22</num><content><p>
כל מוסד חינוך שבו נרשמו תלמידים לפי חוק זה ולפי חוק לימוד חובה' חייב למסור,
על פי כללים שנקבעו בתקנות, דין וחשבון על כך לרשות החינוך המקומית שבתחום שיפו-
טה נמצא המוסד*</p></content></point><point><heading><authorialNote placement="side"><p>רישום ברשות חינור שאיז בה מוסד חינור רשמי</p></authorialNote></heading><num>23</num><content><p>
בשעת רישום ברשות חינוך מקומית לפי פסקה (2) לסעיף 20 יודיע ההורה הרושם
על בחירתו בין מוסד חינוך ממלכתי ובין מוסד חינוך ממלכתי דתי. סדרי ההודעה ייקבעו
בתקנות.</p></content></point><point><heading><authorialNote placement="side"><p>הודעה במקרים מיוחדים</p></authorialNote></heading><num>24</num><content><p>
רשות חינוך מקומית שיש בה מוסד חינוך ממלכתי ואין בה מוסד חינוך ממלכתי
דתי, או להיפר, רשאי ההורה הרושם למסור הודעה בשעת הרישום לפי פסקה (1) לסעיף
20 על רצונו שיינתן לתלמיד החינוך שאינו ניתן באותה רשות חינור מקומית.</p></content></point><point><heading><authorialNote placement="side"><p>המוסד שבו יבקר תלמיד</p></authorialNote></heading><num>25</num><content><p>
תלמיד שנרשם במוסד חינור לפי סעיף 20 או 21, יבקר במוסד החינוך שבו נרשם ;
עלה מספר התלמידים שנרשמו במוסד על מכסה שנקבעה לו, לפי כללים שפורטו בתקנות'
יבקרו התלמידים העודפים על המכסה, במוסד חינוך רשמי אחר שייקבע להם, על-פי אותם
הכללים, ובלבד שתלמיד שנרשם במוסד חינוך ממלכתי לא ייקבע לו מוסד חינוך ממלכתי
דתי, או להיפך.</p></content></point><point><heading><authorialNote placement="side"><p>מוסד שנפתח על טי הודעות</p></authorialNote></heading><num>26</num><content><p>
נפתח ברשות חינוך מקומית מוסד חינוך רשמי' על יסוד הודעות שניתנו לפי סעיף
24' יראו את התלמידים שבשעת רישומם נתנו אותן ההודעות, כאילו נרשמו אותה שעה
במוסד שנפתח כאמור.</p></content></point><point><heading><authorialNote placement="side"><p>תיקון חוק לימור חובה</p></authorialNote></heading><num>27</num><list><intro><p>
חוק לימוד חובה יתוקן כך:
(1) בסעיף 1 יימחקו ההגדרות "מועצת חינוך" ו"זרם מוכר";
(2) בסעיף 3 -</p></intro><subPoint><num>א</num><content><p> במקום סעיף קטן (א) יבואו סעיפים קטנים אלה:
"(א) הורים של ילד בגיל 5 חייבים, כל אחד מהם, לרשמו, במועד
ובאופן שנקבע בתקנות, ברשות החינוך המקומית שבתחום שיפוטה
גר הילד. רשמו אחד מהם - השני פטור.
(אא) הורים של ילד בגיל 6 ומעלה או של נער חייבים, כל אחד מהם,
לרשום את הילד או הנער, כמפורט בסעיף קטן (ב), במוסד חינוך או
ברשות חינוך מקומית כאמור בסעיפים 20 ו-21 לחוק חינוך ממלכתי'
תשי"ג-1953. רשם אחד מהם את הילד או את הנער - השני פטור."</p></content></subPoint><subPoint><num>ב</num><content><p> בסעיף קטן (ב) -</p></content></subPoint><subPoint><num>ו</num><content><p> במקום פסקה (2) תבוא פסקה זו:
"(2) ילד שבראשית שנת הלימודים תשי"ד או בראשית כל שנת
לימודים שלאחריה יהיה בגיל 6 - במועד שנקבע בתקנות ;"
(11) אחרי פסקה (4) תבוא פסקה זו:
"(5) ילד בגיל לימוד חובה' או נער בגיל לימוד חובה' הגר בת-
חומה של רשות חינוך מקומית שאין בה מוסד חינוך רשמי ואותה
רשות הודיעה, באופן שנקבע בתקנות, כי היא עומדת לפתוח
מוסד כזה - תוך שלושים יום מיום ההודעה ;"</p></content></subPoint><subPoint><num>ג</num><content><p> בסעיף קטן (ד) -
(1) ברישא, במקום המלים "ברשות החינוך המקומית שבתחום שי-
פוטה הוא גר" יבואו המלים "במוסד חינוך או ברשות חינוך מקומית
כאמור בסעיפים 20 ו-21 לחוק חינוך ממלכתי, תשי"ג-1953";
"(5) אם גר הנער בתחומה של רשות חינוך מקומית שאין בק
מוסד חינוך רשמי לחינוך יסודי לנערים ואותה רשות הודיעה,
באופן שנקבע בתקנות, כי היא עומדת לפתוח מוסד כזה - תוך
שלושים יום מיום ההודעה ;"
(3) בסעיף 10 -</p></content></subPoint><subPoint><num>א</num><content><p> סעיף קטן (א) - בטל;</p></content></subPoint><subPoint><num>ב</num><content><p> בסעיף קטן (ב) יימחקו - הסימן שבראשיתו והמלים שבשורה הרבי-
עית "לחינוך יסודי מזרם מוכר מסויים או מוסד חינוך רשמי אחר";
(4) בסעיף 14, במקום המלים "במועצת החינוך" יבואו המלים "בועד החינוך".</p></content></subPoint></list></point><point><heading><authorialNote placement="side"><p>תחולת החוק על מוסדות להכשרת מורים וגננות</p></authorialNote></heading><num>28</num><content><p>
השר רשאי לצוות, כי הוראות הסעיפים 1-19, 29 ו-34 של חוק זה יחולו בתיאומים
שיקבע אותם לפי הענין, על בתי מדרש למורים ולגננות.</p></content></point><point><heading><authorialNote placement="side"><p>העברת סמכויות</p></authorialNote></heading><num>29</num><content><p>
השר רשאי להעביר לאחר את הסמכויות המסורות לו לפי חוק זה' כולן או מקצתן,
פרט לסמכות להתקין תקנות ופרט לסמכויות לפי הסעיפים 10 (ב), 12, 13 ו-17. הודעה על
העברת סמכויות לפי סעיף זה תפורסם ברשומות.</p></content></point><point><heading><authorialNote placement="side"><p>העברת תלמידים בשנת תשי"ר</p></authorialNote></heading><num>30</num><content><p>
מיום תחילת תקפו של חוק זה ועד תום שנת הלימודים תשי"ד לא יועבר תלמיד,
ללא אישור השר' ממוסד חינוך רשמי למשנהו' אלא אם הועתק מקום מגוריו.</p></content></point><point><heading><authorialNote placement="side"><p>העברת מנהלים ומורים</p></authorialNote></heading><num>31</num><content><p>
מנהל או מורה במוסד חינוך רשמי שהועבר בשנת הלימודים תשי"ד ממוסד חינוך
רשמי אחד למשנהו מחמת השינויים שחלו או שיחולו לרגל ביצוע חוק זה' לא תשמש
העברה זו, למרות כל נוהג אחר' עילה לתביעת פיצויים או תשלום אחר בגלל חוסר הודעה
מוקדמת על ההעברה.</p></content></point><point><heading><authorialNote placement="side"><p>הוראות מיוחרות  לשנת תשי"ד</p></authorialNote></heading><num>32</num><list><intro><p /></intro><subPoint><num>א</num><content><p> עד תאריך שייקבע על ידי השר ויפורסם ברשומות רשאים הורים של תלמיד,
שלמד בשנת הלימודים תשי"ג במוסד חינוך רשמי, להודיע בכתב, לרשות החינוך המקומית
שבתחומה נמצא המוסד' כי ברצונם לחנך את התלמיד במוסד חינוך לא רשמי בעל תכנית
מסויימת שתכלול את תכנית היסוד.</p></content></subPoint><subPoint><num>ב</num><content><p> היה מספר התלמידים שלמדו בשנת תשי"ג כמוסד מסויים, שהוריהם הודיעו
כאמור, שני שלישים או יותר מכלל התלמידים שלמדו אותה שנה במוסד' תמסור רשות
החינוך המקומית דין וחשבון לשר על התכנית ועל מספר התלמידים שהוריהם בחרו בה.</p></content></subPoint><subPoint><num>ג</num><content><p> נתקבלה התכנית על דעת השר ומספר התלמידים שהוריהם רוצים לחנכם
לפיה הוא מספיק לדעתו, כדי לפתוח בשבילם מוסד חינוך, רשאי השר להקציב מקרקעים
וציוד לשם פתיחת מוסד כזה' בין מאלה שהוחזקו על ידי מוסד החינוך הרשמי האמור ובין
אחרים, או להורות לרשות החינוך המקומית להקציב מקרקעים וציוד כאמור' או להמליץ
בפניה על כך.</p></content></subPoint><subPoint><num>ד</num><content><p> נוכח השר' כי נפתח המוסד האמור והועמדו לרשותו מקרקעים וציוד המב-
טיחים מתן חינוך יסודי באופן סדיר על פי התכנית האמורה, יכריז השר על אותו מוסד
כעל מוסד חינוך מוכר.</p></content></subPoint><subPoint><num>ה</num><content><p> האמור בסעיף זה בא להוסיף, לגבי שנת הלימודים תשי"ד' על הוראות
הסעיפים 11 ו-20 (3), ולא לגרוע מהן.</p></content></subPoint></list></point><point><heading><authorialNote placement="side"><p>אחריות למוסד שנפתח לפי כעיף 32</p></authorialNote></heading><num>33</num><list><intro><p /></intro><subPoint><num>א</num><content><p> מוסד חינוך שנפתח לפי סעיף 32 יחולו הוצאות החזקתו והנהלתו על הורי
תלמידיו והם ישאו' כולם יחד וכל אחד לחוד, באחריות לכל התחייבות שנוצרה על ידי
החזקת המוסד והנהלתו.</p></content></subPoint><subPoint><num>ב</num><content><p> מקרקעים שהוקצבו למוסד כזה על ידי המדינה או רשות חינוך מקומית לתקופה
מסויימת, יהיה המוסד וכל המחזיק בהם מטעמו חייב, על אף האמור בכל חוק אחר, לפנותם
כתום אותה תקופה.</p></content></subPoint></list></point><point><heading><authorialNote placement="side"><p>ביצוע ותקנות</p></authorialNote></heading><num>34</num><content><p>
השר ממונה על ביצוע חוק זה והוא יתקין תקנות בכל ענין הנוגע לביצועו ובכלל
זה תקנות בדבר -
(1) סדרי הפיקוח על מוסדות החינוך הממלכתי ומינוים של מפקחיהם, מנהלי-
הם ומוריהם :
(2) סדרי הפיקוח על מוסדות החינוך הממלכתי הדתי ומינוים של מפקחיהם,
מנהליהם ומוריהם, וביצוע זכותה של המועצה לחינוך הדתי להציע מועמדים
למורים, מנהלים ומפקחים, לפסלם להמשכת שירותם ולהתנגד למינויים אלה
מטעמים דתיים;
(3) הנהגת תכנית היסוד במוסדות חינוך מוכרים שאינם מוסדות חינוך
רשמיים והפיקוח על ביצועה ;</p></content></point><point><heading><authorialNote placement="side"><p>תחילת תוקף</p></authorialNote></heading><num>35</num><content><p>
תקפו של חוק זה הוא מיום קבלתו בכנסת.</p></content></point><signature><name>יצחק ב ן- צ ב י</name><role>נשיא המדינה</role></signature><signature><name>משה שרת</name><role>שר החוץ</role></signature><signature><name>בן-ציון דינור</name><role>שר החינוך והתרבות</role></signature><dateOfAcceptance>20.08.1953</dateOfAcceptance></body>