<?xml version="1.0" encoding="UTF-8" ?>
<body><title><content><p>חוק הזרעים (תיקון), תשכ"ה-1965 *</p></content></title><point><heading><authorialNote placement="side"><p>תיקון סעיף 3</p></authorialNote></heading><num>1</num><content><p>
בסעיף 3 לחוק הזרעים, תשט"ז-1956 1 (להלן - החוק העיקרי) -
(1) במקום הערת השוליים יבוא ''תקנות לשיפור טיבם של זרעים";
(2) הסעיף יסומן "3(א)" והרישה תנוסח כך:
"3(א). שר החקלאות רשאי להתקין התקנות הבאות";
(3) במקום פסקה (3) לסעיף קטן (א) יבוא:
"(3) להסדיר, להגביל או לאסור גידולם ומכירתם של
זרעים";
(4) אחרי סעיף קטן (א) יבוא:
"(ב) לא יתקין שר החקלאות תקנות כאמור בסעיף קטן (א), אלא
אם היה משוכנע כי הדבר דרוש להבטחת טיבם או לשיפור טיבם של
זרעים המיועדים למכירה."</p></content></point><point><heading><authorialNote placement="side"><p>הוספת סעיפים 4א-4ח</p></authorialNote></heading><num>2</num><content><p>
אחרי סעיף 4 לחוק העיקרי יבוא:</p></content></point><point><heading><authorialNote placement="side"><p>"מכירת זרעים</p></authorialNote></heading><num>4</num><list><intro><p>
א. (א) לא ימכור אדם זרעים, אלא על פי רשיון מאת שר החקלאות
או מי שהשר הסמיכו לכך בהודעה ברשומות, ובהתאם לתנאי הרשיון;
הרשיון יכול שיוגבל למכירה פלונית או לתקופה שתיקבע בו.</p></intro><subPoint><num>ב</num><content><p> שר החקלאות רשאי לקבוע בתקנות תנאי הכשירות לקבלת
רשיון וסדרי מתן הרשיון, ותנאים ביחס לחצרים שבהם יעסקו במכירת
זרעים; לא יתקין שר החקלאות תקנות כאמור אלא אם היה משוכנע, כי
הדבר דרוש להבטחת טיפול נאות בזרעים ושמירה עליהם או על טיבם.</p></content></subPoint></list></point><point><heading><authorialNote placement="side"><p>ביטול</p></authorialNote></heading><num>4</num><list><intro><p>
כ. (א) שר החקלאות רשאי לבטל רשיון שניתן על פי סעיף 4א,
אם נוכח שהתנאים לקבלת הרשיון אינם קיימים יותר, או שבעל הרשיון
איננו ממלא אחריהם.
גב) הרואה עצמו נפגע על ידי ביטול רשיון כאמור בסעיף קטן (א),
רשאי לערור עליו לפני ועדת ערר האמורה בסעיף 4ד תוך ארבעה עשר
יום מהיום שהודע לו דבר הביטול.</p></intro><subPoint><num>ג</num><content><p> ועדת הערר רשאית לאשר את החלטת שר החקלאות, לשנותה
או לבטלה.</p></content></subPoint><subPoint><num>ד</num><content><p> בכפוף לאמור כסעיף 4ג תקפו של הביטול מתום התקופה
שנקבעה לערר, או - אם הוגש ערר ונדחה - מיום החלטת ועדת הערר.</p></content></subPoint></list></point><point><heading><authorialNote placement="side"><p>הפסקה זמנית של הרשיון</p></authorialNote></heading><num>4</num><list><intro><p>
ג. (א) החליט שר החקלאות לבטל רשיון, רשאי השר או מי שהוסמך
לכך על ידיו, לפנות ליושב-ראש ועדת הערר בבקשה להפסיק את תקפו
של הרשיון עד לתום התקופה שנקבעה לערר, או - אם הוגש ערר -
עד להחלטת הועדה בערר.</p></intro><subPoint><num>ב</num><content><p> היושב ראש רשאי להפסיק את תקפו של הרשיון, בתנאים
שייראו לו או ללא תנאים, או לדחות את הבקשה להפסקתו.</p></content></subPoint></list></point><point><heading><authorialNote placement="side"><p>מינוי ועדת ערר</p></authorialNote></heading><num>4</num><content><p>
ד. (א) שר החקלאות יקים ועדת ערר של שלושה לענין חוק זה?</p></content></point><point><heading><authorialNote placement="side"><p>תיקון סעיף 6</p></authorialNote></heading><num>3</num><content><p>
בסעיף 6 לחוק העיקרי, אחרי "שר החקלאות" יבוא "או מי שהשר הסמיכו לכך
בהודעה ברשומות".</p></content></point><signature><name>לוי אשכול</name><role>ראש הממשלה</role></signature><signature><name>חיים גבתי</name><role>שר החקלאות</role></signature><signature><name>שניאור זלמן שזר</name><role>נשיא המדינה</role></signature><dateOfAcceptance>21.01.1965</dateOfAcceptance></body>