<?xml version="1.0" encoding="UTF-8" ?>
<body><title><content><p>חוק מניעת הפקעת שערים וספסרות (שיפוט) (תיקון מס' 2),</p></content></title><point><heading><authorialNote placement="side"><p>תיקון סעיף 4</p></authorialNote></heading><num>1</num><content><p>
בסעיף 4 לחוק מניעת הפקעת שערים וספסרות (שיפוט) תשי''א- 1951 1, במקום
סעיף קטן (ב) יבוא:
"(כ) למען מנוע ספק נקבע בזה, כי סמכותו של בית הדין לדון
בעבירה נגד המשק אינה גורעת מסמכותו של כל בית משפט המוסמך
לדון באותה עבירה על פי חוק בתי המשפט' תשי"ז-21957' או על פי
כל חוק אחר.
גג) על אף האמור בחוק בתי המשפט' תשי"ז-1957' מוסמך בית
משפט השלום לדון גם בעבירה נגד המשק שהיא פשע, ובלבד שלא יטיל
עונש העולה על מאסר שלוש שנים או קנס -.000'5 לירות."</p></content></point><point><heading><authorialNote placement="side"><p>קיום פסקי דין</p></authorialNote></heading><num>2</num><content><p>
כל פסק דין של בית משפט שלום שהיה כדין אילו היה חוק זה בתקפו ביום נתינתו,
ושבערב תחילתו של חוק זה לא היה עליו ערעור תלוי ועומד ולא היתה זכות ערעור עליו,
רואים אותו כאילו ניתן כדין,</p></content></point><signature><name>יצחק בן-צבי</name><role>נשיא המדינה</role></signature><signature><name>דוד בן-גוריון</name><role>ראש הממשלה</role></signature><signature><name>פנחס רוזן</name><role>שר המשפטים</role></signature><point><heading><authorialNote placement="side"><p>הוראת מעבר לענין ברירה</p></authorialNote></heading><num>19</num><list><intro><p /></intro><subPoint><num>א</num><content><p> זכות הברירה לפי סעיף 27 לחוק שירות המדינה (גימלאות), תשט"ו-1955,
בקשר לשירותו של סוהר, תעמוד בעינה אף על פי שכבר נתקבלו גימלאות לפי אותו חוק
לפני פרסומו של חוק זה,</p></content></subPoint><subPoint><num>ב</num><content><p> בחר מי שהיה סוהר בזכותו לפי סעיף 2 לחוק זה, יחול עליו חוק הנכים מיום
הבחירה ואילך; אולם לא יהיה זכאי להענקה לפי אותו חוק' ולא לתגמולים או לטובת הנאה
אחרת לפי אותו חוק' בעד התקופה שלפני הבחירה. </p></content></subPoint></list></point><signature><name>יצחק בן-צבי</name><role>נשיא המדינה</role></signature><signature><name>דוד בן-גוריון</name><role>ראש הממשלה</role></signature><signature><name>40                                           ספר החוקים 308                   י"ז בניסן התש"כ 14.04.1960</name><role>שר הבטחון</role></signature><dateOfAcceptance>14.04.1960</dateOfAcceptance></body>