<?xml version="1.0" encoding="UTF-8" ?>
<body><title><content><p>חוק הסדרת מקומות רחצה (תיקון), תשל"ח-1978 *</p></content></title><point><heading><authorialNote placement="side"><p>תיקון סעיף 6</p></authorialNote></heading><num>1</num><content><p>
בסעיף 6 לחוק הסדרת מקומות רחצה, תשכ"ד-1964 1, האמור כסעיף יסומן (א)</p></content></point><signature><name>יצחק נבון</name><role>נשיא המדינה</role></signature><signature><name>מנחם בגין</name><role>ראש הממשלה</role></signature><signature><name>יוסף בורג</name><role>שר הפנים .</role></signature><dateOfAcceptance>10.08.1978</dateOfAcceptance></body>