<?xml version="1.0" encoding="UTF-8" ?>
<body><title><content><p>חוק חמרי נפץ (תיקון מס' 3), התשמ"א-1981 *</p></content></title><point><heading><authorialNote placement="side"><p>החלפת סעיף 17</p></authorialNote></heading><num>1</num><content><p>
במקום סעיף 17 לחוק חמרי נפץ, התשי"ד-11954, יבוא:</p></content></point><point><heading><authorialNote placement="side"><p>"סמכויות המשטרה</p></authorialNote></heading><num>17</num><list><intro><p /></intro><subPoint><num>א</num><content><p> בעל היתר לפי חוק זה חייב להראותו לכל שוטר הדורש זאת
ממנו.</p></content></subPoint><subPoint><num>ב</num><content><p> היה קצין משטרה בדרגת מפקח-משנה ומעלה הממלא תפקיד
קצין חבלה משטרתי סבור כי ייצורו של חומר נפץ או תהליך עבודה אחר,
או שימוש, החסנה או הובלה של חומר נפץ, נעשים בניגוד להוראה
מהוראותיו של חוק זה או לתנאי או לסייג שבהיתר שניתן על-פיו, או
שיש בהם סכנה לחיי אדם או לרכוש, רשאי הקצין, באישור מפקח,
להורות על החרמתו או השמדתו של חומר הנפץ או על החסנתו במקום
אחר או על כל פעולה אחרת הנראית לו נחוצה להרחקת הסכנה; היה
הקצין סבור כי הסכנה תכופה, רשאי הוא להורות כאמור אף ללא אישור
מפקח ולהורות על ביצוע מיידי.</p></content></subPoint><subPoint><num>ג</num><content><p> הוראה כאמור בסעיף קטן (ב) רשאי הקצין שנתן אותה לבצעה
בעצמו ורשאי הוא להטיל את ביצועה על שוטר, על המחזיק בחומר
הנפץ, על האדם המטפל בו מטעם המחזיק, או על כל אדם אחר, ובלבד
שיש להם לדעתו הכישורים המתאימים לבצע את ההוראה; ביצוע
ההוראה יהיה באופן שלא יסכן חיי אדם או רכוש.</p></content></subPoint><subPoint><num>ד</num><content><p> בעל חומר נפץ שעליו ניתנה הוראה לפי סעיף קטן (ב)
רשאי לערער עליה, תוך ארבעה עשר ימים מיום שהודע לו עליה, לפני
ועדת הערעור האמורה בסעיף 13, והוראות סעיף 14 (ב) עד (ד) יחולו,
בשינויים המחוייבים; הושמד חומר הנפץ על פי הוראה לביצוע מיידי,
רשאית ועדת הערעור, אם מצאה שלא היה מקום ליתן הוראה להשמיד
את חומר הנפץ, לפסוק למערער פיצויים מאוצר המדינה על אבדן
חומר הנפץ.</p></content></subPoint><subPoint><num>ה</num><content><p> הרואה עצמו נפגע בהחלטת ועדת הערעור רשאי לערער
עליה, תוך שלושים ימים מהיום שהומצאה לו, לפני בית הדין האזורי
לעבודה."</p></content></subPoint></list></point><signature><name>יצחק נבון</name><role>נשיא המדינה</role></signature><signature><name>מנחם בגין</name><role>ראש הממשלה</role></signature><signature><name>יוסף בורג</name><role>שר הפנים</role></signature><dateOfAcceptance>12.03.1981</dateOfAcceptance></body>