<?xml version="1.0" encoding="UTF-8" ?>
<body><title><content><p>חוק לטיפול בחולי נפש (תיקון מס' 4), תשל"ח-1977*</p></content></title><point><heading><authorialNote placement="side"><p>הוספת סעיף 9א</p></authorialNote></heading><num>1</num><content><p>
אחרי סעיף 9 לחוק לטיפול בחולי נפש, תשט"ו-1955  1(להלן - החוק העיקרי),
יבואן</p></content></point><point><heading><authorialNote placement="side"><p>"הודעות על יכולת חולת לדאוג לעניניו</p></authorialNote></heading><num>9</num><content><p>
א. ראה המנהל כי חולה שאושפז אינו מסוגל לדאוג לעניניו או כי הוא
שוב מסוגל לדאוג לעניניו, יודיע על כך המנהל לשר הבריאות? פרטי
ההודעות ודרכי מסירתן ייקבעו בתקנות."</p></content></point><point><heading><authorialNote placement="side"><p>החלפת מעיף 10</p></authorialNote></heading><num>2</num><content><p>
במקום סעיף 10 לחוק העיקרי יבוא:</p></content></point><point><heading><authorialNote placement="side"><p>''הודעות לאפוטרופוס הכללי</p></authorialNote></heading><num>10</num><content><p>
הפסיכיאטר המחוזי יודיע לאפוטרופוס הכללי על כל אחת מאלה:
(1) הוא שוכנע שחולה שאושפז אינו מסוגל לדאוג לעניניו;
(2) הוא שוכנע שחולה מאושפז שוב מסוגל לדאוג לעניניו;
(3) חולה שניתנה עליו הודעה לפי פסקה (1) שוחרר, למעט
שחרור לנסיון לפי סעיף 22."</p></content></point><point><heading><authorialNote placement="side"><p>תיקון סעיף 27</p></authorialNote></heading><num>3</num><list><intro><p>
בסעיף 27 לחוק העיקרי, במקום סעיפים קטנים (א) עד (ג) יבוא:
"(א) קיבל האפוטרופוס הכללי הודעה לפי סעיף 10 (1) ואין לחולה
אפוטרופוס, רשאי הוא, אם ראה צורך בכך, לעשות לגבי נכסי החולה
כל פעולה משפטית שאינה סובלת דיחוי, כולל כינוס נכסים ומילוי
התחייבויות כספיות, והוראות סעיפים 44, 47, 57 ו-72 לחוק הכשרות
המשפטית והאפוטרופסות, חשכ"ב-1962 2, יחולו בשינויים המחריבים
לפי הענין.</p></intro><subPoint><num>ב</num><content><p> תפקידו של האפוטרופוס הכללי יפקע באחת מאלה:
(1) משקיבל הודעה לפי סעיף 10 (2) או (3);
(2) משנתמנה לחולה אפוטרופוס?
(3) משקבע בית המשפט שאין עוד צורך במילוי תפקידו
של האפוטרופוס הכללי -
והוראות סעיף 63 לחוק הכשרות המשפטית והאפוטרופסות, תשכ"ב-
1962, יחולו בשינויים המחוייבים לפי הענין.</p></content></subPoint><subPoint><num>ג</num><content><p> שר המשפטים רשאי לקבוע בתקנות את האגרות שיש לשלם
לאפוטרופוס הכללי בעד פעולותיו לפי סעיף זה."</p></content></subPoint></list></point><point><heading><authorialNote placement="side"><p>תחילה</p></authorialNote></heading><num>4</num><content><p>
תחילתו של חוק זה ששים יום מיום פרסומו ברשומות.</p></content></point><signature><name>יצחק שמיר</name><role>יושב ראש הכנסת</role></signature><signature><name>מנחם בגין</name><role>ראש הממשלה</role></signature><signature><name>אליעזר שוסטק</name><role>שר הבריאות</role></signature><dateOfAcceptance>29.11.1977</dateOfAcceptance></body>