<?xml version="1.0" encoding="UTF-8" ?>
<body><title><content><p>חוק ועדות הכנסת (ועדת העבודה והרווחה), תשל"ז-1977 *</p></content></title><point><heading><authorialNote placement="side"><p>ועדת העבודה והרווחה</p></authorialNote></heading><num>1</num><content><p>
כל סמכות ותפקיד הנתונים לפי חיקוק לועדת העבודה של הכנסת או לועדת
השירותים הציבוריים של הכנסת יהיו נתונים לועדת העבודה והרווחה של הכנסת,
אולם הכנסת רשאית, בהחלטה על-פי הצעת ועדת הכנסת, לקבוע כי סמכות או תפקיד
כאמור יהיו נתונים לועדה אחרת של הכנסת.</p></content></point><point><heading><authorialNote placement="side"><p>תחייה</p></authorialNote></heading><num>2</num><content><p>
תחילתו של חוק זה ביום י"ג בתמוז תשל"ז (28 ביוני 1977),</p></content></point><signature><name>אפרים קציר</name><role>נשיא המדינה</role></signature><signature><name>מנחם בגין</name><role> ראש הממשלה</role></signature><dateOfAcceptance>12.08.1977</dateOfAcceptance></body>