<?xml version="1.0" encoding="UTF-8" ?>
<body><title><content><p>חוק חינוך ממלכתי (תיקון מס' 2), תשל"ג- 1973*</p></content></title><point><heading><authorialNote placement="side"><p>תיקון סעיף 2</p></authorialNote></heading><num>1</num><content><p>
בסעיף 2 לחוק חינוך ממלכתי, תשי"ג-1953 ,1 במקום "חינוך החובה" יבוא "החינוך".</p></content></point><signature><name>אפרים קציר</name><role>נשיא המדינה</role></signature><signature><name>גולדה מאיר</name><role>ראש הממשלה</role></signature><signature><name>יגאל אלון</name><role>שר החינוך והתרבות</role></signature><dateOfAcceptance>02.08.1973</dateOfAcceptance></body>