<?xml version="1.0" encoding="UTF-8" ?>
<body><title><content><p>חוק זכות מטפחים, תשל"ג-1973 .</p></content></title><chapter><num>פרק אי;</num><title><content><p>פרשגות ותחולה</p></content></title><point><heading><authorialNote placement="side"><p>הגדרות</p></authorialNote></heading><num>1</num><content><p>
בחוק זה -
"בוחן" - אדם או מוסד שאישר אותו השר להיות כוחן ויועץ לענין בקשות והתנגדויות
המוגשות לפי הוראות הוק זה. כולן או מקצתן;
"בקשת חוץ" - בקשה שהגיש מטפח או קודמו כזכות המטפחים להגנת הזכות במדינת
האיגוד;
"האנינה" - אמנת פריס בדבר הגנת זני צמחים חדשים, 1901;
"זן" - קבוצת צמחים כשירה לריבוי אשר ניתן לראותה כיחידה עצמאית למטרות ריבוי או
להרכיב אותה כל פעם מחדש במתכונת תכונותיה המוגדרות. לרבות צמח יחיד כשיר
לריבוי, ולרבות סלקציה, שושרת וזן מכלוא של צמח עלאי הנתונים לטיפוח;
"זן רשום" - זן שנרשמה לגביו זכות מטפחים;
"חוק זה" - לרבות תקנות לפיו;
"מדינת האיגוד" - מדינת חוץ שהרשם הודיע עליה ברשומות שהיא חברה באיגוד להגנת
זני צמחים חדשים מכוח האמנה וכי השר רואה אותה כנוהגת הדדיות לענין הענקת
הגנה למטפח זנים בישראל;
"מטפח" - מי שפיתח זן חדש כמשמעותו בסעיף 7, לרבות הבאים מכוחו לפי הדין או על
פי העברה או הסכם;
"ניצול" לענין זן -
(1) גידולו. ריבויו, או שיווקו;
(2) הפקת הנאה ממנו כדרך אחרת אם השר, באישור ועדת הכלכלה של
הכנסת, קבע כך כתקנות;
"פיתוח", לענין זן - פיתוח בעזרת ריכוז או הרחבה מלאכותית של שונות גנטית. בידוד
של שונות גנטית ספונטנית על ידי הפריה עצמית, הכלאה, הכלאה חוזרת, בידוד וגט-
טיבי או כל דרך אחרת כיוצא באלה;
"תכונות יסוד" - תכונה אחת או צירוף תכונות, הניתנות להבחנה ולתיאור והמייחדות זן
מכלל הזנים מסוגו;
"השר" - שר החקלאות;
"ועדה לזכויות מטפחים" - ועדה שנתמנתה לפי סעיף 18.</p></content></point><point><heading><authorialNote placement="side"><p>ו/הול*';</p></authorialNote></heading><num>2</num><list><intro><p /></intro><subPoint><num>א</num><content><p> הוראות חוק זה יחולו על הצמחים וסוגי הצמחים המפורטים בתוספת.</p></content></subPoint><subPoint><num>ב</num><content><p> השר רשאי להוסיף על התוספת או להחליף אותה, ובלבד שלא ייגרע ממנה.</p></content></subPoint></list></point></chapter><chapter><num>פרק בי:</num><title><content><p>זכרות וכשרותן לרישום</p></content></title><point><heading><authorialNote placement="side"><p>זכות למטפח</p></authorialNote></heading><num>3</num><list><intro><p /></intro><subPoint><num>א</num><content><p> זכות מטפחים בזן שטופח בישראל ניתנת לרישום בספר הזכויות על שמו של
מטפח זן על פי בקשתו.</p></content></subPoint><subPoint><num>ב</num><content><p> אזרח ישראלי או תושב ישראל רשאי לבקש רישום זכות מטפחים בספר הזכויות
גם לגבי זן שטופח מחוץ לישראל.
עט' 114.</p></content></subPoint></list></point><point><heading><authorialNote placement="side"><p>הבטחת זכות</p></authorialNote></heading><num>4</num><content><p>
זכות מטפחים בזן תקום לאדם כשגרשמה על שמו כספר הזכויות, ובכפוף להוראות
חוק זה תהא קיימת כל עוד קיים הרישום.</p></content></point><point><heading><authorialNote placement="side"><p>ספר זכויות מטפחים</p></authorialNote></heading><num>5</num><list><intro><p /></intro><subPoint><num>א</num><content><p> לרישום זכויות מטפחים יתנהל ספר זכויות מטפחים (כחוק זה - ספר הזכויות),
ובו יצויינו לענין כל זן פרטים אלה:
(1) שם כעל הזכות ומענו;
(2&gt; שם הזן;
(3) תיאור ופירוט תמציתי של תכונות היסוד של הזן;
(01 בזן מכלוא - שמות הורי הזן. אם החליטה המועצה על כך או לפי בקשת
המטפח;
(5) התביעות כאמור כסעיף 20(א)(5) שנתקבלו לצרכי הרישום;
(6) כל פרט אחר שנקבע.</p></content></subPoint><subPoint><num>כ</num><content><p> הרשם רשאי לרשום בספר הזכויות פרטים נוספים שלדעתו הם ראויים לרישום.</p></content></subPoint><subPoint><num>ג</num><content><p> ספר הזכויות יוחזק כמקום שהורה עליו השר ויהיה פתוח לעיון הציבור.</p></content></subPoint><subPoint><num>ד</num><content><p> השר רשאי לקבוע בתקנות את דרכי עריכתו וניהולו של ספר הזכויות.
כערות לרישום
&lt;). זן כשר לרישום זכות מטפחים בו בספר הזכויות הוא זן שנתקיימו בו כל אלה:
(1) הוא חדש;
(2) הוא אחיד במידה מספקת בתכונות היסוד שלו, כפי שצויינו כבקשה;
(3) תכונות היסוד שלו יציבות, ותיאורו ותכונותיו נשמרים אף לאחר שרובה,
ואם הטיפוח מהווה מחזור שלם - תבונותיו נשמרות בסיומו של כל
מחזור.</p></content></subPoint></list></point><point><heading><authorialNote placement="side"><p>זן חדש מהו</p></authorialNote></heading><num>7</num><content><p>
זן חדש הוא זן השונה בתכונת יסוד אחת לפחות מכל זן אחר שהיה זן ידוע כעת
שהוגשה הבקשה לרישום זכות מטפחים בו; לענין זה, "זן ידוע" - זן שבעת שהוגשה
הבקשה כאמור או לפני כן נתקיימה בו אחת מאלה;
(1) חומר הריבוי שלו היה מנוצל, למעט ניצול שהוא שיווק או שימוש מסחרי
אחר מחוץ לישראל, במשך תקופה פחותה מארבע שנים;
(2) נעשה בקשר אליו - בישראל או מחוץ לישראל - פרסום שבו מודגמים
דרך ייצורו או תכונותיו כאופן שבעל מקצוע יכול לרבות אותו לפי הפרטים
שנודעו לו בדרך זו.</p></content></point><point><heading><authorialNote placement="side"><p>פרסומים שאינם מונעים רישום</p></authorialNote></heading><num>8</num><content><p>
על אף האמור בחוק זה, לא תיפגע זכותו של מטפח לרישום זכות מטפחים על שמו
מחמת זה כלבד שהזן נתפרסם בדרך מסירת פרטים עליו - בתקופת טיפוחו, לשם
בדיקתו או ניסויו -
(1) לקראת הגשת בקשה לרישום זכות מטפחים בו;
(2) לקראת המלצה עליו לפי חוק הזרעים, תשט"ז-1956 1, או על פיו.</p></content></point><point><heading><authorialNote placement="side"><p>כל הקודם זונה</p></authorialNote></heading><num>9</num><content><p>
ביקשו כמה מטפחים רישום זכות מטפחים בזן אחד, תירשם הזכות על שמו של מי
שביקש ראשון כדין רישומה.</p></content></point><point><heading><authorialNote placement="side"><p>פרק ג': המועצה, הרשם והועדה לזכויות מטפחים</p></authorialNote></heading><num>1</num><content><p>
ס''ח תשט"ז, עמי 97.
273                                          ספר החוקים 713                    כ"ה באב התשל"ג 23.08.1973</p></content></point><point><heading><authorialNote placement="side"><p>מיניי המועצה וועדותיה</p></authorialNote></heading><num>10</num><list><intro><p /></intro><subPoint><num>א</num><content><p> השר ימנה מועצת זכויות מטפחים (כחוק זה - המועצה) כת תשעה חברים מהם
שלושה נציגי הממשלה וששה מבין אנשי מדע, מחקר, מגדלי זרעים ומטפחי זנים.</p></content></subPoint><subPoint><num>ב</num><content><p> השר ימנה את יושב-ראש המועצה מבין חבריה.</p></content></subPoint><subPoint><num>ג</num><content><p> השר, באישור ועדת הכלכלה של הכנסת, רשאי להגדיל את מספר חברי המועצה
עד שלושה עשר.</p></content></subPoint><subPoint><num>ד</num><content><p> המועצה רשאית למנות ועדות, מבין חבריה או שלא מביניהם, שימליצו לפניה
בענינים או כסוגי ענינים שתקבע.</p></content></subPoint><subPoint><num>ה</num><content><p> תקופת כהונתה של המועצה תהיה שלוש שנים מיום מינויה.</p></content></subPoint><subPoint><num>ו</num><content><p> חכר המועצה שנפטר או התפטר או הופסקה כהונתו, ימנה השר כמקומו אדם
אשר יכהן עד תום תקופת כהונתה של המועצה.</p></content></subPoint><subPoint><num>ז</num><content><p> המועצה תקבע את סדרי דיוניה ואת סדרי הדיונים בועדות שמינתה, במידה
שלא נקבעו בחוק זה.</p></content></subPoint></list></point><point><heading><authorialNote placement="side"><p>תפקידי המועצה</p></authorialNote></heading><num>11</num><content><p>
ואלה תפקידי המועצה:
(1) לדון בבקשות ולהחליט לגביהן;
(2) להנחות את הרשם בכל ענין הנוגע לשימוש בסמכויותיו ולביצוע תפקידיו:
(3) להמליץ בפני השד בדבר התקנת תקנות לענין חוק זה;
(4) למלא כל תפקיד אחר ולהשתמש בכל סמכות אחרת שקבע אותם השר
לפי חוק זה.</p></content></point><point><heading><authorialNote placement="side"><p>הוקף מעולות</p></authorialNote></heading><num>12</num><list><intro><p /></intro><subPoint><num>א</num><content><p> מנין חוקי בישיבות המועצה יהיה מחצית מספר חבריה, ודי בכך שמנין זה
נכח משעת פתיחת הישיבה.</p></content></subPoint><subPoint><num>ב</num><content><p> קיום המועצה, סמכויותיה ותוקף החלטותיה לא ייפגעו מחמת שנתפנה מקומו
של חכר המועצה, או מחמת ליקוי במינויו או בהמשך כהונתו.</p></content></subPoint></list></point><point><heading><authorialNote placement="side"><p>דיון והגבעה</p></authorialNote></heading><num>13</num><list><intro><p /></intro><subPoint><num>א</num><content><p> הצבעה במועצה תהא חשאית, אולם על פי דרישת רוב חברי המועצה תהיה
הצבעה כהרמת ידיים לגבי נושא הדרישה.</p></content></subPoint><subPoint><num>ב</num><content><p> מי שהגיש בקשה למועצה רשאי להיות נוכח כעת הדיון כמועצה בבקשתו;
אולם המועצה רשאית להורות שלא יהיה נוכח בעת הדיון, כולו או חלקו, וזאת אף אם הוא
חכר במועצה.</p></content></subPoint><subPoint><num>ג</num><content><p> הבר המועצה שיש לו במישרין או בעקיפים, בעצמו או על ידי קרובו, סוכנו .
או שותפו או על ידי קרוביהם, כל חלק או טובת הנאה בכל ענין העומד לדיון במועצה,
יודיע על כך ליושב ראש בכתב או בעל-פה מיד לאחר שנודע לו כי הענין עומד לדיון
ולא ישתתף בהצבעה ככל שאלה בקשר אליו; נמסרה ההודעה בעל-פה - תירשם בפרו-
טוקול של הישיבה הקרובה של המועצה.</p></content></subPoint><subPoint><num>ד</num><content><p> לענין סעיף קטן (ג), "קרוב" לאדם פלוני - כמשמעותו בחוק מס שבח מקר-
קעין, תשכ"ג-1963 2.</p></content></subPoint></list></point><point><heading><authorialNote placement="side"><p>הרשם ותפקידיו</p></authorialNote></heading><num>14</num><list><intro><p /></intro><subPoint><num>א</num><content><p> מבין עובדי משרד החקלאות ימנה השד רשם חברות ,מטפחים (בחוק זה -
הרשם).</p></content></subPoint><subPoint><num>כ</num><content><p> ואלה תפקידי הרשם;
(0 לנהל את ספר הזכויות ולטפל ככל ענין הנוגע לרישומים בו;
(2) להוציא תעודות ומסמכים אחרים לענין רישומה של זכות מטפחים כספר
הזכויות או מחיקתה ממנו;
(3) למלא כל תפקיר אחר ולהשתנ?ש בכל סמכות אחרת שקבע אותם השר לפי
חוק זה.</p></content></subPoint><subPoint><num>ג</num><content><p> הרשם ימסור למועצה דין וחשבון על פעולותיו במועדים שקבעה.</p></content></subPoint><subPoint><num>ד</num><content><p> הרשם ישתתף בישיבות המועצה שהיא הזמינה אותו אליהן והוא רשאי להשתתף
ככל ישיבותיה.</p></content></subPoint></list></point><point><heading><authorialNote placement="side"><p>הגשת נקשה</p></authorialNote></heading><num>15</num><list><intro><p /></intro><subPoint><num>א</num><content><p> בפרק זה, "בקשה" - כל בקשה או התנגדות לפי פרקים ד' או י'.</p></content></subPoint><subPoint><num>ב</num><content><p> כל בקשה תוגש לרשם.</p></content></subPoint><subPoint><num>ג</num><content><p> ראה הרשם כי הבקשה כוללת את הפרטים שהיא חייכת לכלול לפי חוק זה,
יעבירנה למועצה לדיון ולהחלטה.</p></content></subPoint><subPoint><num>ד</num><content><p> ראה הרשם כי בקשה אינה כוללת את הפרטים שהיא חייכת לכלול לפי חוק זה,
יודיע למגיש הבקשה על הליקויים שבה; לא תיקן מגיש הבקשה, תוך זמן שנקבע, את
הליקויים שהודיע לו הרשם עליהם - ידחה הרשם את הבקשה.</p></content></subPoint></list></point><point><heading><authorialNote placement="side"><p>בדיקת בקשה</p></authorialNote></heading><num>16</num><list><intro><p /></intro><subPoint><num>א</num><content><p> לצורך בדיקת כקשה תנקוט המועצה כאמצעים הנראים לה, וככלל אלה רשאית
היא -
(1) להזמין בוחנים או מומחים אחרים לחוות את דעתם כשאלות מקצועיות;
(2) לבצע, בין בעצמה ובין על ידי בוחנים לפי בקשתה, עבודות מחקר,
ניסוי או בדיקה הדרושים לשם קבלת החלטה; המבקש רשאי לעקוב אחר ביצוע
ניסויים בשדה. כזמן, באופן ובתנאים שנקבעו;
(3) להעביר את פרטי הבקשה למוסד בין-לאומי לשם חיפוש חומר המאפשר
בדיקה.</p></content></subPoint><subPoint><num>כ</num><content><p> מגיש בקשה חייב בתשלום ההוצאות הכרוכות בבדיקת בקשתו לפי סעיף זה,
כפי שיחליט הרשם, ורשאי הרשם לחייבו בתשלום מקדמות על חשבון הוצאות כאמור.</p></content></subPoint></list></point><point><heading><authorialNote placement="side"><p>שמיעה</p></authorialNote></heading><num>17</num><content><p>
לפני קבלת החלטה לגבי בקשה, תאפשר המועצה למגיש הבקשה להעיד בפניה.</p></content></point><point><heading><authorialNote placement="side"><p>ועדה לזכויות מטפחים</p></authorialNote></heading><num>18</num><list><intro><p /></intro><subPoint><num>א</num><content><p> שר המשפטים ימנה ועדה לזכויות מטפחים; הועדה תהיה של שלושה והם
שופט בית משפט מחוזי שיהיה יושב ראש הועדה, הרשם, ובעל הכשרה מקצועית בשטח
טיפוח זני צמחים שיתמנה על פי הצעת שר החקלאות.</p></content></subPoint><subPoint><num>ב</num><content><p> שר המשפטים רשאי להתקין תקנות בדבר סדרי דין ואגרות בהליכים לפני
הועדה לזכויות מטפחים, ככל שלא נקבעו כחוק זה.</p></content></subPoint></list></point><point><heading><authorialNote placement="side"><p>סודיות</p></authorialNote></heading><num>19</num><content><p>
לא יגלה אדם כל דבר שהגיע לידיעתו בהליכים לפי חוק זה, אלא לצורך ביצועו;
הטוען כי דבר הגיע לידיעתו שלא בהליכים לפי חוק זה - עליו הראיה.</p></content></point></chapter><chapter><num>פרק די:</num><title><content><p>הליכי רישום</p></content></title><point><heading><authorialNote placement="side"><p>גקשה לרישום זנות מטפחים</p></authorialNote></heading><num>20</num><list><intro><p /></intro><subPoint><num>א</num><content><p> בקשה לרישום זכות מטפחים בספר הזכויות תוגש בדרך ובתנאים שנקבעו
כתקנות ותבלול את אלה:
(1) שם המבקש;
(2) מען למסירת מסמכים בישראל, ואם המבקש אינו תושב ישראל - שם
נציגו שהוא תושב ישראל המוסמך לייצגו ככל ענין הנוגע לבקשה;
(3&gt; תיאור הזן ופרטים על הזן המטופח. לרבות פירוט תכונותיו;
(4) שם הזן שיש בו כדי לזהותו;
(5) תביעה או תביעות המפרטות את ייחודו של הזן, באופן שכל תביעה
תהא נובעת באורח סביר מהמתואר בפרטים לפי פסקה (3);
(6) כל פרט אחר הנוגע לביצוע חוק זה כפי שנקבע.</p></content></subPoint><subPoint><num>כ</num><content><p> היה המבקש אדם שבא מכוחו של המטפח, יודיע בבקשתו את היסוד לזכותו.</p></content></subPoint></list></point><point><heading><authorialNote placement="side"><p>סרטים גוססים</p></authorialNote></heading><num>21</num><list><intro><p /></intro><subPoint><num>א</num><content><p> לצורך בדיקת בקשה לפי סעיף 20 רשאי הרשם לדרוש מהמבקש כל חומר או
פרטים נוספים הנוגעים לנושא הבקשה.</p></content></subPoint><subPoint><num>ב</num><content><p> לא המציא המבקש את החומר והפרטים שדרש הרשם, כתנאים, בדרך ובמועד
שנקבעו, רשאי הרשם להחליט שלא להעביר את הבקשה לדיון במועצה.</p></content></subPoint></list></point><point><heading><authorialNote placement="side"><p>פרסום בקשה</p></authorialNote></heading><num>22</num><content><p>
(א&gt; הוגשה בקשה לרישום זכות מטפחים והחליט הרשם להעבירה למועצה, יפרסם
הרשם ברשומות, בעתון יומי ובכתב עת מקצועי בשטח החקלאות, תוך 30 יום מיום מתן
החלטתו, הודעה שבה יפרט את אלה:
(1) שם המבקש;
(2) השם שמציע המבקש לזן שלגביו הוגשה הבקשה;
(3) תיאור הזן ופירוט תכונותיו.
(כ&gt; בכפוף להוראות חוק זה, רשאי הרשם לכלול בהודעה כל פרט אחר שלדעתו
ראוי להיכלל בה.</p></content></point><point><heading><authorialNote placement="side"><p>התנגדות לרישום</p></authorialNote></heading><num>23</num><list><intro><p /></intro><subPoint><num>א</num><content><p> פורסמה הודעה לפי סעיף 22, רשאי כל אדם, תוך 30 יום מיום פרסום ההודעה
ברשומות, להגיש התנגדות מנומקת בכתב לרישום הזכות.</p></content></subPoint><subPoint><num>ב</num><content><p> ואלה נימוקי התנגדות לפי סעיף זה:
(1) זכותו של המתנגד להירשם כבעל זכות המטפחים בזן הנדון עדיפה על
זכותו של המבקש;
(2) הזן אינו חדש.</p></content></subPoint><subPoint><num>ג</num><content><p> התנגדות שאינה מתבססת על נימוק מהנימוקים המנויים בסעיף קטן (ב) - ידחה
אותה הרשם על הסף, על אף האמור בסעיף 15.</p></content></subPoint></list></point><point><heading><authorialNote placement="side"><p>הרישום</p></authorialNote></heading><num>24</num><content><p>
ראתה המועצה כי נוסה זן ונבדק, כי נתקיימו בזן התכונות המפורטות בסעיף 6, כי
נבדקו כל חומר או ספרות מקצועית הנוגעים לזן שהומצאו למועצה כדין, וכי אין לקבל
כל התנגדות שהוגשה, תורה המועצה לרשם לרשום בספר הזכויות זכות מטפחים בזן על
שם המבקש, ומשרשם הרשם את הזכות יפרסם על כך הודעה ברשומות, הכל בכפוף
לאמור בסעיף 25.</p></content></point><point><heading><authorialNote placement="side"><p>הפניה לנית</p></authorialNote></heading><num>25</num><list><intro><p /></intro><subPoint><num>א</num><content><p> טען המתנגד. לפי סעיף 23 (כ) (1), כי זכותו עדיפה על זכותו של מבקש
הרישום. תפסיק המועצה את הדיון ותפנה את המתנגד לבית המשפט; עשתה כן, והגיש
המתנגד לבית המשפט את תובענתו תוך המועד שקבעה לו המועצה. לא תחליט המועצה
סופית בבקשת הרישום שלפניה אלא לאחר שנסתיימו ההליכים בתובענה האמורה ובהתאם
למה שנפסק כה.</p></content></subPoint><subPoint><num>ב</num><content><p> אם מצאה המועצה יסוד סביר להניח כי בקשה שהוגשה לה נגועה בתרמית'
תודיע המועצה על נימוקיה לכך ליועץ המשפטי לממשלה ותפסיק לרון בבקשה; היועץ
המשפטי לממשלה. לאור החומר שהמועצה הביאה לפניו ולאור כל הומר אחר שימצא
לנכון לאסוף. יעשה אחת מאלה:
(1) יגיש תובענה לבית המשפט. למתן פסק דין הצהרתי שהבקשה נגועה
בתרמית, והמועצה תחליט בבקשה רק לאחר שנסתיימו ההליכים כתובענה
האמורה ובהתאם למה שנפסק בה;
(2) יודיע למועצה כי לדעתו אין בחומר. האמור ראיות מספיקות להוכיח
תרמית; הודעה זו תחייב את המועצה והיא תמשיך לדון בבקשה.</p></content></subPoint><subPoint><num>ג</num><content><p> האמור בסעיף זה יחול רק במקרה שהמועצה ראתה כי הזן כשר לכאורה לרישום
בספר הזכויות.</p></content></subPoint></list></point><point><heading><authorialNote placement="side"><p>בקשה לתיקון ספר הזכויות</p></authorialNote></heading><num>26</num><list><intro><p /></intro><subPoint><num>א</num><content><p> בעל זכות מטפחים בזן פלוני רשאי לבקש תיקון כל פירוט או תיאור של הזן
בספר הזכויות אם הדבר דרוש לשם הבהרה של תביעות בעל הזכות או לשם סילוק שגיאה,
שאינה טעות סופר בלבד, שנפלה ברישום כספר הזכויות, ובלבד שלא יהא בכך כדי להרחיב
את היקף התביעות שבבקשה לפי סעיף 20 או כדי להוסיף לאמור בה דברים שלא נזכרו
כה בעיקרם מלכתחילה.</p></content></subPoint><subPoint><num>ב</num><content><p> תוך שלושים יום מיום הגשת הבקשה לפי סעיף קטן (א) יפרסם הרשם ברשומות
את תמציתה ויעבירנה לדיון במועצה.</p></content></subPoint><subPoint><num>ג</num><content><p> הוגשה בקשה לתיקון לפי סעיף זה בזמן שתלוי ועומד בבית המשפט הליך כשל
הפרת זכות המטפחים או בשל ביטולה, לא תדון בה המועצה אלא כרשות בית המשפט.</p></content></subPoint><subPoint><num>ד</num><content><p> ניתנה הרשות, תחליט המועצה בבקשה לאחר שנתנה לכל בעלי הדין באותי
הליך הזדמנות להביא טענותיהם בפניה.</p></content></subPoint><subPoint><num>ה</num><content><p> נפתחו הליכים כבית משפט כשל הפרת זכות מטפחים, לאחר שהוגשה בקשה
לתיקון הפירוט לפי סעיף זה, יוסיפו לדון באותה בקשה אם לא הורה בית המשפט הוראה
אחרת לענין זה.</p></content></subPoint></list></point><point><heading><authorialNote placement="side"><p>התנגדות לרישום תיקון</p></authorialNote></heading><num>27</num><content><p>
כל אדם רשאי להגיש התנגדות לבקשה לסי סעיף 26, תוך שלושים יום מיום הפרסום
ברשומות, על יסוד הנימוק שאין התיקון משיג את המטרה שלשמה נתבקש.</p></content></point><point><heading><authorialNote placement="side"><p>החלטה בדבר תיקון בס6ר הזכויות</p></authorialNote></heading><num>28</num><content><p>
החליטה המועצה בבקשה לפי סעיף 26, ירשום הרשם את ההחלטה בספר הזכויות
ויודיע על כך למבקש, ואם אין ההחלטה סירוב תפורסם הודעה עליה ברשומות.</p></content></point><point><heading><authorialNote placement="side"><p>ביטול זכות מטפחים</p></authorialNote></heading><num>29</num><list><intro><p /></intro><subPoint><num>א</num><content><p> המועצה, ביזמתה או על פי בקשת אדם שיש לו ענין בזן רשום, תבטל את זכות
המטפחים בזן אם ראתה אחת מאלה:
(1) הזן שוב אינו לסי הדרישות המנויות בסעיף 6;
(2) המטפח לא המציא למועצה, לפי דרישתה ותוך התקוסה שקבעה לכך
ושלא היתה קצרה מעונת גידול אחת, חומר ריבוי מהזן. וכזן מכלוא - חומר
ריבוי של הוריו, השווה בתכונות היסוד שלו לתכונות הזן כפי שפורטו בספר
הזכויות. בכמות שקבעה, וכן מסמכים ומידע, הכל כפי שדרוש לבדיקה חוזרת
של הזן;
(3) המטפח לא הרשה בדיקת האמצעים שנקט בהם לשימור הזן:
(4) בית משפט פסק כי זכותו של אחר להירשם כבעל הזכות עדיפה על זכותו
של הבעל הרשום: תחילתה של זכות עדיפה כאמור והליכי רישומה יהיו כפי
שייקבע בתקנות.</p></content></subPoint><subPoint><num>ב</num><content><p> הודעה כי המועצה עתידה לדון ביזמה שננקטה לבטל זכות מטפחים או בבקשה
שהוגשה לכך כאמור תימסר לבעל הזכות ותפורסם ברשומות.</p></content></subPoint><subPoint><num>ג</num><content><p> המועצה לא תחליט על ביטול זכות מטפחים בטרם נתנה לבעל הזכות ולמבקש
הביטול להשמיע כפניה את טענותיהם.</p></content></subPoint><subPoint><num>ד</num><content><p> בקשת ביטול שהוגשה לאחר תום עשרים וארבע חדשים מיום רישום הזכות
בספר הזכויות. לא תדון בה המועצה. ובלבד שבחישוב תקופה זו לא יבוא במנין הזמן שבו
היו תלויים ועומדים הליכים בכית משפט לפי סעיף קטן (א40) שניתנה עליהם למועצה
הודעה עם פתיחתם.</p></content></subPoint><subPoint><num>ה</num><content><p> בקשת ביטול שהוגשה בזמן שתלוי ועומד בבית משפט הליך בשל הפרת זכות
המטפחים או הליך לביטולה, לא תדון בה המועצה אלא ברשות בית המשפט.</p></content></subPoint><subPoint><num>ו</num><content><p> נפתחו הליכים בבית משפט בשל הפרת זכות מטפחים לאחר שהוגשה למועצה
בקשה לביטולה, תוסיף המועצה לדון בבקשה אם לא הורה בית המשפט הוראה אחרת לענין
זה.</p></content></subPoint><subPoint><num>ז</num><content><p> לענין סעיף זה יהיו למועצה כל הסמכויות האמורות בסעיף 16, אפילו פעלה
ביזמתה היא בלבד.</p></content></subPoint></list></point><point><heading><authorialNote placement="side"><p>תוקף ביטול ורישומו</p></authorialNote></heading><num>30</num><list><intro><p /></intro><subPoint><num>א</num><content><p> החלטה על ביטול זכות מטפחים תיכנס לתקפה בתום חמישה עשר יום לאחר
התקופה להגשת ערעור עליה לפי סעיף 87; אך אם הוגש עליה ערעור רשאי בית המשפט
לעכב את כניסתה לתוקף או להתנות את הכניסה לתוקף או את העיכוב בתנאים שיראה.</p></content></subPoint><subPoint><num>ב</num><content><p> בוטלה זכות מטפחים סופית, ירשום הרשם את דבר הביטול בספר הזכויות
ורואים את הזכות כאילו לא היתה.</p></content></subPoint><subPoint><num>ג</num><content><p> הודעה על ביטול זכות מטפחים לפי סעיף זה תפורסם ברשומות.</p></content></subPoint></list></point></chapter><chapter><num>פרק הי:</num><title><content><p>שמוה זנים רשומים</p></content></title><point><heading><authorialNote placement="side"><p>מגבלות לרישום שמות זנים</p></authorialNote></heading><num>31</num><list><intro><p>
(א&gt; לא יירשם שם זן בספר הזכויות אם עדיין רשום לגבי גידולים חקלאיים מאותו
מין שם או הגדר זהה או דומה לפי פקודת סימני מסחר ננוסח חדש], תשל"ב-1972 3, ולא
יירשם שם לפי הפקודה האמורה לגבי גידולים כאמור אם בזמן מן הזמנים נרשם שם זן זהה
או דומה בספר הזכויות.</p></intro><subPoint><num>ב</num><content><p> לא יירשם שם זן לפי חוק זה אם נתקיימה בו אחת מאלה:
(1) הוא זהה עם שם של זן רשום אחר מאותו מין או דומה לשם של זן כאמור
עד כדי להטעות;
(2) הוא זהה עם שם של זן אחר מאותו מין שנזכר כחיקוק שבתחום סמכותו
של השר;
(3) הוא זהה עם שם המקובל על הציבור כשמו של זן אחר מאותו מין אף אם
הזן האחר לא נזכר בחיקוק כאמור;
(4) הוא זהה עם שם של זן אחר מאותו מין שנרשם כמדינת האיגוד או דומה
לשם של זן כאמור עד כדי להטעות;
(5) יש בו כדי לפגוע כסדר הציבורי או כמוסר;
(6) יש בו כדי להטעות את הציבור ביחס לזן או לתכונותיו או להבחנתו
מזנים אחרים מאותו מין;
(7) הוא אינו תואם את הכללים הבין-לאומיים המקובלים לענין שמות זנים.</p></content></subPoint></list></point><point><heading><authorialNote placement="side"><p>אישור שם הזן</p></authorialNote></heading><num>32</num><content><p>
נוכח הרשם כי אין מניעה לפי סעיף 31 לרישום שם הזן שהציע המבקש בבקשתו
לרישום זכות מטפחים, יאשר הרשם את השם המוצע והוא ייכלל בהודעה לפי סעיף 24;
היתה מניעה כאמור, יתבקש המבקש להציע, תוך זמן שקבע הרשם, שם אחר; לא הציע
המבקש שם לזן תוך התקופה האמורה, יקבע הרשם את שם הזן.</p></content></point><point><heading><authorialNote placement="side"><p>השגה על קביעת שם הזן</p></authorialNote></heading><num>33</num><content><p>
הרואה את עצמו נפגע בהחלטה בדבר קביעת שם זן רשאי, לפני תום שנה מיום פרסום
ההודעה לפי סעיף 24, להגיש לרשם השגה מנומקת בכתב; הרשם יחליט בדבר ויודיע על
החלטתו למשיג ככתב.</p></content></point><point><heading><authorialNote placement="side"><p>הגנה על שט הזן</p></authorialNote></heading><num>34</num><list><intro><p /></intro><subPoint><num>א</num><content><p> משניתן שם לזן חייבים להשתמש לגבי אותו זן באותו שם, בין אם צורף סימן
מסחרי לשם הזן ובין אם לאו.</p></content></subPoint><subPoint><num>ב</num><content><p> שם זן שנרשם, לא ישתמשו בו, או בשם דומה לו עד כדי להטעות, לשום זן
אלא לזן אשר לו תכונות זהות לתכונות אותו זן.</p></content></subPoint><subPoint><num>ג</num><content><p> לענין הוראות סעיף זה, אין נפקא מינה אם בשעת השימוש בשם היתה זכות
המטפחים עדיין רשומה או לא.</p></content></subPoint><subPoint><num>ד</num><content><p> לפי בקשה בכתב שהוגשה לו רשאי הרשם להמליץ בפני מי שהשר מינה לכך
להרשות למבקש להשתמש, במקום בשם הזן, בסימון סמוי, בתנאים שנקבעו בהרשאה; בכל
מקרה יעביר הרשם את הבקשה לממונה והחלטת הממונה תהא סופית.</p></content></subPoint></list></point><point><heading><authorialNote placement="side"><p>ייחודו של שם של זן</p></authorialNote></heading><num>35</num><content><p>
משנרשם שמו של זן לא יהא ניתן לשינוי אלא בהליכים לפי סעיף 33.</p></content></point></chapter><chapter><num>פרק וי:</num><title><content><p>הגנה על זכות מטפחים</p></content></title><point><heading><authorialNote placement="side"><p>היקף זכות מטפחים</p></authorialNote></heading><num>36</num><list><intro><p /></intro><subPoint><num>א</num><content><p> בכפוף להוראות פרק זה ופרק ז' זכאי כעל זכות מטפחים למנוע כל אדם זולתו
מנצל ללא רשותו או שלא כדין את הזן שלגביו נרשמה הזכות; לניצול כאמור ייקרא הסרה.</p></content></subPoint><subPoint><num>ב</num><content><p> זכות מטפחים תהא בת תוקף כלפי המדינה, אולם יחול החוק לתיקון סדרי הדין
האזרחי (המדינה כבעל דין), תשי''ח-1958 4.</p></content></subPoint></list></point><point><heading><authorialNote placement="side"><p>שימוש מותר בזן רשום</p></authorialNote></heading><num>37</num><content><p>
על אף האמור בסעיף 36, רשאי אדם, ללא הסכמת בעל זכות המטפחים -
(1) לנצל חומר ריבוי של זן רשום לשם ניסויים בלגד לקראת פיתוח זן חדש;</p></content></point><point><heading><authorialNote placement="side"><p>תקופת זכות מטפחים</p></authorialNote></heading><num>38</num><list><intro><p /></intro><subPoint><num>א</num><content><p> בכפוף להוראות סעיפים 2 ו-4 -
(1) תקופת זכות מטפחים היא חמש עשרה שנה מיום שנרשמה;
(2) תקופת זכות מטפחים בזני גפנים, עצי פרי, עצי יער וכל צמח רב-שנתי
אחר היא שמונה עשרה שנה מיום שנרשמה.</p></content></subPoint><subPoint><num>כ</num><content><p> השר רשאי לקבוע לגבי צמח פלוני או לגבי סוג פלוני של צמחים תקופה ארוכה
מתקופה שנקבעה בסעיף זה.</p></content></subPoint></list></point><point><heading><authorialNote placement="side"><p>משקלו קל הריקים</p></authorialNote></heading><num>39</num><content><p>
על אף רישום זכות מטפחים בזן ופירוט תכונותיו בספר הזכויות, מותר להוכיח כי אין
חידוש בזן, או כי הפירוט אינו מתאים לתכונות הזן למעשה.</p></content></point><point><heading><authorialNote placement="side"><p>רשיון פרמצבטיי לשם כסיה</p></authorialNote></heading><num>40</num><list><intro><p>
&lt;א&gt; ראתה המועצה שהדבר דרוש כדי שיהיו בידי הציבור אמצעי ריפוי בכמות
סבירה ובמחירים סבירים, רשאית היא - בהתייעצות עם הועדה לזכויות מספחים - להר-
שות, ללא הסכמת בעל זכות המטפחים. ניצול הזן הרשום, לשם ייצור תרופה בלבד.</p></intro><subPoint><num>ב</num><content><p> רשיון לפי סעיף זה יינתן רק למי שבידו היכולת והידע לנצל את הזן הרשום
בתנאים שקבעה המועצה.</p></content></subPoint></list></point><point><heading><authorialNote placement="side"><p>רשיון חקלאי לשם כפיה או ביטול זכות</p></authorialNote></heading><num>41</num><list><intro><p /></intro><subPoint><num>א</num><content><p> ראתה המועצה כי בעל זכות מטפחים לא ניצל את הזן הרשום או שניצולו
כנסיבות ובתנאים שאינם לטובת הציבור, רשאית היא, בהתייעצות עם הועדה לזכויות
מטפחים. להרשות ניצול הזן האמור בתנאים שקבעה וללא הסכמת בעל הזכות.</p></content></subPoint><subPoint><num>ב</num><content><p> המועצה רשאית לבטל את זכות המטפחים בזן אם דרשה מבעל הזכות להמציא
ולספק חומר ריבוי מהזן, ובזן מכלוא - חומר על הוריו, ובעל הזכות לא הוכיח שעשה כן;
המועצה רשאית, בדרישה כאמור, לקבוע למי יש להמציא ולספק את חומר הריבוי, את
התנאים להמצאתו ולהספקתו, לרבות כמותו, ואת התקופה שבה יש להמציאו ולספקו ובלבד
שלא תהא קצרה מעונת גידול אחת; המועצה רשאית להאריך את התקופה שקבעה כאמור.</p></content></subPoint><subPoint><num>ג</num><content><p> המועצה לא תפעיל סמכותה לפי סעיף זה תוך שנתיים מהיום שבו נרשמה זכות
המטפחים אלא אם לדעתה היו סיבות מיוחדות לכך.</p></content></subPoint></list></point><point><heading><authorialNote placement="side"><p>הוראות משלימות</p></authorialNote></heading><num>42</num><content><p>
רשיון לפי סעיף 40 או סעיף 41 -
(1) יינתן לפי בקשת הכשיר לקבלתו ולאחר שניתנה לבעל הזכות הזדמנות
לטעון טענותיו בענין;
(2) יפורטו בו תקופתו ותנאיו, לרבות תשלום לבעל הזכות;
(3) הוא ותנאיו יהיו להסכם בין בעל הזכות ובין בעל הרשיון, כנוסף על כל
הסכם שביניהם או בלעדיו;
(4) המועצה רשאית לבטלו אם ראתה כי הפרת תנאי מתנאיו מצדיקה את
הדבר.</p></content></point><point><heading><authorialNote placement="side"><p>העברת זכות מטפחים</p></authorialNote></heading><num>43</num><content><p>
זכות מטפחים והזכות לבקש רישומה ניתנות להעברה בכתב ועוברות מכוח דין, אולם
עבירת זכות מטפחים שלא מכוח דין אין לה תוקף כלפי שוט אדם זולת המעביר
והנעבר אלא אם נרשמה בספר הזכויות.</p></content></point><point><heading><authorialNote placement="side"><p>רשות לניצול עקב שימוש קודם בתום לב</p></authorialNote></heading><num>44</num><list><intro><p /></intro><subPoint><num>א</num><content><p> אדם שהוכיח להנחת דעתו של הרשם. כי במשך שלוש השנים לפחות שלפני
התאריך הקובע הוא היה מנצל בתום--לב כישראל את הזן שאליו מתייחסת כקשה לרישום
זכות מטפחים, יהא רשאי לנצל את הזן כעצמו ובמהלך עיסוקו כלבד; אישר הרשם כי
הובאה בפניו הוכחה כאמור. תקבע הועדה לזכויות מטפחים על פי כקשת כעל זכות המטפ-
חים את התמורה שאותו אדם ישלם בעד ניצול הזן; החלטת הועדה ניתנת להוצאה לפועל
כפסק דין סוסי של בית משפט.</p></content></subPoint><subPoint><num>כ</num><content><p> לענין סעיף זה, "התאריך הקובע" - התאריך שבו הוגשה הבקשה לרישום
זכות מטפחים בישראל, ואם נדרש לאותה כקשר. דין קדימה לפי פרק י' - התאריך שבו
הוגשה הבקשה שלגביה נדרש דין הקדימה.</p></content></subPoint><subPoint><num>ג</num><content><p> הזכות לניצול זן לפי סעיף זה אינה ניתנת להעברה, לתסיבה או להורשה אלא
יחד עם העסק שבו השתמשו באותו זן.</p></content></subPoint></list></point></chapter><chapter><num>פרק ז':</num><title><content><p>זן שטופח בשירות</p></content></title><point><heading><authorialNote placement="side"><p>הודעה על סיפוח זן</p></authorialNote></heading><num>45</num><content><p>
עובד חייב להודיע למעבידו בכתב -
(1) על כל זן שטיפח בתקופת שירותו או עקב שירותו, סמוך ככל האפשר
לאחר שסיים את טיפוח הזן ולפני הגשת כקשה לפי סעיף 20;
(2) על הגשת כל בקשה שלו לפי סעיף 20.</p></content></point><point><heading><authorialNote placement="side"><p>זן שטופח עקב עירות</p></authorialNote></heading><num>46</num><list><intro><p /></intro><subPoint><num>א</num><content><p> עובד שטיפח זן עקב שירותו, תקום הזכות לרישום זכות מטפחים בזן האמור
לקנין המעביד, זולת אם היה ביניהם הסכם אחר לענין זה או אם ויתר המעביד בכתב על
הזכות האמורה תוך ששה חדשים מיום שנמסרה לו הודעת העובד לפי סעיף 45.</p></content></subPoint><subPoint><num>ב</num><content><p> הודיע העובד בהודעתו לפי סעיף 43 כי בהעדר תשובה נוגדת בכתב של המעביד,
תוך ששה חדשים מיום מתן הודעת העובד, תקום זכות המטפחים לקנין העובד, ולא נתן
המעביד תשובה נוגדת כאמור, לא תקום הזכות לקנין המעביד.</p></content></subPoint></list></point><point><heading><authorialNote placement="side"><p>סכסוך בקשר לטיפוח זן</p></authorialNote></heading><num>47</num><content><p>
התעורר סכסוך אם זן שנמסרה עליו הודעה לפי סעיף 43 טופח עקב שירות, רשאים
העובד או המעביד, לאחר שלושה חדשים מיום מסירת ההודעה, לפנות לרשם שיכריע
נשאלה.</p></content></point><point><heading><authorialNote placement="side"><p>חזקת טיפוח בשירות</p></authorialNote></heading><num>48</num><content><p>
עובד שטיפח זן כתקופת שירותו, חזקה שטיפח אותו עקב שירותו כל עוד לא הוכח
ההיפך.</p></content></point><point><heading><authorialNote placement="side"><p>קביעת הועדה לזכויות מטפחים</p></authorialNote></heading><num>49</num><list><intro><p>
(8) באין הסכם בין עובד למעבידו בדבר התמורה שהעובד זכאי לה בעד זן שטיפח
עקב שירותו, תקבע הועדה לזכויות מטפחים אם זכאי הוא לתמורה, באיזה שיעור וכאילו
תנאים.</p></intro><subPoint><num>ב</num><content><p> הועדה לזכויות מטפחים תהא מוסמכת לחזור ולדון בהכרעה לסי סעיף קטן (א)
אם לדעתה נשתנו הנסיבות שהיו קיימות בעת מתן ההכרעה והיא נתבקשה לעשות כן : אולם
רשאית הועדה לחייב את המבקש בהוצאות, אם לדעתה לא היה מקום לבקשה. </p></content></subPoint><subPoint><num>ג</num><content><p> הועדה לזכויות מטפחים תתחשב בין היתר -
(1) בתפקיד שבו הועסק העובד;
(2) בסיב הקשר בין טיפוח הזן לעבודת העובד;
(3) ביזמתו של העובד בטיפוח הזן:
(4) באפשרויות הניצול של הזן וניצולו למעשה;
(5) כהוצאות סבירות בנסיכות הענין שהוציא העובד להשגת הגנה על הזן
כישראל.
(ד&gt; דיוני הועדה לזכויות מטפחים לפי סעיף זה יתקיימו בדלתיים סגורות אם לא
הורתה הועדה אחרת.</p></content></subPoint><subPoint><num>ה</num><content><p> החלטות הועדה לפי סעיף זה ניתנות להוצאה לפועל כפסק דין סופי של בית
משפט.</p></content></subPoint></list></point><point><heading><authorialNote placement="side"><p>חובות עובד המדינה</p></authorialNote></heading><num>50</num><list><intro><p /></intro><subPoint><num>א</num><content><p> עובד המדינה, או עובד מפעל אל מוסד של המדינה שהשר קבע אותם, או אדם
אחר המקבל תשלום בעד שירות מאחד הגופים האלה, שטיפח זן בתקופת שירותו או עקב
שירותו, יודיע על כך לממונה עליו, וכן לנציב שירות המדינה או לעובד ציבורי אחר כפי
שנקבע.</p></content></subPoint><subPoint><num>ב</num><content><p> הועדה לפי סעיף זה תימסר סמוך ככל האפשר לאחר טיפות הזן, אך לא יאוחר
מן המועד שהעובד עומד להגיש בו בקשה לפי סעיף 20 לגבי הזן, ובדרך שנקבעה כהת-
ייעצות עם שר האוצר,</p></content></subPoint><subPoint><num>ג</num><content><p> החייב במתן הודעה לפי סעיף זה לא יגיש מחוץ לישראל בקשה לרישום זכות
מטפחים או בקשת הגבה אחרת על הזן שטיפח, אלא כאחת מאלה:
(1) קיבל על כך מראש היתר מידי נציב שירות המדינה או מידי עובד ציבורי
אחר שנקבע;
(2) תוך ששה חדשים מיום שהודיע על טיפוח הזן לפי סעיף זה לא נקבע כי
זכויותיו בזן, כולן או מקצתן, היו לפי סעיף 46 או על פי הסכם לקנין המדינה
או המפעל או המוסד של המדינה שבו עבד.</p></content></subPoint></list></point><point><heading><authorialNote placement="side"><p>חובת ההודעה נמשכת</p></authorialNote></heading><num>51</num><content><p>
חובת הודעה לפי פרק זה תעמוד בתקפה עד לקיומה, אפילו עכר המועד שנקבע לכך.</p></content></point><point><heading><authorialNote placement="side"><p>חוגת גילוי סרטים</p></authorialNote></heading><num>52</num><content><p>
מי שמסר הודעה לפי פרק זה וכן מי שהיה חייב במתן הודעה כאמור חייב לגלות
למעביד ככל עת את כל פרטי הזן שטופח וכל פרט נוסף שיש לו חשיבות לענין סעיפים
46 ו-53.</p></content></point><point><heading><authorialNote placement="side"><p>חובת סיוע למעביד</p></authorialNote></heading><num>53</num><content><p>
מי שטיפח בשירות זן אשר הזכות לרישום זכות מטפחים בו, כולה או מקצתה, עברה
למעבידו לסי סעיף 46 או על פי הסכם, חייב לעשות את כל הנדרש ממנו מאת המעביד לשם
קבלת הגנה על הזן, בכל מקום שהוא, לטובת המעביד, ולחתום על כל מסמך הדרוש לכך;
לא עשה כן, רשאי הרשם להתיר למעביד לעשות כן, לאחר שנתן לעובד הזדמנות להשמיע
את טענותיו.</p></content></point><point><heading><authorialNote placement="side"><p>חובת סודיות</p></authorialNote></heading><num>54</num><content><p>
כל עוד לא הוגשה בקשה לרישום זכות מטפחים בזן שטופח עקב שירות, לא יגלו
העובד, המעביד וכל אדם אחר שהדבר נמסר לו בסוד, פרטים על הזן.</p></content></point></chapter><chapter><num>פרק ח':</num><title><content><p>ציון שם המטפח למעשה</p></content></title><point><heading><authorialNote placement="side"><p>הגדרה</p></authorialNote></heading><num>55</num><content><p>
בסרק זה, "מי שטיפח זן" -- מי שפיתח זן חדש כמשמעותו בסעיף 7, למעט הבאים
מכוחו לפי דין או על סי העברה או הסכם.</p></content></point><point><heading><authorialNote placement="side"><p>ציון שם המטפח</p></authorialNote></heading><num>56</num><content><p>
מי שטיפח זן והוגשה כקשה לרישום זכות מטפחים בו, הוא או שאיריו רשאים לדרוש
כי יצויין שמו בספר הזכויות והרשם ייעתר לדרישה בכפוף לאמור בסעיפים 57 ו-,58
ובלבד שהדרישה הוגשה כזמן וכדרך שנקבעו-, על אף האמור בסעיפים 98 עד 100, משצויין
בספר הזכויות שם של מי שטיפח זן, לא יימחק השם אלא בהחלטת בית המשפט.</p></content></point><point><heading><authorialNote placement="side"><p>שמיעת המספר ובעל הזכות</p></authorialNote></heading><num>57</num><content><p>
הוגשה דרישה לפי סעיף 56 שעה שאין הדורש זכאי לבקש רישום זכות המטפחים על
שמו, יתן הרשם הודעה על כך לבעל זכות המטפחים או לבעל הזכות לבקש רישום.כאמור,
ואם היו אותה שעה תלויים ועומדים הליכי התנגדות לפי סעיף 23 - לכל אדם שהוא צד
לאותם הליכים; הרשם יחליט לאחר ששמע את טענותיהם של הנוגעים בדבר, אם ביקשו
זאת תוך המועד שנקבע.</p></content></point><point><heading><authorialNote placement="side"><p>אי-הזדקקות לדרישה</p></authorialNote></heading><num>58</num><content><p>
הרשם לא יזדקק לדרישה לפי סעיף 56 אם הוא סבור שמן הדין לדון בה כבבקשה
שעילתה כאמור בסעיף 23(ב10) או בסעיף 29(א)(4).</p></content></point><point><heading><authorialNote placement="side"><p>אין ויתור על ציון השם</p></authorialNote></heading><num>59</num><content><p>
תניה שלפיה מי שטיפח זן מוותר על הזכות לדרוש ציון שמו - אץ לה תוקף.</p></content></point><point><heading><authorialNote placement="side"><p>ציון קם אינו בקנה זכויות</p></authorialNote></heading><num>60</num><content><p>
מי ששמו צויין כמי שטיפח זן, לא יהא זכאי בשל כך בלבד לזכות כל שהיא בזן
ובזכות המטפחים בו.</p></content></point></chapter><chapter><num>פרק טי:</num><title><content><p>הפרת זכות מטפחים</p></content></title><point><heading><authorialNote placement="side"><p>תביעות הסרה</p></authorialNote></heading><num>61</num><content><p>
בעל זכות מטפחים או שלוחיו - הם בלבד זכאים להגיש תביעה על הפרה.</p></content></point><point><heading><authorialNote placement="side"><p>המועד להגשת תביעות הסרה</p></authorialNote></heading><num>62</num><content><p>
אין להגיש תביעה על הפרה אלא לאחר שזכות המטפחים נרשמה; אולם משהוגשה
תביעה על הפרה רשאי בית המשפט להעניק סעד על הפרה שנעשתה לאחר יום הפרסום
לפי סעיף 22.</p></content></point><point><heading><authorialNote placement="side"><p>ניצול מוצר שחולט</p></authorialNote></heading><num>63</num><content><p>
מוצר של זן רשום שחולט כדין, אין בניצולו משום הפרה זולת אם היה גידול חוזר
כלבד.</p></content></point><point><heading><authorialNote placement="side"><p>בטילות הרישום- הגנה על הסרה</p></authorialNote></heading><num>64</num><content><p>
עילה שניתן על פיה להתנגד לרישום זכות מטפחים תשמש הגנה טובה בתביעה על
הפרה; קיבל בית המשפט את ההגנה, יצווה על תיקון פרטי הרישום כספר הזכויות או על
ביטול זכות המטפחים, הכל לפי הענין.</p></content></point><point><heading><authorialNote placement="side"><p>סעדים במשפטי הפרה</p></authorialNote></heading><num>65</num><list><intro><p /></intro><subPoint><num>א</num><content><p> בתביעה על הפרה זכאי התובע לסעד בדרך ציווי ובדרך פיצויים.</p></content></subPoint><subPoint><num>ב</num><content><p> בית המשפט, בבואו לפסוק פיצויים, יתחשב במעשה ההפרה של הנתבע ובמצבו
של התובע עקב מעשה זה, והוא רשאי להביא בחשבון, בין היתר -
(1) הנזק הישיר שנגרם לתובע;
(2) היקף ההפרה;
(3) הרווחים שהפיק המפר ממעשה ההפרה;
(4) דמי תמלוגים סבירים שהמפר היה חייב בתשלומם אילו ניתן לו רשיון
לבצל את זכות המטפחים בהיקף שבו נעשתה ההפרה.</p></content></subPoint><subPoint><num>ג</num><content><p> נעשתה הפרה לאחר שהתובע הזהיר עליה את המפר, רשאי בית המשפט לחייב
את המפר בתשלום פיצויי עונשין, בנוסף לפיצויים שקבע לסי סעיף קטן (ב&gt;, ובלבד שלא
יעלו על סכום אותם פיצויים.</p></content></subPoint><subPoint><num>ד</num><content><p> נתבעו פיצויים, רשאי בית המשפט לחייב את הנתבע כמתן דין וחשבון על
היקף ההפרה; אולם בבואו לקבוע את שיעורם של הפיצויים לא יהא בית המשפט כפות בדין
וחשבון אלא רשאי לקבוע את שיעורם לפי כל נסיבות המקרה; הוראה זו אינה גורעת
מתקנות סדרי הדין בדבר מתן חשבונות.</p></content></subPoint></list></point><point><heading><authorialNote placement="side"><p>פיצויים כשתיקן פירוט</p></authorialNote></heading><num>66</num><content><p>
הופרה זכות מטפחים לפני שניתנה רשות לתקן תביעה מהתביעות שבפירוט ונתבעו
פיצויים על ההפרה לאחר מתן רשות לתקן. רשאי בית המשפט שלא להביא בחשבון את מתן
הרשות לתקן, אם התביעות שבפירוט המקורי לא נוסחו כתום לב או נוסחו שלא כצורה
ברורה.</p></content></point><point><heading><authorialNote placement="side"><p>סייג להענקת פיצויים בזכות מטפחים שבוטלה בחלקה</p></authorialNote></heading><num>67</num><content><p>
בוטל חלק מזכות מטפחים שעל הפרתה הוגשה תביעה, אין בכך בלבד כדי לשלול
מהתובע פיצויים על ההפרה; אולם רשאי בית המשפט שלא להעניק פיצויים אם התביעות
שבפירוט של הזכות המקורית לא נוסחו בתום לב או נוסחו שלא בצורה ברורה.</p></content></point><point><heading><authorialNote placement="side"><p>פיצויים בזנות מספחים שחודש תקפה</p></authorialNote></heading><num>68</num><content><p>
רשאי בית המשפט. אם שוכנע שלא היתה סיבה מצדקת לאי תשלום האגרה לפי
סעיף 74, שלא לפסוק פיצויים על הפרת זכות מטפחים שנעשתה בתקופה שבץ המועד
לתשלום האגרה לפי סעיף 74 לבין תשלומה למעשה לפי סעיף 75; הטוען שהיתה סיבה
מצדקת לאי תשלום האגרה, עליו הראיה.</p></content></point><point><heading><authorialNote placement="side"><p>הצהרה בדבר אי הפרה</p></authorialNote></heading><num>69</num><list><intro><p /></intro><subPoint><num>א</num><content><p> מי שיש בדעתו לעשות פעולה בזן, רשאי לבקש מבית המשפט הצהרה כי אין
בפעולה משום הפרת זכות מטפחים פלונית שפורטה בבקשה.</p></content></subPoint><subPoint><num>ב</num><content><p> בעל זכות המטפחים יהיה המשיב בבקשה.</p></content></subPoint><subPoint><num>ג</num><content><p> בית המשפט לא יתן את ההצהרה אלא אם מסר המבקש לבעל זכות המטפחים
פרטים מלאים בדבר הפעולה או הזן שלגביהם מוגשת הבקשה, וביקש ממנו את ההצהרה
שהוא מבקש עתה מבית המשפט ובעל הזכות סירב לתיתה או לא נתן אותה תוך תקופה
סבירה; אך לא ידחה בית המשפט בקשה מחמת זה בלבד שהוגשה בטרם עבר הזמן הסביר,
לדעת בית המשפט, למתן ההצהרה מאת בעל הזכות.</p></content></subPoint><subPoint><num>ד</num><content><p> הוצאות של בעלי-הדין יוטלו על מבקש ההצהרה, זולת אם הורה בית המשפט
הוראה אחרת.</p></content></subPoint><subPoint><num>ה</num><content><p> בהליכים לפי סעיף זה לא תישמע הטענה כי זכות המטפחים היא חסרת-תוקף,
ומתן ההצהרה או הסירוב לתיתה אין בהם כדי לקבוע בשאלת תוקף זכות המטפחים.</p></content></subPoint></list></point><point><heading><authorialNote placement="side"><p>סמכויות בית המשפט בהעברת דיון למועצה</p></authorialNote></heading><num>70</num><content><p>
נתן בית המשפט רשות למועצה לדון בבקשת תיקון לפי סעיף 26 (ג), או בבקשת
ביטול לפי סעיף 29 (ד), רשאי הוא לעכב את הדיון במשפט התלוי ועומד לפניו בענין
אותה זכות מטפחים, לתקופה ובתנאים שיקבע, אך כל כעל דין רשאי לפנות בכל עת לבית
המשפט ולבקש שינוי צו העיכוב או ביטולו.</p></content></point></chapter><chapter><num>פרק י':</num><title><content><p>בקשות חוץ</p></content></title><point><heading><authorialNote placement="side"><p>בקשת תושב חוץ</p></authorialNote></heading><num>71</num><content><p>
השר רשאי, על אף האמור בסעיף 3 (כ), להורות כי אף מי שאינו אזרח ישראלי או
תושב ישראל רשאי לבקש רישום זכות מטפחים בספר הזכויות לגבי זן שטופח מחוץ לישראל
אם נתקיימה אחת מאלה*.</p></content></point><point><heading><authorialNote placement="side"><p>דין קדימה</p></authorialNote></heading><num>72</num><content><p>
מטפח שהגיש בקשה לרשום זכות מטפחים בזן לאחר שכבר הגיש, הוא או קודמו
כזכות, כקשת חוץ, רשאי לבקש דין קדימה שלפיו יראו, לענין סעיפים 7 ו--9, את תאריך
בקשת החוץ כתאריך הבקשה שהוגשה כישראל, ובלבד שהבקשה בישראל הוגשה תוך שנים
עשר חודש לאחר. הגשת בקשת החוץ או לאחר תחילתו של סעיף זה, הכל לפי המאוחר,
ונתמלאו תנאים אחרים שנקבעו בתקנות.</p></content></point><point><heading><authorialNote placement="side"><p>הרחבת התחולה</p></authorialNote></heading><num>73</num><content><p>
על אף האמור בסעיפים 72 ו-102, רשאי השר להחיל בצו את הוראות סעיף 72
לגבי כל מדינה, כין שהיא מדינת האיגוד ובין שאינה מדינת האיגוד, אם ראה שאותה
מדינה נוהגת הדדיות בענין זה כלפי ישראל.</p></content></point></chapter><chapter><num>פרק י"א:</num><title><content><p>אגרות</p></content></title><point><heading><authorialNote placement="side"><p>תשלום אגרות</p></authorialNote></heading><num>74</num><content><p>
זכות מטפחים תהיה בת-תוקף אם שילם בעלה במועדים שנקבעו את האגרה שנקבעה;
לא שולמה האגרה. תפקע הזכות כמועד שנקבע לתשלום האגרה.</p></content></point><point><heading><authorialNote placement="side"><p>ארכה לתשלום אגרות</p></authorialNote></heading><num>75</num><content><p>
על אף האמור כסעיף 74 מותר לשלם אגרה תוך ששה חדשים מהמועד שנקבע לתש-
לומה בתוספת אגרה בסכום שנקבע, ומשנעשה כן רואים את האגרה כאילו שולמה במועד
שנקבע לתשלומה ואת זכות המטפחים כאילו לא פקע תקפה.</p></content></point><point><heading><authorialNote placement="side"><p>פרסום פקיעת הזכות</p></authorialNote></heading><num>70</num><content><p>
חלפה התקופה האמורה בסעיף 75 ולא שולמה האגרה כאמור בו. יפרסם הרשם בר-
שומות את דבר פקיעת תקפה של זכות המטפחים.</p></content></point><point><heading><authorialNote placement="side"><p>בקשה להחזר תקפה של זכות שפקעה</p></authorialNote></heading><num>77</num><content><p>
עלב זכות מטפחים שפקע תקפה בשל אי-תשלום אגרה כאמור בסעיף 73, רשאי
לבקש מהרשם, בדרך ובצורה שנקבעו, החזר תקפה של הזכות, ובלבד שעם הגשת בקשתו
ישלם את אגרת ההחזר שנקבעה לענין זה.</p></content></point><point><heading><authorialNote placement="side"><p>פרסום בקשה להחזר תוקף</p></authorialNote></heading><num>78</num><content><p>
שוכנע הרשם כי האגרה לא שולמה בשל סיבות סבירות, כי בעל זכות המטפחים לא
ידע על פקיעתה ולא רצה בכך, וכי הבקשה להחזר תקפה של הזכות לפי סעיף 77 הוגשה
סמוך ככל האפשר לאחר שדבר אי-תשלום האגרה נודע לבעל הזכות או למי שאחראי
מטעמו לתשלום האגרה, יורה על פרסום הבקשה ברשומות לאחר ששילם בעל זכות המטס-
חים את האגרה שלא שולמה.</p></content></point><point><heading><authorialNote placement="side"><p>התנגדות להחזר תוקף</p></authorialNote></heading><num>79</num><content><p>
כל אדם רשאי להתנגד לבקשה בדבר החזר תקפה של הזכות, תוך שלושה חדשים
מיום הפרסום לפי סעיף 78, בכתב מנומק שיוגש לרשם.</p></content></point><point><heading><authorialNote placement="side"><p>גו להחזר תוקף</p></authorialNote></heading><num>80</num><list><intro><p /></intro><subPoint><num>א</num><content><p> לא הוגשה התנגדות לפי סעיף 79 או הוגשה התנגדות ונדחתה, יתן הרשם צו
להחזר תוקף זכות המטפחים (בסעיף זה - הצו); הרשם רשאי להתנות את החזר התוקף
בתנאים, ובין היתר כאחד מתנאים אלה:
(1) תשלום פיצויים למי שנפגע על ידי הצו;
(2) מתן רשות למי שניצל את הזן הרשום שלגביו ניתן הצו להוסיף ולנצלו,
במהלך עיסוקו בלבד, בתמורה או ללא תמורה ולתקופה שקבע הרשם.</p></content></subPoint><subPoint><num>ב</num><content><p> הרואה עצמו בפגע לגבי הפיצויים שנקבעו כאמור כסעיף קטן (א) (1) או לגבי
התמורה למתן רשות להוסיף ולנצל את הזן כאמור בסעיף קטן (א) (2), רשאי, כמקום
ערעור על כך לפי סעיף 86, לערור לפני הועדה לזכויות מטפחים.</p></content></subPoint></list></point><point><heading><authorialNote placement="side"><p>העברת זכות ניצול</p></authorialNote></heading><num>81</num><content><p>
הזכות לניצול זכות מטפחים לפי סעיף 80 אינה ניתנת להעברה, לתסיכה או להורשה
אלא יחד עם העסק שבו השתמשו בזן הרשום כאמור.</p></content></point></chapter><chapter><num>פרק י"ב:</num><title><content><p>עונשין</p></content></title><point><heading><authorialNote placement="side"><p>הסרה ביודעין</p></authorialNote></heading><num>82</num><content><p>
המפר ביודעין זכות מטפחים שנרשמה לסי חוק זה, דינו מאסר שנה או קנס 25.000
לירות; ואם ככר נתחייב פעם על עבירה לפי סעיף זה, דינו - מאסר שנתיים או קנס
30,000 לירות</p></content></point><point><heading><authorialNote placement="side"><p>מעטה בזן לפני רישומו</p></authorialNote></heading><num>83</num><content><p>
העושה ביודעין מעשה בזן, כתקופה שכין הפרסום לסי סעיף 22 לבין רישום זכות
המטפחים, ובאותו מעשה היה משום הפרת זכות מטפחים אילו היה הזן רשום אותה שעה,
דינו - מאפר ששה חדשים או קנס 15,000 לירות; ואם כבר נתחייב פעם על עבירה לפי
סעיף זה. דינו - מאסר שנה או קנס 15,000 לירות.</p></content></point><point><heading><authorialNote placement="side"><p>אי-קיום חובה</p></authorialNote></heading><num>84</num><content><p>
מי שלא קיים חובה המוטלת עליו בסעיפים 13 (ג), 19, 34, 45, 50, 52, 53 או 54
או מי שגילה מדיוני הועדה לזכויות מטפחים לפי סעיף 49 שהתקיימו בדלתיים סגורות,
דינו - מאסר ששה חדשים או קנס 2,000 לירות.</p></content></point><point><heading><authorialNote placement="side"><p>בית משפט מוסמך</p></authorialNote></heading><num>85</num><content><p>
בית המשפט המוסמך לרון בעבירות לפי פרק זה יהא בית המשפט המחוזי בירושלים.</p></content></point></chapter><chapter><num>פרק י"ג:</num><title><content><p>שיפוט, סדרי דץ ונוהל</p></content></title><point><heading><authorialNote placement="side"><p>ערעור</p></authorialNote></heading><num>86</num><content><p>
הרואה עצמו נפגע בהחלטת המועצה או הרשם, ואין עליה השגה או התנגדות לפי
חוק זה, רשאי לערער עליה לפני בית המשפט המחוזי כירושלים תוך 30 יום מיום שהגיעה
לידיעתו כפי שנקבע, והרואה עצמו נפגע בהחלטת הועדה לזכויות מטפחים רשאי לערער
עליה בפני בית המשפט העליון תוך המועד האמור.</p></content></point><point><heading><authorialNote placement="side"><p>דיון בדלתיים סגורות</p></authorialNote></heading><num>87</num><content><p>
ערעור על החלטת הרשם הדוחה בקשה לפי סעיף 15 (ד) יהא בדון בדלתיים סגורות,
אם לא הורה בית המשפט הוראה אחרת לפי בקשת המערער.</p></content></point><point><heading><authorialNote placement="side"><p>ראיות בערעור</p></authorialNote></heading><num>88</num><content><p>
בית המשפט הדן בערעור רשאי לקבל ראיות, בין ראיות שכבר נתקבלו בידי הרשם
או המועצה ובין אחרות, והוא רשאי לדרוש שראיות אלה יובאו בתצהיר או בדרך אחרת
שיראה; הובאו ראיות בתצהיר, יתיר בית המשפט לחקור את המצהיר חקירה שכנגד אם
נתבקש לעשות זאת ולא ראה טעם סביר שלא להרשות זאת.</p></content></point><point><heading><authorialNote placement="side"><p>יועץ מדעי</p></authorialNote></heading><num>89</num><list><intro><p /></intro><subPoint><num>א</num><content><p> בהליכים לפי חוק זה רשאי בית המשפט למנות לו יועץ מדעי אשר יסייע לו
בקבלת הראיות וייעץ לו, אך לא יטול חלק כמתן פסק הדין.</p></content></subPoint><subPoint><num>ב</num><content><p> בית המשפט יקבע את שכר היועץ המדעי, והוא ישולם מאוצר המדינה.</p></content></subPoint></list></point><point><heading><authorialNote placement="side"><p>רשותלהורות על תיקון הפירוט</p></authorialNote></heading><num>90</num><content><p>
בכל הליך אזרחי על פי חוק זה רשאי בית המשפט, על פי בקשת בעל זכות המטפחים,
להורות על תיקון בפירוט, מן הטעמים האמורים בסעיפים 26 (א) או 99, והוראות סעיפים
26 (א) ו-(כ) ו-27 יחולו לגביו, בשינויים המחוייבים.</p></content></point><point><heading><authorialNote placement="side"><p>הארכת רועדים</p></authorialNote></heading><num>91</num><list><intro><p /></intro><subPoint><num>א</num><content><p> רשאי הרשם, אם ראה טעמים סבירים לכך, להאריך כל מועד הקבוע כחוק זה
או כתקנות על פיו לעשיית דבר שלא לפני בית המשפט, חוץ מהמועדים הקבועים לפי
סעיפים 2:1, 72. 74 ו-75; אולם רשאי הרשם להאריך את המועד לפי סעיף 72 אם שוכנע
שהבקשה בישראל לא הוגשה במועד בגלל סיבות שלמבקש ולכא-כוחו לא היתה שליטה
עליהן ולא ניתן למנען.</p></content></subPoint><subPoint><num>ב</num><content><p> הרשם רשאי להתנות את הארכת המועד בתנאים שימצא לנכון.</p></content></subPoint><subPoint><num>ג</num><content><p> כקשה להארכת מועד ניתן להגיש בין כתוך המועד ובין לאחריו.</p></content></subPoint></list></point><point><heading><authorialNote placement="side"><p>איסוף ראיות</p></authorialNote></heading><num>92</num><content><p>
המועצה, ועדותיה, הועדה לזכויות מטפחים והרשם רשאים לאסוף ראיות כמידה
הנראית להם דרושה למילוי תפקידיהם ולשימוש בסמכויותיהם.</p></content></point><point><heading><authorialNote placement="side"><p>דיון בהליכים על ריב</p></authorialNote></heading><num>93</num><list><intro><p /></intro><subPoint><num>א</num><content><p> ככל הליך על ריב המובא לפי חוק זה לפני המועצה או ועדותיה, לפני הועדה
לזכויות מטפחים או לפני הרשם, תינתן לצדדים הזדמנות להגיש ראיותיהם ולהביא טענו-
תיהם בכתב וכעל פה, בדרך, כצורה, במועדים ובאופן שנקבעו.</p></content></subPoint><subPoint><num>ב</num><content><p> על תשלום הוצאות סבירות רשאים לצוות -
(1) הרשם - בהליכים לפניו או לפני המועצה או ועדותיה;
(2) הועדה לזכויות מטפחים - בהליכים לפניה;
וכן רשאים הם להורות בצו מי מבעלי הדין ישלם את ההוצאות וכיצד ישולמו.</p></content></subPoint><subPoint><num>ג</num><content><p> צו לפי סעיף קטן (ב) ניתן להוצאה לפועל כאילו היה פסק דין של בית משפט. </p></content></subPoint><subPoint><num>ד</num><content><p> ככפוף לאמור כסעיף קטן (א) רשאי שר המשפטים לקבוע בתקנות את סדרי
הדין בכל הליך על ריב לפי חוק זה.</p></content></subPoint></list></point><point><heading><authorialNote placement="side"><p>ייצוג מיוחד</p></authorialNote></heading><num>94</num><list><intro><p>
(א&gt; שר המשפטים ושר החקלאות רשאים לתת היתר לייצג אדם לענין כל הליך
לפי חוק זה, למעט הליך כפני בית המשפט.</p></intro><subPoint><num>ב</num><content><p> שר המשפטים ושר החקלאות יקבעו, באישור ועדת הכלכלה של הכנסת, את
תנאי הכשירות של בעל היתר לפי סעיף זה.</p></content></subPoint><subPoint><num>ג</num><content><p> אין בהוראות סעיף זה כדי לגרוע מזכות הייצוג המוענקת לעורך דין לפי חוק
לשכת עורכי הדין, תשכ"א-1961 5.</p></content></subPoint></list></point><point><heading><authorialNote placement="side"><p>שמירת מסמכים</p></authorialNote></heading><num>95</num><list><intro><p /></intro><subPoint><num>א</num><content><p> כל המסמכים שבידי הרשם, המועצה או הועדה לזכויות מטפחים, הנוגעים
לבחינת בקשה לזכות מטפחים, או לתקפה של זכות מטפחים או לזכויות בה או לזכויות
הקשורות בה, או לכל ענין אחר שיש בו כדי להשפיע על תקפה של זכות מטפחים או על
הזכויות בה או על הזכויות הקשורות בה, יישמרו שבע שנים לפחות מיום שפקע תקפה
של זכות המטפחים.</p></content></subPoint><subPoint><num>ב</num><content><p> הוראות סעיף קטן (א) לא יחולו על התכתבות פנימית של חברי המועצה. עובדיה
והרשם בינם לבין עצמם ועל מסמכים אחרים שלגביהם נקבעו בתקנות הוראות אחרות.</p></content></subPoint></list></point><point><heading><authorialNote placement="side"><p>עיון לציבור וקבלת נפחים מאושרים</p></authorialNote></heading><num>96</num><list><intro><p /></intro><subPoint><num>א</num><content><p> המסמכים שיש לשמרם לפי סעיף 93 יהיו פתוחים לעיון הקהל, להוציא -
(1) מסמכים הנוגעים לבקשה לרישום זכות מטפחים שעדיין לא פורסמה לפי
סעיף 22 או מסמכים הנוגעים לדיוני הועדה לזכויות מטפחים לפי סעיף 49;
(2) מסמכים המפרטים את שמות הורי זן מכלוא שלא צויינו בספר הזכויות,
אלא על פי החלטת המועצה או בקשת המטפח.</p></content></subPoint><subPoint><num>ב</num><content><p> כל אדם יהא זכאי לקבל נסח מאושר בחותם הרשם מכל דבר שבספר הזכויות
או מהמסמכים הפתוחים לעיון לפי סעיף זה, אם ביקש זאת כדרך שנקבעה ואם שילם את
האגרה שנקבעה.</p></content></subPoint></list></point><point><heading><authorialNote placement="side"><p>רישום העברת זכויות</p></authorialNote></heading><num>97</num><list><intro><p /></intro><subPoint><num>א</num><content><p> מי שהועברו לו זכויות בזן, כין זן רשום וכין זן שהוגשה עליו בקשת זכות
מטפחים, רשאי לבקש מהרשם לרשמו כבעל אותן זכויות, ואם הוכחה ההעברה להנחת
דעתו של הרשם ושילמה האגרה שנקבעה - תירשם העברת הזכויות כספר הזכויות או י
בתיק הבקשה, לסי הענין.</p></content></subPoint><subPoint><num>כ</num><content><p> שר המשפטים רשאי לקבוע דרכים למסירת פסקי דין שבהם נקבעה העברת
זכויות כאמור בסעיף זה; קבע כך ונמסר לרשם פסק דין בדרך האמורה, ירשום הרשם
את ההעברה שנקבעה כפסק הדין, על אף האמור כסעיף קטן (א).</p></content></subPoint></list></point><point><heading><authorialNote placement="side"><p>תיקון רשומות ומסמגים</p></authorialNote></heading><num>98</num><list><intro><p /></intro><subPoint><num>א</num><content><p> לפי כקשת אדם מעונין. שהוגשה כדרך ובצורה שנקבעו, רשאי הרשם לתקן
את הרשום בספר הזכויות ובכל מסמך שהוציא הוא או שהוגש לו או למועצה, אם לדעתו
אין ספר הזכויות או המסמך משקפים את העובדות: והוא כשלא נקבעה דרך אחרת כחוק זה
לעשיית התיקון.</p></content></subPoint><subPoint><num>ב</num><content><p> הרשם יפרסם ברשומות הודעה על הבקשה לפי סעיף זה וכן יתן הודעה עליה
לכל אדם העלול לדעתו להיפגע על ידי התיקון ובה הזמנה להגיש לרשם את טענותיו כדבר
התיקון המבוקש תוך המועד שנקבע, ולא יחליט הרשם בבקשה אלא כתום המועד האמור.</p></content></subPoint></list></point><point><heading><authorialNote placement="side"><p>תיי,ון טעויות סופר</p></authorialNote></heading><num>99</num><content><p>
הרשם רשאי לתקן טעות סופר שנפלה בפירוט, בספר הזכויות או במסמך שהוציא.
אם נתבקש לעשות זאת בדרך ובצורה שנקבעו.</p></content></point><point><heading><authorialNote placement="side"><p>תיקונים ביזמת הרשם</p></authorialNote></heading><num>100</num><content><p>
הרשם רשאי לתקן תיקון לפי סעיפים 98 או 99 גם מיזמתו הוא, כפי שנקבע לענין
אותם סעיפים.</p></content></point><point><heading><authorialNote placement="side"><p>סייג לקבלת מסמכים המעידים על זכויות מטפחים</p></authorialNote></heading><num>101</num><list><intro><p /></intro><subPoint><num>א</num><content><p> כל מסמך או שטר שהועברה בהם זכות בזן, בין שהוא רשום ובין שהוגשה
עליו בקשת זכות מטפחים או טובת הנאה בזן כאמור, לא יתקבלו בבית משפט כראיה לזכות
קנץ בזן או בזכות מטפחים או להעברת טובת הנאה, אלא אם נרשמה ההעברה לפי סעיף 97
או אם ראה בית המשפט טעם לקבלם.</p></content></subPoint><subPoint><num>ב</num><content><p> על אף האמור בסעיף קטן (א&gt; יתקבלו מסמכים כאמור לראיה בכל דיון בדבר
תיקון ספר הזכויות על פי סעיף 98.</p></content></subPoint></list></point></chapter><chapter><num>פרק י"ד:</num><title><content><p>שונות</p></content></title><point><heading><authorialNote placement="side"><p>תחילה</p></authorialNote></heading><num>102</num><list><intro><p /></intro><subPoint><num>א</num><content><p> תחילתו של חוק זה, פרט לסעיף 72, היא כתום ששה חדשים מיום פרסומו
ברשומות.</p></content></subPoint><subPoint><num>כ</num><content><p> תחילתו של סעיף 72 היא ביום שיודיע עליו השר, בהודעה ברשומות, לפחות
30 יום מראש.</p></content></subPoint></list></point><point><heading><authorialNote placement="side"><p>הוראות מעבר</p></authorialNote></heading><num>103</num><list><intro><p /></intro><subPoint><num>א</num><content><p> מטפח שהגיש בקשה לרשום זכות מטפחים בזן לאחר שכבר קיבל, הוא או
קודמו בזכות, אישור על היות הזן זן מומלץ מכוח חוק הזרעים, תשט"ז-1956, מאת מוסד
-
ממשלתי בישראל לפני תהייתו של חוק זה, רשאי לבקש דין קדימה שלמיו יראו, לענין
סעיפים 7 ו-9, את תאריך האישור האמור נתאריך הגשת הבקשה לרישום לפי חוק זה,
וכיבד שהבקשה לרישום לפי חוק זה הוגשה תוך ששה הדשים מיום תהילתו ונתמלאו תנאים
אחרים שנקבעו בתקנות; נתקבלה בקשתו לדין קדימה, יחשבו את תקופת זכות המטפחים
נתאריך האישור האמור.</p></content></subPoint><subPoint><num>ב</num><content><p> מטפה שהגיש כקשה לרשום זכות מטפחים בזן לאחר שזכות מטפחים כאותו זן
נרשמה על שמו או על שם קודמו כזכות במדינת האיגוד לפני תחילתו של חוק זה. רשאי
לבקש דין קדימה שלפ-ו יראו, לענין סעיפים 7 ו-9, את תאריך כקשת הזכות במדינת
האיגוד כתאריך הגשת הבקשה לרישום לפי חוק זה, ובלבד שהבקשה לרישום לפי חוק זה
הוגשה שנים עשר חודש מיום תחילתו של סעיף 72 ונתמלאו תנאים אחרים שנקבעו כתקנות;
נתקבלה בקשתו לדין קדימה יחשבו את תקופת זכות המטפחים מיום שנרשמה זכות המטפחים
כמדינת האיגוד.</p></content></subPoint><subPoint><num>ג</num><content><p> על אף האמור כסעיף קטן (כ) ובסעיף 102 רשאי השר כתקנות להחיל את
הוראותיו של סעיף קטן (כ) לגבי כל מדינה, בין שהיא מדינת האיגוד ובין שאינה מדינת
האיגוד, אם ראה שאותה מדינה נוהגת הדדיות בענין זה כלפי ישראל.</p></content></subPoint><subPoint><num>ד</num><content><p> שום דבר בחוק זה לא יתפרש כאילו בא להעניק סעד על הפרת זכות מטפחים
לגבי התקופה שלפני תהילתו של חוק זה.</p></content></subPoint></list></point><point><heading><authorialNote placement="side"><p>ביגיע ותקנות</p></authorialNote></heading><num>104</num><content><p>
השר ממונה על ביצוע חוק זה והוא רשאי להתקין תקנות בכל ענין הנוגע לביצועו,
ובכלל זה -
(1) סדרי רישום;
(2) הנוהל בהליכים לפני המועצה ולפני הרשם לפי חוק זה:
(3) טופסי הבקשות לפי חוק זה, אופן הפירוט ודרכי הדגמתו של זן בפירוט:
(4) האגרות שיש לשלמן כעד כקשות המוגשות לפי חוק זה, בעד פעולות
הרשם והמועצה, כעד רישום זכות מטפחים וחידושה, ובעד שירותים אחרים
לפי חוק זה;
(5) תשלום כעד חוות דעת או ביצוע מחקר;
(6) ביצועם, הכנתם להדפסה, הדפסתם, פרסומם ומכירתם של תקצירי
פירוטים, של פירוטי זכויות מטפחים ופרסומים אחרים, בידי המועצה או הרשם
או מטעמם;
(7) הוצאת תעודות לפי חוק זה המעידות על רישום זכות מטפחים בכפר
הזכויות;
(8) תשלום הוצאות חברי המועצה על השתתפותם בפעולות המועצה;
(9) תשלום הוצאות לעדים ולמומחים שמסרו עדות או חוות דעת לפני המועצה
או הרשם;
(10) קביעת חלקות נסיון ומעבדות לניסוי זנים חדשים, במסגרת חוות של
משרד החקלאות או במסגרת אחרת;
(11) הנסיבות של הפסקת כהונתו של חבר המועצה.
105. חוק זה יפורסם ברשומות תוך שלושים יום מיום קבלתו ככנסת.</p></content></point><point><heading><authorialNote placement="side"><p>תוספת (סעיף 2) צמחים שעליהם יחול החוק א. גידולי שדה וגן גידולי שדל? בקיה Vicia saliva חיטה Tritlcum acstivum חימצה Ciccr arietinum טבק Nicotiana tabucum כורגום (דורה) Sorghum vulgare כותנה Gossypium קקיון Ricinus communis שעורהHordcum vulgatc  תירס mays Zca תלתן Trifolium alcxandrinum vel repens גידולי גן אגוזי אדמה Arachis hypogaea כצל Allium cepa חסהLactuca sativa  חציל Solahum melongena כרובית Brassica oleracea var. botrytis מלון Cucumis melo מלפפון (קישוא הגינה) Cucumis sativus עגבניה Lycopersicon esculentum פולVicia faba  פלפל Capsicum annuum קישוא (דלעת השדה) Cucurbita pepo ב. עצי פרי אבוקדו Persea americana אגסPyrus communis  אנונה Annona squamosa vel chcrimola אפרסמון  Diospyrus kaki אפרסק Prunus persica לימון Citrus limon מנגוMangifcra indica  מנדרינה Citrus reticulata משמש Prunus armeniaca פיקן Carya itlinoensis אשכוליתCitrus paradisi  אתרוג Citrus mcdica גפן Vitis vinifera זיתOlea europaea  ליטשי Litchi chinensis שזיף Prunus domestica vel salicina שסק Eriobotrya japonica שקד Amygdalus communis תות שדה Fragaria תפוז Citrus sinensis תפוחMalus sylvestris  ג. פרחים וצמחי נוי אחרים איריס Iris גרברה Gerbera נורית  Ranunculus נרקיס Narcissus סייפן Gladiolus פטוניה Petunla צפורןDianthus  שושן Lilium אפרים קציר נשיא המדינה גולדה מאיר ראש הממשלה חיים גבתי שר החקלאות 290                                          ספר החוקים 713                    כ"ה באב התשל"ג 23.08.1973</p></authorialNote></heading><num>6</num><content><p>
ס"ח תשט"ז, עמ' 97.
289                                          ספר החוקים 713                    כ"ה באב התשל"ג 23.08.1973</p></content></point></chapter><dateOfAcceptance>23.08.1973</dateOfAcceptance></body>