<?xml version="1.0" encoding="UTF-8" ?>
<body><title><content><p>חוק הזרעים, תשט"ז-1956 *</p></content></title><point><heading><authorialNote placement="side"><p>הגדרות</p></authorialNote></heading><num>1</num><content><p>
בחוק זה -
"זרע"-לרבות שתיל וכל חלק של צמח המשמש גם לריבוי;
"מכירה"-לרבות פרסום, משלוח, הובלה, החזקה, הכנה, אריזה או סימון המכוונים למכירה.</p></content></point><point><heading><authorialNote placement="side"><p>ועדות מייעצות</p></authorialNote></heading><num>2</num><content><p>
שר החקלאות ימנה לענין חוק זה ועדות מייעצות מורכבות מנציגי הציבור ומעובדי
המדינה, ולא יתקין תקנות לפי חוק זה אלא לאחר התייעצות בועדה מייעצת שנתמנתה
כאמור.</p></content></point><point><heading><authorialNote placement="side"><p>תקנות להשבחת זרעים ולפיקוח על טיבם</p></authorialNote></heading><num>3</num><content><p>
שר החקלאות רשאי, במידה שראה צורך בכך לשם קידום השבחת זרעים המיועדים
למכירה, או לשם פיקוח על טיבם, להתקין תקנות הבאות -
(1) לקבוע תקנים לטיבם של זרעים המיועדים למכירה, לנקיונם ולבריאותם
ולאסור ולהגביל מכירת זרעים שהם למטה מרמת התקן שנקבע;
(2) לקבוע אזורי הגנה לגידול זרעים מזן טהור ולאסור או להגביל בהם את
גידולם של זרעים;
(3) להסדיר גידולם ומכירתם של זרעים שהגדיר אותם כמשובחים;
(4) להסדיר קצירם ואיסופם של זרעים המיועדים למכירה, אריזתם, סימונם,
החסנתם והובלתם;
(5) לקבוע ולהסדיר בדיקתם של זרעים מבחינת כושר נביטתם, נקיונם ובריאו-
תם והוצאת תעודות על בדיקות אלה, וכן להתנות מכירת זרעים בהשגת תעודה
כאמור;
(6) לקבוע דרכים למתן הכרה רשמית לזני זרעים ותנאים למתן הכרה כאמור;
(7) לפקח על יבוא זרעים.</p></content></point><point><heading><authorialNote placement="side"><p>אגרות</p></authorialNote></heading><num>4</num><content><p>
שר החקלאות רשאי להתקין תקנות בדבר אגרות בעד שירות הניתן על ידי עובד
הציבור עקב הוראות לפי חוק זה' לרבות מתן רשיונות, היתרים ואישורים ובעד בקשות
למתן שירות כאמור.</p></content></point><point><heading><authorialNote placement="side"><p>איסור הטעיה</p></authorialNote></heading><num>5</num><list><intro><p /></intro><subPoint><num>א</num><content><p> לא ימכור אדם זרעים באופן העשוי להטעות ביחס לזן, לטיב, לכמות או לתכו-
נותיהם האחרות.</p></content></subPoint><subPoint><num>ב</num><content><p> הוראת סעיף זה אינה גורעת מהוראות פקודת סימני סחורות 1.</p></content></subPoint></list></point><point><heading><authorialNote placement="side"><p>מינוי מפקחים</p></authorialNote></heading><num>6</num><content><p>
שר החקלאות ימנה מפקחים לענין חוק זה (להלן - מפקח).</p></content></point><point><heading><authorialNote placement="side"><p>זכות כניסה</p></authorialNote></heading><num>7</num><content><p>
מפקח רשאי להיכנס בכל שעה סבירה לכל מקום, למעט בית מגורים, אם נראה לו
לעשות כן לשם ביצוע תפקידיו.</p></content></point><point><heading><authorialNote placement="side"><p>זכות בדיקה</p></authorialNote></heading><num>8</num><content><p>
מפקח רשאי, אם נראה לו לעשות כן לשם ביצוע תפקידו, לבדוק זרעים ולקחת
דוגמאות מהם ללא תשלום לשם בדיקתן.</p></content></point><point><heading><authorialNote placement="side"><p>זכות תפיסה והקפאה</p></authorialNote></heading><num>9</num><list><intro><p /></intro><subPoint><num>א</num><content><p> היה למפקח יסוד סביר להניח שנעברה עבירה על הוראות חוק זה או על תקנה
לפיו, רשאי הוא לתפוס כל דבר שבו נעברה עבירה כאמור, או שעשוי להקל על גילוי
העבירה, או לשמש ראיה במשפט עליה.
269, ת^ט"ז, עמי 140.
1 חיקי א"י, כרך ב', פרק צ"א, עמי 889</p></content></subPoint><subPoint><num>ב</num><content><p> נתפס דבר לפי סעיף קטן (א) ותוך שלושה חדשים מיום התפיסה לא הוגשה
לבית המשפט קובלנה על עבירה על חוק זה, שבגללה נתפס הדבר' יוחזר הדבר למי שנתפס
ממנה</p></content></subPoint><subPoint><num>ג</num><content><p> בית משפט השלום רשאי על פי בקשת מפקח להאריך את התקופה האמורה
בסעיף קטן (ב).</p></content></subPoint><subPoint><num>ד</num><content><p> זרעים שמפקח רשאי לתפסם מבוח סמכותו לפי סעיף קטן (א) רשאי הוא לאסור
את טלטולם והעברתם לאחר: האיסור יהיה בכתב ויימסר למחזיק בזרעים או למי שה-
זרעים נמצאים בפיקוחו והוראות הסעיפים הקטנים (ב) ו-(ג) בדבר החזרת הנתפס יחולו
על ביטול איסור הטלטול וההעברה בשינויים המחוייבים לפי הענין.</p></content></subPoint></list></point><point><heading><authorialNote placement="side"><p>עבירות</p></authorialNote></heading><num>10</num><list><intro><p /></intro><subPoint><num>א</num><content><p> העובר על הוראות חוק זה' לרבות תקנה לפיו, וכן המפריע למפקח או המונע
בעדו מלבצע את תפקידו, דינו - מאסר שנה או קנס אלפיים לירות.</p></content></subPoint><subPoint><num>ב</num><content><p> יצא אדם חייב בדין על עבירה כאמור, רשאי בית המשפט לצוות על חילוטם
של הזרעים שבהם נעברה העבירה ושל אריזתם.</p></content></subPoint></list></point><point><heading><authorialNote placement="side"><p>ביצוע</p></authorialNote></heading><num>11</num><content><p>
שר החקלאות ממונה על ביצוע חוק זה.</p></content></point><signature><name>יצחק בן-צבי</name><role>נשיא המדינה</role></signature><signature><name>דוד בן-גוריון</name><role>ראש הממשלה</role></signature><signature><name>קדיש לוז</name><role>שר החקלאות</role></signature><dateOfAcceptance>03.08.1956</dateOfAcceptance></body>