<?xml version="1.0" encoding="UTF-8" ?>
<body><title><content><p>חוק לתיקון דיני החברות (הוראות שונות) תשי"ד-1953 *</p></content></title><point><heading><authorialNote placement="side"><p>ביטול סעיף 15</p></authorialNote></heading><num>1</num><content><p>
סעיף 15 לפקודת החברות 1 (להלן - הפקודה) - בטל.</p></content></point><point><heading><authorialNote placement="side"><p>תיקון סעיף 16</p></authorialNote></heading><num>2</num><content><p>
בסעיף 16 לפקודה, אחרי המלים "לרישום החברה'/ יווספו המלים ,,ומששולמו
האגרות שעל החברה לשלמן על פי סעיף 17 ובמידה שתשלומן לא נדחה על פי חוק'/</p></content></point><point><heading><authorialNote placement="side"><p>תיקו! סעיף 18</p></authorialNote></heading><num>3</num><content><p>
בסעיף 18 לפקודה, בסעיף קטן (1), יימחקו המלים "ושולמו המסים שהוזכרו בסעיף
הקודם במידה שסילוקם לא נדחה אגב שימוש בסמכות לפי צו של שר המשפטים על פי
סעיף 244"</p></content></point><point><heading><authorialNote placement="side"><p>תיקון סעיף 21</p></authorialNote></heading><num>4</num><content><p>
בסעיף 21 לפקודה, בסעיף קטן (1), במקום המלים "או כל סכום פחות אחר שהחברה
תקבענו" יבואו המלים "או כל סכום אחר שתקבע החברה ושלא יעלה על לירה אחת'/</p></content></point><point><heading><authorialNote placement="side"><p>תיקון סעיף25ב</p></authorialNote></heading><num>5</num><content><p>
בסעיף 25ב לפקודה, בסוף סעיף קטן(1), יווספו מלים אלה: "ותשלם אגרד. של
עשרים לירות או אגרה אחרת שקבע שר המשפטים בצו, וכן אגרת פרסום שנקבעה?
ומשעשתה כן יפרסם הרשם ברשומות הודעה על שינוי התקנות כאמור</p></content></point><point><heading><authorialNote placement="side"><p>תיקון סעיף 29</p></authorialNote></heading><num>6</num><content><p>
בסעיף 29 לפקודה -
(1) בסעיף קטן (4), במקום המלים "או סכום פחות אחר" יבואו המלים "או
סכום אחר שלא יעלה על לירה אחת" ?
(2) בסעיף קטן (5) (ו), במקום המלים "או סכום פחות אחר שתקבע החברה"
יבואו המלים "או סכום אחר שתקבע החברה ושלא יעלה על מאתיים פרוטה'/</p></content></point><point><heading><authorialNote placement="side"><p>תיקון סעיף 43</p></authorialNote></heading><num>7</num><content><p>
בסעיף 43 לפקודה, בסעיף קטן (5) -
(1) בפסקה (1), במקום המלים "חמשה עשר יום", בכל מקום שהן מופיעות,
יבואו המלים "שלושים יום", ובסיפא יימחקו המלים "ועל הרושם לרשום את
ההגדלה".
(2) אחרי פסקה (וו) יווספו פסקאות אלה:
"(ווו) החברה תשלם לרשם עם הגשת ההודעה על הגדלת ההון או על
הגדלת מספר החברים, אך לא יאוחר מתום המועד הנועד להגשת ההודעה,
את האגרות שנקבעו לכך, במידה שתשלומן לא נדחה על פי חוק.
(/\ו) בית המשפט רשאי, על פי בקשת החברה או כל אדם מעונין, ובתנאים
הנראים לו, להאריך את המועד להגשת ההודעה או לתשלום האגרות,
אם שוכנע שהאיחור בא מחמת שגגה או שיש טעמים אחרים להארכה.
(V) קיימה החברה את המוטל עליה בסעיף קטן זה, ירשום הרשם את
הגדלת ההון או את הגדלת מספר החברים. אישור הרשם על הרישום יהיה
ראיה חותכת שהחברה קיימה את המוטל עליה בסעיף זה.
(וV) לא יהיה תוקף להגדלת ההון או להגדלת מספר החברים, אלא מיום
הרישום."</p></content></point><point><heading><authorialNote placement="side"><p>תיקון סעיף 67</p></authorialNote></heading><num>8</num><content><p>
בסעיף 67 לפקודה, בסעיף קטן (3), במקום המלים "או סכום פחות מזה" יבואו המלים
"או סכום אחר שלא יעלה על לירה אחת'/</p></content></point><point><heading><authorialNote placement="side"><p>תיקון סעיף 68</p></authorialNote></heading><num>9</num><content><p>
בסעיף 68 לפקודה, בסעיף קטן (5), במקום המלים "המשים מיל" יבואו המלים "לירה
אחת".</p></content></point><point><heading><authorialNote placement="side"><p>תיקו! סעיף 76 </p></authorialNote></heading><num>10</num><content><p>
בסעיף 76 לפקודה, בסעיף קטן (4), במקום המלים "או של סכום פחות מזה" יבואו
המלים "או של סכום אחר שלא יעלה על לירה אחת".</p></content></point><point><heading><authorialNote placement="side"><p>תיקון סעיף 102</p></authorialNote></heading><num>11</num><content><p>
בסעיף 102 לפקודה, בסעיף קטן (2), במקום המלים "מאה פונט" יבואו המלים "אלף
לירות'/</p></content></point><point><heading><authorialNote placement="side"><p>תיקו! סעיף 111</p></authorialNote></heading><num>12</num><content><p>
בסעיף 111 לפקודה, בסעיף קטן (3), במקום המלים "לא יותר מ-20 מיל" יבואו
המלים "לא יותר מארבע מאות פרוטה'/</p></content></point><point><heading><authorialNote placement="side"><p>תיקו! סעיף 121</p></authorialNote></heading><num>13</num><content><p>
בסעיף 124 לפקודה, בסעיף קטן (2), במקום המלים "עשרים מיל'/ בכל מקום שהן
מופיעות, יבואו המלים "ארבע מאות פרוטה'/</p></content></point><point><heading><authorialNote placement="side"><p>תיקון סעיף 125</p></authorialNote></heading><num>14</num><content><p>
בסעיף 125 לפקודה -
(1) בסעיף קטן(1), בסוף, תיווסף פסקה זו:
"החברה תרשום בפנקס האמור גם סכום כל אגרה המשתלמת לרשם וש-
תשלומה נדחה על פי חוק";
(2) בסעיף קטן (3), במקום המלים "המשים מיל" יבואו המלים "לירה אחת",</p></content></point><point><heading><authorialNote placement="side"><p>תיקו! סעיף 126</p></authorialNote></heading><num>15</num><content><p>
בסעיף 126 לפקודה, בסעיף קטן (1), במקום המלים "עשרים מיל" יבואו המלים
"ארבע מאות פרוטה'/</p></content></point><point><heading><authorialNote placement="side"><p>תיקון סעיף 127</p></authorialNote></heading><num>16</num><content><p>
בסעיף 127 לפקודה -
(1) בסעיף קטן (1), במקום המלים "מיום שנמסר שטר המשכנתא על ידי משרד
רישום הקרקעות" יבואו המלים "מיום שבו חתם בפני רושם הקרקעות על שטר
המשכנתה אחרון הצדדים שהתימתם דרושה כדי לתת לו תוקף" :
(2) בסעיף קטן (11), במקום המלים "המשים מיל'' יבואו המלים "לירה אחת'/</p></content></point><point><heading><authorialNote placement="side"><p>ה וכפת סעיף 133א</p></authorialNote></heading><num>17</num><content><p>
אחרי סעיף 133 לפקודה יווסף סעיף זה:</p></content></point><point><heading><authorialNote placement="side"><p>"רישום אגרה שתשלומה נדחה</p></authorialNote></heading><num>133</num><content><p>
א. נדחה על פי חוק תשלומה של אגרה המשתלמת לרשם, ירשום
הרשם את סכום האגרה האמורה בפנקס המשכנתאות והשעבודים, ומששול-
מה האגרה, כולה או מקצתה, יירשם הדבר על פי בקשת החברה באותו
פנקס."</p></content></point><point><heading><authorialNote placement="side"><p>תיקון סעיף 148</p></authorialNote></heading><num>18</num><content><p>
בסעיף 148 לפקודה תימחק פסקה (ו).</p></content></point><point><heading><authorialNote placement="side"><p>תיקו! סעיף 151</p></authorialNote></heading><num>19</num><content><p>
בסעיף 151 לפקודה, בסעיף קטן (2), תימחק פסקה (ד).</p></content></point><point><heading><authorialNote placement="side"><p>תיקון סעיף 220א</p></authorialNote></heading><num>20</num><content><p>
בסעיף 220א לפקודה, בסעיף קטן (1), בסוף פסקה (א), יווספו מלים אלה: "וכן כל
האגרות המשתלמות לרשם לפי פקודה זו ובלבד שהמועד שנועד לפרעון האגרות חל תוך
שנה אחת לפני התאריך המתאים".</p></content></point><point><heading><authorialNote placement="side"><p>תיקון סעיף 243</p></authorialNote></heading><num>21</num><content><p>
בסעיף 243 לפקודה, בסעיף קטן (3) -
(1) במקום המלים "המשים מיל'/ בכל מקום שהן מופיעות, יבואו המלים
"לירה אחת".
(2) במקום המלים "עשרים מיל" יבואו המלים "ארבע מאות פרוטה".</p></content></point><point><heading><authorialNote placement="side"><p>הוספת סעיף243א</p></authorialNote></heading><num>22</num><content><p>
אחרי סעיף 243 לפקודה יווסף סעיף זה:
,,אגרה שנתית 243א. חברה תשלם לרשם בכל שנה, חוץ מן השנה שבה נרשמה, אגרה
שנתית, שהיא שלושים לירות אם שולמה לפני האחד במרס של אותה שנה,
וששים לירות אם שולמה אחרי כן,"</p></content></point><point><heading><authorialNote placement="side"><p>תיקון סעיף 244</p></authorialNote></heading><num>23</num><content><p>
בסעיף 244 לפקודה, בסוף, יווסף פסוק זה:
"לא תשלם חברה אגרה בעד רישום משכנתה או שעבוד, בעד רישום פרטי סדרה
של אגרות חוב, בעד רישום כל מסמך אחר אשר הפקודה דורשת או מרשה
רישומו, או בעד רישום כל עובדה שהרשם נדרש או מורשה לרשמה."</p></content></point><point><heading><authorialNote placement="side"><p>ביטול סעיף 249</p></authorialNote></heading><num>24</num><content><p>
סעיף 249 לפקודה - בטל.</p></content></point><point><heading><authorialNote placement="side"><p>תיקון התוספת השלישית</p></authorialNote></heading><num>25</num><content><p>
בתוספת השלישית לפקודה, בלוח א/ בתקנה 6, במקום המלים "לא יותר מחמשים
מיל" יבואו המלים "לא יותר מלירה אחת'.</p></content></point><point><heading><authorialNote placement="side"><p>ביטולים</p></authorialNote></heading><num>26</num><content><p>
בטלים -
(1) פרט 35 לתוספת לפקודת מס הבולים 1 :
(2) סעיף קטן (3) לסעיף 39 לפקודת ההקדשות לצרכי צדקה   2.</p></content></point><point><heading><authorialNote placement="side"><p>הוראות מעבר</p></authorialNote></heading><num>27</num><list><intro><p /></intro><subPoint><num>א</num><content><p> אם תשלומה של אגרה המשתלמת לרשם נדחה על פי חוק לפני יום תחילת
תקפו של חוק זה, תרשום החברה החייבת בתשלומה בפנקס המשכנתאות שלה את סכום
האגרה שטרם שולם תוך חדשיים מאותו יום.</p></content></subPoint><subPoint><num>ב</num><content><p> לשנת 1953 לא תשולם אגרה שנתית כאמור בסעיף 243א לפקודה.</p></content></subPoint></list></point><signature><name>משה שרת</name><role>שר החוץ</role></signature><signature><name>פנחס רוזן</name><role>שר המשפטים</role></signature><signature><name>יצחק בן - צבי</name><role>נשיא המדינה</role></signature><dateOfAcceptance>17.12.1953</dateOfAcceptance></body>