<?xml version="1.0" encoding="UTF-8" ?>
<body><title><content><p>חוק למניעת הסתננות (עבירות ושיפוט), תשי"ד-1954*</p></content></title><point><heading><authorialNote placement="side"><p>הגדרות</p></authorialNote></heading><num>1</num><content><p>
בחוק זה -
"מסתנן" - מי שנכנס לישראל, ביודעין ושלא כדין, וביום מן הימים שבין ט"ז בכסלו
תש"ח (29 בנובמבר 1947) ובין כניסתו היה אחד מאלה -
(1) אזרח או נתין של לבנון' מצרים, סוריה, סעודיה, עבר-הירדן, עירק
או תימן ;
(2) תושב או מבקר באחת הארצות האלה או בכל חלק של ארץ ישראל
שמחוץ לישראל;
(3) אזרח ארצישראלי או תושב ארצישראלי חסר אזרחות או נתינות או
שאזרחותו או שנתינותו מוטלת בספק, ויצא באותו פרק זמן ממקום מגוריו הרגיל
בשטח שהיה לחלק מישראל אל מקום שמחוץ לישראל.
"ראש המטה הכללי" - ראש המטה הכללי של צבא-הגנה לישראל.
 "מזויין" - לרבות מי שמזויין במכשיר או בחומר העשוי להמית אדם או לגרום לו חבלה
חמורה או חבלה מסוכנת, אף שאינו כלי יריה או חומר נפץ או חומר מתלקח.</p></content></point><point><heading><authorialNote placement="side"><p>דין מסתנן</p></authorialNote></heading><num>2</num><content><p>
המסתנן, דינו - מאסר חמש שנים או קנס חמשת אלפים לירות, או שני העבשים
כאחד.</p></content></point><point><heading><authorialNote placement="side"><p>דין מסתנן לאחר שגורש מן הארץ</p></authorialNote></heading><num>3</num><content><p>
מי שהסתנן לאחר שגורש מן הארץ, דינו - מאסר שבע שנים או קנס שבעת אלפים
לירות, או שני העבשים כאחד.</p></content></point><point><heading><authorialNote placement="side"><p>דין מסתנן מזויין</p></authorialNote></heading><num>4</num><content><p>
מי שהסתנן כשהוא מזדיין, או בחברת אדם מזויין או נתמך על ידי אדם מזויין, דינו -
מאסר חמש עשרה שנה, ואם היה המסתנן או האדם כאמור מזויין בכלי יריה או חומר נפץ,
או חומר מתלקח, דינו - מאסר עולם.</p></content></point><point><heading><authorialNote placement="side"><p>דין מסתנן שביצע עבירות טסוייטות</p></authorialNote></heading><num>5</num><content><p>
מי שהסתנן וביצע פשע או עבירה שיש בה פגיעה ברכוש, שימוש בכוח או הפרת
השלום, דינו - מאסר עולם.</p></content></point><point><heading><authorialNote placement="side"><p>די! הנותן מחסה או סעד אחר למסתנן</p></authorialNote></heading><num>6</num><content><p>
מי שנתן מחסה למסתנן או נתן לו סעד אחר כדי להקל על הסתננותו או על שהותו
שלא כדין בישראל, דינו - מאסר חמש שנים או קנס חמשת אלפים לירות, או שני
העבשים כאחד.</p></content></point><point><heading><authorialNote placement="side"><p>די; מי שסוחר עם מסתנן</p></authorialNote></heading><num>7</num><content><p>
מי שסוחר עם מסתנן, כל עוד הוא נמצא בישראל שלא כדין, דינו - מאסר חמש
שנים או קנס חמשת אלפים לירות, או שני העבשים כאחד.</p></content></point><point><heading><authorialNote placement="side"><p>דין מי שדרכו לתת מחסה או סעד אחר למסתנז</p></authorialNote></heading><num>8</num><content><p>
מי שנתן מחסה למסתנן, או נתן לו סעד אחר כדי להקל על הסתננותו או כדי להקל
על שהותו שלא כדין בישראל ונוכח בית הדין לדעת שהוא כבר נתן מחסה או סעד כאמור,
דינו - מאסר חמש עשרה שנה או קנס עשרת אלפים לירות או שני העבשים כאחד.</p></content></point><point><heading><authorialNote placement="side"><p>חזקת יריעה</p></authorialNote></heading><num>9</num><content><p>
כל עוד לא הוכח היפוכו של דבר -
(1) רואים נאשם לפי סעיפים 6 או 8 כאילו ידע במקבל המחסה או הסעד
האחר, שהוא מסתנן ושהוא שוהה בישראל שלא כדין ;</p></content></point><point><heading><authorialNote placement="side"><p>חזקת מסתנן</p></authorialNote></heading><num>10</num><content><p>
אדם שנכנס לישראל ללא רשות כניסה/ או שוהה בישראל שלא כדין, רואים אותו
לענין חוק זה כמסתנן, כל עוד לא יוכיח את ההיפר.</p></content></point><point><heading><authorialNote placement="side"><p>הקמת בתי דין</p></authorialNote></heading><num>11</num><content><p>
יוקמו בתי דין למניעת הסתננות.</p></content></point><point><heading><authorialNote placement="side"><p>מינויי דיינים</p></authorialNote></heading><num>12</num><content><p>
שר הבטחון, לפי הצעת ראש המטה הכללי, ימנה מבין קציני צבא-הגנה לישראל
דיינים לבתי דין למניעת הסתננות.</p></content></point><point><heading><authorialNote placement="side"><p>סוני בתי הדין</p></authorialNote></heading><num>13</num><content><p>
בתי דין למניעת הסתננות הם שנים:
(1) בית דין של דן יחיד, כערכאה ראשונה;
(2) בית דין של שלושה, כערכאת ערעור.</p></content></point><point><heading><authorialNote placement="side"><p>אב בית דין יהיה חייל בעל השכלה משפטית</p></authorialNote></heading><num>14</num><content><p>
לא יתמנה כאב בית דין בבית דין של שלושה, אלא חייל בעל הכשרה משפטית,
כמשמעותו בתקנה 168 לחוקת השיפוט תש"ח 1.</p></content></point><point><heading><authorialNote placement="side"><p>מינוי תובעים</p></authorialNote></heading><num>15</num><content><p>
ראש המטה הכללי ימנה תובעים של בתי הדין למניעת הסתננות. אחד מהם יתמנה
תובע ראשי.</p></content></point><point><heading><authorialNote placement="side"><p>סמכויות בית דין של דן יחיד</p></authorialNote></heading><num>16</num><content><p>
בית דין של דן יחיד יהיה מוסמך לשפוט על כל עבירה לפי חוק זה, ויהיו לו לשם
כך, נוסף לאמור בחוק זה, כל הסמכויות שיש לבית משפט מחוזי בענינים פליליים, אלא
שדן יחיד אשר אינו חייל בעל הכשרה משפטית כאמור בסעיף 14, לא יטיל עונש מאסר
שלמעלה משתי שנים וקנס בסכום שלמעלה מאלף לירות.</p></content></point><point><heading><authorialNote placement="side"><p>נתב אישום</p></authorialNote></heading><num>17</num><content><p>
כתב אישום לבית דין של דן יחיד יוגש על ידי תובע.</p></content></point><point><heading><authorialNote placement="side"><p>הגנת נאשם</p></authorialNote></heading><num>18</num><content><p>
משהוגש כתב אישום, רשאי בית הדין למנות סניגור לנאשם שלא בחר לעצמו
סניגור, בין על פי בקשת הנאשם ובין ביזמתו שלו.</p></content></point><point><heading><authorialNote placement="side"><p>הפסקת הדיון</p></authorialNote></heading><num>19</num><content><p>
היועץ המשפטי לממשלת ישראל רשאי בכל עת שלפני מתן פסק דין לצוות על
עיכוב הדין בבית דין של דן יחיד.</p></content></point><point><heading><authorialNote placement="side"><p>ערעור</p></authorialNote></heading><num>20</num><content><p>
הנאשם והתובע הראשי רשאים לערער על כל פסק דין של דן יחיד לבית דין של
שלושה תוך חמישה עשר יום מיום הקראת פסק הדין.</p></content></point><point><heading><authorialNote placement="side"><p>המשיב בערעור ובאי כוחו</p></authorialNote></heading><num>21</num><list><intro><p /></intro><subPoint><num>א</num><content><p> המשיב בערעור שהוגש על ידי הנאשם יהיה התובע הראשי.</p></content></subPoint><subPoint><num>ב</num><content><p> כל תובע של בית דין למניעת הסתננות יכול להופיע כבא כוחו של התובע
. הראשי בערעור.</p></content></subPoint></list></point><point><heading><authorialNote placement="side"><p>סמכויות בית דין של שלושה</p></authorialNote></heading><num>22</num><content><p>
לבית דין של שלושה הדן בערעור לפי חוק זה יהיו כל הסמכויות שיש לבית
משפט מהוזי בשבתו כבית משפט לערעורים פליליים.</p></content></point><point><heading><authorialNote placement="side"><p>סופיות</p></authorialNote></heading><num>23</num><content><p>
פסק דין שניתן על ידי בית דין של שלושה הוא סופי ואין עליו ערעור.</p></content></point><point><heading><authorialNote placement="side"><p>אי-הזרקקות לטענות פגם</p></authorialNote></heading><num>24</num><content><p>
בית דין למניעת הסתננות לא יזדקק לטענת פגם בהזמנת הנאשם או בכתב האישום,
בצורתם או בתכנם, אם יראה, מטעמים שעליו לפרטם בהחלטתו, שאי הזדקקות לטענה
אינה עלולה לגרום לעיוות הדין.</p></content></point><point><heading><authorialNote placement="side"><p>כטיה מדיני הראית</p></authorialNote></heading><num>25</num><content><p>
בית דין רשאי לסטות מדיני הראיה, אם הוא משוכנע שהדבר יועיל לגילוי האמת
ולעשיית משפט צדק ; החליט בית הדין לסטות מדיני הראיה כאמור, ירשום את הטעמים
שהניעוהו להחלטתו.</p></content></point><point><heading><authorialNote placement="side"><p>סדרי הדיז</p></authorialNote></heading><num>26</num><list><intro><p /></intro><subPoint><num>א</num><content><p> במידה שאין בחוק זה או בתקנות בדבר סדרי דין שיותקנו לפיו הוראה
אחרת -
(1) יחולו בבית דין של דן יחיד סדרי הדין הנוהגים אותה שעה בבית דין
מחוזי לפי חוקת השיפוט תש"ח, בתיאומים לפי הענין;
(2) יחולו בבית דין של שלושה סדרי הדין הנוהגים בבית הדין העליון,
בערעור על פסק דין של בית דין מחוזי, לפי אותה חוקה, בתיאומים לפי הענין,
אלא שלגבי בית דין למניעת הסתננות לא תחול תקנה 146 לאותה חוקה.</p></content></subPoint><subPoint><num>ב</num><content><p> הדיון בבית דין למניעת הסתננות ייערך בדלתיים פתוחות אם לא החליט בית
הדין לערכו, כולו או מקצתו, בדלתיים סגורות, משום שהדבר דרוש, לדעתו, לשם שמירה
על בטחון המדינה.</p></content></subPoint></list></point><point><heading><authorialNote placement="side"><p>מאסר וחיפוש</p></authorialNote></heading><num>27</num><content><p>
פקודת הפרוצדורה הפלילית (מאסר וחיפושים)1, חלה על אדם הנאשם בעבירה
לפי חוק זה, בשינויים הבאים:
(1) הסמכות הנתונה בה לשופט שלום תהיה נתונה גם לדן יחיד;
(2) הסמכות הנתונה בה לשוטר תהיה נתונה גם לחייל.</p></content></point><point><heading><authorialNote placement="side"><p>שחרור בערבות</p></authorialNote></heading><num>28</num><content><p>
פקודת השחרור בערבות' 1944 -, חלה על אדם הנאשם בעבירה לפי חוק זה, בשי-
נויים הבאים:
(1) הסמכות לשחרר בערבות לפני האישום תהיה נתונה לדן יחיד;
(2) הסמכות לשחרר בערבות משהוגש כתב אישום ועד למתן פסק הדין
במשפט תהיה נתונה לבית הדין שדן באשמה ;
(3) הסמכות לשחרר בערבות משהוגש ערעור תהיה נתונה לבית הדין הדן
בערעור.</p></content></point><point><heading><authorialNote placement="side"><p>הוצאה לפועל</p></authorialNote></heading><num>29</num><content><p>
פסק דין של בית דין למניעת הסתננות, כמוהו כפסק דין של בית משפט אזרחי
בכל הנוגע להוצאתו לפועל, ויבוצע מיד לאחד נתינתו, אם לא הורה בית הדין הוראה אחרת.</p></content></point><point><heading><authorialNote placement="side"><p>גירוש</p></authorialNote></heading><num>30</num><list><intro><p /></intro><subPoint><num>א</num><content><p> שר הבטחון או מי שהוסמך על ידיו, רשאי לצוות בכתב על גירושו של מסתנן,
בין שהואשם לכי חוק זה ובין שלא הואשם. הצו ישמש אסמכתה חוקית להחזיק את המסתנן
במשמורת עד לגירושו.</p></content></subPoint><subPoint><num>ב</num><content><p> מי שנכנס לישראל ללא רשות כניסה לפני תחילתו של חוק זה ומותר בגלל
זה לצוות על גירושו מישראל בין לפי פקודת העליה, 1941 י, ובין לפי חוק הכניסה ליש-
ראל, תשי"ב-1952 4, יחולו עליו הוראות סעיף קטן (א)' כאילו נכנס לישראל לאחר תהילתו
של חוק זה.</p></content></subPoint></list></point><point><heading><authorialNote placement="side"><p>שחרור ממאסר לצורר גירוש</p></authorialNote></heading><num>31</num><content><p>
ניתן צו לפי סעיף 30 והמסתנן נמצא מסיבה כל שהיא במאסר' מותר לשחרר את
המסתנן ממאסרו לשם ביצוע הצו, אף אם לא תמה תקופת מאסרו.</p></content></point><point><heading><authorialNote placement="side"><p>כיסוי הוצאות</p></authorialNote></heading><num>32</num><content><p>
מי שנתן צו לפי סעיף 30 רשאי להורות' כי ההוצאות שנגרמו לרגל ביצוע צווי
גירוש של המסתנן ושל מסתננים אחרים התלויים בו, יכוסו מכספו או מרכושו האחר של
המסתנן.</p></content></point><point><heading><authorialNote placement="side"><p>החוק מוסיף ולא גורע</p></authorialNote></heading><num>33</num><content><p>
חוק זה אינו בא לגרוע מאחריותו הפלילית של אדם לפי דין אחר, או מסמכותו
של בית משפט אחר לשפוט על עבירה לפי חוק זה' או מסמכותה של כל רשות אחרת.</p></content></point><point><heading><authorialNote placement="side"><p>תקופת תחולתו של החוק</p></authorialNote></heading><num>34</num><content><p>
חוק זה יפקע תקפו כשתפורסם אכרזה של הכנסת לפי סעיף 9 (ד) לפקודת סדרי
השלטון והמשפט' תש"ח-1948 1, כי חדל מצב החירום.</p></content></point><point><heading><authorialNote placement="side"><p>ביצוע</p></authorialNote></heading><num>35</num><content><p>
שר הבטחון ממונה על ביצוע חוק זה' והוא רשאי להתקין תקנות בכל דבר הנוגע
לביצועו.</p></content></point><signature><name>משה שרת</name><role>ראש הממשלה</role></signature><signature><name>פנחס לבון</name><role>שר הבטחון</role></signature><signature><name>יצחק ב ן-צ ב י</name><role>נשיא המדינה</role></signature><dateOfAcceptance>26.08.1954</dateOfAcceptance></body>