<?xml version="1.0" encoding="UTF-8" ?>
<body><title><content><p>חוק החיילים המשוחררים (החזרה לעבודה) (תיקון), תשי"ד-1954 *</p></content></title><point><heading><authorialNote placement="side"><p>תיקון החוק</p></authorialNote></heading><num>1</num><content><p>
חוק החיילים המשוחררים (החזרה לעבודה)' תש"ט-1949 י, יתוקן על ידי תוספת
המעיף הבא אחרי סעיף :40</p></content></point><point><heading><authorialNote placement="side"><p>"נכים לפי חוקים אחרים</p></authorialNote></heading><num>40</num><content><p>
א. כל סמכות הנתונה לשר לפי הסעיפים 31, 32 או 40, לגבי נכי
מלחמה, נתונה בזה לאותו שר גם לגבי כל נכה, כמשמעותו בחוק הנכים
(תגמולים ושיקום), תש"ט-1949 2, ולגבי כל נכה' שחל עליו חוק נכי
המלחמה בנאצים, תשי"ד-1954 י."</p></content></point><signature><name>פנחס לבון</name><role>שר הבטחה</role></signature><signature><name>משה שרת</name><role>ראש הממשלה</role></signature><signature><name>יצחק ב ן- צ ב י</name><role>נשיא המדינה</role></signature><dateOfAcceptance>10.09.1954</dateOfAcceptance></body>