<?xml version="1.0" encoding="UTF-8" ?>
<body><title><content><p>חוק ההתיישנות (תיקון), תשכ"ה-1965 *</p></content></title><point><heading><authorialNote placement="side"><p>תיקון סעיף 22</p></authorialNote></heading><num>1</num><content><p>
בסעיף 22 לחוק ההתיישנות, תשי"ח-1958  1(להלן - החוק העיקרי), אחרי "תקופת
חמש עשרה שנה" יבוא "ולגבי מקרקעין שנרשמו בספרי האחוזה לאחר סידור זבות הקנין
לפי פקודת הקרקעות (סידור זכות הקנין) 2 - תקופת עשרים וחמש שנים;".</p></content></point><point><heading><authorialNote placement="side"><p>תחילה</p></authorialNote></heading><num>2</num><content><p>
תחילתו של חוק זה מיום תחילתו של החוק העיקרי.</p></content></point><signature><name>שניאור זלמן שזר</name><role>נשיא המדינה</role></signature><signature><name>לוי אשכול</name><role>ראש הממשלה</role></signature><signature><name>דב יוסף</name><role>שר המשפטים</role></signature><dateOfAcceptance>11.03.1965</dateOfAcceptance></body>