<?xml version="1.0" encoding="UTF-8" ?>
<body><title><content><p>חוק לתיקון פקודת ההסגר, תש"ם-1979 *</p></content></title><point><heading><authorialNote placement="side"><p>החלפת סעיף 4</p></authorialNote></heading><num>1</num><content><p>
בפקודת ההסגר 1, במקום סעיף 4 יבוא:</p></content></point><point><heading><authorialNote placement="side"><p>"עונשין</p></authorialNote></heading><num>4</num><content><p>
העובר על תקנה שהותקנה לפי פקודה זו, דינו - מאסר ששה
חדשים או קנס 50,000 לירות".</p></content></point><signature><name>יצחק נבון</name><role>נשיא המדינה</role></signature><signature><name>מנחם בגין</name><role>ראש הממשלה</role></signature><signature><name>אליעזר שוסטק</name><role>שר הבריאות</role></signature><chapter><num>ספר החוקים</num><title><content><p>982 , ל' בססלו תש"ם, 20.12.1979</p></content></title></chapter><dateOfAcceptance>20.12.1979</dateOfAcceptance></body>