<?xml version="1.0" encoding="UTF-8" ?>
<body><title><content><p>חוק חופשה שנתית (תיקון מס' 2), תשכ"ה-1965 *</p></content></title><point><heading><authorialNote placement="side"><p>תיקון סעיף 3</p></authorialNote></heading><num>1</num><content><p>
בסעיף 3 לחוק חופשה שנתית, תשי"א-1951  1(להלן - החוק העיקרי), בסעיף קטן (א)
במקום הפסוק הראשון יבוא:
"אורך החופשה לבל שנת עבודה אצל מעביד אחד או במקום עבודה אחד
הוא:
(0 בעד בל אחת מ-4 השנים הראשונות - 14 יום;
(2) בעד השנה החמישית - 16 יומן
(3) בעד השנה השישית - 18 יום;
(4) בעד השנה השביעית - 21 יום;
(5) כעד השנה השמינית ואילך - יום נוסף לכל שנת עבודה
עד לחופשה של 28 יום; בימי החופשה לא ייכלל אלא יום
מנוחה שבועית אחד לכל שבעה ימי חופשה."</p></content></point><point><heading><authorialNote placement="side"><p>החלמת סעיף 15</p></authorialNote></heading><num>2</num><content><p>
במקום סעיף 15 לחוק העיקרי יבוא:</p></content></point><point><heading><authorialNote placement="side"><p>''תשלום תמורת חומשה</p></authorialNote></heading><num>15</num><list><intro><p /></intro><subPoint><num>א</num><content><p> עובד בשכר העובד אצל מעביד אחד או במקום עבודה אחד
לפחות יום אחד אך פחות מ-75 ימים רצופים כאמור בסעיף 4, בין בשנת
עבודה אחת ובין בשתי שנות עבודה רצופות, ואין ביניהם חוזה עבודה
בכתב לתקופת עבודה רצופה העולה על 74 ימים - ישלם בעדו המעביד
תמורת חופשה 4% לפחות משכר העבודה.</p></content></subPoint><subPoint><num>ב</num><content><p> תמורת החופשה תשולם לקרן החופשה של ענף העבודה שבו
עבד העובד או בכל דרך אחרת שנקבעה בתקנות.</p></content></subPoint><subPoint><num>ג</num><content><p> היתה תמורת החופשה משתלמת לקרן החופשה, חייב המעביד
לשלמה בתחילת החודש שלאחר חודש העבודה, לפי שכר העבודה המש-
תלם בחודש שלפניו לעובדים כאמור בסעיף קטן (א) ; המשיך העובד
לעבוד אצל אותו מעביד או באותו מקום עבודה מעל ל-74 ימים רצופים,
ישלם לו המעביד את דמי החופשה, או פדיון חופשה, הכל לפי הענין,
וקרן החופשה תחזיר למעביד, לפי בקשתו, את הסכומים שהעביר לה
בשל אותו עובד; שר העבודה רשאי לקבוע בתקנות את המועדים והסדרים
להחזרת הסכומים על ידי קרן החופשה, כאמור.
גד) תמורת החופשה ששולמה לקרן חופשה תימסר לעובד לפי
הוראות תקנון הקרן, ותמורת החופשה ששולמה בדרך אחרת תימסר
לעובד בדרך שתיקבע בתקנות.</p></content></subPoint><subPoint><num>ה</num><content><p> קרן החופשה רשאית - בהסכמת העובדים שתינתן בהסכם
קיבוצי, בחוזה עבודה או בדרך אחרת שתיקבע - לבוא לידי הסכם עם
המעביד בדבר תשלום דמי החופשה לקרן גם בעד עובדים שעבדו אצלו
מעל ל-75 ימים."</p></content></subPoint></list></point><signature><name>שניאור זלמן שזר</name><role>נשיא המדינה</role></signature><signature><name>לוי אשכול</name><role>ראש הממשלה</role></signature><signature><name>יגאל אלון</name><role>שר העבודה</role></signature><dateOfAcceptance>22.07.1965</dateOfAcceptance></body>