<?xml version="1.0" encoding="UTF-8" ?>
<body><title><content><p>חוק החיילים המשוחררים (הוראת שעה) (תיקון), תשל"ד-1974 *</p></content></title><point><heading><authorialNote placement="side"><p>תיקון סעיף 1</p></authorialNote></heading><num>1</num><content><p>
בסעיף 1 לחוק החיילים המשוחררים (הוראת שעה). תשל"ד-1973 1, בפסקה (3)
להגדרת "חייל משוחרר'/ אחרי "אך נסתיים עקב" יבוא "פטירה או נעדרות של בן משפחה,
או עקב".</p></content></point><signature><name>אפרים קציר</name><role>נשיא המדינה</role></signature><signature><name>יצחק רבין</name><role>ראש הממשלה</role></signature><signature><name>יהושע רבינוביץ</name><role>שר האוצר</role></signature><dateOfAcceptance>10.07.1974</dateOfAcceptance></body>