<?xml version="1.0" encoding="UTF-8" ?>
<body><title><content><p>חוק חמרי נפץ, תשי"ד-1954 *</p></content></title><chapter><num>פרק ראשון:</num><title><content><p>הגדרות</p></content></title><point><heading><authorialNote placement="side"><p>הגדרות</p></authorialNote></heading><num>1</num><content><p>
בחוק זה -
"חומר נפץ" - לרבות כל חומר שהממשלה הכריזה עליו, באכרזה שפורסמה ברשומות,
כעל חומר נפץ לענין חוק זה, וכן אביזריו של כל חומר נפץ לרבות פתיל, רקיטה, פצץ,
תרמיל וכל הסגל או תכשיר אחר;
"חומר מאושר" - חומר נפץ שהממשלה אישרה אותו, באכרזה שפורסמה ברשומות, לענין
חוק זה;
"חומר בלתי מאושר" - חומר נפץ שאינו חומר מאושר;
"ייצור'/ לענין המרי נפץ - הרכבתם של אותם המרים מחלקיהם השונים, בכל תהליך
שהוא, הפיכתם מחומר מסוג אחד לחומר מסוג אחר, שינוים, תיאומם לשימוש או
תיקונם;
"כלי הסעה" - כל כלי המשמש להסעת בני אדם או משאות, ביבשה, בים או באוויר, בין
מנועי ובין שאינו מנועי;
"מקום", לענין המרי נפץ - לרבות כלי הסעה;
"בית חרושת לחמרי נפץ" - מקום שמייצרים בו חמרי נפץ לפי חוק זה;
"מחסן חמרי נפץ" - מקום שמחסינים בו חמרי נפץ לפי חוק זה;
"מכירה" - לרבות גרם מכירה וכל עסקה, בתמורה או בלי תמורה, ובכלל זה שכירות או
מתן זכות שימוש, והביטוי ,,קניה" יתפרש לפי כך ,י
"שר" - חבר הממשלה, במידה שהממשלה העניקה לו סמכות בביצוע חוק זה ;
"מפקח" - מי שנתמנה על ידי שר כמפקח לצורך חוק זה.</p></content></point></chapter><chapter><num>פרק שני:</num><title><content><p>ייצור חמרי נפץ</p></content></title><point><heading><authorialNote placement="side"><p>ייצור חומר מאושר</p></authorialNote></heading><num>2</num><content><p>
לא ייצר אדם חומר מאושר אלא בבית חרושת לחמרי נפץ ולפי היתר מאת שר.</p></content></point><point><heading><authorialNote placement="side"><p>ייצור חומר בלתי מאו'טר</p></authorialNote></heading><num>3</num><content><p>
לא ייצר אדם חומר בלתי מאושר אלא לשם נסיונות מדעיים בלבד ולפי היתר
מאת שר.</p></content></point><point><heading><authorialNote placement="side"><p>בית חרושת</p></authorialNote></heading><num>4</num><content><p>
לא יקים אדם בית חרושת לחמרי נפץ, לא יפעילנו ולא ינהלנו, אלא לפי היתר מאת
שר ובמקום שעליו ניתן ההיתר.</p></content></point><point><heading><authorialNote placement="side"><p>החזקת חומר מאושר והחסנתו</p></authorialNote></heading><num>5</num><content><p>
לא יחזיק אדם חומר מאושר ולא יחסינהו אלא במחסן לחמרי נפץ.</p></content></point><point><heading><authorialNote placement="side"><p>החזקת חומר בלתי מאושר</p></authorialNote></heading><num>6</num><content><p>
לא יחזיק אדם חומר בלתי מאושר ולא יחסינהו, אלא לפי היתר החסנה מאת מפקח
ואלא אם יוצר החומר לפי היתר כאמור בסעיף .3</p></content></point><point><heading><authorialNote placement="side"><p>מחסן</p></authorialNote></heading><num>7</num><content><p>
לא יקים אדם מחסן לחומר נפץ, לא יפעילנו ולא ינהלנו אלא לפי היתר מאת מפקח
ובמקום שלגביו ניתן ההיתר.</p></content></point><point><heading><authorialNote placement="side"><p>מכירת חומר נפץ וקנייתו</p></authorialNote></heading><num>8</num><content><p>
לא ימכור אדם ולא יקנה חומר נפץ אלא לפי היתר מאת שר.</p></content></point><point><heading><authorialNote placement="side"><p>יבוא ויצוא של חומר נפץ</p></authorialNote></heading><num>9</num><content><p>
לא ייבא אדם חומר נפץ, ולא ייצא אותו אלא לפי היתר מאת שר.</p></content></point><point><heading><authorialNote placement="side"><p>הובלת חמרי נפץ</p></authorialNote></heading><num>10</num><content><p>
לא יעביר אדם חומר נפץ ממקום למקום, אם בכלי הסעה ואם באופן אחר, אלא לפי
היתר מאת מפקח או באמצעות אדם שיש בידו היתר כזה.</p></content></point></chapter><chapter><num>פרק חמישי:</num><title><content><p>סמכויות עזר</p></content></title><point><heading><authorialNote placement="side"><p>הבטחת השמירה על הוראות החוק</p></authorialNote></heading><num>11</num><list><intro><p /></intro><subPoint><num>א</num><content><p> מפקח רשאי בכל עת לערוך בקורת על מנת לבדוק אם ממלאים אחרי הוראות
חוק זה.</p></content></subPoint><subPoint><num>ב</num><content><p> בעריכת בקורת לפי סעיף קטן (א) רשאי המפקח -
(1) להיכנס בכל עת לכל מקום שיש לו יסוד להניח שמחזיקים בו חמרי נפץ,
או שמבצעים בו עבירה על הוראה מהוראותיו של חוק זה, ולבדוק כל דבר
הנמצא באותו מקום, לרבות הפנקסים המתנהלים בו, וליטול דוגמה מכל דבר
לשם בדיקה? אולם לא ישתמש מפקח בסמכותו לפי פסקה זו, לגבי מקום
המשמש בית מגורים בלבד, אלא על פי צו חיפוש מאת בית משפט מוסמך;
(2) להשתמש בכל הסמכויות הנתונות לפקיד משטרה בדרגת מפקח בסעיף 2
לפקודת הפרוצדורה הפלילית (עדות) 1, והסעיפים 3 ו-4 לפקודה האמורה יחולו
על כל הודעה שרשם המפקח תוך שימוש בסמכויות אלה.</p></content></subPoint><subPoint><num>ג</num><content><p> כל אדם הנוגע בדבר חייב, ככל שיידרש לכך מאת מפקח, למסור לו ולשליחיו
ידיעות ומסמכים, שלדעת המפקח יש בהם כדי להקל על ביצועו של חוק זה, אולם לא יידרש
אדם למסור ידיעות ומסמכים שיש בהם כדי להפלילו.</p></content></subPoint></list></point><point><heading><authorialNote placement="side"><p>צו-הפסק</p></authorialNote></heading><num>12</num><list><intro><p /></intro><subPoint><num>א</num><content><p> נוכח מפקח, אגב עריכת בקורת כאמור בסעיף 11, כי בחומר נפץ פלוני, נוהגים
ייצור או תהליך עבודה אחר, או החסנה או הובלה, שהן, לדעתו, בניגוד להוראה מהוראותיו
של חוק זה, או שיש בהן, לדעתו, סכנה תכופה לחיי אדם, רשאי המפקח לצוות, בצו חתום
בידו, להפסיק אותם ייצור, תהליך עבודה, החסנה או הובלה עד שהמעוות יתוקן להנחת דעתו
של המפקח ; צו כזה ייקרא "צו-הפסק".</p></content></subPoint><subPoint><num>ב</num><content><p> נתן מפקח צו-הפסק ולא בוצע הצו בתוך התקופה שנקבעה בו, רשאי המפקח
לאחוז בכל האמצעים הדרושים לביצוע הצו, או לכפיית ביצועו.</p></content></subPoint><subPoint><num>ג</num><content><p> מתן צו-הפסק וביצועו אין בהם כדי לפטור מאחריות פלילית לכל עבירה על
הוראה מהוראותיו של חוק זה.</p></content></subPoint></list></point><point><heading><authorialNote placement="side"><p>ועדת ערעור</p></authorialNote></heading><num>13</num><list><intro><p /></intro><subPoint><num>א</num><content><p> שר המשפטים ימנה, לענין פרק זה, ועדת ערעור של שלושה ובהם שופט אחד
שישמש יושב ראש.</p></content></subPoint><subPoint><num>ב</num><content><p> הודעה על הקמתה של ועדת הערעור, על הרכבה ועל כתבתה תפורסם ברשומות.</p></content></subPoint><subPoint><num>ג</num><content><p> (1) שר המשפטים רשאי להתקין תקנות הקובעות את סדרי הדין לפני ועדת
הערעור ;
(2) ועדת הערעור תקבע בעצמה את סדרי דינה בכל שלא נקבעו בתקנות.</p></content></subPoint></list></point><point><heading><authorialNote placement="side"><p>ערעור על צו-הפסק</p></authorialNote></heading><num>14</num><list><intro><p /></intro><subPoint><num>א</num><content><p> הרואה עצמו נפגע על ידי צו-הפסק או על ידי סירוב המפקח לבטל את הצו
לאחר שתוקן המעוות, רשאי לערער לפני ועדת הערעור.</p></content></subPoint><subPoint><num>ב</num><content><p> הערעור יוגש לועדת הערעור בשני טפסים ? טופס אחד תמציא הועדה למפקח
שנתן את הצו,</p></content></subPoint><subPoint><num>ג</num><content><p> הגשת ערעור על צו-הפסק אינה מעכבת את ביצוע הצו.
(0 ועדת הערעור רשאית לאשר צו-הפסק' לשנותו או לבטלו.</p></content></subPoint><subPoint><num>ה</num><content><p> אין אחרי החלטת ועדת הערעור ולא כלום.</p></content></subPoint></list></point><point><heading><authorialNote placement="side"><p>הוראות כלליות בנוגע להיתרים</p></authorialNote></heading><num>15</num><list><intro><p /></intro><subPoint><num>א</num><content><p> מי שמוסמך לתת היתר לפי חוק זה רשאי לתתו בתנאים ובסייגים שייראו לה
ומשעשה כן חייב בעל ההיתר למלא אחרי כל תנאי או סייג כזה.</p></content></subPoint><subPoint><num>ב</num><content><p> נותן ההיתר רשאי לדרוש מהמבקש' כתנאי קודם למתן ההיתר, כל תעודה
שתסייע לו בשיקול דעתו.</p></content></subPoint></list></point><point><heading><authorialNote placement="side"><p>הצגת היתר</p></authorialNote></heading><num>16</num><list><intro><p /></intro><subPoint><num>א</num><content><p> המייצר חומר נפץ, או המחמץ אותו, או המחזיק אותו בכל דרך אחרת, פרט
להעברה בהיתר לפי חוק זה, יציג את ההיתר בכל עת במקום שבו הוא מייצר או מחסין או
מחזיק אותו חומר כאמור.</p></content></subPoint><subPoint><num>ב</num><content><p> המעביר חומר כאמור ישא את ההיתר כל זמן ההעברה.</p></content></subPoint></list></point><point><heading><authorialNote placement="side"><p>סמכויות המשטרה</p></authorialNote></heading><num>17</num><content><p>
בעל היתר לפי חוק זה חייב להראותו לכל שוטר הדורש זאת ממנו.</p></content></point><point><heading><authorialNote placement="side"><p>סמכויות עוברי הדואר והרכבת</p></authorialNote></heading><num>18</num><content><p>
היה לעובד הדואר או לעובד הרכבת יסוד להניח, כי חבילה או מטען אחר, שנשלחו
או שהובלו בדואר או ברכבת או שנמסרו למשלוח או להובלה כאמור, מכילים חומר נפץ,
רשאי הוא לפתוח אותה בנוכחות קצין משטרה שדרגתו אינה פחותה מדרגת מפקח שני $
הכילו החבילה או המטען חומר נפץ, ובעלם אינו ידוע, יחולטו החבילה או המטען לאוצר
המדינה.</p></content></point><point><heading><authorialNote placement="side"><p>עונשין</p></authorialNote></heading><num>19</num><list><intro><p /></intro><subPoint><num>א</num><content><p> מי שעשה ללא היתר לפי חוק זה דבר שעשייתו טעונה היתר כזה, או שעשה
אותו דבר בניגוד לתנאי או סייג שבהיתר, דינו - מאסר שתי שנים או קנס אלפיים לירות
או שני העבשים כאחד, וחומר הנפץ שבו נעברה העבירה יחולט לאוצר המדינה.</p></content></subPoint><subPoint><num>ב</num><content><p> מי שעשה אחת מאלה:
(1) הפריע למי שמוסמך לפעול לפי חוק זה בביצוע סמכויותיו או מנע זאת
ממנו;
(2) עבר על הוראות סעיף 11 (ג);
(3) מסר הודעה או מסמך לצורך חוק זה בידיעה שהם כוזבים בפרט חשוב,
או שהיה לו יסוד להניח שהם כוזבים בפרט חשוב;
(4) הפריע לכל אדם, או מנע ממנו, להתייצב לבקורת הנערכת לפי חוק זה
או להיחקר בבקורת כזו,
דינו - מאסר שנה או קנס אלף לירות או שני הענשים כאחד.</p></content></subPoint><subPoint><num>ג</num><content><p> מי שגרם בזדון או מתוך רשלנות, להתפוצצות המסכנת חיי אדם או רכוש,
דינו - מאסר חמש שנים או קנס חמשת אלפים לירות או שני הענשים כאחד.</p></content></subPoint></list></point><point><heading><authorialNote placement="side"><p>שותפות בעבירה</p></authorialNote></heading><num>20</num><list><intro><p /></intro><subPoint><num>א</num><content><p> נעברה עבירה כאמור בסעיף 19 על ידי חבר בני אדם, מואגד או לא מואגד,
אשם בעבירה גם כל אדם אשר בשעת ביצוע העבירה היה חבר הנהלה, מנהל, שותף או
פקיד אחראי של אותו חבר, אם לא יוכיח אחת מאלה:
(1) שהוא לא ידע על ביצוע העבירה ;
(2) שהוא נקט כל האמצעים המתקבלים על הדעת בכדי למנוע את ביצוע
העבירה.</p></content></subPoint><subPoint><num>ב</num><content><p> מקום שנעברה בו עבירה לפי סעיף 19, אשם בעבירה גם המחזיק באותו מקום,
אלא אם יוכיח כאמור בסעיף קטן (א).</p></content></subPoint></list></point><point><heading><authorialNote placement="side"><p>שמירת תוקף</p></authorialNote></heading><num>21</num><content><p>
האמור בחוק זה אינו בא לפגוע בכל סמכות שניתנה בחוק אחר ולא לגרוע מכל הוראה
שבחוק אחר.</p></content></point><point><heading><authorialNote placement="side"><p>אי-תחולת החוק</p></authorialNote></heading><num>22</num><content><p>
הוראות חוק זה לא יחולו על -
(1) יבוא' ייצור, החסנה והובלה של חמרי נפץ, או על השימוש בהם, בידי
צבא-הגנה לישראל, היל המשטרה ושירות בתי הסוהר;
(2) כלי יריה כמשמעותו בחוק כלי היריה, תש"ט-1949 1 ;
(3) החזקה לשם מכירה של זיקוקין די נור בתנאים ובכמות שייקבעו בתקנות.</p></content></point><point><heading><authorialNote placement="side"><p>העברת סמכויות</p></authorialNote></heading><num>23</num><content><p>
שר רשאי להעביר לאחר את סמכויותיו לפי חוק זה, כולן או מקצתן, פרט לסמכות
להתקין תקנות והסמכות למנות מפקח. הודעה על העברת סמכויות כאמור תפורסם ברשומות.</p></content></point><point><heading><authorialNote placement="side"><p>ביצוע ותקנות</p></authorialNote></heading><num>24</num><list><intro><p /></intro><subPoint><num>א</num><content><p> הממשלה רשאית להעניק לכל אחד מחבריה סמכות בביצוע חוק זה לרבות
התקנת תקנות בכל דבר הנוגע לביצועו כאמור.</p></content></subPoint><subPoint><num>ב</num><content><p> הענקת סמכויות לפי סעיף קטן (א) יכולה להיות כללית או מסוייגת.</p></content></subPoint><subPoint><num>ג</num><content><p> הודעה על הענקת סמכויות לפי סעיף קטן (א) תפורסם ברשומות.</p></content></subPoint></list></point><point><heading><authorialNote placement="side"><p>ביטול</p></authorialNote></heading><num>25</num><list><intro><p /></intro><subPoint><num>א</num><content><p> בטלים -
(1) פקודת חמרי פיצוץ, 1937 2;
(2) צו בדבר קניית חמרי פיצוץ, השימוש בהם והובלתם, תש"ט-1949 3;
(3) תקנה 138 לתקנות ההגנה (שעת חירום), 1945 4.</p></content></subPoint><subPoint><num>ב</num><content><p> על אף האמור בסעיף קטן (א), כל היתר שניתן לפי אחד החוקים המפורטים
בסעיף הקטן האמור יראו אותו מיום תהילת תקפו של חוק זה, כאילו ניתן לפי חוק זה.</p></content></subPoint></list></point><point><heading><authorialNote placement="side"><p>תחילת תוקף</p></authorialNote></heading><num>26</num><content><p>
תקפו של חוק זה היא מיום כ'יז באדר בי תשי"ד (1 באפריל 1954).</p></content></point></chapter><signature><name>יצחק בן-צבי</name><role>נשיא המדינה</role></signature><signature><name>משה שרת</name><role>ראש הממשלה</role></signature><dateOfAcceptance>09.02.1954</dateOfAcceptance></body>