<?xml version="1.0" encoding="UTF-8" ?>
<body><title><content><p>חוק לתיקון פקודת החברות, תשי"ג-1953*,</p></content></title><point><heading><authorialNote placement="side"><p>פירוקים</p></authorialNote></heading><num>1</num><content><p>
בחוק זה תהא לכל מונח המשמעות שיש לו בפקודת החברות 1 (להלן - הפקודה),
וייקרא עמה כאחד' אם אין כוונה אחרת משתמעת.</p></content></point><point><heading><authorialNote placement="side"><p>תיקון הפקודה</p></authorialNote></heading><num>2</num><list><intro><p>
סעיף 220א' לפקודה יתוקן כך:
במקום הפסקאות (ב) ו-(ג) שבסעיף קטן (1) יבואו פסקאות אלה:
"(ב) כל שכר או משכורת של פקיד בעד שירותים לחברה בששת החדשים שקדמו
לתאריך המתאים, אף אם היו, כולם או מקצתם, דמי עמלה (להלן - משכורת), ובלבד שסך
כל הסכום שיחול עליו דין קדימה לא יעלה לכל התקופה על -.900 לירות, ולא! יעלה
בחשבון שום חודש של שירות על -.150 לירות, או על הסכום שבו עודפות -.150
לירות על חלק מן המשכורת של אותו חודש ששולם כדין לפני התאריך המתאים, הכל
לפי הסכום הקטן יותר.</p></intro><subPoint><num>ג</num><content><p> כל שכר עבודה של פועל בעד שירותים להברה בששת החדשים שקדמו
לתאריך המתאים, בין שהוא שכר שעה ובין שהוא שכר קבלנות (להלן - שכר), ובלבד
שסד כל הסכום שיחול עליו דין קדימה לא יעלה לכל התקופה על -900 לירות' ולא
יעלה בחשבון שום חודש של שירות על -.150 לירות, או על הסכום שבו עודפות
-.150 לירות על חלק מן השכר של אותו חודש ששולם כדין לפני התאריך המתאים, הכל
לפי הסכום הקטן יותר."</p></content></subPoint></list></point><point><heading><authorialNote placement="side"><p>תחולה</p></authorialNote></heading><num>3</num><content><p>
חוק זה לא יחול על פירוק חברה כשהתאריך המתאים, כמשמעותו בסעיף 220א'
לפקודה' חל לפני תחילת תקפו של החוק.</p></content></point><signature><name>י צ ח ק בן-צבי</name><role>נשיא המדינה</role></signature><signature><name>דוד בן-גוריון</name><role>ראש הממשלה</role></signature><signature><name>פנחס רוזן</name><role>שר המשפטים</role></signature><dateOfAcceptance>05.06.1953</dateOfAcceptance></body>