<?xml version="1.0" encoding="UTF-8" ?>
<body><title><content><p>חוק חופשה שנתית (תיקון מס' 3),תשכ"ז-1967 *</p></content></title><point><heading><authorialNote placement="side"><p>תיקון סעיף 3</p></authorialNote></heading><num>1</num><content><p>
בסעיף 3 לחוק חופשה שבתית, תשי"א-1951  1(להלן - החוק העיקרי), בסעיף קטן (א) -
(1) בפסקה (5), הסיפה אחרי הנקודה-פסיק תימחק;
(2) בסוף הסעיף הקטן יבוא:
"בימי החופשה לא ייכלל אלא מנוחה שבועית אחת לכל שבעה ימי
חופשה."</p></content></point><point><heading><authorialNote placement="side"><p>תיקון סעיף 10</p></authorialNote></heading><num>2</num><content><p>
בסעיף 10 לחוק העיקרי, בסעיף קטן (ג), אחרי "שעות העבודה הרגילות" יבוא "זולת
אם בקבע אחרת בהסכם קיבוצי שאושר לענין זה על ידי שר העבודה".</p></content></point><signature><name>שביאור זלמן שזר</name><role>בשיא המדינה</role></signature><signature><name>לוי אשכול</name><role>ראש הממשלה</role></signature><signature><name>יגאל אלון</name><role>שר העבודה</role></signature><dateOfAcceptance>03.08.1967</dateOfAcceptance></body>