<?xml version="1.0" encoding="UTF-8" ?>
<body><title><content><p>חוק החברה לישראל בע"מ, תשכ"ט-1969 *</p></content></title><point><heading><authorialNote placement="side"><p>הגדרות</p></authorialNote></heading><num>1</num><content><p>
בחוק זה -
"החברה" - החברה הרשומה בישראל בשם "החברה לישראל בע"מ" ;
"סדרת מניות" - מניות החברה שהוצעו בתשקיף אחד; לענין זה -
(1) מניות שלקחו החותמים על התזכיר יראו אותן ככלולות בסדרת המניות
הראשונה;
(2) מניות שהונפקו שלא על פי תשקיף תוך שנתיים מיום פרסום התשקיף
האחרון לפני ההנפקה, ונרכשו על ידי תושב חוץ במטבע חוץ כמשמעותו בסעיף
10, יראו אותן ככלולות בסדרת המניות שהוצעו על פי התשקיף האמור ;
(3) מניות הטבה שהוקצו לבעלי המניות מסדרת מניות פלונית. יראו אותן
ככלולות באותה סדרה;
"תזכיר", "סדרה של איגרות חוב" - כמשמעותם בפקודת החברות 1, ו"תשקיף" - כמש-
מעותו של "פרוספקט" בפקודת החברות;
שאר המונחים - כמשמעותם בפקודת מס הכנסה 2 (להלן - הפקודה).</p></content></point><point><heading><authorialNote placement="side"><p>הזכות להטבות</p></authorialNote></heading><num>2</num><content><p>
החברה ובעלי מניותיה יהיו זכאים, בכפוף לאמור בסעיף 10, להטבות לפי חוק זה.</p></content></point><point><heading><authorialNote placement="side"><p>תחולת ההטבות לגבי סדרות מניות</p></authorialNote></heading><num>3</num><content><p>
ההטבות הניתנות לגבי סדרת מניות יחולו לגבי סדרת מניות שהוצעה בתחום הון
המניות הרשום בתזכיר החברה בעת רישומה; הוגדל הונה של החברה, יחולו ההטבות,
כולן או מקצתן, גם לגבי סדרת מניות שהוצעה במסגרת ההון המוגדל, אם הכנסת, על פי
הצעת הממשלה, קבעה זאת, דרך החלטה, ובמידה שקבעה.</p></content></point><point><heading><authorialNote placement="side"><p>פטור לחברה ממס הכנסה וממס על ריווח הון</p></authorialNote></heading><num>4</num><content><p>
החברה תהא פטורה ממס הכנסה לפי סעיף 127 (א) לפקודה וממס על ריווח הון, משך
שלושים שנה החל משנת המס הראשונה שבה היתה לחברה הכנסה חייבת.</p></content></point><point><heading><authorialNote placement="side"><p>הטבות במס חברות ובמס אחר</p></authorialNote></heading><num>5</num><list><intro><p /></intro><subPoint><num>א</num><content><p> על הכנסתה המזכה, תהיה החברה -
(1) חייבת במס חברות בשיעור שלא יעלה על 28%;
(2) פטורה מכל מס אחר המוטל על הכנסה.</p></content></subPoint><subPoint><num>ב</num><content><p> לענין סעיף זה וסעיף 6 -
"הכנסה מזכה", לגבי כל שנת מס - שיעור יחסי מכלל ההכנסה החייבת של החברה
באותה שנת מס, שהוא כיחס סך כל הון המניות הנפרע מסדרות המניות שתקופת
ההטבות לגביהן טרם תמה, לסך כל הון המניות הנפרע של החברה, כפי שנקבע
בתום אותה שנה;
"תקופות ההטבות", לגבי כל סדרת מניות - אחת עשרה שנות מס המתחילות בשנת המס
שבה הוצעה הסדרה או עשר שנות מס המתחילות בשנת המס הראשונה שבה היתה
לחברה הכנסה חייבת, הכל לפי המאוחר יותר.
עמי 145.
2 דיני מדינת ישראל, נוסח חדש 6, עמי .120</p></content></subPoint></list></point><point><heading><authorialNote placement="side"><p>הטבות לבעל מניות בחברה</p></authorialNote></heading><num>6</num><list><intro><p /></intro><subPoint><num>א</num><content><p> קיבל אדם מן החברה דיבידנד ששולם מתוך הכנסה מזכה, תוך חמש עשרה
שנים מהשנה שבה הושגה אותה הכנסה, יהיה פטור עליו מכל מס נוסף על המס ששילמה
החברה, והוא הדין לגבי פירות השקעה המשתלמים כדיבידנד על ידי תאגיד אחר מתוך
דיבידנד שקיבל כאמור; לענין זה יראו הכנסות החברה שנתהוו ראשונות - כאילו חולקו
ראשונות.</p></content></subPoint><subPoint><num>ב</num><content><p> קיבל אדם דיבידנד ששולם מתוך ריווח הון של החברה, יהיה סטור עליו מכל
מס.</p></content></subPoint><subPoint><num>ג</num><content><p> קיבל תושב חוץ דיבידנד שסעיף קטן (א) אינו חל לגביו, יהיה פטור עליו
מכל מס, חוץ מן המס שהחברה חייבת לנכותו לפי סעיף 161 לפקודה.</p></content></subPoint><subPoint><num>ד</num><content><p> מכר אדם מניה מסדרת מניות, יהיה פטור ממס על ריווח ההון הנובע ממכירה זו.</p></content></subPoint></list></point><point><heading><authorialNote placement="side"><p>פטור מניס עזבון</p></authorialNote></heading><num>7</num><content><p>
מניות של תושב חוץ שהן מסדרת מניות, לא ייכללו בנכסי עזבונו לענין מס עזבון;
לענין זה, תושב חוץ - לרבות מי שהיה תושב חוץ בעת שרכש את המניות.</p></content></point><point><heading><authorialNote placement="side"><p>סטור ממם בולים</p></authorialNote></heading><num>8</num><list><intro><p /></intro><subPoint><num>א</num><content><p> מסמכי החברה המפורטים להלן פטורים ממס בולים:
(1) התזכיר;
(2) דו"ח על הקצאת מניות כאמור בסעיף 93 לפקודת החברות ושטר מניה
למוכ"ז כמשמעותו כסעיף 28 לפקודת החברות, המתייחסים להון המניות הרשום
בתזכיר בעת רישום החברה.</p></content></subPoint><subPoint><num>ב</num><content><p> מסמכי החברה כמפורט בסעיף קטן (א) (2) המתייחסים להון מניות שהוגדל,
יהיו פטורים ממס בולים, אם נקבע כך בהחלטה כאמור בסעיף 3.</p></content></subPoint><subPoint><num>ג</num><content><p> סדרה של איגרות חוב ושטר נאמנות כאמור בסעיף 124 לפקודת החברות המת-
ייחס לסדרה של איגרות חוב, יהיו פטורים ממס בולים, אם שר האוצר, באישור ועדת
הכספים של הכנסת, קבע כי הפטור הוא לתועלת הציבור.</p></content></subPoint></list></point><point><heading><authorialNote placement="side"><p>זבות לקבלת מטבע חוץ</p></authorialNote></heading><num>9</num><content><p>
תושב חוץ שהוא בעל מניה שהיא מסדרת מניות, זכאי לקבל מטבע חוץ לפי שער
החליפין הרשמי כדי להעביר אל מחוץ לישראל דיבידנד שקיבל בשל המניה או את תמורת
מכירתה.</p></content></point><point><heading><authorialNote placement="side"><p>ביטול ההטבות</p></authorialNote></heading><num>10</num><list><intro><p /></intro><subPoint><num>א</num><content><p> לא הגיע סכום הון המניות הנפרע של החברה, בתום שלוש שנים מהוצאת
סדרת המניות הראשונה, לסכום של שלושים מיליון דולר, יבוטלו למפרע ההטבות על פי
חוק זה.</p></content></subPoint><subPoint><num>ב</num><content><p> שר האוצר רשאי לבטל את ההטבות לפי חוק זה, כולן או מקצתן, לעתיד או
למפרע, אם -
(1) החברה הוציאה סדרה של איגרות חוב לפני שסכום הון המניות הנפרע
שלה הגיע לשלושים מיליון דולר;
(2) החברה הקצתה פחות מ-80% מהון המניות שלה לתושבי חוץ תמורת מטבע
חוץ; לענין זה, מטבע חוץ - לרבות</p></content></subPoint><subPoint><num>א</num><content><p> מטבע ישראלי שנתקבל מהמרת מטבע-חוץ לפי שער החליפין
הרשמי;</p></content></subPoint><subPoint><num>ב</num><content><p> מטבע ישראלי שנתקבל מפדיון איגרות מדינת ישראל, שהופצו
מחוץ לישראל ואושרו לענין זה על-ידי המפקח על מטבע חוץ.</p></content></subPoint><subPoint><num>ג</num><content><p> בוטלו הטבות למפרע, בין מכוח סעיף קטן (א) ובין מכוח החלטת שר האוצר
על פי סעיף קטן (כ), ישולמו כל המסים שלגביהם ניתנו ההטבות, במועדים שקבע שר
האוצר, בתוספת ריבית בשיעור המקסימלי המותר על פי חוק הריבית, תשי"ז-1957 י-, מן
היום שחלה החובה לשלמם לולא ניתנו ההטבות.</p></content></subPoint></list></point><point><heading><authorialNote placement="side"><p>ביצוע ותקנות</p></authorialNote></heading><num>11</num><content><p>
שר האוצר ממונה על ביצוע חוק זה והוא רשאי להתקין תקנות בכל דבר הנוגע
לביצועו.</p></content></point><signature><name>שניאור זלמן שזר</name><role>נשיא המדינה</role></signature><signature><name>גולדה מאיר</name><role>ראש הממשלה</role></signature><signature><name>זאב שרף</name><role>שר האוצר</role></signature><dateOfAcceptance>03.07.1969</dateOfAcceptance></body>