<?xml version="1.0" encoding="UTF-8" ?>
<body><title><content><p>חוק הגנת החייל (דירה) (תיקון), תשי"ב-1952 **</p></content></title><point><heading><authorialNote placement="side"><p>תיקון חחוק</p></authorialNote></heading><num>1</num><list><intro><p>
חוק הגנת החייל (דירה), תש"ט-1949 2 (להלן - החוק העיקרי), יתוקן כך :
בסעיף 10' במקום ההגדרה "חייל" יבואו הגדרות אלה :
"שירות בצבא" פירושו -</p></intro><subPoint><num>א</num><content><p> שירות מלא בצבא-הגנה לישראל ;</p></content></subPoint><subPoint><num>ב</num><content><p> לגבי התקופה מיום י"ז בכסלו תש"ח (30 בנובמבר 1947) עד יום כ"ט
בכסלו תש"ט (31 בדצמבר 1948) - כל שירות אחר ששר הבטחון הכריז עליו
באכרזה שפורסמה ברשומות, כעל שירות בצבא לצורך חוק זה.
"חייל" פירושו - אדם בשירות בצבא או אדם שהיה בשירות בצבא ושוחרר
מהשירות.</p></content></subPoint></list></point><point><heading><authorialNote placement="side"><p>הוראת מעבר</p></authorialNote></heading><num>2</num><list><intro><p /></intro><subPoint><num>א</num><content><p> פורסמה ברשומות אכרזה לפי סעיף 10 לחוק העיקרי המכריזה על שירות
מסויים כעל שירות בצבא, הרי כל הוראה בחוק העיקרי, שמדובר בה בתאריך תחילת
תקפו' תיקרא' לגבי אדם שהיה באותו שירות, כאילו מדובר בה בתאריך פרסומה של
האכרזה האמורה.</p></content></subPoint><subPoint><num>ב</num><content><p> לגבי זכות שהיתה לאדם, אלמלא האכרזה האמורה' לא תחול ההוראה שבסעיף
קטן (א).</p></content></subPoint></list></point><signature><name>יוסף שפרינצק</name><role>יושב ראש הכנסת</role></signature><signature><name>משה שרת</name><role>שר החוץ</role></signature><signature><name>דב יוסף</name><role>שר המשפטים</role></signature><dateOfAcceptance>03.04.1952</dateOfAcceptance></body>