<?xml version="1.0" encoding="UTF-8" ?>
<body><title><content><p>חוק למניעת הפקעת שערים וספסרות (שיפוט) (תיקון), תשייב-1952 .</p></content></title><point><heading><authorialNote placement="side"><p>תיקון החוק</p></authorialNote></heading><num>1</num><content><p>
חוק למניעת הפקעת שערים וספסרות (שיפוט), תשי"א-1951 1, יתוקן כך :
בסעיף 4, במקום סעיף קטן (ב) יבוא סעיף קטן זה:
"(ב) כל בית משפט אחר שערב תחילת תקפו של חוק זה היה מוסמך לדון בעבירות
נגד המשק לולא הוראות פקודת מניעת הפקעת שערים וספסרות (שיפוט)' תש"ח-1948 2,
יהיה מוסמך לדון באותן עבירות על אף האמור בסעיף קטן (א)."</p></content></point><point><heading><authorialNote placement="side"><p>תחילת תוקף</p></authorialNote></heading><num>2</num><content><p>
תקפו של חוק זה הוא מיום ט' באדר א' תשי"א (15 בפברואר 1951).</p></content></point><signature><name>יוסף שפרינצק</name><role>יושב ראש הכנסת</role></signature><signature><name>דוד בן-גוריון</name><role>ראש הממשלה</role></signature><signature><name>דב יוסף</name><role>שר המשפטים</role></signature><dateOfAcceptance>12.06.1952</dateOfAcceptance></body>