<?xml version="1.0" encoding="UTF-8" ?>
<body><title><content><p>חוק זכיון ציבור הנפט, תשכ"ח-1968*</p></content></title><point><heading><authorialNote placement="side"><p>הזכיון</p></authorialNote></heading><num>1</num><content><p>
שטר הזכירן שבתוספת א לחוק זה, שבעשה כין המדינה לבין בעל הזכיון הנקוב בו,
רואים אותו כבר-תוקף לכל מטרותיו.</p></content></point><point><heading><authorialNote placement="side"><p>זכיון--המשנה</p></authorialNote></heading><num>2</num><content><p>
שטר זכיון-המשנה המובא בתוספת ב לחוק זה, שבעשה בין בעל הזכיון לבין בעל
זכיון-המשבה הנקוב בו, רואים אותו כבר-תוקף לכל מטרותיו.</p></content></point><point><heading><authorialNote placement="side"><p>תוקף הוראות הזכיון וזכיון-המשנה</p></authorialNote></heading><num>3</num><content><p>
כל הוראה מהוראות הזכיון וזכיון-המשנה, בין מפורשת ובין משתמעת, תהא בת-
תוקף על אף האמור בכל דין.</p></content></point><point><heading><authorialNote placement="side"><p>שינויים בזכיון</p></authorialNote></heading><num>4</num><content><p>
שר האוצר יפרסם ברשומות כל שינוי בשטר הזכיון שייעשה על פי סעיף 40 שבו,</p></content></point><point><heading><authorialNote placement="side"><p>תרגומים</p></authorialNote></heading><num>5</num><content><p>
שר המשפטים רשאי להוציא תרגומים של חוק זה, של שטר הזכיון ושל שטר זכיון-
המשנה לכל שפה זרה, ותעודת השר על נכונות התרגום תהא ראיה חותכת.</p></content></point><point><heading><authorialNote placement="side"><p>ביצוע</p></authorialNote></heading><num>6</num><content><p>
שר האוצר ממונה על ביצוע חוק זה.</p></content></point><point><heading><authorialNote placement="side"><p>תחילה</p></authorialNote></heading><num>7</num><content><p>
תקפו של חוק זה הוא מיום קבלתו בכנסת. הוראות סעיף זה אינן באות לפגוע בהוראות
שטר הזכיון ושטר זכיון-המשנה בדבר תחילת תקפם של אלה.</p></content></point><point><heading><authorialNote placement="side"><p>פרסום</p></authorialNote></heading><num>8</num><content><p>
על אף האמור בסעיף 2(ד) לחוק המעבר, תש"ט-1949   1, יפורסם חוק זה ברשומות תוך
חדשיים מיום קבלתו בכנסת.</p></content></point><point><heading><authorialNote placement="side"><p>זכויות המוענקות לבעל הזכיון</p></authorialNote></heading><num>2</num><list><intro><p>
הממשלה מעניקה בזה לבעל הזכיון את ההיתר הבא, היינו:</p></intro><subPoint><num>א</num><content><p> להוביל בצינור, דרך שטח ישראל, נפט המיובא דרך ים סוף או נפט שמקורו בכל מקום בתחום שטח הנמצא
בין חוף ים סוף ובין קו מדומה העובר במקביל לחוף זה במרחק 50 (חמישים) קילומטר הימנו; וכן</p></content></subPoint><subPoint><num>ב</num><content><p> לבנות או לרכוש, להחזיק ולהפעיל לצורך הובלת נפט קו-צינור בקוטר של 42 אינצי עם כושר תזרומת
סופי של 55 מיליון טון או יותר החוצה את שטח ישראל מנקודת ציון 143/882 בחופו של מפרץ אילת (להלן - חוף
אילת) עד לנקודת ציון 105/116 בחוף אשקלון וכל מיתקנים לשאיבה, להחסנה ולטרמינוסים וכל מיתקני לוואי אחרים,
ולעשות את כל הדברים הנחוצים בקשר לכך.</p></content></subPoint><subPoint><num>ג</num><content><p> אם תרכוש הממשלה את קו-צינור אילת-חיפה, כולל כל המיתקנים לשאיבה, להחסנה ומיתקני טרמינוס
ומיתקני לוואי אחרים, כמוגדר בשטר הזכיון המהווה תוספת אי לחוק זכיון צינורות הנפט, תשי''ט-1959 (להלן -
קו-הצינור של "16) ולאחר הרכישה האמורה תעביר הממשלה או תעמיד את קו-הצנור של ''16 לרשות בעל הזכיון,
יהווה קו-הצינור של "16 חלק מהמפעל, וכל ההיתרים, הזכויות וזכויות היתר שהוענקו לבעל הזכיון וההתחייבויות
שהוטלו על בעל הזכיון על פי זכיון זה, יחולו גם לגבי קו-הצינור של "16.</p></content></subPoint></list></point><point><heading><authorialNote placement="side"><p>משך זמן הזכיין</p></authorialNote></heading><num>3</num><content><p>
משך זמן הזכיון הזה יהיה לתקופה של 49 (ארבעים ותשע) שנים המתחילה בתאריך ההתחלה.</p></content></point><point><heading><authorialNote placement="side"><p>זכיונות-משנה ורשיונות</p></authorialNote></heading><num>4</num><list><intro><p /></intro><subPoint><num>א</num><content><p> הזכות לבעל הזכיון להעניק, בהסכמת הממשלה, זכיונות-משנה ורשיונות מכוח זכיון זה.</p></content></subPoint><subPoint><num>ב</num><content><p> הממשלה מסכימה בזה להענקת זכיון -משנה על ידי בעל הזכיון לבעל זכיון המשנה בנוסח המובא בתוספת ב'.</p></content></subPoint><subPoint><num>ג</num><content><p> העניק בעל-הזכיון, בהתאם לאמור בזה, זכיון-משנה או רשיון, יהיו לבעל זכיון המשנה או לבעל הרשיון,
הכל לפי הענין - בכפוף להוראות זכיון המשנה או להוראות הרשיון - כל הזכויות, זכויות היתר, הסמכויות והחסינו-
יות של בעל הזכיון במידה שהוענקו לו באותו זכיון-משנה או באותו רשיון ויהיה כסוף לחבויותיו ולהתחייבויותיו של
בעל הזכיון במידה שהן מתייחסות לנושא הנדון בזכיון המשנה או ברשיון, והכוונה בזה היא שיהיו רואים את בעל
זכיון המשנה או את בעל הרשיון, במסגרת זכיון המשנה או הרשיון, כבא במקומו של בעל הזכיון.</p></content></subPoint></list></point><point><heading><authorialNote placement="side"><p>אישור תווי ותרשימים</p></authorialNote></heading><num>5</num><list><intro><p /></intro><subPoint><num>א</num><content><p> קו-הצינור שייבנה על ידי בעל הזכיון מכוח שטר-זכיון זה יהיה עוקב אחרי אותו חווי ומסתיים באותם
טרמינוסים ככל שיאושרו על ידי השר, ולשם קבלת אישור זה (שלא יעוכב ולא יושהה מטעמים בלתי סבירים) יגיש
בעל הזכיון לשר תרשימים מתאימים המראים את הקו שלארכו אומר בעל הזכיון להניח את קו-הצינור.</p></content></subPoint><subPoint><num>ב</num><content><p> בטרם יתחיל בעל הזכיון בבנייתם, בהרחבתם או בשינויים של קו-הצינור, תחנת שאיבה או של כל עבודות
אחרות הקשורים במפעל ואשר יצריכו רכישתן של קרקעות או טובת הנאה בקרקעות או זכויות שימוש מהממשלה או
מרשות הפיתוח, או הפקעתן מכל אדם אחר, על בעל הזכיון לקבל את אישור השר (שלא יעוכב ולא יושהה מטעמים
בלתי סבירים) גם לרשימים הסופיים המראים את התווי המוסכם של קו-הצינור, את עומק הטמנתו, את מיקומן של
תחנות השאיבה ושל העבודות האחרות האמורות לעיל, ובעל הזכיון יבצע את הבניה בהתאם לתרשימים המאושרים.</p></content></subPoint><subPoint><num>ג</num><content><p> אישור השר כאמור לעיל יהיו רואים אותו, בין השאר, כהרשאה ואישור בני תוקף, לפי חוק התכנון והבניה,
תשכ"ה-1965, לביצועם של התרשימים המאושרים.</p></content></subPoint></list></point><point><heading><authorialNote placement="side"><p>זבות שימוש וקרקעות</p></authorialNote></heading><num>6</num><list><intro><p /></intro><subPoint><num>א</num><content><p> מזמן לזמן, וכל אימת שיידרש הדבר, תעניק הממשלה לבעל הזכיון, למשך שארית תקופת הזכיון זכות
שימוש על כל רצועת אדמה שבתוכה או שעליה יניחו את קו-הצינור; זכות שימוש זו תזכה את בעל הזכיון לעלות על
כל רצועת אדמה כזאת עם פועלים, מוכנים, קבלנים ועובדים אחרים, ולבנות, להחזיק ולהפעיל עליה את קו-הצינור
ולעשות כל עבודות אחרות הקשורות במפעל. כל אדם, לרבות בעל רצועת האדמה, חוברה או מחזיקה, אך למעט בעל
הזכיון, ייאסר עליו להשתמש ברצועה האמורה לשם הנחת צינורות, בניה, שתילת עצים או לשם כל שימוש אחר העלול
להפריע או להזיק להפעלת קו הצינור.</p></content></subPoint><subPoint><num>ב</num><content><p> רחבה של רצועת האדמה שעליה תוענק זכות שימוש, יהיה הולם את הצרכים האמורים, אך כל אימת שיידרש
הדבר על ידי בעל-הזביון תרחיב הממשלה את הרצועה לסיפוק צרכים אלה, ובלבד שכלל-רוחבה של כל רצועת אדמה
כזאת לא יעלה על 30 (שלושים) מטרים, - אם אדמה כזאת נמצאת באזור מעובד או בנוי - ועל 60 (שישים) מטרים
בכל מקרה אחר.</p></content></subPoint><subPoint><num>ג</num><content><p> קרקע הדרושה למפעל והמוקנית בידי הממשלה או בידי רשות הפיתוח, תוחכר לבעל הזכיון וזכויות שימוש
עליה יוענקו לבעל הזכיון לשארית תקופת הזכיון בדמי חכירה או בתמורה סמליים של 1.00 $ (דולר אחד של ארצות
הברית) לשנה עבור כל השטח המוחכר או שניתנה לגביו זכות שימוש. אולם אם היו קיימות חכירות או זכויות שימוש
על קרקע ששימשה, ערב הענקת החכירה וזכויות השימוש האמורות, למטרות מסויימות, ייקבעו דמי החכירה או התמורה
בהתאם להוראות סעיף 12 לפקודת הקרקעות (רכישה לצרכי ציבור), 1943,</p></content></subPoint><subPoint><num>ד</num><content><p> קרקע הדרושה למפעל ואינה מוקנית בידי הממשלה או בידי רשות הפיתוח, וזכויות חכירה בה וזכויות שימוש
עליה, יירכשו בדרך משא ומתן בין בעל הזכיין ובין בני האדם הזכאיט לאותה קרקע, ואם לא יגיעו לידי הסכם ביניהם
יפקיע השר את הקרקע האמורה, זכות החכירה בה או זכויות השימוש עליה בהתאם להוראות פקודת הקרקעות (רכישה
לצרכי ציבור), 1943.</p></content></subPoint><subPoint><num>ה</num><content><p> נרכשה בעלות על קרקע בדרך משא ומתן או בדרך הפקעה כאמור בסעיף קטן (ד) לסעיף זה, ישולם מחירה
על ידי בעל הזכיון, ואילו זכות הקנין עליה תהיה מוקנית בידי הממשלה, והממשלה תעניק לבעל הזכיון חכירה עליה
למשך שארית תקופת הזכיון.</p></content></subPoint><subPoint><num>ו</num><content><p> נרכשה זכות-חכירה בקרקע בדרך משא-ומתן או בדרך הפקעה, כאמור בסעיף קטן (ד) לסעיף זה, תילקח
החכירה על ידי הממשלה לתקופה העולה בשנה אחת על שארית תקופת הזכיון והממשלה תעניק לבעל הזכיון חכירת
משנה למשך שארית תקופת הזכיון. דמי החכירה לממשלה כאמור ישולמו על ידי בעל הזכיון.</p></content></subPoint><subPoint><num>ז</num><content><p> נרכשה זכות שימוש בדרך משא-ומתן או בדרך הפקעה, כאמור בסעיף קטן (ד) לסעיף זה, תוקנה זכות
שימוש זו לממשלה בחור מקבל-זכות ולבעל הזכיון בתור מקבל-זכות משני, והמחיר בעד זכות השימוש ישולם לממשלה
על ידי בעל הזכיון.</p></content></subPoint><subPoint><num>ח</num><content><p> דמי החכירה בעד חכירה לפי סעיף-קטן (ה) ובעד חכירת-משנה לפי סעיף קטן (ו), והתמורה בעד קבלת-
זכות משנית לפי סעיף קטן (ז) לסעיף זה יהיו סמליים של 1.00 $(דולר אחד של ארצות הברית) לשנה עבור כל השטח
המוחכר.</p></content></subPoint><subPoint><num>ט</num><content><p> האמור בזה לא יהיו רואים אותו כאילו הוא מונע את האפשרות מבעל הזכיון להעביר או להחכיר בחכירת-
משנה קרקע שאינה דרושה למטרה שלשמה נרכשה או שלשמה היא משמשת, בתנאי שבעל הזכיון שילם בקשר לרכישת
אותה קרקע או חכירתה מחירי שוק רגילים ולא חמורה סמלית בלבד.</p></content></subPoint><subPoint><num>י</num><content><p> שימוש הציבור בכבישים, בחציות, בגשרים, בקמרונים, בתעלות תת-כבישיות, בצינורות, בכבלים תת-
קרקעיים, בכבלים עליים ובמעברים - הקיימים - לא יופרע על ידי בעל הזכיון תוך כדי הנאתו מזכות שימוש על פי
שטר זכיון זה, אלא במידה שההפרעה היא בעלת אופי ארעי בלבד ובמידה שהיא הכרחית לבנייתם או להחזקתם של קו
הצינור או כל עבודות הכלולים במפעל. אולם כל אימת שהפרעה כזאת גורמת היזק לכבישים, לחציות, לגשרים, לקמרו-
נים, לתעלות תת-כבישיות ולמעברים, ינקוט מיד בעל הזכיון בכל האמצעים הדרושים לסילוקו של היזק זה.
(יא) בעל הזכיון לא יפריע למסילת-ברזל בלי הסכמה קודמת בכתב מאת הממשלה.
(יב) האמור בזה לא ימנע את הממשלה או כל רשות עירונית או מקומית מלבצע בהתאם לתרשימים שאושרו על
ידי בעל הזכיון (והאישור לא יעוכב ולא יושהה מטעמים בלתי סבירים), עבודות ציבוריות כגון כבישים, מסילות-ברזל,
הציות, גשרים, קמרונים, תעלות תת-כבישיות, צינורות, כבלים תת-קרקעיים וכבלים עליים ומעברים על כל רצועת
אדמה שעליה יש לבעל הזכיון זכות שימוש כאמור לעיל, ובלבד שתמיד יקויימו התנאים הבאים:
(1) שהעבודות הציבוריות המבוצעות כך לא יפריעו לתפעולו התקין של קו-צינור שהונח באותה רצועת
אדמה או עליה או לכל עבודות אחרות המבוצעות באותה רצועת אדמה או מעליה;
(2) שכל אמצעי הזהירות הדרושים יינקטו על ידי הממשלה או על ידי הרשות העירונית או המקומית -
הכל לפי הענין - על מנת למנוע היזק לקו-הצינור או לעבודות אחרות של בעל הזכיון כאמור לעיל;
(3) שהממשלה, הרשות העירונית או המקומית - הכל לפי הענין - תשפה את בעל הזכיון על כל הפסד
או הוצאה כספית שיסבול או ישא בהם עקב ביצוע עבודות ציבוריות כאלה או בקשר לכך.</p></content></subPoint></list></point><point><heading><authorialNote placement="side"><p>רישום קרקעות</p></authorialNote></heading><num>7</num><content><p>
הממשלה תרשום, בכל ההקדם האפשרי, במשרדי סטרי האחוזה המוסמכים את כל החכירות, חכירות המשנה
וזכויות השימוש שהוענקו או שהוענקו בזכות-משנית על פי שטר זכיון זה. הרישום האמור ומתן תעודת רישום על כך
יבוצעו בלי תשלום אגרת רישום קרקעות ובלי תשלום כל היטל אחר.
אולם מוצהר בזה שהענקת כל חכירה או חכירת משנה כאמור או הענקה של כל זכות שימוש תהיה בת-תוקף אף
אם לא בוצע רישומן.</p></content></point><point><heading><authorialNote placement="side"><p>מים</p></authorialNote></heading><num>8</num><content><p>
לפי בקשת בעל הזכיון תספק הממשלה, במחיר הקרן, מים בכמויות הדרושות באורח סביר למפעל, ובמחירים
הקיימים אותה שעה בעד הספקת מים לאניות/ לגגי מים הנדרשים על ידי בעל הזכיון לשם הספקתם לאניות. כל הספקת
מים לפי סעיף זה תבוצע לאחר שבעל הזכיון ישלם את ההוצאות המיוחסות במישרין להתקנתם של מיתקני הספקת המים
למפעל/ או את החלק היחסי של הוצאות אלה מקום שבני אדם אחרים ייהנו גם הם מהתקנתה של הספקת מים זו.</p></content></point><point><heading><authorialNote placement="side"><p>הנאה שלווה במשך תקופת הזכיון</p></authorialNote></heading><num>9</num><content><p>
במשך תקופת הזכיון יהיה המפעל בבעלותו הייחודית של בעל הזכיון, והוא ייהנה מחזקה מוחלטת ובלתי מופרעת
בו. המפעל או כל חלק הימנו לא יופקע/ לא יעותק ולא יירכש ולא ייתפס בדרך כפיה אחרת ולא תיתפס החזקה בו בדרך
כפיה אחרת.</p></content></point><point><heading><authorialNote placement="side"><p>החובה שעל בעל הזכיון למלא</p></authorialNote></heading><num>10</num><content><p>
בכל עת במשך תקופת זכיון זה ישתדל בעל הזכיון במיטב מאמציו להחזיק את קו-הצינור ואת עבודות הלוואי
שלו במצב מתוקן היטב/ כשהם מוכנים וראויים להובלה יעילה של סוגי הנפט השוגים שבעל הזכיון נוהג להובילם דרכו,
ולהגיש שירות הולם.</p></content></point><point><heading><authorialNote placement="side"><p>העמדת שירותים לשימוש</p></authorialNote></heading><num>11</num><list><intro><p /></intro><subPoint><num>א</num><content><p> בעל הזכיון יעמיד את שירותיו בקשר להובלת נפט לשימושם של משלחים, בכפוף לתנאים/ כללים ותקנות
שיקבע בעל הזכיון לפי שיקול דעתו היחיד ומזמן לזמן בנדון הובלתו של נפט והתקבלותו של נפט להובלה, לרבות
דרישות בנוגע לכמויות/ לאיכויות ולטיפוסים של נפט שיובלו דרך קו-הצינור.</p></content></subPoint><subPoint><num>ב</num><content><p> כדי להסיר כל ספק/ מוצהר בזה שלא יהיו רואים את בעל הזכיון כמוביל ציבורי לפי החוק המקובל או
אהרת לגבי קו-הצינור.</p></content></subPoint></list></point><point><heading><authorialNote placement="side"><p>תעריפים להובלת נפט</p></authorialNote></heading><num>12</num><content><p>
במשך תקופת הזכיון ייקבעו התעריפים להובלת נפט ונפט מקומי על ידי בעל הזכיון באופן שייראה בעיניו מזמן
לזמן לנאות לפי שיקול דעתו היחיד.</p></content></point><point><heading><authorialNote placement="side"><p>הובלת נפט מקומי</p></authorialNote></heading><num>13</num><content><p>
בכפוף להוראות הסעיפים 11 ו-12 לזכיון זה ולכל כללים ותקנות שיותקנו לפיו/ יתיר בעל הזכיון לכל בעל
חזקה שעל פי חוק הנפט, תשי"ב-1952 לחבר כל קו-צינור המוביל נפט משדות הנפט שלו או משדות הנפט של בעלי
חזקה אחרים אל קו-הצינור המוביל טיפוס דומה של נפט; חיבור זה, לרבות מיתקני שאיבה, החסנה וכל מיתקנים אחרים
שיהיו דרושים מזמן לזמן/ ייעשו על חשבון בעל החזקה.
בעל הזכיון יוביל נפט זה דרך קו-הצינור בכפוף לכללים, לתקנות ולתנאים הנוהגים בשעת המשלוח והחלים עליו;
בתנאי שבעל החזקה ימסור לבעל הזכיון, לא פחות מששה חדשים מראש, הודעה שבה יציין את הכמות והתדירות של
המשלוחים שברצונו לשלוח במשך ששת החדשים המתחילים אחרי תקופת ההודעה האמורה/ וימציא כל פרטים אחרים
בקשר למשלוחים אלה/ ככל שידרוש ממנו בעל הזכיון; ובתנאי נוטף שבעל החזקה יביא נפט זה/ על חשבונו והוצאותיו/
אל קו-הצינור באותו לחץ וימלא אחרי אותם תנאים שיהיה צורך בהם כדי להבטיח סדר סביר של זרימה.</p></content></point><point><heading><authorialNote placement="side"><p>תיוק העתקים</p></authorialNote></heading><num>14</num><content><p>
העתקים של כללים תקנות טפסי הסכם סטנדרדטיים ולוחות תעריפים של בעל הזכיון יוגשו/ בהקדם האפשרי
לאחר עריכתם/ למפקח על הדלק ויישמרו אצלו.
כל אדם רשאי לבדוק כל מסמך מן המסמכים האמורים השמורים אצל המפקח על הדלק/ בשלמו את האגרה שיקבע
השר בתקנות שיפורסמו ברשומות/ וכל אדם רשאי לדרוש שהעתק או נסח של כל מסמך כזה יאומת על ידי המפקח
על הדלק/ לאחר תשלום אותה אגרה שיקבע השר בתקנות שיפורסמו ברשומות.</p></content></point><point><heading><authorialNote placement="side"><p>גישה אל הטרמינוסים</p></authorialNote></heading><num>15</num><content><p>
הממשלה תרשה גישה חפשית אל הטרמינוסים של קו-הצינור לאניות של כל הדגלים לשם טעינה ופריקה של נפט
באילת וכן באשקלון/ מקום בו יסתיים קו-הצינור.</p></content></point><point><heading><authorialNote placement="side"><p>השימוש בנמלים</p></authorialNote></heading><num>16</num><list><intro><p /></intro><subPoint><num>א</num><content><p> מבלי לגרוע מהוראות סעיף 17 לזכיון זה/ תגרום הממשלה לכך שיינקטו צעדים במגמה להבטיח שכל נמל
או נמלים בישראל שישתמש בהם בעל הזכיון לצרכי מפעלו יספקו לבעל הזכיון ולקבלניו כל מיתקנים ושירותים
סבירים לשם טעינתם ופריקתם של חמרים (כפי שיוגדרו להלן) ושל מטען אחר והטיפול בהם תמורת היטלי שירות
סבירים.</p></content></subPoint><subPoint><num>ב</num><content><p> בעל הזכיון יהיה זכאי להשתמש בפורקותיו ובארבותיו שלו ובכלי שיט אחרים שלו בכל נמל כאמור לעיל
לצרכי המפעל ולהסדיר הסדרים עם רשויות המכס להחסנת חמרים כאמור לעיל בקרפיפיו וסככותיו של בעל הזכיון.</p></content></subPoint></list></point><point><heading><authorialNote placement="side"><p>זכות לגנות נמלים</p></authorialNote></heading><num>17</num><list><intro><p /></intro><subPoint><num>א</num><content><p> בעל הזכיון יהיה זכאי לבנות על חשבונו נמל או נמלים לטעינה ולפריקה של נפט שיהיו דרושים למפעל
(אך לא לצרכי סחר כללי) באותה נקודה או באותן נקודות על חוף אילת ועל חוף אשקלון ככל שייקבע על ידי בעל
הזכיון באישור הממשלה (והאישור לא יעוכב מטעמים בלתי סבירים) ואז יחולו הוראות הסעיפים 5 ו-6 לזכיון זה/
בשינויים המחוייבים לפי הענין.</p></content></subPoint><subPoint><num>ב</num><content><p> בעל הזכיון בלבד תהיה לו הזכות להטיל ולגבות לטובתו אגרות נמל/ מגדלור/ מצוף/ עגינה/ גרירה/ קשירה,
ניתוב/ רציף/ מנוף או היטלים אחרים על אניות הנכנסות לכל נמל כזה או יוצאות ממנו/ ואגרות אלה ייקבעו על ידי
בעל הזכיון בהסכמה עם הממשלה.
המשרדים הנוגעים בדבר יבצעו/ לפי הסדר עם בעל הזכיון/ את שירותי המכס/ ההסגר/ העליה והשגחת המשטרה
הדרושים בכל נמל בזה. בעד שירותים אלה ובעד כל שירות מיוחד אחר שיינתן ישלמו בעל הזכיון או כלי השיט
המשתמשים בכל נמל כזה לפי סולם שיוסכם עליו עם הממשלה.
עגינה סמוך לדולפינים או לקווי טעינה מוטבלים או תת-ימיים של בעל הזכיון בכל נמל כזה/ תהיה אסורה.</p></content></subPoint><subPoint><num>ג</num><content><p> בעל הזכיון רשאי/ בתחומי כל נמל או נמלים כאלה/ ובהסכמת הממשלה/ להניח מצופי קשירה/ מצופי
הדרכה ומצופים מוארים/ להתקין סימנים ואורות חופיים/ שוברי-גלים, מזחים, רציפים וקווי טעינה תת-ימיים, ולקבל
עליו בדרך כלל עבודות חפירה ימית ועבודות סידור/ שימור/ תברואה והחזקה ככל שייראה לדרוש בעיני בעל הזכיון
לצרכי פעולתם היעילה של כל נמל או נמלים כאלה/ ולספק שירותים ימיים הולמים ויעילים לכל המיכליות הסרים אל
אותם הנמלים לשם פריקתו של נפט לתוך קו-הצינור או לשם טעינתו מתוכו; שירותים אלה יכללו/ בין השאר/ מספנה
(מקום שמצויות מספנות לסוג הנפט הנטען או נפרק באותו זמן) קשירה/ הדרכה/ ניתוב וכל שירותים אחרים שנהוג
לספקם למיכליות בנמלים.</p></content></subPoint><subPoint><num>ד</num><content><p> בכפוף להוראות סעיף זה/ יחזיק ויפעיל בעל הזכיון כל נמל כזה בהתאם לכל חוק/ כלל או תקנה העומדים
בתקפם אותה שעה.</p></content></subPoint></list></point><point><heading><authorialNote placement="side"><p>מיתקני הפחמה</p></authorialNote></heading><num>18</num><list><intro><p /></intro><subPoint><num>א</num><content><p> בעל הזכיון רשאי להקים ולהחזיק או לגרום לכך שיוקמו ויוחזקו באילת ובאשקלון מיכלי החסנה ומתקנים
נלווים להספקת דלק הפחמה ורשאי לספק או לגרום לכך שיסופקו שירותי הפחמה במקומות האמורים.</p></content></subPoint><subPoint><num>ב</num><content><p> נדרש בטל הזכיון על-ידי הממשלה (להלן - הדרישה) להקים או לגרום לכך שיוקמו מיכלי החסנה
ומתקנים נלווים כאמור, ולספק או לגרום לכך שיסופקו שירותי הפחמה תוך תקופה כפי שנקבע בדרישה ושלא תהיה
קצרה משנים עשר חדשים ובעל הזכיון עשה אחד מאלה:
(1) הודיע לממשלה תוך תקופה של שלושה חדשים לאחר תאריך הדרישה כי אינו מוכן למלא אחרי
הדרישות שבדרישה, או
(2) כלל לא השיב לממשלה לדרישה, תוך תקופה של שלושה חדשים מתאריך הדרישה, או
(3) הודיע לממשלה על נכונותו למלא אחר הדרישה אולם לא הניח את דעתה של הממשלה במידה מספקת
תוך תקופה של שלושה חדשים מתאריך הדרישה שהוא אמנם עוסק בביצוען המהיר והיעיל של הדרישות
שנקבעו בדרישה,
אז תהיה הממשלה זכאית לדרוש מבעל הזכיון להקים ולהחזיק או לגרום לכך שיוקמו ויוחזקו מיכלי החסנה ומתקנים
נלוים כאמור ולספק או לגרום לכך שיסופקו שירותי הפחמה כאמור על חשבון הממשלה או על חשבון כל צד שלישי
שייקבע על-ידי הממשלה למטרה זו, ובעל הזכיון ימלא אחר דרישה זו של הממשלה בשקידה ראויה.</p></content></subPoint><subPoint><num>ג</num><content><p> בעל הזכיון יבצע את כל העבודות בשם הממשלה או בשם מי שימונה על ידיה והממשלה או מי שימונה על
ידיה ישלם לבעל הזכיון:
(1) את כל היציאות המתיחסות להקמת המתקנים, בצירוף הוצאות כלליות סבירות;
(2) את כל היציאות המתיחסות להחזקתם ולהפעלתם של המתקנים, בצירוף הוצאות כלליות סבירות;
(3) תשלום סביר שיוסכם עליו בין הממשלה ובעל הזכיון לכל חבית של דלק הפחמה שיסופק על ידי
הממשלה או על ידי מי שימונה על ידיה ויוטען בכל אניה שתיקבע על ידי הממשלה או על ידי מי שימונה
על ידיה.</p></content></subPoint><subPoint><num>ד</num><content><p> שירותי הפחמה האמורים לעיל יסופקו לאניות של כל דגל שהוא ללא הפליה ובהיטלי שירות סבירים.</p></content></subPoint></list></point><point><heading><authorialNote placement="side"><p>קשר</p></authorialNote></heading><num>19</num><content><p>
בעל הזכיון תהיה לו הזכות להקים/ להחזיק ולהפעיל/ על חשבונו/ מערכת טלגרף וטלפון (בין עילית ובין תת-
קרקעית)/ מיתקני טלפרינטר/ טלקומוניקציה ואלחוט/ המספקים קשר בין תחנות השאיבה השונות/ המשרדים ושאר
מוסדות המפעל, ואולם מערכת כזאת של טלגרף או טלפון או מיתקנים כאלה של טלפרינטר/ טלקומוניקציה ואלחוט
ישמשו אך ורק למפעל ויעמדו לפיקוח הממשלה ולא ייבנו ולא יופעלו כך שיפריעו לפעולת כל מערכת של טלגרף או
טלפון או לפעולת כל מיתקני טלפרינטר/ טלקומוניקציה או אלחוט של רשויות הדואר והצבא או של כל אדם המפעיל
באותה שעה זכיון מהממשלה לטלגרף או לטלפון, למיתקני טלפרינטר/ טלקומוניקציה או אלחוט.</p></content></point><point><heading><authorialNote placement="side"><p>אמצעי בטחון</p></authorialNote></heading><num>20</num><list><intro><p /></intro><subPoint><num>א</num><content><p> הממשלה מעריכה שבשים לב לטיבו ומקומו של המפעל ולהגנה המיוחדת שהוא מחייב/ יהיה טליה לנקוט
באמצעי בטחון נאותים לשם כך.</p></content></subPoint><subPoint><num>ב</num><content><p> אם תבנה הממשלה או אם תדרוש מבעל הזכיון לבנות קירות מגן של ביטון סביב לכל מיכל מהמיכלים או
סביב לכל עבודת או נכסים אחרים המהווים חלק של קו-הצינור לפי זכיון זה או אם תדרוש לנקוט בקשר לכך באמצעים
אחרים בטחוניים/ צבאיים או אמצעי זהירות בפני התקפות אויר/ תישא הממשלה בהוצאות הכרוכות בכך.</p></content></subPoint></list></point><point><heading><authorialNote placement="side"><p>מומחים מאושרים</p></authorialNote></heading><num>21</num><list><intro><p>
האנשים שיכהנו אותה שעה במשרות המפורטות להלן יהיו זכאים/ אם אינם חושבי ישראל/ לזכויות היתר הנוגעות
לתשלום מסים והמוענקות למומחים מאושרים לפי חוק לעידוד השקעות הון/ תשי''ט-1959/ למשך התקופות המפורטות
להלן בצדן של המשרות השונות/ כאילו היו בעלי המשרות האלה מומחים שנתמנו במשמעות החוק האמור/ היינו:</p></intro><subPoint><num>א</num><content><p> כל המכהן אותה שעה כפקיד מינהלי ראשי של בעל הזכיון/ בעל זכיון המשנה/ או בטל רשיון של בעל
הזכיון כל זמן שהם מכהנים איש איש במשרתו האמורה;</p></content></subPoint><subPoint><num>ב</num><content><p> כל המכהן אותה שטה כפקיד הטכני הראשי של כל מפעיל כאמור - כל זמן שהוא מכהן באותה משרה;</p></content></subPoint><subPoint><num>ג</num><content><p> בל המכהן אותה שטה כמומחה של בטל הזכיון או של כל מפטיל כאמור, אם נתמנה באישור המפקח על
הדלק - לתקופה של שלוש שנים כאמור בחוק הנזכר לעיל.</p></content></subPoint></list></point><point><heading><authorialNote placement="side"><p>מסים</p></authorialNote></heading><num>22</num><list><intro><p>
במשך תקופת הזכיון -</p></intro><subPoint><num>א</num><content><p> לא ישולמו לממשלה או לכל רשות אחרת בישראל שום מיסים, היטלים, מכס, אגרות, ארנונות,
תמלוגים, מילוות חובה והיטלים פיסקאליים ותשלומי חובה אחרים כלשהם על ידי בעל הזכיון או על ידי
כל בעל זכיון משנה או בעל רשיון של בעל הזכיון או על ידי כל חברה אחרת שתיקבע על ידי בעל הזכיון
ותאושר לצורך זה על ידי השר, טל הזכיון או טל המפעל או בקשר להם, חוץ מכפי שנקבע אחרת בזכיון זה.</p></content></subPoint><subPoint><num>ב</num><content><p> לא יוטלו שום מס הכנסה, היטלים או תשלומי חובה דומים על דיבידנדים או ריבית המשתלמים על
ידי בעל הזכיון או על ידי כל בעל זכיון משנה או בעל רשיון של בעל הזכיון או על ידי כל חברה אחרה
שתיקבע על-ידי בעל הזכיון ותאושר לצורך זה על ידי השר, לממשלה זרה או לסוכנות של ממשלה זרה
או לחברה שבבעלות ממשלה זרה במישרין או בעקיפין במידה שהסוכנות או החברה האמורות הן
בבעלות אותה ממשלה זרה.</p></content></subPoint></list></point><point><heading><authorialNote placement="side"><p>מסי מכס, מסי יבוא וכו'</p></authorialNote></heading><num>23</num><list><intro><p /></intro><subPoint><num>א</num><content><p> בעל הזכירן יהיה זכאי לייבא לישראל/ בעצמו או באמצעות בל סוכן, בלי תשלום מסי מכס, מס קניות,
תשלומי חובה או כל היטלים אחרים מכל מין שהוא (להלן ייקרא לכל אלד, ''מסי יבוא") צידה. ציוד חמרים, בתים,
אמצעי הובלה (לרבות מכוניות דו-שימושיות( Station wagons ) בעלות הינע של ארבעה גלגלים וג'יסים/ אך למעט
מכוניות נוסעים אחרות) ושאר דברים שיהיו דרושים לבעל הזכיון לשם בנייתו, החזקתו והפעלתו של המפעל (להלן -
ייקרא לכל אלה "תמרים"). יתר על כן, שום מסי בלו, מס קניות, תשלומי חובה או היטלים מכל מין שהוא המוטלים
או משתלמים על חמרים מתוצרת מקומית (להלן - מסי בלו) לא יוטלו על בעל הזכיון ולא ישולמו על ידיו לגבי חמרים
אלה. אולם פטור זה לא יחול על חמרים שיובאו או נרכשו בארץ על ידי בעל הזכיון לשם מכירתם לעובדיו או לשימושם
שלא אגב ביצוע תפקידיהם.</p></content></subPoint><subPoint><num>ב</num><content><p> הממשלה תתן לבעל הזכיון, במהירות האפשרית, את כל הרשיונות, ההיתרים או שאר ההרשאות שיהיו
דרושים לייבוא החמרים הנדרשים על ידיו לצרכי המפעל.</p></content></subPoint><subPoint><num>ג</num><content><p> בעל הזכיון יהיה זכאי לקנות חמרים בארץ לצרכי המפעל/ בלי תשלום מסי יבוא ובלו/ מיצרן/ מיבואן או
מאדם אחר שעליהם מוטלים מסי יבוא או מסי בלו כאלה/ ובלבד שבעל הזכיון ימסור למנהל המכס והבלו הודעה קודמת
על קניה כזאת.</p></content></subPoint><subPoint><num>ד</num><content><p> חמרים שיובאו או שנרכשו בארץ בלי תשלום מסי יבוא או ממי בלו/ רשאי בעל הזכיון למכור אותם
לשימוש בישראל/ לאחר שימסור הודעה על כך למנהל המכס והבלו ולאחר שישלם את מסי היבוא או מסי הבלו/ הכל
לפי הענין, המוטלים בשעת מכירה כזאת על חמרים דומים.</p></content></subPoint><subPoint><num>ה</num><content><p> בעל הזכיון יהיה זכאי לייצא בחזרה/ בלי תשלום מסי יבוא/ חמרים שיובאו לישראל מבלי ששולמו עליהם
מסי יבוא.</p></content></subPoint><subPoint><num>ו</num><content><p> שום מסי יבוא, מס מעבר (טראנזיט), מם יצוא או מסים והיטלי נמל/ מלבד אלה עבור שירותים המסופקים
על ידי רשויות ממשלתיות/ ושום היטלים פיסקאליים אחרים מכל מין שהוא/ לא יוטלו על נפט/ בין שהוא במעבר ובין
שהוא מיועד לניצול לפעולות המפעל. נפט המשווק בארץ לשם צריכה בישראל או המנוצל לצרכים בישראל/ זולת
אלה הנדרשים לצרכי המפעל/ יהיו כפופים לאותם מסים והיטלים פיסקאליים - לרבות מסי יבוא - המוטלים עליהם
בישראל.</p></content></subPoint></list></point><point><heading><authorialNote placement="side"><p>תשלומי ביטוח לאומי, אגרות בית משפט ובולים</p></authorialNote></heading><num>24</num><content><p>
הפטורים האמורים לעיל לא יחולו על תשלומים לפי חוק הביטוח הלאומי, תשי"ד-1953, על אגרות לכלי רכב
מנועיים/ על אגרות בית משפט ועל מם בולים/ אך לא ישולם מם בול לגבי זכיון זה, ולגבי כל מסמכים אחרים שנערכו
ונחתמו על ידי הממשלה בהתאם לזכיון זה או בקשר אתו.</p></content></point><point><heading><authorialNote placement="side"><p>ביטוח נזקי מלחמה</p></authorialNote></heading><num>25</num><list><intro><p /></intro><subPoint><num>א</num><content><p> במשך תקופת הזכיון ישלם בעל הזכיון לממשלה מס רכוש (דהיינו פרמיית ביטוח) בשיעור של  0.4%  משווי
נכסי המפעל החייבים במט; נכסים כאלה ייחשבו כחייבים במס בהתאם להוראות חוק מס רכוש וקרן פיצויים, תשכ"א-
1961. חמורת תשלום זה יהגה בעל הזכיון מכל ההטבות בקשר לנזקי מלחמה כמתואר בחוק האמור.</p></content></subPoint><subPoint><num>ב</num><content><p> ההסדר דלעיל יחול במשך תקופת הזכיון גם אם החוק האמור לעיל יבוטל או ישונה בכל דרך שהיא.</p></content></subPoint></list></point><point><heading><authorialNote placement="side"><p>תשלום במקום ארנונות ממסים מקומיים</p></authorialNote></heading><num>26</num><list><intro><p /></intro><subPoint><num>א</num><content><p> חוץ מכפי הנקבע להלן לא תהיה שום עיריה/ מועצה מקומית או כל רשות מקומית אחרת (להלן - רשות
מקומית) זכאית להטיל על בעל הזכיון או לגבות ממנו ארנונות/ מסים/ אגרות (לרבות מם עסקים) או כל תשלום חובה
אחר מכל מין שהוא (להלן ייקרא לכל אלה "ארנונות מקומיות").</p></content></subPoint><subPoint><num>ב</num><content><p> במשך תקופת הזכיון ישלם בעל הזכיון לממשלה סכום קבוע של   100,000 $(מאה אלף דולר של ארצות
הבריח) לשנה שישולם ב-1 באפריל כל שנה. סכום זה ישולם במקום ארנונות מקומיות המשתלמות עבור שירותים
שהרשויות המקומיות מספקות למפעל. מוסכם שהממשלה תחלק סכום זה, לאחר המרתו במטבע ישראלי, באותו אופן
ובאותם שיעורים יחסיים שייראו מזמן לזמן נאותים/ בין הרשויות המקומיות אשר בתחומן יימצאו נכסי המפעל.
ו</p></content></subPoint></list></point><point><heading><authorialNote placement="side"><p>מטבע</p></authorialNote></heading><num>27</num><list><intro><p>
כל זמן שתהיה בישראל הגבלה על השימוש החפשי בדולרים יחולו ההוראות הבאות:</p></intro><subPoint><num>א</num><content><p> הממשלה תעמיד לרשות משלחים שהם תושבי ישראל את כל הדולרים שיהיו דרושים לשילוט כספים לבעל
הזכיון בעד הובלת נפט דרך קו הצינור לפי שער החליפין הנוהג ביום התשלום;</p></content></subPoint><subPoint><num>ב</num><content><p> בעל הזכיון יהיה פטור מן החובה שלפי תקנה 6 לתקנות ההגנה (כספים), 1941, להציע למכירה לרשות
המוסמכת כל מטבע חוץ הנובע מן המפעל שיחזיק בישראל בכל עת שהיא/ או מטבע חוץ מכל מקור שהוא שיחזיק בכל
עת שהיא מחוץ לישראל;</p></content></subPoint><subPoint><num>ג</num><content><p> בעל הזכיון יהיה זכאי להחזיק בישראל/ להוציא מישראל או להעביר כל מטבע חוץ הנזכר בסעיף הקטן
הקודם לכל אדם מבלי שיצטרך לקבל רשיון או היתר לכך;</p></content></subPoint><subPoint><num>ד</num><content><p> כל מטבע ישראלי הנובע בישראל מן המפעל או מהזכיון/ וכל מטבע ישראלי שנרכש על ידי בעל הזכיון
מהממשלה/ יהיו חפשים מכל הגבלות שהן לגבי השימוש בו בישראל;</p></content></subPoint><subPoint><num>ה</num><content><p> כל מטבע ישראלי הדרוש לבעל הזכיון לתשלום בישראל לצרכי המפעל יוכל להירכש על ידי בעל הזביון
מהממשלה תמורת דולרים או תמורת כל מטבע חוץ אחר הניתן להעברה חפשית, לפי שער החליפין הרשמי הנוהג באותה
שעה;</p></content></subPoint><subPoint><num>ו</num><content><p> הממשלה תחליף; לפי בקשת בטל הזכירן, מטבע ישראלי הנובע מן המפעל כמפורט בסעיף קטן (ד) לסעיף
זה, או מטבע ישראלי שרכש בעל הזכיון מהממשלה לפי סעיף קטן (ה) לסעיף זה, בדולרים לפי שער החליפין הרשמי
הנוהג אותה שעה;</p></content></subPoint><subPoint><num>ז</num><content><p> אם יימכרו או יועברו נכסי בעל הזכיון במשך תקופת הזכיון או עם סיומו/ תהיה כל חברה זרה בעלת זכויות
בזכיון רשאית להחזיר למקום מוצאה את חלקה היחסי בתקבולים מאותה מכירה או העברה/ בדולרים של ארצות הברית
שיועמדו לרשות אותה חברה זרה על ידי הממשלה בשער החליפין הרשמי שיהיה נוהג אותה שעה;</p></content></subPoint><subPoint><num>ח</num><content><p> כל החשבונות המתייחסים למפעל אפשר לעשותם בדולרים/ ואם לא נעשו בדולרים/ יומרו בדולרים לפי
שער החליפין הרשמי הנוהג אותה שעה;</p></content></subPoint><subPoint><num>ט</num><content><p> כל החשבונות וההתחייבויות בין הממשלה ובין בעל הזכיון, לפי הזכיון, ייפרעו בדולרים זולת אם הסכימו
הצדדים אחרת, וכל פרעון כזה יבוצע באותו מקום או באותם מקומות בתחום מדינת ישראל או בארצות הברית של
אמריקה שייקבעו על ידי הנפרע מזמן לזמן;</p></content></subPoint><subPoint><num>י</num><content><p> חל שינוי בשער החליפין הרשמי, הרי כל מטבע ישראלי שבתאריך השינוי היה שייך או היה מגיע לבעל
הזכיון, אם במזומנים בקופה ואם בבנקים, יוחלף על ידי הממשלה - לפי בקשת בעל הזכיון - בדולרים לפי שער החליפין
הרשמי שנהג ביום העסקים ערב יום השינוי בשער החליפין הרשמי;
(יא) חוץ מכפי שהותר בזכיון זה יהיו רואים את בעל הזכיון, לענין תקנות ההגנה (כספים), 1941, כאדם שאינו
חושב ישראלי; אף על פי כן, כל עסקה בין תושב ישראלי ובין בעל הזכיון שתמורתה שולמה או משתלמת במטבע
ישראלי לא תהיה כפופה להגבלות המוטלות על ידי התקנות האמורות;
(יב) הממשלה תהיה זכאית, בהסכמת בעל הזכיון, לשנות מזמן לזמן את התקנות הכלולות בסעיף זה.</p></content></subPoint></list></point><point><heading><authorialNote placement="side"><p>ספרים ורישומים</p></authorialNote></heading><num>28</num><content><p>
בעל הזכיון יאפשר לממשלה לעיין במשרדיו בכל עת בשעות העבודה הסבירות, בכל ספריו, חשבונותיו, רישומיו,
רשימותיו ומסמכיו מכל סוג שהוא, ויספק באמצעות עובדיו המוסמכים כל ידיעה שתידרש בנוגע לכל ענין הקשור לפעו-
לות המפעל. בכפיפות להוראות סעיף זה, תהיה לבעל הזכיון הזכות למלוא השליטה והניהול במפעל.</p></content></point><point><heading><authorialNote placement="side"><p>עובדים וטובין מקומיים</p></authorialNote></heading><num>29</num><content><p>
בעל הזכיון ישתדל במיטב מאמציו לקבל את התמרים והשירותים הדרושים לבנייתו, החזקתו והפעלתו של המפעל
מכל מקור שהוא במחיר הטוב ביותר שיוכל להשיגם בו, אך בהתחשב בכך ובדרישות לגבי רמת האיכות ולגבי זמני
המסירה, יתן בעל הזכיון, כל אימת שהדבר מעשי, עדיפות לטובין מתוצרת מקומית ולעובדים, ספקים וקבלנים מקומיים
כל זמן שהמחירים בעדם בישראל אינם גבוהים מאותם המחירים שניתן להשיגם רהט בכל מקום אחר לצרכי המפעל.</p></content></point><point><heading><authorialNote placement="side"><p>כוח עליון</p></authorialNote></heading><num>30</num><content><p>
אי קיומם או אי ביצועם-הן מצד בעל הזכיון והן מצד הממשלה-של כל התניה, הסכם או תנאי מההתניות, ההסכמים
או התנאים הכלולים בזכיון זה ואשר החובה על צד זה או צד זה לקיימם או לבצעם לא יתנו עילה לשום תביעה או
דרישה על ידי צד אחד נגד הצד השני ולא יפעלו בשום דרך שהיא לרעתו של הצד השני ולא יראו אותם כהפרת הזכיון
הזה, אם הוכח באופן סביר שאי הקיום או אי הביצוע נבעו מאחד הגורמים שלהלן או מכמה מהם: מעשים בידי שמיט,
מעשים מצד מושלים או עמים זרים, מעשי הסתננות, מלחמה, מבצעים מלחמתיים, הסגר, אמבארגו, התקוממות, מרי,
מהומות ותסיסה אזרחית, שביתות והשבתות או סכסוכים אחרים עם פקידים או עובדים, שריפה, סערה, סופה, התפו-
צצות, רעש, שטפונות, דליפות או קלקולים או סיבות או גורמים אחרים שמחוץ לגדר שליטתם של הצדדים.</p></content></point><point><heading><authorialNote placement="side"><p>תרופות</p></authorialNote></heading><num>31</num><list><intro><p /></intro><subPoint><num>א</num><content><p> אם אחד הצדדים לזכיון זה אינו מקיים או אינו מבצע התניה, הסכם או תנאי מההתניות, ההסכמים והתנאים
הכלולים בזכיון זה ואשר החובה על אותו צד לקיימם ולבצעם, ישלם הצד הלא מקיים לצד השני דמי גזק בסכום שיש בו
כדי לשפות אותו צד שני על כל הפסד או נזק שנגרם לו עקב אי-קיום זה.</p></content></subPoint><subPoint><num>ב</num><content><p> אם טוען הצד המקופח, בהודעה בכתב לצד הלא-מקיים, שאי הקיום או אי הביצוע על ידי הצד הלא מקיים הוא
כה חמור בטיבו שהוא נוגע ביסודו של זכיון זה או ביסודה של כל זכות מזכויות הצדדים לזכיון זה, רשאי הצד המקופח
באותה הודעה או בהודעה בכתב שלאחר מכן לצד הלא מקיים, לדרוש ממנו לתקן את אי הקיום תוך אותו מועד שייראה
לסביר בנסיבות המצב.
לא מילא הצד הלא מקיים אחרי דרישה זו, יהיה הצד המקופח זכאי להביא לפני בורר תביעה לראות את הזכיון
הזה כאילו בא לקצו. מצא הבורר שההפרה היתה בטיבה כפי שטען הצד המקופח כאמור לעיל, רשאי הבורר להחליט
על ראיית זכיון זה כאילו בא לקצו החל מאותו תאריך שייראה לצודק בעיניו לפי הנסיבות ועל ניתוק היחסים בין הצדדים
באותם תנאים שייראו לצודקים בעיניו ועל ענינים הכרוכים בכך. כן רשאי הבורר, נוסף על הבאת הזכיון לקצו או
במקום הבאתו לקצו, לפסוק תשלומי נזק או פיצויים או כל תרופה אחרת או תרופות אחרות שייראו לו צודקות לפי
הנסיבות.</p></content></subPoint><subPoint><num>ג</num><content><p> כדי להסיר כל ספק, מוצהר בזה שבכפיפות להוראות סעיף 30 דלעיל, פירוק בעל הזכיון מרצון בלי
הסכמתה הקודמת של הממשלה דינו כדין הפרת ההתחייבויות על פי זכיון זה מצד בעל הזכיון, והוא יזכה את הממשלה
לראות זכיון זה כאילו בא לקצו.</p></content></subPoint></list></point><point><heading><authorialNote placement="side"><p>גמר הזכיון</p></authorialNote></heading><num>32</num><content><p>
עם תום הזכיון יבואו הזכויות שהוענקו לבעל הזכיון על פי זכיון זה לקצן (זולת אם חודשו או הוארכו בהתאם
לסעיף 37 להלן). </p></content></point><point><heading><authorialNote placement="side"><p>גוררות</p></authorialNote></heading><num>33</num><list><intro><p /></intro><subPoint><num>א</num><content><p> אם בזמן מן הזמנים במשך תקופת הזכיון או לאחר מכן יתעוררו איזה ספק, מחלוקת או סכסוך בין הצדדים
בענין פרשנותו או ביצועו של זכיין זה או של כל דבר הקשור בו, או בענין הזכויות והחובות של הצדדים לזכיון זה,
הרי אם לא הושגה הסכמה ליישב את הספק, המחלוקת או הסכסוך בדרכים אחרות, יובאו אלה לפני בורר יחיד שיסכימו
עליו הצדדים. לא הסכימו הצדדים על בורר תוך 30 (שלושים) יום אחרי שבאה דרישה על כך מכל צד מהצדדים, רשאי
כל צד לבקש מנשיא לשכת המסחר הבין-לאומית בפאריס למנות בורר. החלטת הבורר תהיה סופית ומחייבת את הצדדים.</p></content></subPoint><subPoint><num>ב</num><content><p> ידוע לממשלה כי תקנות ההתאגדות של בעל הזכיון קובעות שלמחזיק או למחזיקים לא פחות מ-50% ממניות
בעל הזכיון הזכות להביא לפני בורר בהתאם לסעיף זה כל סכסוך, ספק או מחלוקת שיתעוררו מהזכיון או בקשר אליו
וזאת בעד בעל הזכיון ובשמו.</p></content></subPoint></list></point><point><heading><authorialNote placement="side"><p>תקנים ומפרטים של מנ"א</p></authorialNote></heading><num>34</num><content><p>
הצינורות, המתאמות, המיכלים וכל ציוד נפט אחר שישמשו במפעל יהיו-זולת אם הוסכם אחרת-לפי התקנים
והמפרטים של מנ''א. ציוד שלגביו אין בנמצא תקנים ומפרטים של מנ"א יהיה לפי אותם תקנים ומאותה תוצרת שיבטיחו
הפעלה יעילה, ויותקן לפי מיטב הנוהג המקצועי.</p></content></point><point><heading><authorialNote placement="side"><p>העברת הזכיון</p></authorialNote></heading><num>35</num><content><p>
בעל הזכיון לא יהיה זכאי להעביר לאחר את הזכיון או כל חלק הימנו או כל זכות, זכות-יתר וטובת הנאה בו אלא
בהסכמה קודמת בכתב מאת השר. אולם בעל הזכיון יהיה זכאי, בלי הסכמה כזאת, להעביר את כל זכויותיו, זכויות היתר
וטובות ההנאה האמורות, בכפוף להתחייבויותיו על פי זכיון זה, לכל חברה אחרת שאורגנה על ידיו לצורך זה ואשר
51% (חמישים ואחד אחוזים) או יותר מכוח ההצבעה שלה מוחזקים בידי בעל הזכיון או בידי בעלי-מניות המחזיקים לא
פחות מ-51% (חמישים ואחד אחוזים) מכוח ההצבעה של בעל הזכיון.</p></content></point><point><heading><authorialNote placement="side"><p>הענקת זכיין חוש</p></authorialNote></heading><num>36</num><list><intro><p /></intro><subPoint><num>א</num><content><p> הממשלה מתחייבת שכל עוד לא הגיע קו-הצינור לכושר תזרומת של 55 מיליון טון, היא לא תעניק לצד
שלישי זכיון לבנייתו, החזקתו והפעלתו של קו-צינור החוצה את שטח ישראל מנקודה או נקודות כלשהן בחוף אילת
לנקודה או נקודות כלשהן לחוף הים התיכון של מדינת ישראל (להלן - הזכיון החדש) אלא אם כן הגישה הממשלה
דרישה (להלן - הדרישה) לבעל הזכיון להגדיל את כושר התזרומת במסגרת כושר התזרומת של 55 מיליון טון האמורים
תוך תקופה כפי שנקבע בדרישה ושלא תהיה קצרה משמונה עשר חדשים, ובעל הזכיון עשה אחד מאלה:
(1) הודיע לממשלה, תוך תקופה של שלושה חדשים מתאריך הדרישה, כי אינו מוכן לבצע הגדלה כזו, או
(2) כלל לא נתן לממשלה הודעה תוך שלושה חדשים מתאריך הדרישה, או
(3) הודיע לממשלה על נכונותו למלא אחר הדרישה, אולם לא הניח דעתה של הממשלה במידה מספקת,
תוך ששה חדשים מתאריך הדרישה, שהוא אמנם עוסק בביצועה המהיר והיעיל של ההגדלה האמורה כנדרש
בדרישה.</p></content></subPoint><subPoint><num>ב</num><content><p> לאחר שקו-הצינור הגיע לכושר תזרומת של 55 מיליון טון לא תעניק הממשלה זכיון חדש לצד שלישי
כלשהוא אלא אם כן הוצע הזכיון החדש תחילה לבעל הזכיון באותם תנאים, ובעל הזכיון עשה אחד מאלה:
(1) הודיע לממשלה תוך תקופה של 3 (שלושה) חדשים מהתאריך בו נעשתה ההצעה שאינו מעונין בזכיון
החדש, או
(2) כלל לא נתן לממשלה הודעה תוך 3 (שלושה) חדשים מהתאריך בו נעשתה ההצעה, או
(3) הודיע לממשלה על נכונותו לקבל את ההצעה תוך 3 (שלושה) חדשים מהתאריך בו נעשתה ההצעה,
אולם לא הניח דעתה של הממשלה במידה מספקת, תוך 6 (ששה) חדשים מהתאריך בו הוענק לו הזכיון החדש,
שהוא אמנם עומק בביצועה המהיר והיעיל של בניית קו-הצינור לפי תנאי הזכיון החדש.</p></content></subPoint></list></point><point><heading><authorialNote placement="side"><p>חידוש</p></authorialNote></heading><num>37</num><content><p>
אם יבקש בעל הזכיון, לא יאוחר משנתיים לפני תום זכיון זה, את הארכתו או חידושו, מתחייבת בזה הממשלה
לעיין באהדה בדבר הארכתו או חידושו של הזכיון לתקופה נוספת של 49 (ארבעים ותשע) שנים בתנאים שיוסכם עליהם.</p></content></point><point><heading><authorialNote placement="side"><p>סיוע בתנאי התחרות</p></authorialNote></heading><num>38</num><content><p>
הממשלה מסכימה בזה עם בעל הזכיון שאם איזו הוראה מהוראות זכיון זה או איזו סיבה אחרת יקשו על בעל
הזכיון לעמוד נוכח תנאי התחרות בסחר הבין-לאומי, רשאי בעל הזכיון לבקש מאת הממשלה סיוע נאות, והממשלה
מסכימה ליתן תשומת לב אוהדת לבקשה כזאת.</p></content></point><point><heading><authorialNote placement="side"><p>מעבר בין -לאומי</p></authorialNote></heading><num>39</num><content><p>
שוט רשיונות, היתרים או הרשאות אחרות מאת הממשלה לא יידרשו לטען בין-לאומי של נפט דרך קו-הצינור.</p></content></point><point><heading><authorialNote placement="side"><p>שינויים</p></authorialNote></heading><num>40</num><list><intro><p /></intro><subPoint><num>א</num><content><p> השר יהיה מוסמך, מזמן לזמן, באישור קודם של ועדת הכספים של הכנסת, לעשות כל שינויים בזכיון,
בתנאי שהצדדים הסכימו על שינויים אלה.</p></content></subPoint><subPoint><num>ב</num><content><p> הצדדים מתחייבים להוציא לפועל את התנאים וההוראות של זכיון זה בהתאם לעקרונות האמון והרצון הטוב
ההדדי, תוך כיבוד רוחם ולשונם של התנאים וההוראות האמורים.</p></content></subPoint><subPoint><num>ג</num><content><p> כל מעשה חקיקה כללית או מיוחדת או פעולות מינהליות או מעשה אחר כלשהוא הנובע מהממשלה או מרשות
ממשלתית בישראל (בין רשות מרכזית או מקומית) לא יבטלו זכיון זה ולא ישנו או יתקנו את הוראותיו ולא ימנעו או
יכשילו את ביצועם הראוי והיעיל של תנאיו. ביטול, תיקון או שינויים כאלה יעשו אך ורק בהסכמת הצדדים לזכיון זה.</p></content></subPoint></list></point><point><heading><authorialNote placement="side"><p>הודעות</p></authorialNote></heading><num>41</num><content><p>
כל אימת שיש למסור לפי זכיון זה הודעות, בקשות, דרישות או ידיעות (הקרויות כולן בזה '"הודעות"), יהיו
ההודעות בכתב ויראו אותן כאילו נמסרו כדין אם נשלחו בדואר רשום ומשולם מראש אל הצדדים למי המענים שלהלן:
אי.פי.סי. הולדינגס לטד. - ע"י פרנק קוברט, בנין בנק אוף קנדה, הליפקם, נובה סקוטיה, קנדה
הממשלה - שר האוצר, ירושלים, ישראל
או לפי כל מען אחר במדינת ישראל או בכל ארץ אחרת שכל צד מן הצדדים יודיע עליו למשנהו בהודעה דומה. כל
הודעה שנשלחה כך יהיו רואים אותה כהודעה שנמסרה כתום 10 (עשרה) ימים מתאריך דיוורו של מכתב רשום שדמי
שיגורו שולמו מראש, המכיל את ההודעה כשהוא ממוען כהלכה. כל הודעה שעל הממשלה למסרה לפי זכיון זה יהיו
רואים אותה, אם נמסרה לבעל הזכיון, כהודעה בת-תוקף לכל בעל זכיון משנה או לכל בעל רשיון של בעל הזכיין.</p></content></point><point><heading><authorialNote placement="side"><p>ויתור</p></authorialNote></heading><num>42</num><content><p>
ויתר צד אחד למשנהו על הפרת הוראה מהוראות הזכיון הזה לא יראו את הויתור כויתור על כל הפרה שלאחר מכן
של אותה הוראה או של כל הוראה אחרת הדומה לה או שונה ממנה בטיבה.</p></content></point><point><heading><authorialNote placement="side"><p>נוחלים וקוני-זכויות</p></authorialNote></heading><num>43</num><content><p>
זכיון זה יעבור לנוחליהם וקוני זכויותיהם של הצדדים לו על כל חובותיו וטובותיו.</p></content></point><point><heading><authorialNote placement="side"><p>כותרות או הערות שוליים</p></authorialNote></heading><num>44</num><content><p>
הכותרות או הערות השוליים בזכיון זה אינן אלא לנוחות הצדדים ולא יושם אליהן לב כל עיקר כשיבואו לפרש את
הוראותיו.</p></content></point><point><heading><authorialNote placement="side"><p>ויתור על הודעה נוטריונית</p></authorialNote></heading><num>45</num><content><p>
הצדדים לזכיון זה מוותרים בזה על הצורך בהודעה נוטריונית או בהודעה או מחאה רשמית אחרת לגבי כל הפרה
או אי קיום או אי מילוי של כל הוראה מהוראותיו.</p></content></point><point><heading><authorialNote placement="side"><p>פעולה ממשלתית</p></authorialNote></heading><num>46</num><content><p>
כל דבר שעל פי זכיון זה הותר לממשלה לעשותו או לבצעו או נדרש ממנה לעשותו או לבצעו, ובל הסכמה שהממ-
שלה חייבת על פיו לתת יהיה הדבר עשוי ומבוצע כדין וההסכמה תהיה נתונה כדין על ידי שר האוצר או על ידי כל אדם
שנתמנה בחתימתו לצורך זה.</p></content></point><point><heading><authorialNote placement="side"><p>תאריך התחלה</p></authorialNote></heading><num>47</num><content><p>
שטר זכיון זה יחשב כנכנס לתקפו בתאריך שצויין לעיל אם הכנסת תחוקק חוק הנותן תוקף לשטר זכיון זה.
ולראיה חתמו הצדדים על זכיון זה בידם ביום ובשנה הכתובים בראשית שטר הזכיון הזה.</p></content></point><signature><name>פנחס ספיר</name><role>שר האוצר</role></signature><point><heading><authorialNote placement="side"><p>משמעותם של מונחים</p></authorialNote></heading><num>1</num><content><p>
הביטויים המשמשים בזכיון משנה זה משמעותם שניתנה להם בשטר הזכיון, שנערף ונחתם ביום זה בידי הממשלה
ובידי בעל הזכיון, זולת אם תשתמע מן ההקשר משמעות אחרת.</p></content></point><point><heading><authorialNote placement="side"><p>נושא זכיון המשנה</p></authorialNote></heading><num>2</num><list><intro><p /></intro><subPoint><num>א</num><content><p> בעל הזכיון/ בהסכמת הממשלה, מעניק בשטר זה לבעל זכיון המשנה ובעל זכיון המשנה מקבל בזה מבעל
הזכיון, את הזכויות והרשיון:
(1) להוביל בצינור דרך שטח ישראל נפט המיובא דרך ים סוף או שמקורו בכל מקום בתחום שטח הנמצא
בין חוף ים סוף ובין קו מדומה הנמשך במקביל לאותו חוף במרחק 50 (חמישים) קילומטר הימנו; וכן
(2) לבנות או לרכוש, להחזיק ולהפעיל/ לצורך הובלת נפט/ את קו הצינור בקוטר של 42 אינצי עם כושר
תזרומת סופי שבין 55 ל-60 מיליון טון נפט לשנה החוצה את שטת ישראל מנקודת ציון 143/832 בחוף
מפרץ אילת לנקודת ציון 105/116 בחוף אשקלון וכל מיתקנים לשאיבה, להחסנה ולטרמינוסים וכל מיתקני
לואי אחרים ולעשות את בל הדברים הנחוצים בקשר לכך.</p></content></subPoint><subPoint><num>ב</num><content><p> הזכויות והרשיון האמורים לעיל/ ייקרא להם להלן ''נושא זכיון המשנה*.</p></content></subPoint></list></point><point><heading><authorialNote placement="side"><p>משך זמן זכיון המשנה</p></authorialNote></heading><num>3</num><content><p>
משך זמנו של זכיון משנה זה יהיה לתקופה של 49 (ארבעים ותשע) שנים/ פחות חודש אחד/ המתחילה בתאריך
ההתחלה/ זולת אם יובא לידי קץ בתאריך מוקדם יותר כפי שנקבע להלן.</p></content></point><point><heading><authorialNote placement="side"><p>הענקת זכויות, סמכויות/ זכויות-יתר וחסינויות</p></authorialNote></heading><num>4</num><content><p>
מבלי להגביל בדרך כלשהיא את הזכויות וזכויות היתר שניתנו לבעל הזכיון ואת ההתחייבויות שהוטלו עליו על
פי הזכיון יהיו לבעל זכיון המשנה/ בנושא זכיון המשנה ובקשר אתו/ כל הזכויות/ הסמכויות/ זכויות היתר והחסינויות
שהוענקו לבעל הזכיון בשטר הזכיון/ ויהיה זכאי להשתמש בהן/ באותה מידה מלאה ובאותו תוקף פעולה כאילו זכויות/
סמכויות/ זכויות יתר וחסינויות אלה הוענקו על פיו במישרין לבעל זכיון המשנה במקומו של בעל הזכיון. מבלי להגביל
במשהו את האמור לעיל/ יהיו לבעל זכיון המשנה - בין שאר דברים - בנושא זכיון המשנה ובקשר אתו/ כל הזכויות/
זכויות היתר/ הסמכויות והחסינויות של בעל הזכיון לרכוש, לנצל ולהוציא מרשותו קרקע וטובות הגאה בקרקעות,
לרבות חכירות, חכירות-משנה וזכויות שימוש, לקבל הספקת מים הולמת, לייבא ולייצא חמרים וציוד, להעסיק
מומחים מאושרים ועובדים אחרים/ לבנות ולנצל מיתקני קשר/ נמל וים/ ליהנות מזכויות יתר לגבי מטבע מקומי ומטבע
חוץ/ ליהנות מפטורים ממס/ מסי יבוא ומסי בלו ולהשתמש בכל אותן הזכויות/ זכויות היתר/ הסמכויות והחסינויות
האחרות המוענקות לבעל הזכיון מכוח הזכיון.</p></content></point><point><heading><authorialNote placement="side"><p>קבלת עול התחייבויות וחבויות</p></authorialNote></heading><num>5</num><content><p>
בעל זכיון המשנה מקבל עליו ומסכים בזה למלא את כל החבויות וההתחייבויות המוטלות על בעל הזכיון, בנושא
זכיון המשנה ובקשר אתו, מכוח הזכיון, באותה מידה מלאה ובאותו תוקף פעולה כאילו בעל זכיון המשנה נטל על עצמו
במישרין את החבויות וההתחייבויות האלה במקום בעל הזכיון על פי הזכיון.</p></content></point><point><heading><authorialNote placement="side"><p>אכיפה</p></authorialNote></heading><num>6</num><list><intro><p /></intro><subPoint><num>א</num><content><p> בעל זכיון המשנה יודיע מיד לבעל הזכיון על כל הפרה או איום הפרה מצד הממשלה של התחייבות מהת-
חייבויותיה לבעל זכיון המשנה, ולבעל הזכיון תהיה הזכות בכל זמן שהוא או מזמן לזמן לנקוט בפעולות כאלה בשם
בעל זכיון המשנה, כפי שבעל הזכיון יראה לנכון על מנח להביא את הממשלה למילוי התחייבויותיה כלפי בעל זכירן
המשנה.</p></content></subPoint><subPoint><num>ב</num><content><p> בכל תובענה, תביעה או הליך שיובאו על ידי בעל הזכיון לתכלית זו יהיה בעל הזכיון זכאי לגבות את מלוא
התשלום שיגיע לבעל זכיון המשנה.</p></content></subPoint><subPoint><num>ג</num><content><p> כל סכום ששולם לבעל הזכיון כתוצאה מתובענה, תביעה או הליך כאמור יוחזק על ידיו בנאמנות, אולם
בעל הזכיון יהיה זכאי לשמור בידיו כל סכום כזה ששולם לבעל הזכיון כתוצאה מתובענה* תביעה או הליך כאמור,
בפרעון לבעל הזכיון של סכומים המגיעים לו* או שיגיעו לו* מבעל זכיון המשנה* או כבטחון לפרעון סכומים שיגיער
לר בעתיד מבעל זכיון המשנה או שבדרך הרגילה היו משתלמים לו על ידי בעל זכיון המשנה* אם כדיבידנדים* כריבית*
כאגרה או בכל צורה אחרת.</p></content></subPoint><subPoint><num>ד</num><content><p> האמור בזה לא יראו אותו כפוגע מאיזו בחינה שהיא בזכותו של בעל זכיון המשנה לאכוף את התחייבויות
הממשלה כלפיו לפי זכיון משנה זה* אלא שכל סכום ששולם על ידי הממשלה לבעל הזכיון כתוצאה מכל תובענה* תביעה
או הליך שהובאו על ידי בעל הזכיון בשם בעל זכיון המשנה יפטור את הממשלה* עד למידת אותו תשלום* מהתחייבויותיה
כלפי בעל זכיון המשנה. בקשר לכל ענינים אחרים המתייחסים לנושא זכיון המשנה יהיה בעל זכיון המשנה זכאי להביא
כל הליך* להגיש ולנהל כל תובענה ולתבוע ולהיתבע בשמו הוא.</p></content></subPoint></list></point><point><heading><authorialNote placement="side"><p>שיפוי</p></authorialNote></heading><num>7</num><content><p>
בעל זכיון המשנה מסכים בזה לשפות את בעל הזכיון ולשמרו לבל תיגרם לו רעה בשל בל חבות* הפסד או נזק
שבעל הזכיון עלול להתחייב בהם או לסבול מהם עקב עשייתו או אי עשייתו של כל דבר שהוא על ידי בעל זכיון המשנה
לפי זכיון משנה זה או בקשר להפעלת קו הצינור.</p></content></point><point><heading><authorialNote placement="side"><p>מקרים של הבאת זכיון המשגה לידי קץ</p></authorialNote></heading><num>8</num><list><intro><p>
הדברים האמורים להלן יהוו מקרים שכל אחד מהם ישמש לבעל הזכיון נימוק להביא לידי קץ את הזכויות המוענקות
לפי זכיון משנה זה:</p></intro><subPoint><num>א</num><content><p> כל הפרה או אי מילוי על ידי בעל זכיון המשנה של התחייבויותיו כלפי בעל הזכיון על פי זכיון משנה
זה רההפרה או אי המילוי אינם באים על תיקונם תוך זמן סביר אחרי הודעה בכתב על ידי בעל הזכיון*
המפרטת אח ההפרה או אי המילוי האמורים; או אם בעל זכיון המשנה* אחרי בקשה סבירה מצד בעל הזכיון*
אינו עושה מעשה או אינו נוקט בקו התנהגות הנדרשים לפי זכיון משנה זה* לפי הזכיון או לפי החוק החל/
או אם אינו חדל או אינו נמנע מלעשות מעשה או מלנקוט בקו התנהגות האסורים לפי זכיון משנה זה* לפי
הזכיון או לפי החוק החל, הכל לסי הענין.</p></content></subPoint><subPoint><num>ב</num><content><p> הפירוק מרצון של בעל זכיון המשנה בלי הסכמתו הקודמת של בעל הזכיון או הפירוק מאונס של בעל
זכיון המשנה בתוקף צו סופי של בית משפט בעל שיפוט מוסמך.</p></content></subPoint><subPoint><num>ג</num><content><p> הבאת הזכיון לידי קץ מכל סיבה שהיא.</p></content></subPoint><subPoint><num>ד</num><content><p> בהתרחש מקרה מהמקרים המפורטים לעיל תהיה לבעל הזכיון הזכות* לפי ברירתו* להביא לידי קץ
זכיון משנה זה וכל הזכויות וזכויות היתר של בעל זכיון המשנה לפי זכיון משגה זה. האמור בזה לא יראו
אותו כאילו הוא מגביל את זכותו של בעל הזכיון לגבות דמי נזק בגלל כל הפרה של זכיון משנה זה או בגלל
הפרת בל התחייבות אחרת של בעל זכיון המשנה כלפי בעל הזכיון* שלא פורטו כאן במיוחד* או את זכותו
לבקש כל תרופות אחרות שנקבעו בזכיון משנה זה או בכל הסכם אחר שבין הצדדים או כל תרופה אחרת
שנקבעה בחוק. י</p></content></subPoint></list></point><point><heading><authorialNote placement="side"><p>התחייבוירת עם הבאת זכיון המשנה לידי קץ</p></authorialNote></heading><num>9</num><content><p>
הובא זכיון משנה זה לידי קץ בשל כל נימוק* יהיה בעל הזכיון* בכפיפות להוראות הזכירן, זכאי, לפי ברירתו,
לקבל לידיר* או להתיר לכל אדם אחר באישורה הקודם של הממשלה לקבל לידיו* את הפעלתו של קו-הצינור המופעל על
ידי בעל זכיון המשנה* ובעל זכיון המשנה ינקוט בכל הפעולות הדרושות כדי להקל על קבלת ההפעלה כאמור* לרבות -
מבלי הגבלה - ההעברה לבעל הזכיון* או לאדם שנבחר על ידיו ושאושר על ידי הממשלה של כל זכויות שימוש* טובות
ההנאה בקרקעות וזכויות מים* העברת כל החוזים הקיימים ומסירת תעודות קנין נאותות המקנות לבעל הזכיון או לאותו
אדם אחר כל זכויות* זכויות קנין וטובות הנאה של בעל זכיון המשנה בקו הצינור ובכל מיתקני הלואי שלו, וכל כלי
רכב* מכונות* ציוד* המרים וחלקי חילוף המשמשים בהפעלתו.</p></content></point><point><heading><authorialNote placement="side"><p>מעמד בעל זכיון המשנה</p></authorialNote></heading><num>10</num><content><p>
שוט זכות או סמכות אינה מוענקת לבעל זכיון המשנה ליטול עליו או ליצור כל התחייבות או חבות, במפורש או
מכללא, בשם בעל הזכיון או לחייב את בעל הזכיון בכל דרך שהיא.</p></content></point><point><heading><authorialNote placement="side"><p>גישה אל רשומות, קבלת דו''חות</p></authorialNote></heading><num>11</num><content><p>
בעל זכיון המשגה יעמיד בכל עת לרשות בעל הזכיון, לשם בדיקה במשרדי בעל זכיון המשנה בשעות סבירות, את
כל פנקסיו וחשבונותיו, רשומותיו, רשימותיו ומסמכיו מכל תיאור שהוא, וימציא לבעל הזכיון, באמצעות טקידיו המת"
אימים, כל ידיעות שיהיו דרושות לו בכל ענינים המתייחסים או הנוגעים לבנייתו או רכישתו, החזקתו והפעלתו של קו
הצינור או לעסקיו של בעל זכיון המשנה.</p></content></point><point><heading><authorialNote placement="side"><p>מקוט התשלום ואופן התשלום</p></authorialNote></heading><num>12</num><content><p>
כל דמי נזק המשתלמים על ידי בעל זכיון המשנה לבעל הזכיון עקב כל הפרה, אי קיום או אי מילוי של התחייבויות
בעל זכיון המשנה יהיו משתלמים בדולרים של ארצות הברית באותו מקוט - במדינת ישראל או בכל ארץ אחרת -
שבעל הזכיון יפרט בכל עת שהיא או מזמן לזמן.</p></content></point><point><heading><authorialNote placement="side"><p>העברה</p></authorialNote></heading><num>13</num><content><p>
הזכויות המוענקות בזה לבעל זכיון המשגה לא יהיו ניתנות להעברה על ידיו. בעל הזכיון תהיה לו הזכות ההחלטית
להעביר את זכויותיו והתחייבויותיו שבזכיון משנה זה בהתאם לסעיף 35 לזכיון.</p></content></point><point><heading><authorialNote placement="side"><p>נחליט וקוני זכויות</p></authorialNote></heading><num>14</num><content><p>
בכפיפות להוראות סעיף 13 דלעיל יעבור זכיון משנה זה לנוחליהם וקוני זכויותיהם של הצדדים לו על חובותיו
וטובותיו.</p></content></point><point><heading><authorialNote placement="side"><p>ויתור</p></authorialNote></heading><num>15</num><content><p>
ויתר צד אחד למשנהו על הפרח הוראה מהוראות זכיון משנה זה לא יראו את הויתור כויתור על כל הפרה שלאחר
מכן של אותה הוראה או של כל הוראה אחרת הדומה לה או שונה ממנה בטיבה.</p></content></point><point><heading><authorialNote placement="side"><p>חידוש</p></authorialNote></heading><num>16</num><content><p>
אם בגמר תקופת הזכיון או לפני כן יקבל בעל הזכיון מהממשלה ארכה לזכיון יהיה בעל זכיון המשנה זכאי לבקש
מבעל הזכיון ארכה לזכיון משנה זה באותם הוראות ותנאים שיהיו סבירים בנסיבות הקיימות אותה שעה, ובעל הזכיון
מסכים ליתן תשומת לב אוהדת לבקשה כזאת.</p></content></point><point><heading><authorialNote placement="side"><p>כותרות או הערות שוליים</p></authorialNote></heading><num>17</num><content><p>
הכותרות או הערות השוליים בזכיון משנה זה אינן אלא לנוחות הצדדים ולא יושם אליהן לב כל עיקר כשיבואו
לפרש את הוראותיו.</p></content></point><point><heading><authorialNote placement="side"><p>ויתור על הודעה נוטר'"ונית</p></authorialNote></heading><num>18</num><content><p>
הצדדים לזכיון משנה זה מוותרים בזה על הצורך בהודעה נוטריונית או בהודעה או מחאה רשמית אחרת לגבי כל
הפרו? או אי קיום או אי מילוי של כל הוראה מהוראותיו.</p></content></point><point><heading><authorialNote placement="side"><p>פעולה ממשלתית</p></authorialNote></heading><num>19</num><content><p>
כל דבר שעל פי זכיון משנה זה מותר לממשלה לעשותו או לבצעו, או נדרש ממנה לעשותו או לבצעו, וכל הסכמה
שצריכה להינתן על ידי הממשלה, יהיה הדבר עשוי ומבוצע כדין וההסכמה תהיה נחונה כדין על ידי שר האוצר או על
ידי כל אדם שנתמנה בחתימתו לצורך זה.</p></content></point><point><heading><authorialNote placement="side"><p>פירוש</p></authorialNote></heading><num>20</num><content><p>
שטר זכיון משגה זה לא יראו אותו כהעברת הזכיון, כולו או מקצתו, וכן לא יראו אותו כאילו הוא משנה או מרחיב
איזו שהיא מן הזכויות, הסמכויות, זכויות היתר והחסינויות שהוענקו לבעל הזכיון על פי הזכיון.</p></content></point><point><heading><authorialNote placement="side"><p>תאריך ההתחלה</p></authorialNote></heading><num>21</num><content><p>
שטר זכיון משגה זה ייכנס לתקפו בתאריך בו ייכנס לתקפו שטר הזכיון כפי שנקבע בסעיף 47 לזכיון.</p></content></point><point><heading><authorialNote placement="side"><p>הודעות</p></authorialNote></heading><num>22</num><content><p>
כל אימת שיש למסור לפי זכיון משנה זה הודעות, בקשות, דרישות או ידיעות (הקרויות כולן בזה "הודעות")
יהיו ההודעות בכתב ויראו אותן כאילו נמסרו כדין אם נשלחו בדואר רשום ומשולם מראש אל הצדדים לפי המענים
שלהלן:
חברת קו-צינור אילת אשקלון בע''מ - רח' הליני המלכה 11, ירושלים, ישראל;
אי,פי.סי. הולדינגס לטד. - ע'י פרנק קוברט, בגין בנק אוף קנדה, הליפקס גובה סקוטיה, קנדה;</p></content></point><signature><name>פנחס ספיר</name><role>שר האוצר</role></signature><signature><name>שניאור זלמן שזר</name><role>נשיא המדינה</role></signature><signature><name>לוי אשכול</name><role>ראש הממשלה</role></signature><dateOfAcceptance>15.04.1968</dateOfAcceptance></body>