<?xml version="1.0" encoding="UTF-8" ?>
<body><title><content><p>חוק לתיקון פקודת החברות (מס' 8), תשכ"א-1961 *</p></content></title><point><heading><authorialNote placement="side"><p>תיקון סעיף 17</p></authorialNote></heading><num>1</num><content><p>
בפקודת החברות1 (להלן - הפקודה), בסעיף 17 (1)' אחרי "בתשלום אגרות רישום"
יבוא "או אגרות הון".</p></content></point><point><heading><authorialNote placement="side"><p>תיקון סעיף 76</p></authorialNote></heading><num>2</num><content><p>
בסעיף 76 (0 (א) לפקודה' אחרי "על אחד מתפקידים אלה" יבוא "ואם הוא תושב
כמשמעותו בפקודת מרשם התושבים, תש"ט-21949 - מספר רישומו במרשם התושבים".</p></content></point><point><heading><authorialNote placement="side"><p>תיקון סעיף 127</p></authorialNote></heading><num>3</num><content><p>
בסעיף 127 (0 לפקודה, במקום המלים "מיום שבו חתם בפני רשם הקרקעות על שטר
המשכנתה אחרון הצדדים שחתימתם דרושה כדי לתת לו תוקף: אך מבלי לפגוע בזה בחוזה
או בהתחייבות להחזרת הכסף המובטח בכך" יבואו מלים אלה; "מיום שבו חתם בפני רשם
הקרקעות' או בפני עורך דין, על שטר המשכנתה אחרון הצדדים שחתימתם דרושה כדי
לתת לו תוקף; נחתם השטר בפני עורך דין - יימסר כשהוא נושא חותמת לשכת רישום
המקרקעין. אץ באמור כדי לפגוע בחוזה או בהתחייבות להחזרת הכסף המובטח בכך".</p></content></point><signature><name>לוי אשכול</name><role>שר האוצר</role></signature><signature><name>פנחס רוזן</name><role>שר המשפטים</role></signature><signature><name>יצחק בן-צבי</name><role>נשיא המדינה</role></signature><dateOfAcceptance>01.06.1961</dateOfAcceptance></body>