<?xml version="1.0" encoding="UTF-8" ?>
<body><title><content><p>חוק החיילים המשוחררים (החזרה לעבודה)</p></content></title><point><heading><authorialNote placement="side"><p>תיקון סעיף 40</p></authorialNote></heading><num>1</num><content><p>
בסעיף 40 לחוק החיילים המשוחררים (החזרה לעבודה), תש"ט-1949  1,אחרי סעיף
קטן (ב) יבוא:
"(כ1) (1) בסעיף קטן זה, "חייל" - מי שמשרת, או שירת,
בצבא-הגנה לישראל, במשטרה או כשירות בתי-הסוהר, ומי
ששירת לפני יום ו' באייר תש"ח (15 במאי 1948) בשירות
צבאי שעליו הוכרז לפי, סעיף 1(א20); סעיף 1(ג) לא יחול
לענין סעיף קטן זה.
(2) שר העבודה, בהתייעצות עם שר האוצר ובאישור ועדת
הכספים של הכנסת, רשאי להתקין תקנות שתכליתן הענקות
לחיילים או לבני משפחותיהם, או לסוג מסויים שבהם, בדרך,
בתנאים ובשיעורים שיקבע בהתחשב במצבם הכלכלי או
המשפחתי.
(3) שר העבודה יסמיך את המוסד לביטוח לאומי, או תאגיד
אחר שאישרה לכך ועדת הכספים של הכנסת, לבצע הענקות
כאמור בפסקה (2)."</p></content></point><point><heading><authorialNote placement="side"><p>תחילת תוקף</p></authorialNote></heading><num>2</num><content><p>
תחילתו של חוק זה היא מיום כ"ז בסיון תש"ל (1 ביולי 1970).</p></content></point><signature><name>שניאור זלמן שזר</name><role>נשיא המדינה</role></signature><signature><name>גולדה מאיר</name><role>ראש הממשלה</role></signature><signature><name>משה דיין</name><role>שר הבטחון</role></signature><dateOfAcceptance>22.07.1970</dateOfAcceptance></body>