<?xml version="1.0" encoding="UTF-8" ?>
<body><title><content><p>חוק ההתגוננות האזרחית (תיקון מס' 5), תשל"ו-1976 *</p></content></title><point><heading><authorialNote placement="side"><p>תיקון סעיף 24</p></authorialNote></heading><num>1</num><content><p>
בסעיף 24 לחוק ההתגוננות האזרחית, תשיי'א-1951  1(להלן - החוק העיקרי) -
(1) בסעיפים קטנים (א) ו-(ב), במקום "500 לירות" יבוא "1500, לירות"
ובמקום "2000 לירות" יבוא "5000 לירות";
(2) בסעיף קטן (ד), במקום "20 לירות" יבוא "100 לירות".</p></content></point><point><heading><authorialNote placement="side"><p>תיקון סעיף 24*</p></authorialNote></heading><num>2</num><content><p>
בסעיף 24א (ד) (1) לחוק העיקרי, במקום "עשרים לירות" יבוא "חמש מאות לירות*
ובמקום "חמישים לירות" יבוא "אלף לירות".</p></content></point><signature><name>אפרים קציר</name><role>נשיא המדינה</role></signature><signature><name>יצחק רבין</name><role>ראש הממשלה</role></signature><signature><name>שמעון פרס</name><role>שר הבטחון</role></signature><dateOfAcceptance>03.06.1976</dateOfAcceptance></body>