<?xml version="1.0" encoding="UTF-8" ?>
<body><title><content><p>חוק הסדרת מקומות רחצה, תשכ"ד-1964 *</p></content></title><point><heading><authorialNote placement="side"><p>איסור רחצה</p></authorialNote></heading><num>1</num><content><p>
שר הפנים רשאי לאסור בצו את הרחצה בחלק של חוף ים, נהר או אגם, שגבולותיו
מסויימים בצו, אם הרחצה באותו חלק עלולה, לדעתו, לסכן חייהם של בני אדם, וכן רשאי
הוא לאסור, לאחר התייעצות עם שר הבריאות, רחצה כאמור אם היא עלולה לפגוע בבריאותם
של בני אדם.</p></content></point><point><heading><authorialNote placement="side"><p>שלטים</p></authorialNote></heading><num>2</num><content><p>
במקום שהרחצה נאסרה בו כאמור בסעיף 1 תציב הרשות המקומית שבתחומה הוא
נמצא שלטים לציון 'דבר האיסור, במספר, בצורה ובאופן שקבע שר הפנים בתקנות; במקום
הנמצא מחוץ לתחומה של רשות מקומית, תציב המדינה שלטים כאמור.</p></content></point><point><heading><authorialNote placement="side"><p>מקום רחצה מוכרז</p></authorialNote></heading><num>3</num><content><p>
שר הפנים רשאי לקבוע בצו שמקום פלוני, שגבולותיו מסויימים בצו, יהיה מקום
רחצה מוכרז; היה המקום סמוך לנמל, יהיה צו כאמור טעון הסכמתו של שר התחבורה.</p></content></point><point><heading><authorialNote placement="side"><p>הוראות שר הפנים</p></authorialNote></heading><num>4</num><list><intro><p /></intro><subPoint><num>א</num><content><p> שר הפנים יקבע בצו הוראות בדבר -
(1) אמצעים לשמירת הבטיחות והתברואה במקום רחצה, לרבות מיתקנים
ומבנים הדרושים בקשר לכך;
(2) סדרים לשימוש במקום רחצה, לרבות איסור הרחצה בו בזמנים ובנסיבות
שיש בהם משום סכנה לבטיחותם ולבריאותם של המתרחצים;
(3) איסור או הגבלת פעולה שלדעתו עלולה להפריע לרחצה;
(4) דרכי הפיקוח על-סדרים ואיסורים כאמור;
(5) כשירותם, סמכויותיהם וחובותיהם של סדרנים, פקחים, מצילים ומגישי
עזרה ראשונה שיתמנו לענין ביצוע חוק זה וכל צו, חוק עזר או הוראה אחרת
על פיו, וכן דרכי פעולתם;
(6) תקנים של סדרנים, פקחים, מצילים ומגישי עזרה ראשונה שיוצבו במקום
רחצה.</p></content></subPoint><subPoint><num>ב</num><content><p> צו כאמור בסעיף קטן (א) יכול שיינתן דרך כלל או לרשות מקומית פלונית או
למקום רחצה מוכרז פלוני או לסוגים של מקומות רחצה מוכרזים.</p></content></subPoint></list></point><point><heading><authorialNote placement="side"><p>חובת רשות מקומית</p></authorialNote></heading><num>5</num><content><p>
רשות מקומית שבתחומה נמצא מקום רחצה מוכרז חייבת לקיים בו את הוראות שר
הפנים כצו לפי סעיף .4</p></content></point><point><heading><authorialNote placement="side"><p>חוקי עזר</p></authorialNote></heading><num>6</num><content><p>
רשות מקומית רשאית, באישור שר הפנים, לקבוע בחוק עזר הוראות להסדרת הרחצה
בים, בנהר, באגם או בבריכת שחיה ובכללן הוראות בענינים הבאים, הכל במידה שלא
נקבעו להם הוראות בחוק זה או בצו על פיו:</p></content></point><point><heading><authorialNote placement="side"><p>דמי כניסה</p></authorialNote></heading><num>8</num><content><p>
לא ייגבו דמי כניסה למקום רחצה בים, בנהר או באגם אלא אם נקבע חלק סביר של
אותו מקום, שהגישה אליו נוחה, לכניסה בלי תשלום,</p></content></point><point><heading><authorialNote placement="side"><p>תחולתו של חוק עזר</p></authorialNote></heading><num>9</num><content><p>
חוק עזר לפי סעיף 6 יחול גם בתחום המים של מקום הרחצה, כפי שייקבע בחוק
העזר, אף אם אינו כלול בתחום הרשות המקומית, ובלבד שלא ירחק מקילומטר אחד מנקודת
שפל המים שבחוף.</p></content></point><point><heading><authorialNote placement="side"><p>מקום שמחוץ לתחוט רשות מקומית</p></authorialNote></heading><num>10</num><content><p>
במקום הנמצא מחוץ לתחומה של רשות מקומית, יהא הממונה על המחוז רשאי להתקין,
באישור שר הפנים, חוק עזר כאמור בסעיף .6</p></content></point><point><heading><authorialNote placement="side"><p>סמכות פקח או סדרן לדרוש זיהוי</p></authorialNote></heading><num>11</num><content><p>
עבר אדם עבירה על חוק זה או על צו, חוק עזר או הוראה אחרת שניתנו לפיו, לעיני
סדרן או פקח שנתמנו לענין חוק זה, וכן אם היה לסדרן או לפקח יסוד סביר להניח שהאדם
עבר זה לא כבר עבירה כאמור, רשאי הוא לדרוש מאותו אדם לזהות עצמו להנחת דעתו,
ואם סירב לעשות כן רשאי הוא לעצור אותו במקום הרחצה עד לבוא שוטר, אך לא יותר
מאשר שלוש שעות.</p></content></point><point><heading><authorialNote placement="side"><p>עונשין</p></authorialNote></heading><num>12</num><list><intro><p /></intro><subPoint><num>א</num><content><p> המתרחץ במקום שהרחצה בו אסורה, דינו - קנס 500 לירות.</p></content></subPoint><subPoint><num>ב</num><content><p> המתיר לקטין שבחסותו או בפיקוחו ושטרם מלאו לו 15 שנה להתרחץ במקום
שהרחצה בו אסורה או אינו מונע בעדו מלהתרחץ כאמור כאשר יש ביכולתו למנעו, דינו-
קנס 500 לירות או מאסר חודש.</p></content></subPoint><subPoint><num>ג</num><content><p> המפיר הוראות של מציל בענין מניעת סכנה לחיי המתרחצים, דינו - קנס
500 לירות או מאסר חודש.</p></content></subPoint><subPoint><num>ד</num><content><p> המשחית, מסיר, פוגם או מליט שלט או סימן אחר לאיסורה או הגבלתה של
הרחצה, דינו - קנס 500 לירות.
13. הוראות סעיף 99א לפקודת העיריות, 1934 1, יחולו על עבירה לפי חוק זה, או לפי צו
או חוק עזר על פיו, כאילו היתה עבירה על חוק עזר של עיריה, ובתחומה של מועצה
מקומית יהיו לענין זה סמכויותיו של פקיד עיריה לפי סעיף 99א האמור בידי עובד אותה
המועצה המקומית שהורשה לענין סעיף 9 (5) לפקודת המועצות המקומיות, 1941 2.
עבירות קנס</p></content></subPoint></list></point><point><heading><authorialNote placement="side"><p>תשלוט לקופת הרשות המקומית</p></authorialNote></heading><num>14</num><content><p>
הקנסות שנגבו בשל עבירות לפי חוק זה או לפי צו או חוק עזר שניתנו על פיו,
שבוצעו בתחומה של רשות מקומית או במקום רחצה שחופו נמצא בתחומה של רשות
מקומית, ישולמו לקופתה של אותה הרשות.</p></content></point><point><heading><authorialNote placement="side"><p>שמירת סמכויות וחיובים</p></authorialNote></heading><num>15</num><content><p>
סמכויות לפי חוק זה אינן גורעות מסמכויות לפי חוק אחר וקיום חיובים לפי חוק זה
אינו משחרר מקיום חיובים לפי חוק אחר.</p></content></point><point><heading><authorialNote placement="side"><p>ביטול</p></authorialNote></heading><num>16</num><content><p>
בטלות -
(1) פקודת מקומות רחצה ציבוריים 3;
(2) פסקה (2) לסעיף 98 לפקודת העיריות, 1934.</p></content></point><point><heading><authorialNote placement="side"><p>הוראות מעבר</p></authorialNote></heading><num>17</num><content><p>
כל חוק עזר המסדיר את הרחצה ושהיה בתקפו ערב תחילתו של חוק זה מכוח פסקה (2)
לסעיף 98 לפקודת העיריות, 1934, או מכוח סעיף 9 לפקודת המועצות המקומיות, ,1941
רואים אותו מיום תחילתו של חוק זה כאילו הותקן על פי חוק זה ביום תחילתו; אולם תקפו
של חוק עזר כאמור יפקע כתום שנה אחת מיום תחילתו של חוק זה, אם לא נתבטל לפני
אותו מועד על ידי חוק עזר לפי חוק זה.</p></content></point><point><heading><authorialNote placement="side"><p>ביצוע ותקנות</p></authorialNote></heading><num>18</num><content><p>
שר הפנים ממונה על ביצוע חוק זה והוא רשאי להתקין תקנות בכל הנוגע לביצועו.</p></content></point><signature><name>שניאור זלמן שזר</name><role>נשיא המדינה</role></signature><signature><name>לוי אשכול</name><role>ראש הממשלה</role></signature><signature><name>חיים משה שפירא</name><role>שר הפנים</role></signature><dateOfAcceptance>07.08.1964</dateOfAcceptance></body>