<?xml version="1.0" encoding="UTF-8" ?>
<body><title><content><p>חוק חסינות חברי הכנסת, זכויותיהם וחובותיהם (תיקון מס' 2),</p></content></title><point><heading><authorialNote placement="side"><p>הוספת סעיף 5א</p></authorialNote></heading><num>1</num><content><p>
אחרי סעיף 5 לחוק חסינות חברי הכנסת, זכויותיהם וחובותיהם, התשי"א-1951 1,
יבוא:</p></content></point><point><heading><authorialNote placement="side"><p>''עבירות תעבורה</p></authorialNote></heading><num>5</num><list><intro><p>
א. (א) הוראות סעיפים 4(א) ו-5 לא יחולו לגבי עבירת תעבורה
כמשמעותה בסעיף 1 לפקודת התעבורה 2, אלא אם הודיע חבר הכנסת
ליושב ראש הכנסת כי רצונו שהסעיפים האמורים יחולו לגבי האשמה
הנידונה.</p></intro><subPoint><num>ב</num><content><p> הודעה לפי סעיף קטן (א) תינתן תוך 30 ימים מיום המצאת
כתב האישום לחבר הכנסת, ומשניתנה - יהא כתב האישום בטל;
חבר הכנסת לא יובא לדין לפני תום התקופה האמורה.</p></content></subPoint><subPoint><num>ג</num><content><p> בסעיף זה, "כתב אישום" - לרבות הודעת תשלום קנס בשל
עבירת קנס."</p></content></subPoint></list></point><signature><name>יצחק נבון</name><role>נשיא המדינה</role></signature><signature><name>מנחם בגין</name><role>ראש הממשלה</role></signature><dateOfAcceptance>26.10.1982</dateOfAcceptance></body>