<?xml version="1.0" encoding="UTF-8" ?>
<body><title><content><p>חוק החשמל (תיקון), תשי"ז-1957 *</p></content></title><point><heading><authorialNote placement="side"><p>הוספת סעיף 10א</p></authorialNote></heading><num>1</num><content><p>
אחרי סעיף 10 לחוק החשמל' תשי"ד-1954 1, יווסף סעיף זה*.</p></content></point><point><heading><authorialNote placement="side"><p>"הוראות מיוחדות לנכי המדינה</p></authorialNote></heading><num>10</num><content><p>
א. השר רשאי לקבוע בתקנות הוראות מיוחדות בדבר תחולתן של
הוראות הסעיפים 4, 5 ו-9 על מיתקנים חשמליים המוחזקים בידי המדינה
ועל התקנתם של מיתקנים על ידי המדינה;
בסעיף זה "המדינה" - למעט צבא-הגנה לישראל ומפעלים העובדים
בשירותו בלבד."</p></content></point><signature><name>דוד בן-גוריון</name><role>ראש הממשלה</role></signature><signature><name>מרדבי בנטוב</name><role>שר הפיתוח</role></signature><signature><name>יצחק בן-צבי</name><role>נשיא המדינה</role></signature><dateOfAcceptance>25.07.1957</dateOfAcceptance></body>