<?xml version="1.0" encoding="UTF-8" ?>
<body><title><content><p>חוק התוספות לזכיונות החשמל</p></content></title><point><heading><authorialNote placement="side"><p>הזכיינית</p></authorialNote></heading><num>1</num><content><p>
שטרי תוספת הזכיון שבתוספות לחוק זה (להלן - תוספות הזכיון) רואים אותם כבני-
תוקף לכל מטרותיהם.</p></content></point><point><heading><authorialNote placement="side"><p>תשלומים לפני תחילתו של היק זה</p></authorialNote></heading><num>2</num><list><intro><p /></intro><subPoint><num>א</num><content><p> בסעיף זה - כל ביטוי כמשמעותו בתוספות הזכיון,</p></content></subPoint><subPoint><num>ב</num><content><p> בעל זכיון רשאי לקבוע בכללים, באישור שר הפיתוח - תשלומים. כאמור
בסעיף 2 בשטרי תוספת הזכיון, שעל מעונין בחיבור לשלמם בשל חיבור שנעשה לפי
בקשתו לפני תחילתו של חוק זה, ובלבד שלא יתחייב מעונין בחיבור בתשלום העולה על
התשלום האמור בסעיף קטן (ג), ששילם בשל החיבור שהוא מעונין בו.</p></content></subPoint><subPoint><num>ג</num><content><p> תשלום בעד חיבור שגבה בעל זכיון, או מי שקדם לו, לפני תחילתו של חוק זה
מאת מעונין בחיבור רואים אותו כאילו נגבה ממנו כדין בחזקת פקדון בשל תשלומים שהוא
יתחייב בהם על פי הכללים לפי סעיף קטן (ב), ובעל הזכיון יהא רשאי להשתמש בו לסילוק
התשלומים האמורים: עלה התשלום על הסכום שאותו אדם יתחייב בו לפי הכללים - יוחזר
לו העודף.</p></content></subPoint><subPoint><num>ד</num><content><p> על אף האמור בסעיפים קטנים (ב) ו-(ג) אם הוסכם בין בעל זכיון, או מי שקדם
לו, ובין מעונין בחיבור, לפני תחילתו של חוק זה, על תשלום בעד החיבור כדרך חישוב
מסויימת, ועדיין לא חוייב המעונין בחיבור סופית בדרך הקבועה באותו הסכם, יהא המעונין
בחיבור חייב בתשלום שנקבע בהסכם,</p></content></subPoint></list></point><point><heading><authorialNote placement="side"><p>ביצוע</p></authorialNote></heading><num>3</num><content><p>
שר הפיתוח ממונה על ביצוע חוק זה.</p></content></point><point><heading><authorialNote placement="side"><p>פרשנות</p></authorialNote></heading><num>1</num><content><p>
המונחים שלהלן יהיו להם המשמעויות שבצדם זולת אם תשתמע
מן ההקשר משמעות אחרת:
"רשת חשמל" - קווי הובלת חשמל וחלוקתו במתח כל שהוא' תחנות
מתוג, תחנות משנה' תחנות טרנספורמציה וקווי חיבור.
"חיבור" - חיבור מקום כל שהוא למערכת הספקת חשמל השייכת לחברה
על ידי הקמת רשת חשמל ולרבות תוספת עומס למקום כל שהוא.
"מעונין בחיבור" - כל המבקש לעצמו או לאדם אחר חיבור מאת החברה.
"תשלום" - לרבות פקדון.</p></content></point><point><heading><authorialNote placement="side"><p>סמכות להטיל תשלומים</p></authorialNote></heading><num>2</num><list><intro><p>
על אף האמור בזכיונות ובנוסף להוראותיהם, תהיה החברה רשאית
להטיל על כל מעונין בחיבור, שבקשתו הוגשה לאחר תחילת תקפו של
שטר תוספת זכיון זה -</p></intro><subPoint><num>א</num><content><p> תשלום כל ההוצאות, הישירות והעקיפות' הכרוכות
בביצוע החיבור המבוקש' או חלק מהוצאות אלה' וכן</p></content></subPoint><subPoint><num>ב</num><content><p> תשלומים למימון הקמתה או הרחבתה של רשת חשמל
בעתיד או לכיסוי העלות של הקמתה של רשת חשמל קיימת
או הרחבתה'
הכל בדרך ובתנאים שייקבעו בכללים באישור שר הפיתוח.</p></content></subPoint></list></point><point><heading><authorialNote placement="side"><p>תוספת שומם ללא הסכמה</p></authorialNote></heading><num>3</num><content><p>
המחזיק במקום כל שהוא שהוסף בו עומס ללא הסכמת החברה'
רואים אותו לענין סעיף 2 כמעונין בחיבור שהגיש בקשה לחיבור אותה
תוספת עומס ביום שבו נודע עליה להברה.</p></content></point><point><heading><authorialNote placement="side"><p>שמירת זכויות</p></authorialNote></heading><num>4</num><content><p>
תוספת זכיון זו באה להוסיף על הזכיונות ולא לגרוע מהם.
ולראיה באו הצדדים על החתום:</p></content></point><signature><name>בעד ובשם מדינת ישראל</name><role>שר הפיתוח</role></signature><point><heading><authorialNote placement="side"><p>פרשנות</p></authorialNote></heading><num>1</num><content><p>
המונחים שלהלן יהיו להם המשמעויות שבצדם זולת אם תשתמע
מן ההקשר משמעות אחרת:
"רשת חשמל" - קווי הובלת חשמל וחלוקתו במתח כל שהוא' תחנות
מתוג, תחנות משנה' תחנות טרנספורמציה וקווי חיבור.
"חיבור" - חיבור מקום כל שהוא למערכת הספקת חשמל השייכת לחברה
על ידי הקמת רשת חשמל ולרבות תוספת עומס למקום כל שהוא.
"מעונין בחיבור" - כל המבקש לעצמו או לאדם אחר חיבור מאת החברה.
"תשלום" - לרבות פקדון.</p></content></point><point><heading><authorialNote placement="side"><p>סמכות להטיל תשלומים</p></authorialNote></heading><num>2</num><list><intro><p>
על אף האמור בזכיון ובנוסף להוראותיו, תהיה החברה רשאית
להטיל על כל מעונין בחיבור שבקשתו הוגשה לאחר תחילת תקפו של שטר
תוספת זכיון זה -</p></intro><subPoint><num>א</num><content><p> תשלום כל ההוצאות הישירות והעקיפות' הכרוכות
בביצוע החיבור המבוקש' או חלק מהוצאות אלה וכן -</p></content></subPoint><subPoint><num>ב</num><content><p> תשלומים למימון הקמתה או הרחבתה של רשת חשמל
בעתיד או לכיסוי העלות של הקמתה של רשת חשמל קיימת
או הרחבתה'
הכל בדרך ובתנאים שייקבעו בכללים באישור שר הפיתוח.</p></content></subPoint></list></point><point><heading><authorialNote placement="side"><p>תוספת עומס ללא הסכמה</p></authorialNote></heading><num>3</num><content><p>
המחזיק במקום כל שהוא שהוסף בו עומס ללא הסכמת החברה,
רואים אותו לענין סעיף 2 כמעונין בחיבור שהגיש בקשה לחיבור אותה
תוספת עומס ביום שבו נודע עליה לחברה.</p></content></point><point><heading><authorialNote placement="side"><p>שמירת זכויות</p></authorialNote></heading><num>4</num><content><p>
תוספת זכיון זו באה להוסיף על הזכיון ולא לגרוע ממנו.
ולראיה באו הצדדים על החתום:</p></content></point><signature><name>בעד ובשם מדינת ישראל</name><role>שר הפיתוח</role></signature><signature><name>שביאור זלמן שזר</name><role>נשיא המדינה</role></signature><signature><name>לוי אשכול</name><role>ראש הממשלה</role></signature><dateOfAcceptance>18.12.1963</dateOfAcceptance></body>