<?xml version="1.0" encoding="UTF-8" ?>
<body><title><content><p>חוק חסינויות וזכויות (הכוח הרב-לאומי), התשמ"ב-1982 *</p></content></title><point><heading><authorialNote placement="side"><p>הגדרות</p></authorialNote></heading><num>1</num><content><p>
בחוק זה -
"ההסכם" - הפרוטוקול בין מדינת ישראל ובין הרפובליקה הערבית של מצרים בדבר
הקמתם והחזקתם של הכוח והמשקיפים הרב-לאומיים, שנחתם ביום גי באב התשמ'יא
(3 באוגוסט 1981), והמסמכים הנלווים אליו, שפורסמו בכתבי אמנה 896, כרך 26,
עמ' 631;
ייחסינויות וזכויות" - חסינויות וזכויות על פי הוראה בהסכם שעניבה סמכות השיפוט
של בית המשפט או של רשות שיפוטית אחרת בישראל, אם לשלילתה, להגבלתה
או לסיוגה, או המעניקה חסינות בפני מעצר, חיפוש, מאסר או פעולת אכיפה של
פסק דין או של צו של בית משפט או של רשות שיפוטית אחרת, או המעניקה פטור
ממסים או מתשלומי חובה אחרים, או המשחררת מחובת היתר על פי דין או המעניקה
זכות יתר כלשהי;
"הכוח הרב-לאומי" - הכוח והמשקיפים הרב-לאומיים כמשמעותם בהסכם;
"אנשי הכוח הרב-לאומי" - חברי הכוח הרב-לאומי כמשמעותם בהסכם.</p></content></point><point><heading><authorialNote placement="side"><p>צו בדבר הסיגויות וזכויות</p></authorialNote></heading><num>2</num><content><p>
שר החוץ ושר המשפטים כאחד רשאים לקבוע בצו חסינויות וזכויות שיוענקו
לכוח הרב-לאומי ולאנשי הכוח הרב-לאומי.</p></content></point><point><heading><authorialNote placement="side"><p>זנו גדבר הסיגויות וזכויות - הוראת שעה</p></authorialNote></heading><num>3</num><content><p>
שר החוץ ושר המשפטים כאחד רשאים לקבוע בצו חסינויות וזכויות שיוענקו
לאנשים ולגופים שיצויינו בצו, הפועלים למען כינון הכוח הרב-לאומי; צו כאמור יעמוד
בתקפו שנה מיום תחילתו זולת אם בוטל קודם לכן.</p></content></point><point><heading><authorialNote placement="side"><p>אישור צווים המעניקים פטור ממסים</p></authorialNote></heading><num>4</num><content><p>
צווים לפי סעיפים 2 ו-3 המעניקים פטור ממסים או מתשלומי חובה אחרים יהיו
בהסכמת שר האוצר.</p></content></point><point><heading><authorialNote placement="side"><p>אישור צווים</p></authorialNote></heading><num>5</num><content><p>
צווים לפי סעיפים 2 ו-3 יהיו באישור ועדה משותפת של ועדת החוקה, חוק ומשפט
ושל ועדת החוץ והבטחון של הכנסת.</p></content></point><point><heading><authorialNote placement="side"><p>ביצוע</p></authorialNote></heading><num>6</num><content><p>
שר החוץ ממונה על ביצוע חוק זה.</p></content></point><signature><name>יצחק נבון</name><role>נשיא המדינה</role></signature><signature><name>מנחם בגין</name><role>ראש הממשלה</role></signature><signature><name>יצחק שמיר</name><role>שר החוץ</role></signature><chapter><num>ספר החוקים</num><title><content><p>1039, י' בשבט התשמ"ב, 3.2,1982</p></content></title></chapter><dateOfAcceptance>03.02.1982</dateOfAcceptance></body>