<?xml version="1.0" encoding="UTF-8" ?>
<body><title><content><p>חוק החשמל, תשי"ד-1954 .</p></content></title><point><heading><authorialNote placement="side"><p>הגדרות</p></authorialNote></heading><num>1</num><content><p>
בחוק זה -
"מתקן חשמלי" - מתקן המשמש לשם ייצור חשמל, הולכתו, הפצתו, צריכתו, צבירתו או
שינויו (טרנספורמציה), לרבות מבנים, מכובות, מכשירים, מצברים, מוליכים, אביזרים
וציוד חשמלי קבוע או מיטלטל, הקשורים במתקן :
"עבודת חשמל" - התקנה, בדיקה, שינוי, תיקון או פירוק של מתקן חשמלי, לרבות השגחה
על ביצוע עבודה כאמור ועריכת תכניות טכניות לביצועה:
"השר" - חבר הממשלה שהממשלה העניקה לו' בהודעה ברשומות, את הסמכות לביצוע
חוק זה :
"חוק זה" - לרבות התקנות שהותקנו והצווים וההוראות שניתנו לפיו.</p></content></point><point><heading><authorialNote placement="side"><p>הסדרת ייצור החשמל והשימוש בו</p></authorialNote></heading><num>2</num><list><intro><p /></intro><subPoint><num>א</num><content><p> השר רשאי בצו חתום בידו להסדיר את ייצורו, הולכתו או צריכתו של חשמל ;
הצו יכול להיות כללי או למתקן חשמלי מסויים או לסוג של מתקנים,</p></content></subPoint><subPoint><num>ב</num><content><p> ציווה השר, שלא מטעמי בטיחות, על בעל מתקן חשמלי להפסיק ייצור חשמל
במתקנו, או ציווה לספק חשמל למקום שנקבע בצו, יוחזר לבעל המתקן החשמלי מאוצר
המדינה כל הפסה למעט מניעת ריווח, שנגרם לו על ידי ביצוע הצו : נתגלעו חילוקי דעות
אם נגרם הפסד כאמור או מה הוא שיעור ההפסד, יכריע, לפי בקשה של היועץ המשפטי
לממשלה או של בעל המתקן, בית המשפט המחוזי שבתחום שיפוטו נמצא המתקן הנוגע
בדבר, ואין אחרי החלטתו ולא כלום.</p></content></subPoint></list></point><point><heading><authorialNote placement="side"><p>מינוי מנהל</p></authorialNote></heading><num>3</num><content><p>
השר ימנה בהודעה ברשומות מנהל עניני חשמל (להלן - המנהל).</p></content></point><point><heading><authorialNote placement="side"><p>התקנת מתקן חשמלי</p></authorialNote></heading><num>4</num><list><intro><p /></intro><subPoint><num>א</num><content><p> לא יתקין אדם מתקן חשמלי ולא ישבה בו שינוי יסודי אלא על-פי היתר בכתב
מאת המנהל ובהתאם לתנאי ההיתר.</p></content></subPoint><subPoint><num>ב</num><content><p> מתקן חשמלי שהותקן לפני תחילתו של חוק זה' דינו' לענין סעיף קטן (א)'
כדין מתקן שעומדים להתקינו כתום שלושים יום מיום תחילתו של החוק.</p></content></subPoint><subPoint><num>ג</num><content><p> מתקן חשמלי שהותקן בניגוד לסעיף קטן (א), רשאי המנהל להורות על סילוקו
או על פירוקו.</p></content></subPoint><subPoint><num>ד</num><content><p> הוראות סעיף זה לא יחולו על מתקן חשמלי שהותקן כדין לפי פקודת זכיונות
החשמל 1. או לפי פקודת זכיונות החשמל (ירושלים) י', או הניזון כדין מחשמל המסופק לפי
הפקודות האמורות, ולא על מתקן הניזון מעצמו ומתחו אינו עולה על עשרים וארבעה וולט.</p></content></subPoint></list></point><point><heading><authorialNote placement="side"><p>צו הפסקה</p></authorialNote></heading><num>5</num><content><p>
רשאי המנהל, מטעמי בטיחות לאדם או לרכוש, להורות, בצו חתום בידו, על הפסק
הפעלתו של מתקן חשמלי או השימוש בו, או להתנות את המשך ההפעלה או השימוש בקיום
תנאים שפורטו בצו.</p></content></point><point><heading><authorialNote placement="side"><p>ביצוע עבודת חשמל</p></authorialNote></heading><num>6</num><list><intro><p /></intro><subPoint><num>א</num><content><p> לא יעסוק אדם בביצוע עבודת חשמל, אלא אם יש בידו רשיון מאת המנהל
המתיר לו ביצוע עבודה מסוג זה ובהתאם לתנאי הרשיון : תקופת תקפו של הרשיון תיקבע
בו*</p></content></subPoint><subPoint><num>ב</num><content><p> המנהל יתן רשיון כאמור בסעיף קטן (א), אם נוכח שיש למבקש הרשיון הכשרה
מקצועית ראויה ונסיון מעשי מניח את הדעת בכל הנוגע לדרכי השימוש ברשיון.</p></content></subPoint><subPoint><num>ג</num><content><p> נוכח המנהל שהשימוש ברשיון שניתן יש בו משום סכנה לאדם או לרכוש' או
שבעל הרשיון יצא חייב בדין על עבירה בקשר לביצוע עבודת חשמל, רשאי הוא בכל עת
לבטל את הרשיון או להגביל את היקפו.</p></content></subPoint><subPoint><num>ד</num><content><p> דרכי מתן הרשיונות, ביטולם והגבלם ייקבעו בתקנות שיותקנו תוך התיעצות
עם הארגון המייצג את המספר הגדול ביותר של החשמלאים במדינה ועם הארגון המייצג
את המספר הגדול ביותר של מהנדסי החשמל במדינה.</p></content></subPoint></list></point><point><heading><authorialNote placement="side"><p>ועדת עררים</p></authorialNote></heading><num>7</num><list><intro><p /></intro><subPoint><num>א</num><content><p> השר ימנה ועדת עררים לענין סעיף 6 (להלן - הועדה); כיושב ראש הועדה
ישמש שופט שימונה בהמלצת שר המשפטים, ושאר חבריה יהיו מומחים בעבודות חשמל.</p></content></subPoint><subPoint><num>ב</num><content><p> לועדה יהיו כל הסמכויות שאפשר להעניק לועדת חקירה לפי הסעיפים 5
ו-5א' לפקודת ועדות חקירה 1.</p></content></subPoint><subPoint><num>ג</num><content><p> שר המשפטים רשאי להתקין תקנות הקובעות את סדרי הדין של הועדה;
הועדה תקבע בעצמה את סדרי הדין שלה, במידה שלא נקבעו בתקנות כאמור.</p></content></subPoint></list></point><point><heading><authorialNote placement="side"><p>ערר</p></authorialNote></heading><num>8</num><list><intro><p /></intro><subPoint><num>א</num><content><p> הרואה עצמו נפגע על-ידי החלטת המנהל לפי סעיף 6, רשאי לעורר על כך
לפני הועדה,</p></content></subPoint><subPoint><num>ב</num><content><p> הערר יוגש לועדה בשני העתקים; אחד מהם תמציא הועדה למנהל.</p></content></subPoint><subPoint><num>ג</num><content><p> הועדה רשאית לדרוש מן העורר שייבחן בפניה, אם יש בכך, לדעתה, כדי
לסייע לה בהחלטתה.</p></content></subPoint><subPoint><num>ד</num><content><p> הועדה מוסמכת לאשר את החלטת המנהל, לשנותה או לבטלה, ובלבד שתחיש
את החלטתה ככל האפשר.</p></content></subPoint></list></point><point><heading><authorialNote placement="side"><p>סמכויות פיקוח</p></authorialNote></heading><num>9</num><list><intro><p /></intro><subPoint><num>א</num><content><p> המנהל רשאי למנות מפקחים לענין חוק זה.</p></content></subPoint><subPoint><num>ב</num><content><p> מפקח רשאי, בכל עת, לערוך בקורת על מנת להיווכח אם מתקיימות הוראות
חוק זה ; בעריכת בקורת כאמור רשאי המפקח להיכנס, בכל עת סבירה, לכל מקום שיש
לו יסוד להניח שנמצא בו מתקן חשמלי, או שעוברים בו על הוראה מהוראותיו של חוק זה,
ולבדוק, וליטול עמו לשם בדיקה, כל דבר הנוגע לאותו ענין, לרבות תכניות ופנקסים.</p></content></subPoint><subPoint><num>ג</num><content><p> כל אדם הנוגע בדבר חייב, ככל שיידרש על ידי מפקח, למסור ידיעות ומסמכים
שיש בהם, לדעת המפקח, כדי להקל על ביצועו של חוק זה, אולם לא יידרש אדם למסור
ידיעות ומסמכים שיש בהם כדי להפלילו.</p></content></subPoint></list></point><point><heading><authorialNote placement="side"><p>סמכויות עזר</p></authorialNote></heading><num>10</num><content><p>
נתן השר, או המנהל, צו או הוראה לפי חוק זה, ולא קוימו תוך התקופה שנקבעה
בהם, ומי שנתן את הצו או ההוראה משוכנע שקיומם דרוש לבטיחותו של אדם או של
רכוש, רשאי הוא לנקוט כל האמצעים הדרושים לכפיית קיומם ולהורות שכל הנמנע
מלקיימם ישלם את ההוצאות שגרם להן בהימנעותו; פקודת המסים (גביה) 2, תחול על
גביית הוצאות כאמור, אלא שסעיף 12 לאותה פקודה לא יחול.</p></content></point><point><heading><authorialNote placement="side"><p>עונשין</p></authorialNote></heading><num>11</num><content><p>
העובר על הוראה מהוראותיו של חוק זה, דינו - מאסר שנד. אחת או קנס אלף
לירות או שני העבשים כאהד.</p></content></point><point><heading><authorialNote placement="side"><p>ביטול</p></authorialNote></heading><num>12</num><content><p>
פקודת החשמל 3 - בטלה.</p></content></point><point><heading><authorialNote placement="side"><p>תקנות</p></authorialNote></heading><num>13</num><content><p>
השר רשאי להתקין תקנות בכל ענין הנוגע לביצועו של חוק זה' לרבות תקנות
הקובעות כללים לביצוע עבודות חשמל ותקנות הקובעות אגרות לענין חוק זה.</p></content></point><point><heading><authorialNote placement="side"><p>תחילת תוקף</p></authorialNote></heading><num>14</num><content><p>
תהילתו של חוק זה היא כתום ששה חדשים מיום פרסומו ברשומות.</p></content></point><signature><name>יצחק בן- צבי</name><role>נשיא המדינה</role></signature><signature><name>משה שרת</name><role>ראש הממשלה</role></signature><dateOfAcceptance>03.09.1954</dateOfAcceptance></body>