<?xml version="1.0" encoding="UTF-8" ?>
<body><title><content><p>חוק חסכון חובה (תיקון), תשכ"ג-1963 *</p></content></title><point><heading><authorialNote placement="side"><p>תיקון מעיף 1 (2)</p></authorialNote></heading><num>1</num><content><p>
בסעיף 1 (2) לחוק חסכון חובה' תשכ"ב-1962 1, כרישה, אחרי "ולרבות הסכום הפטור
לפי סעיף 10 לפקודה" יבוא "חוץ מתוספת היוקר שהוספה על תשלומה לאחר יום די בטבת
תשכ"ג (51 בדצמבר 1962) ושעליה הודיע שר האוצר ברשומות."</p></content></point><point><heading><authorialNote placement="side"><p>תחילה</p></authorialNote></heading><num>2</num><content><p>
תחילתו של חוק זה ביום ד' בטבת תשכ"ג (31 בדצמבר 1962).</p></content></point><signature><name>יצחק בן-צבי</name><role>נשיא המדינה</role></signature><signature><name>דוד בן-גוריון</name><role>ראש הממשלה</role></signature><signature><name>לוי אשכול</name><role>שר האוצר</role></signature><dateOfAcceptance>114.</dateOfAcceptance></body>