<?xml version="1.0" encoding="UTF-8" ?>
<body><title><content><p>חוק החניכות, תשי"ג-1953 .</p></content></title><chapter><num>פרק ראשון:</num><title><content><p>מבוא</p></content></title><point><heading><authorialNote placement="side"><p>פירושים</p></authorialNote></heading><num>1</num><list><intro><p /></intro><subPoint><num>א</num><content><p> בחוק זה -
"נער" פירושו - מי שעדיין לא הגיע לגיל 18;
"מקצוע" פירושו - משלח יד שהוכרז בצו כמקצוע שיירכש בדרך חניכות;
"חניך" פירושו - נער העובד על מנת לרכוש מקצוע על ידי עבודה מעשית מודרכת ועל
ידי לימוד בשיעורי מקצוע מאושרים לפי חוק זה;
"בית ספר מקצועי" פירושו - בית ספר שאושר לענין חוק זה על ידי שר החינוך והתרבות
באכרזה שפורסמה ברשומות.</p></content></subPoint><subPoint><num>ב</num><content><p> לענין חוק זה, רואים נער כמועבד, ואת מי שהנער עובד אצלו - כמעבידו,
אם הנער עובד -
(1) אצל הוריו לצורך עסקם או משלח ידם; או
(2) בכל מפעל שהוא, אף אם העבודה אינה לשם עסק או לשם ריווח, ובכלל
זה מקום שהוכרז על ידי שר העבודה כמרכז להכשרה מקצועית לנערים המיועד
להקנות מקצוע אגב עבודה מעשית, אך להוציא בית ספר מקצועי.</p></content></subPoint></list></point></chapter><chapter><num>פרק שני:</num><title><content><p>עיקרי החניכות</p></content></title><point><heading><authorialNote placement="side"><p>אין להעביד נער אלא כחניך</p></authorialNote></heading><num>2</num><list><intro><p>
(א&gt; לא יועבד נער במקצוע אלא כחניך ? יוצא מכלל זה נער שקיבל על פי סעיף
22 תעודה לאותו מקצוע, או שעמד בבחינה וקיבל תעודת גמר באותו מקצוע מבית ספר
מקצועי.</p></intro><subPoint><num>ב</num><content><p> הממונה על החניכות רשאי להתיר העבדת נער במקצוע שלא כחניך באחד
המקרים האלה-.
(1) בתקופה שבה קיים במדינה מצב של חירום בתוקף אכרזה לפי סעיף 9 (א)
לפקודת סדרי השלטון והמשפט, תש"ח-1948 1;
(2) אם לדעתו, ובשים לב לסגולות הנער' יהיה זה לטובתו שיועבד שלא
כחניך;
(3) אם הנער עובד אצל הוריו.</p></content></subPoint></list></point><point><heading><authorialNote placement="side"><p>תכנית חניכות</p></authorialNote></heading><num>3</num><content><p>
שר העבודה, אחר התיעצות בשר החינוך והתרבות, יקבע לכל מקצוע תכנית חניכות
לשלביה השונים. הודעה על קביעת תכנית חניכות תפורסם ברשומות והתכנית גופה תפורסם
בדרך שהשר ימצא לנכון.</p></content></point><point><heading><authorialNote placement="side"><p>תקופת החניכות</p></authorialNote></heading><num>4</num><list><intro><p /></intro><subPoint><num>א</num><content><p> שר העבודה יקבע בתקנות את תקופת החניכות, בין בדרך כלל ובין למקצוע
מסויים.</p></content></subPoint><subPoint><num>ב</num><content><p> הממונה על החניכות רשאי, בתנאים שיקבע, לקצר את תקופת החניכות של
חניך פלוני בהתחשב בידיעותיו המקצועיות ובהשכלתו הכללית של החניך.</p></content></subPoint><subPoint><num>ג</num><content><p> עבד נער במשלח יד לפני שהוכרז כמקצוע, רשאי הממונה על החניכות' בהתחשב</p></content></subPoint></list></point><point><heading><authorialNote placement="side"><p>מספר החניכים</p></authorialNote></heading><num>6</num><list><intro><p /></intro><subPoint><num>א</num><content><p> שר העבודה רשאי' בהתחשב בסיכויי התעסוקה, לקבוע את מספר החניכים
המועט ביותר שבעל מפעל פלוני, המתנהל לשם עסק או לשם רווחים, יהא חייב להעביד
במפעלו,</p></content></subPoint><subPoint><num>ב</num><content><p> שר העבודה רשאי לקבוע את מספר החניכים הרב ביותר שבעל מפעל' המתנהל
לשם עסק או לשם רווחים/ יהיה רשאי להעביד בהתחשב בסיכויי התעסוקה, וכן בתהליכי
הייצור באותו מפעל, במספר בעלי המקצוע שבו, בציודו ובתנאי עבודתו.</p></content></subPoint><subPoint><num>ג</num><content><p> שר העבודה רשאי כאמור לקבוע, בתקנות, לענין מקצוע מסויים, את מספר
החניכים המועט ביותר שכל בעל מפעל, המתנהל לשם עסק או לשם רווחים ולא נקבע לגביו
כאמור בסעיף קטן (א) או (ב), יהא חייב להעביד במפעלו ואת מספר החניכים הרב ביותר
שיהא רשאי להעביד.</p></content></subPoint></list></point><point><heading><authorialNote placement="side"><p>איסור להעביד חניכים ונערים</p></authorialNote></heading><num>7</num><content><p>
הממונה על החניכות רשאי לאסור על אדם להעביד חניכים, אם לדעתו אין באפשרו-
תו להבטיח לחניך את ההדרכה הדרושה למטרת החניכות; איסור כזה אינו גורע מן האיסור
שבסעיף 2.</p></content></point><point><heading><authorialNote placement="side"><p>איסור תשלום</p></authorialNote></heading><num>8</num><content><p>
לא ידרוש אדם ולא יקבל כל תשלום או פרס בעד חניך, או בעד מי שעומד להיות
חניך, בקשר לחניכותו.</p></content></point><point><heading><authorialNote placement="side"><p>דין חניך שמלאו לו שמונה עשרה שנה</p></authorialNote></heading><num>9</num><list><intro><p>
חניך שמלאו לו שמונה עשרה שנה דינו לענין חוק זה כדין נער' אם הוא -</p></intro><subPoint><num>א</num><content><p> ממשיך בעבודתו אצל אותו מעביד; או</p></content></subPoint><subPoint><num>ב</num><content><p> ממשיך בעבודה אצל מעביד אחר באותו מקצוע ונחתמה ביניהם הצהרת חניכות
כאמור בסעיף 11.</p></content></subPoint></list></point><point><heading><authorialNote placement="side"><p>עידור חניכות</p></authorialNote></heading><num>10</num><list><intro><p /></intro><subPoint><num>א</num><content><p> שר העבודה רשאי לתת תעודת הוקרה' בנוסח שיקבע' לאדם שחניכיו הצטיינו
בהתקדמותם במקצוע ובבחינות או לאדם שבהדרכתו עבד חניך כאמור.</p></content></subPoint><subPoint><num>ב</num><content><p> בקביעת ההכנסה החייבת במס של אדם שהוציא, באישור השר' בשנה שקדמה
לשנת שומה מסויימת, הוצאת הון לרכישת ציוד בקשר להעבדת חניכים במפעל, ינוכה
מאותה הכנסה כל שנה, במשך חמש שנים מאותה שנת שומה ואילך, סכום של 20% מן
ההוצאה האמורה.</p></content></subPoint></list></point></chapter><chapter><num>פרק שלישי:</num><title><content><p>דלף החניכות</p></content></title><point><heading><authorialNote placement="side"><p>הצהרת חניכות</p></authorialNote></heading><num>11</num><list><intro><p /></intro><subPoint><num>א</num><content><p> (1) מעביד שעבד אצלו נער במקצוע שלושה חדשים, או תקופה אחרת שנק-
בעה לענין זה בתקנות לאותו מקצוע' יכין תוך ארבעה עשר יום הצהרת חניכות
בשלושה העתקים, לפי טופס שייקבע בתקנות' יחתום עליה ויחתים עליה את
את הנער' ואם אין החניך עובד אצל הוריו - גם את אחד ההורים;
(2) נער שעבד אצל מעביד פלוני במשלח יד ביום שבו הוכרז כמקצוע' תיחשב
תקופת עבודתו' לענין סעיף זה' מיום שהתחיל לעבוד אצל אותו מעביד אלא
שפרק הזמן שנקבע בפסקה (1) לא יסתיים לפני תום שבועיים מיום האכרזה.</p></content></subPoint><subPoint><num>ב</num><content><p> שלושת החדשים האמורים בסעיף קטן (א)' או התקופה האחרת' יובאו במנין
תקופת החניכות.
(0 העתק אחד של הצהרת החניכות ימסור המעביד לחניך, ואם אין החניך עובד
אצל הוריו - גם לאחד מהוריה והעתק אחד ישלח המעביד לממונה על החניכות.</p></content></subPoint></list></point><point><heading><authorialNote placement="side"><p>אישור ההצהרה</p></authorialNote></heading><num>12</num><content><p>
הממונה על החניכות יאשר הצהרת חניכות אם קיימים בנער התנאים לחניכותו
הנדרשים כחוק לגבי המקצוע, ואם קיימים במעביד התנאים כאמור להעבידו כחניך. ומיום
אישור ההצהרה רואים את הנער כחניך.</p></content></point><point><heading><authorialNote placement="side"><p>פנקס החניכים</p></authorialNote></heading><num>13</num><content><p>
הממונה על החניכות ינהל פנקס שייקרא ,,פנקס החניכים" וירשום בו את הפרטים
שבכל הצהרת חניכות שאושרה. הפנקס יהיה פתוח לעיון ללא כל אגרה לכל אדם בכל עת
המתקבלת על הדעת.</p></content></point><point><heading><authorialNote placement="side"><p>חובות המעביד</p></authorialNote></heading><num>14</num><list><intro><p /></intro><subPoint><num>א</num><content><p> המעביד חייב -
(1) להעביד את החניך עד תום תקופת החניכות;
(2) להעביד את החניך לפי תכנית החניכות ;
(3) להבטיח לחניך הדרכה מתאימה ושיטת עבודה שיש בה כדי להקנות את
המקצוע תוך תקופת החניכות שנקבעה לו; אם אין המעביד מפקח במישרין על
עבודת החניך ואינו מדריך אותו, חייב הוא להטיל חובה זו על אדם אחר במפעל,
ומשהסכים אותו אדם לקבל על עצמו את החובה, חייב הוא למלאה כאילו היה
המעביד' אולם הטלת חובה כאמור אין בה כדי לפטור את המעביד עצמו
מאחריות למלאה;
(4) לשחרר את החניך מעבודה, בלי ניכוי משכרו, כדי לאפשר לו לבקר
בשיעורי מקצוע מאושרים. במידה שהחניך חייב לעשות כך על פי סעיף 16 (ג),
ולהיבחן כמיטל עליו לפי סעיף 22.
הוראה זו באה להוסיף על הוראות סעיף (4) (ג) לחוק לימוד חובה, תש"ט-1949 1,
ולא לגרוע מהן.</p></content></subPoint><subPoint><num>ב</num><content><p> לא יעביד מעביד את חניכו בעבודה שאינה קשורה למטרת החניכות.</p></content></subPoint></list></point><point><heading><authorialNote placement="side"><p>שכר עבודה לחניך</p></authorialNote></heading><num>15</num><list><intro><p /></intro><subPoint><num>א</num><content><p> המעביד חייב לשלם לחניך שכר עבודה שלא יהיה פחות משכר המינימום
שקבעה לאותו מקצוע ועדת השכר לחניכים (להלן - ועדת השכר), בהתאם לסעיף קטן (ג).</p></content></subPoint><subPoint><num>ב</num><content><p> שר העבודה רשאי למנות, לכל המקצועות או למקצוע מסויים, ועדת שכר
שסדרי עבודתה ייקבעו בתקנות, ובלבד שבכל ועדת שכר יהיו מיוצגים, שווה בשווה, ארגון
העובדים הארצי המייצג את המספר הגדול ביותר של עובדים במדינה, וארגוני מעבידים
רפרזנטטיביים במדינה שלדעת השר הם נוגעים בדבר. הודעה על מינוי כל ועדת שכר ועל
כתבתה תפורסם ברשומות.</p></content></subPoint><subPoint><num>ג</num><content><p> (1) על פי הוראות שר העבודה, תקבע ועדת השכר בהחלטה את שיטת השכר
בשים לב להתקדמותו של החניך במקצוע, את שיעורו המינימלי ואת אופן
תשלומו;
(2) החלטת הועדה כוחה יפה לא פחות משנה אחת ולא יותר משלוש שנים,
הכל כפי שנקבע בהחלטה, אך רשאית ועדת שכר לפני תום התקופה להאריך
אותה מזמן לזמן לתקופה נוספת שלא תעלה על שנה אחת.</p></content></subPoint><subPoint><num>ד</num><content><p> העתק של החלטת ועדת שכר לפי סעיף קטן (ג) יימסר לממונה על החניכות
ולארגוני העובדים והמעבידים המיוצגים בועדה. הממונה על החניכות יביא' בדרך שימצא
לנכון, את החלטת ועדת השכר לידיעתם של המעבידים ושל החניכים הנוגעים בדבר.
1 ספר החוקים 26 מיום כ"ד באלול תש"ט (9.49 18), עט' 287.</p></content></subPoint><subPoint><num>ה</num><content><p> אין הוראות סעיף זה חלות כשהחניך עובד אצל הוריו או במפעל המפורש
בפסקה (2) לסעיף 1 (ב).</p></content></subPoint></list></point><point><heading><authorialNote placement="side"><p>חובות החניך</p></authorialNote></heading><num>16</num><content><p>
החניך חייב -
(1) לעבוד אצל מעבידו עד תום תקופת החניכות;
(2) לשקוד על עבודתו כדי לרכוש את המקצוע תוך התקופה שנקבעה כתקופת
החניכות לאותו מקצוע ולעמוד בבחינות בהתאם לסעיף 22;
(3) לבקר באופן סדיר בשיעורי מקצוע מאושרים, כפי שיקבע שר העבודה,
בתקנות, לאותו המקצוע, אם הממונה על החניכות לא פטר אותו לחלוטין או
בשיעורין מחובה זו;
(4) להישמע להוראות מעבידו ולהוראות האדם שבפיקוחו ובהדרכתו הוא עובד,
בכל הנוגע לעבודה ולסדריה.</p></content></point><point><heading><authorialNote placement="side"><p>התרת הקשר</p></authorialNote></heading><num>17</num><list><intro><p /></intro><subPoint><num>א</num><content><p> סירב הממונה על החניכות לאשר את הצהרת החניכות כאמור בסעיף 12, יותר
מאליו הקשר בין המעביד ובין החניך.</p></content></subPoint><subPoint><num>ב</num><content><p> ואלה המקרים והדרכים בהם אפשר להתיר את הקשר בין המעביד ובין החניך -
(1) על ידי כל אחד מהצדדים -
(1) בפרק הזמן האמור בסעיף 11 (א) ,
(II) אם הממונה על החניכות אישר את התרת הקשר;
(111) מכל סיבה אחרת שתיקבע בתקנות?
(2) על ידי המעביד - אם החניך הפסיק את עבודתו, ללא סיבה שאושרה
על ידי המפקח על החניכות כסיבה מספקת, ולא חזר לעבודתו תוך 14 יום;
(3) על ידי החניך -</p></content></subPoint><subPoint><num>ו</num><content><p> אם העביר המעביד את המפעל לישוב אחר או אם הורי החניך העתיקו
את מקום מגוריהם לישוב אחר,
(וו) אם החניך רוצה לעבוד כחניך אצל מעביד אחר והממונה על החניכות
אישר בכתב שהדבר הוא לטובת החניך,
(ווו) אם הופסקה העבודה במפעל לתקופה העולה על חודש ימים.</p></content></subPoint></list></point><point><heading><authorialNote placement="side"><p>הפסקת החניכות</p></authorialNote></heading><num>18</num><content><p>
לא נדחה צאתו של חניך לשירות סדיר לפי חוק שירות בטחון, תש"ט-1949 1, על
מנת לאפשר לחניך לסיים את החניכות, והחניך יצא לשירות סדיר כאמור, תופסק החניכות
לתקופת השירות.</p></content></point><point><heading><authorialNote placement="side"><p>חובת הודעה</p></authorialNote></heading><num>19</num><content><p>
הותר הקשר בין המעביד ובין החניך לפי סעיף 17 או שהופסקה החניכות לפי סעיף
18 או שסיים החניך את תקופת החניכות - ימסור מעבידו הודעה על כך בכתב לממונה
על החניכות, בטופס שנקבע בתקנות.</p></content></point><point><heading><authorialNote placement="side"><p>יישוב סכסוכים</p></authorialNote></heading><num>20</num><list><intro><p /></intro><subPoint><num>א</num><content><p> התעוררו חילוקי דעות או סכסוך בין מעביד ובין חניך בשאלה אם אפשר להתיר
את הקשר בהתאם לסעיף 17 - יכריע הממונה על החניכות, או מי שמונה לכך על ידיו,
לאחר ששמע את הצדדים או את נציגי ארגון העובדים ונציגי ארגון המעבידים שהצדדים
חברים בהם.</p></content></subPoint><subPoint><num>ב</num><content><p> (1) סכסוך שלא יישבו אותו בדרך מוסכמת, תוך תקופה שנראית לממונה על
החניכות, ייושב בדרך שתיקבע בתקנות;
(2) בסעיף קטן זה "סכסוך" פירושו - סכסוך, או חילוקי דעות, בקשר לתנאי
עבודה של חניך שנתגלעו בין מעביד ובין חניך, או בין מעביד ובין ארגון
עובדים שהחניך חבר בו, או בין ארגון מעבידים שהמעביד חבר בו ובין ארגון</p></content></subPoint></list></point></chapter><chapter><num>ספר החוקים</num><title><content><p>25 מיום כ"א באלול תש"ט (15.9.49), עט' 271.</p></content></title><point><heading><authorialNote placement="side"><p>שיעורי מקצוע מאושרים</p></authorialNote></heading><num>21</num><list><intro><p /></intro><subPoint><num>א</num><content><p> שיעורי מקצוע מאושרים הם שיעורים במקצוע ובהשכלה כללית הקשורה לכך,
שאושרו על ידי שר העבודה לענין חוק זה.</p></content></subPoint><subPoint><num>ב</num><content><p> שר העבודה רשאי לארגן ולקיים שיעורי מקצוע מאושרים ולעודדם בכל דרך
אחרת שימצא לנכון,</p></content></subPoint><subPoint><num>ג</num><content><p> שר העבודה יקבע, לאחר התיעצות עם שר החינוך והתרבות, תכנית לימודים
מינימלית אחידה בשיעורי מקצוע מאושרים, בין למקצוע אחד ובין למספר מקצועות; אולם
קביעת תכנית כאמור לא תפגע בזכות להוסיף שיעורים על הקבועים בתכנית.</p></content></subPoint><subPoint><num>ד</num><content><p> שיעורי מקצוע מאושרים יהיו נתונים לפיקוחו של שר העבודה או של מי
שנתמנה על ידיו ,י האחראי למעשה להגדלתם של שיעורים אלה חייב להגיש לו, במועדים
שידרוש, דין וחשבון לפי טופס שייקבע בתקנות.</p></content></subPoint></list></point><point><heading><authorialNote placement="side"><p>בחינות ותעודות מקצוע</p></authorialNote></heading><num>22</num><list><intro><p /></intro><subPoint><num>א</num><content><p> חניך חייב בבחינות ביניים ובבחינות סופיות.</p></content></subPoint><subPoint><num>ב</num><content><p> שר העבודה יקבע בתקנות את דרכי הבחינות, את תכניתן ואת סדריהן.</p></content></subPoint><subPoint><num>ג</num><content><p> בעד בחינות סופיות ישלם הנבחן אגרה שתיקבע בתקנות.</p></content></subPoint><subPoint><num>ד</num><content><p> מי שעמד בבחינות ביניים יקבל תעודה המאשרת זאת, ומי שעמד בבחינות
סופיות יקבל תעודת מקצוע ו כל תעודה תיחתם בידי הממונה על החניכות ובידי יושב ראש
ועדת הבחינות. צורת התעודה ואופן נתינתה ייקבעו בתקנות.</p></content></subPoint><subPoint><num>ה</num><content><p> הממונה על החניכות ינהל פנקס בשם "פנקס חניכים שהוסמכו", ובו ירשום
את הפרטים שנקבעו בתקנות,</p></content></subPoint></list></point><point><heading><authorialNote placement="side"><p>הוראת מעבר</p></authorialNote></heading><num>23</num><content><p>
מי שעמד בבחינת ביניים שנערכה לפני תחילת תקפו של חוק זה מטעם המוסד שהיה
ידוע כמועצת השוליאות מיסודה של הסוכנות היהודית לארץ-ישראל, התאחדות בעלי
התעשיה וההסתדרות הכללית של העובדים העברים בארץ-ישראל, דינו כדין מי שעמד
בבחינות ביניים על פי חוק זה.</p></content></point></chapter><chapter><num>פרק רביעי:</num><title><content><p>ביצוע ועונשין</p></content></title><point><heading><authorialNote placement="side"><p>מינויים</p></authorialNote></heading><num>24</num><content><p>
שר העבודה ימנה את הממונה על החניכות ומפקחים על חניכות.</p></content></point><point><heading><authorialNote placement="side"><p>מועצת החניכות וסמכויותיה</p></authorialNote></heading><num>25</num><content><p>
תוקם מועצת החניכות (להלן - המועצה) שתייעץ לשר העבודה בהתקנת תקנות
לפי חוק זה ובענינים אחרים הנוגעים לו.</p></content></point><point><heading><authorialNote placement="side"><p>הרכב המועצה</p></authorialNote></heading><num>26</num><list><intro><p /></intro><subPoint><num>א</num><content><p> המועצה תהיה מורכבת מבאי כוח הממשלה שיתמנו על ידי שר העבודה, ומאנשי
ציבור שיתמנו על ידי שר העבודה כנציגיהם של עובדים, של נוער עובה של מעבידים
וכן של מוסדות ציבוריים שלדעת השר הם נוגעים בדבר, ובלבד ונציגי העובדים, הנוער
העובד והמעבידים יהוו שני שלישים מחבריה.</p></content></subPoint><subPoint><num>ב</num><content><p> נציגי העובדים יתמנו לאחר התיעצות בארגון העובדים הארצי המייצג את
המספר הגדול ביותר של עובדים, נציגי הנוער העובד יתמנו לאחר התיעצות בארגון הארצי
המייצג את המספר הגדול ביותר של נוער עובד ובארגונים אחרים של נוער עובד לפי
החלטת שר העבודה, ונציגי המעבידים יתמנו לאחר התיעצות בארגונים ארציים רפרזנטטי-
ביים של מעבידים שלדעת שר העבודה הם נוגעים בדבר,</p></content></subPoint><subPoint><num>ג</num><content><p> מספר חברי המועצה לסוגיהם ייקבע על ידי שר העבודה בהודעה שתפורסם
ברשומות ובלבד שמספר נציגי העובדים והנוער העובד יחד יהיה כמספר נציגי המעבידים.</p></content></subPoint><subPoint><num>ד</num><content><p> שר העבודה, ובהעדרו - מי שנתמנה על ידיו לכך, ישב ראש במועצה.</p></content></subPoint><subPoint><num>ה</num><content><p> הודעה על מינוי המועצה ועל הרכבה תפורסם ברשומות.</p></content></subPoint></list></point><point><heading><authorialNote placement="side"><p>ועדת חניכות מקצועית</p></authorialNote></heading><num>27</num><list><intro><p /></intro><subPoint><num>א</num><content><p> שר העבודה ימנה ועדות חניכות מקצועיות (להלן - ועדה).</p></content></subPoint><subPoint><num>ב</num><content><p> ועדה יכולה להיות לכל הארץ (להלן - ועדה ארצית) או לאזור מסויים, למקצוע
אחד או למספר מקצועות שלדעת השר הם קרובים זה לזה.</p></content></subPoint><subPoint><num>ג</num><content><p> כל ועדה שאינה ארצית היא של שלושה או של חמישה, כפי שיחליט שר
העבודה, ומהם - אחד שנתמנה על ידי שר העבודה להיות יושב ראש והיתר אנשים בני
סמך באותו מקצוע, שנתמנו לאחר התיעצות בארגון העובדים הארצי המייצג את המספר
הגדול ביותר של עובדים, וכן בארגונים ארציים רפרזנטטיביים של מעבידים שהם, לדעת
השר, נוגעים בדבר, ובלבד שמספר נציגי העובדים יהיה כמספר נציגי המעבידים.</p></content></subPoint><subPoint><num>ד</num><content><p> כל ועדה ארצית היא של ששה, כפי שיחליט שר העבודה, והרכבה יהיה כשל
ועדה שאינה ארצית, אלא שיהיה בה גם נציג שר החינוך והתרבות ; הודעה על מינוי
ועדה ארצית ועל הרכבה תפורסם ברשומות.</p></content></subPoint></list></point><point><heading><authorialNote placement="side"><p>סמכויות הועדה</p></authorialNote></heading><num>28</num><list><intro><p /></intro><subPoint><num>א</num><content><p> שר העבודה יתייעץ בועדה ארצית בטרם -
(1) יקבע את תכנית החניכות ;
(2) יאשר שיעורי מקצוע לפי סעיף 21 (א);
(3) יקבע את תכנית הלימודים בשיעורי מקצוע מאושרים לפי סעיף 21 (ג).</p></content></subPoint><subPoint><num>ב</num><content><p> שר העבודה יבקש את הוות דעתה של הועדה הארצית ויביאה בפני המועצה
בטרם יבוא להתיעץ במועצה בדבר -
(1) קביעת תקופת החניכות;
(2) קביעת הגיל המינימלי וההשכלה המינימלית לפי סעיף 5;
(3) תכנית לבחינות ביניים ולבחינות סופיות.</p></content></subPoint><subPoint><num>ג</num><content><p> שר העבודה יתייעץ בועדה הארצית בטרם ישתמש בסמכותו לפי סעיף 6 (ג)
ובועדה האזורית הנוגעת בדבר, בטרם ישתמש בסמכותו לפי סעיף 6 (א).</p></content></subPoint><subPoint><num>ד</num><content><p> הממונה על החניכות יתייעץ בועדה אזורית הנוגעת בדבר בטרם ישתמש
בסמכויותיו על פי הסעיפים 2 (ב), 4 (ב), 4 (ג), 7 ו-16 (3).</p></content></subPoint></list></point><point><heading><authorialNote placement="side"><p>תקופת הכהונה</p></authorialNote></heading><num>29</num><content><p>
שר העבודה רשאי לקבוע, בתקנות, את תקופת כהונתם של נציגי הציבור במועצה
ושל חברי ועדות, ואת הסיבות להפסקת חברותם.</p></content></point><point><heading><authorialNote placement="side"><p>סדרי העבודה</p></authorialNote></heading><num>30</num><content><p>
המועצה והועדות יקבעו בעצמן את סדרי עבודתן, במידה שלא נקבעו בתקנות.</p></content></point><point><heading><authorialNote placement="side"><p>פיקוח</p></authorialNote></heading><num>31</num><list><intro><p /></intro><subPoint><num>א</num><content><p> מפקח על חניכות רשאי להיכנס לכל מקום שבו עובדים נערים, או שיש לו
ימוד להניח שעובדים בו נערים, ולחקור כל אדם הנמצא באותו מקום, בכל עניו הנוגע
לחוק זה, אך לא יידרש אדם ליתן תשובה או עדות העלולה להפלילו.</p></content></subPoint><subPoint><num>ב</num><content><p> מפקח על חניכות רשאי לרשום בפרוטוקול את תשובותיו והודעותיו של
הנחקר, ודין הפרוטוקול כדין פרוטוקול שנרשם בהתאם לסעיף 2 לפקודת הפרוצידורה
הפלילית (עדות) 1, והסעיפים 3 ו-4 לאותה פקודה חלים עליו.</p></content></subPoint><subPoint><num>ג</num><content><p> מפקח על חניכות רשאי לדרוש שהחניך יבצע בנוכחותו עבודה מסויימת, וכן
רשאי הוא לפקח על דרכי העבודה של החניך ועל ההדרכה הניתנת לו במקום העבודה.</p></content></subPoint><subPoint><num>ד</num><content><p> מפקח על חניכות רשאי להיכנס לכל מקום שבו מתקיימים שיעורי מקצוע
מאושרים ולהיות נוכח בשיעורים.</p></content></subPoint></list></point><point><heading><authorialNote placement="side"><p>עבירות ועונשין</p></authorialNote></heading><num>32</num><list><intro><p /></intro><subPoint><num>א</num><content><p> מי שעבר אחת העבירות האלה:
(1) העביד נער שלא כחניך בניגוד לסעיף 2 .,
(2) סירב או נמנע להעביד חניכים במספר שהוא חייב להעביד לפי סעיף 6
או העביד חניכים במספר העולה על המספר שהוא רשאי להעביד לפי סעיף 6;
(3) העביד בניגוד לאיסור על פי סעיף 7;
(4) קיבל תשלום או פרם בניגוד לסעיף 8,
דינו - קנם מאה לירות, על כל נער או חניך שהועבד או שלא הועבד כאמור או שבקשר
אתו נעברה העבירה, או מאסר חודש אחד או שני הענשים כאחד.</p></content></subPoint><subPoint><num>ב</num><content><p> מי שעבר אחת העבירות האלה:
(1) הפריע למפקח על חניכות להשתמש בסמכויותיו;
(2) סירב להשיב למפקח על חניכות על שאלה שהוא חייב להשיב עליה,
דינו - קנס מאה לירות או מאסר שני שבועות או שני הענשים כאחד' אך לא יוטל על
נער מאסר או קנס העולה על חמש לירות ולא ייאסר נער על אי תשלום קנס.</p></content></subPoint><subPoint><num>ג</num><content><p> מעביד שעבר אחת העבירות האלה:
(1) לא מילא אחרי הוראות סעיף 11 ?,
(2) לא שלח הודעה בהתאם לסעיף 19,
דינו - קנס עשרים וחמש לירות על כל חניך שבקשר אתו נעברה העבירה.</p></content></subPoint></list></point><point><heading><authorialNote placement="side"><p>אחריותם של חברי ההנהלה ושל מנהלים</p></authorialNote></heading><num>33</num><content><p>
חברה, אגודה שיתופית וכל חבר בני אדם אחר, שנמצאו אשמים בעבירה על פי
סעיף 32, רואים כאחראי לעבירה גם כל חבר הנהלה, מנהל, שותף, או פקיד של אותו חבר,
ואפשר להביאו לדין ולהענישו כאילו עבר הוא את העבירה, אם לא הוכיח אחד משני אלה :
(1) שהעבירה נעברה שלא בידיעתו;
(2) שנקט בכל האמצעים הנאותים, כדי להבטיח שיקוימו הוראות חוק זה.</p></content></point><point><heading><authorialNote placement="side"><p>בית המשפט הטוסטר</p></authorialNote></heading><num>34</num><content><p>
שופט שלום הוא המוסמך לדון בכל תביעה על פי חוק זה ורשאי להטיל את הענשים
שבסעיף ,32</p></content></point><point><heading><authorialNote placement="side"><p>המדינה כמעביד</p></authorialNote></heading><num>35</num><content><p>
לענין חוק זה דין המדינה כשהיא מעבידה כדין כל מעביד אחר.</p></content></point><point><heading><authorialNote placement="side"><p>ביצוע ותלונות</p></authorialNote></heading><num>36</num><content><p>
שר העבודה ממונה על ביצוע חוק זה והוא רשאי להתקין תקנות בכל ענין הנוגע
לביצועו.</p></content></point><point><heading><authorialNote placement="side"><p>העברת סמכויות</p></authorialNote></heading><num>37</num><content><p>
שר העבודה רשאי להעביר לאחר את הסמכויות הנתונות לו על פי הסעיפים 3, 6 -
'במידה שאין הפעולה נעשית בתקנות - ו- 21; הודעה על כל העברת סמכויות תפורסם
ברשומות.</p></content></point><point><heading><authorialNote placement="side"><p>חלות חוקים על חניכים</p></authorialNote></heading><num>38</num><content><p>
לענין כל חוק ששר העבודה ממונה על ביצועו יראו חניך כעובד, אלא אם חלה עליו
הוראה אחרת בחוק זה או בחוק האמור או בכל חוק אחר,</p></content></point></chapter><signature><name>משה שרת</name><role>שר החוץ</role></signature><signature><name>יצחק בן-צבי</name><role>נשיא המדינה</role></signature><dateOfAcceptance>23.07.1953</dateOfAcceptance></body>